  1.5000  ,  0.1542  ,  0.5274  ,  0.4705  ,  0.6291  , -1.7420  , -0.1493  ,  0.4500  ,  0.8838  ,  0.7097  , -1.6256  ,  0.0000  , 100.0000 ,  0.0000  ,  0.0000  ,  0.0000  ,  0.0000  ,  0.0000  , 100.0000 ,  0.0000  ,  0.0000  ,  0.0000  ,  0.0000
  1.5200  ,  0.1656  ,  0.5415  ,  0.4617  ,  0.6242  , -1.7366  , -0.1489  ,  0.4660  ,  0.8778  ,  0.7053  , -1.6201  ,  0.0000  , 100.0000 ,  0.0000  ,  0.0000  ,  0.0000  ,  0.0000  ,  0.0000  , 100.0000 ,  0.0000  ,  0.0000  ,  0.0000  ,  0.0000  
  1.5400  ,  0.1769  ,  0.5552  ,  0.4610  ,  0.6295  , -1.7277  , -0.1486  ,  0.4818  ,  0.8810  ,  0.7109  , -1.6068  ,  0.0000  , 100.0000 ,  0.0000  ,  0.0000  ,  0.0000  ,  0.0000  ,  0.0000  , 100.0000 ,  0.0000  ,  0.0000  ,  0.0000  ,  0.0000  
  1.5600  ,  0.1900  ,  0.5729  ,  0.4487  ,  0.6368  , -1.7220  , -0.1482  ,  0.5017  ,  0.8894  ,  0.7226  , -1.5909  ,  0.0000  , 100.0000 ,  0.0000  ,  0.0000  ,  0.0000  ,  0.0000  ,  0.0000  , 100.0000 ,  0.0000  ,  0.0000  ,  0.0000  ,  0.0000  
  1.5800  ,  0.1952  ,  0.5803  ,  0.4407  ,  0.6357  , -1.7159  , -0.1478  ,  0.5103  ,  0.8844  ,  0.7200  , -1.5760  ,  0.0000  , 100.0000 ,  0.0000  ,  0.0000  ,  0.0000  ,  0.0000  ,  0.0000  , 100.0000 ,  0.0000  ,  0.0000  ,  0.0000  ,  0.0000  
  1.6000  ,  0.2080  ,  0.5966  ,  0.4338  ,  0.6467  , -1.7088  , -0.1475  ,  0.5306  ,  0.8878  ,  0.7344  , -1.5600  ,  0.0000  , 100.0000 ,  0.0000  ,  0.0000  ,  0.0000  ,  0.0000  ,  0.0000  , 100.0000 ,  0.0000  ,  0.0000  ,  0.0000  ,  0.0000  
  1.6200  ,  0.2137  ,  0.6024  ,  0.4332  ,  0.6513  , -1.7034  , -0.1475  ,  0.5390  ,  0.8902  ,  0.7363  , -1.5524  ,  0.0000  , 100.0000 ,  0.0000  ,  0.0000  ,  0.0000  ,  0.0000  ,  0.0000  , 100.0000 ,  0.0000  ,  0.0000  ,  0.0000  ,  0.0000  
  1.6400  ,  0.2219  ,  0.6105  ,  0.4267  ,  0.6562  , -1.6956  , -0.1469  ,  0.5516  ,  0.8899  ,  0.7420  , -1.5364  ,  0.0000  , 100.0000 ,  0.0000  ,  0.0000  ,  0.0000  ,  0.0000  ,  0.0000  , 100.0000 ,  0.0000  ,  0.0000  ,  0.0000  ,  0.0000  
  1.6600  ,  0.2311  ,  0.6194  ,  0.4279  ,  0.6682  , -1.6922  , -0.1458  ,  0.5656  ,  0.8945  ,  0.7534  , -1.5283  ,  0.0000  , 100.0000 ,  0.0000  ,  0.0000  ,  0.0000  ,  0.0000  ,  0.0000  , 100.0000 ,  0.0000  ,  0.0000  ,  0.0000  ,  0.0000  
  1.6800  ,  0.2378  ,  0.6284  ,  0.4190  ,  0.6718  , -1.6801  , -0.1440  ,  0.5773  ,  0.8951  ,  0.7567  , -1.5074  ,  0.0000  , 100.0000 ,  0.0000  ,  0.0000  ,  0.0000  ,  0.0000  ,  0.0000  , 100.0000 ,  0.0000  ,  0.0000  ,  0.0000  ,  0.0000  
  1.7000  ,  0.2417  ,  0.6336  ,  0.4157  ,  0.6833  , -1.6779  , -0.1428  ,  0.5840  ,  0.9106  ,  0.7633  , -1.4964  ,  0.0000  , 100.0000 ,  0.0000  ,  0.0000  ,  0.0000  ,  0.0000  ,  0.0000  , 100.0000 ,  0.0000  ,  0.0000  ,  0.0000  ,  0.0000  
  1.7200  ,  0.2498  ,  0.6423  ,  0.4164  ,  0.7036  , -1.6755  , -0.1421  ,  0.5997  ,  0.9171  ,  0.7791  , -1.4835  ,  0.0000  , 100.0000 ,  0.0000  ,  0.0000  ,  0.0000  ,  0.0000  ,  0.0000  , 100.0000 ,  0.0000  ,  0.0000  ,  0.0000  ,  0.0000  
  1.7400  ,  0.2554  ,  0.6475  ,  0.4143  ,  0.7104  , -1.6681  , -0.1411  ,  0.6080  ,  0.9201  ,  0.7856  , -1.4712  ,  0.0000  , 100.0000 ,  0.0000  ,  0.0000  ,  0.0000  ,  0.0000  ,  0.0000  , 100.0000 ,  0.0000  ,  0.0000  ,  0.0000  ,  0.0000  
  1.7600  ,  0.2595  ,  0.6513  ,  0.4128  ,  0.7152  , -1.6568  , -0.1402  ,  0.6138  ,  0.9224  ,  0.7905  , -1.4579  ,  0.0000  , 100.0000 ,  0.0000  ,  0.0000  ,  0.0000  ,  0.0000  ,  0.0000  , 100.0000 ,  0.0000  ,  0.0000  ,  0.0000  ,  0.0000  
  1.7800  ,  0.2715  ,  0.6612  ,  0.4083  ,  0.7374  , -1.6480  , -0.1376  ,  0.6317  ,  0.9326  ,  0.8164  , -1.4480  ,  0.0000  , 100.0000 ,  0.0000  ,  0.0000  ,  0.0000  ,  0.0000  ,  0.0000  , 100.0000 ,  0.0000  ,  0.0000  ,  0.0000  ,  0.0000  
  1.8000  ,  0.2751  ,  0.6640  ,  0.4096  ,  0.7500  , -1.6257  , -0.1367  ,  0.6371  ,  0.9383  ,  0.8275  , -1.4123  ,  0.0000  , 100.0000 ,  0.0000  ,  0.0000  ,  0.0000  ,  0.0000  ,  0.0000  , 100.0000 ,  0.0000  ,  0.0000  ,  0.0000  ,  0.0000  
  1.8200  ,  0.2877  ,  0.6738  ,  0.4008  ,  0.7714  , -1.6186  , -0.1342  ,  0.6513  ,  0.9448  ,  0.8475  , -1.3992  ,  0.0000  , 100.0000 ,  0.0000  ,  0.0000  ,  0.0000  ,  0.0000  ,  0.0000  , 100.0000 ,  0.0000  ,  0.0000  ,  0.0000  ,  0.0000  
  1.8400  ,  0.2919  ,  0.6786  ,  0.3945  ,  0.7829  , -1.6015  , -0.1327  ,  0.6582  ,  0.9474  ,  0.8559  , -1.3728  ,  0.0000  , 100.0000 ,  0.0000  ,  0.0000  ,  0.0000  ,  0.0000  ,  0.0000  , 100.0000 ,  0.0000  ,  0.0000  ,  0.0000  ,  0.0000  
  1.8600  ,  0.2988  ,  0.6871  ,  0.3847  ,  0.8158  , -1.5830  , -0.1300  ,  0.6696  ,  0.9578  ,  0.8819  , -1.3516  ,  0.0000  , 100.0000 ,  0.0000  ,  0.0000  ,  0.0000  ,  0.0000  ,  0.0000  , 100.0000 ,  0.0000  ,  0.0000  ,  0.0000  ,  0.0000  
  1.8800  ,  0.3033  ,  0.6923  ,  0.3776  ,  0.8418  , -1.5383  , -0.1283  ,  0.6759  ,  0.9659  ,  0.8980  , -1.3042  ,  0.0000  , 100.0000 ,  0.0000  ,  0.0000  ,  0.0000  ,  0.0000  ,  0.0000  , 100.0000 ,  0.0000  ,  0.0000  ,  0.0000  ,  0.0000  
  1.9000  ,  0.3121  ,  0.6977  ,  0.3689  ,  0.8611  , -1.5383  , -0.1237  ,  0.6848  ,  0.9708  ,  0.9120  , -1.3042  ,  0.0000  , 100.0000 ,  0.0000  ,  0.0000  ,  0.0000  ,  0.0000  ,  0.0000  , 100.0000 ,  0.0000  ,  0.0000  ,  0.0000  ,  0.0000  
  1.9200  ,  0.3220  ,  0.7026  ,  0.3608  ,  0.8889  , -1.5212  , -0.1180  ,  0.6954  ,  0.9742  ,  0.9279  , -1.2807  ,  0.0000  , 100.0000 ,  0.0000  ,  0.0000  ,  0.0000  ,  0.0000  ,  0.0000  , 100.0000 ,  0.0000  ,  0.0000  ,  0.0000  ,  0.0000  
  1.9400  ,  0.3254  ,  0.7041  ,  0.3577  ,  0.8992  , -1.4994  , -0.1159  ,  0.6993  ,  0.9756  ,  0.9370  , -1.2599  ,  0.0000  , 100.0000 ,  0.0000  ,  0.0000  ,  0.0000  ,  0.0000  ,  0.0000  , 100.0000 ,  0.0000  ,  0.0000  ,  0.0000  ,  0.0000  
  1.9600  ,  0.3317  ,  0.7067  ,  0.3529  ,  0.9224  , -1.4836  , -0.1120  ,  0.7057  ,  0.9790  ,  0.9504  , -1.2515  ,  0.0000  , 100.0000 ,  0.0000  ,  0.0000  ,  0.0000  ,  0.0000  ,  0.0000  , 100.0000 ,  0.0000  ,  0.0000  ,  0.0000  ,  0.0000  
  1.9800  ,  0.3379  ,  0.7089  ,  0.3470  ,  0.9349  , -1.4545  , -0.1080  ,  0.7114  ,  0.9791  ,  0.9582  , -1.2441  ,  0.0000  , 100.0000 ,  0.0000  ,  0.0000  ,  0.0000  ,  0.0000  ,  0.0000  , 100.0000 ,  0.0000  ,  0.0000  ,  0.0000  ,  0.0000  
  2.0000  ,  0.3472  ,  0.7118  ,  0.3377  ,  0.9585  , -1.4288  , -0.1020  ,  0.7200  ,  0.9797  ,  0.9761  , -1.2342  ,  0.0000  , 100.0000 ,  0.0000  ,  0.0000  ,  0.0000  ,  0.0000  ,  0.0000  , 100.0000 ,  0.0000  ,  0.0000  ,  0.0000  ,  0.0000
  2.0200  ,  0.3555  ,  0.7139  ,  0.3307  ,  0.9835  , -1.4125  , -0.0964  ,  0.7278  ,  0.9794  ,  0.9870  , -1.2185  ,  0.0000  , 100.0000 ,  0.0000  ,  0.0000  ,  0.0000  ,  0.0000  ,  0.0000  , 100.0000 ,  0.0000  ,  0.0000  ,  0.0000  ,  0.0000  
  2.0400  ,  0.3661  ,  0.7154  ,  0.3230  ,  1.0051  , -1.4077  , -0.0896  ,  0.7374  ,  0.9757  ,  0.9968  , -1.2073  ,  0.0000  , 100.0000 ,  0.0000  ,  0.0000  ,  0.0000  ,  0.0000  ,  0.0000  , 100.0000 ,  0.0000  ,  0.0000  ,  0.0000  ,  0.0000  
  2.0600  ,  0.3704  ,  0.7159  ,  0.3193  ,  1.0172  , -1.3903  , -0.0862  ,  0.7415  ,  0.9750  ,  1.0085  , -1.1824  ,  0.0000  , 100.0000 ,  0.0000  ,  0.0000  ,  0.0000  ,  0.0000  ,  0.0000  , 100.0000 ,  0.0000  ,  0.0000  ,  0.0000  ,  0.0000  
  2.0800  ,  0.3765  ,  0.7166  ,  0.3156  ,  1.0425  , -1.3781  , -0.0790  ,  0.7483  ,  0.9651  ,  1.0318  , -1.1705  ,  0.0000  , 100.0000 ,  0.0000  ,  0.0000  ,  0.0000  ,  0.0000  ,  0.0000  , 100.0000 ,  0.0000  ,  0.0000  ,  0.0000  ,  0.0000  
  2.1000  ,  0.3812  ,  0.7170  ,  0.3114  ,  1.0643  , -1.3734  , -0.0732  ,  0.7521  ,  0.9654  ,  1.0491  , -1.1679  ,  0.0000  , 100.0000 ,  0.0000  ,  0.0000  ,  0.0000  ,  0.0000  ,  0.0000  , 100.0000 ,  0.0000  ,  0.0000  ,  0.0000  ,  0.0000  
  2.1200  ,  0.3844  ,  0.7173  ,  0.3086  ,  1.0793  , -1.3660  , -0.0690  ,  0.7544  ,  0.9653  ,  1.0573  , -1.1637  ,  0.0000  , 100.0000 ,  0.0000  ,  0.0000  ,  0.0000  ,  0.0000  ,  0.0000  , 100.0000 ,  0.0000  ,  0.0000  ,  0.0000  ,  0.0000  
  2.1400  ,  0.3943  ,  0.7178  ,  0.3025  ,  1.1084  , -1.3536  , -0.0586  ,  0.7606  ,  0.9642  ,  1.0766  , -1.1541  ,  0.0000  , 100.0000 ,  0.0000  ,  0.0000  ,  0.0000  ,  0.0000  ,  0.0000  , 100.0000 ,  0.0000  ,  0.0000  ,  0.0000  ,  0.0000  
  2.1600  ,  0.3981  ,  0.7186  ,  0.3034  ,  1.1109  , -1.3468  , -0.0546  ,  0.7634  ,  0.9607  ,  1.0893  , -1.1423  ,  0.0000  , 100.0000 ,  0.0000  ,  0.0000  ,  0.0000  ,  0.0000  ,  0.0000  , 100.0000 ,  0.0000  ,  0.0000  ,  0.0000  ,  0.0000  
  2.1800  ,  0.4056  ,  0.7217  ,  0.2951  ,  1.1449  , -1.3447  , -0.0466  ,  0.7695  ,  0.9581  ,  1.1119  , -1.1367  ,  0.0000  , 100.0000 ,  0.0000  ,  0.0000  ,  0.0000  ,  0.0000  ,  0.0000  , 100.0000 ,  0.0000  ,  0.0000  ,  0.0000  ,  0.0000  
  2.2000  ,  0.4104  ,  0.7231  ,  0.2908  ,  1.1495  , -1.3395  , -0.0419  ,  0.7726  ,  0.9567  ,  1.1159  , -1.1257  ,  0.0000  , 100.0000 ,  0.0000  ,  0.0000  ,  0.0000  ,  0.0000  ,  0.0000  , 100.0000 ,  0.0000  ,  0.0000  ,  0.0000  ,  0.0000  
  2.2200  ,  0.4155  ,  0.7246  ,  0.2828  ,  1.1410  , -1.3361  , -0.0369  ,  0.7760  ,  0.9554  ,  1.1278  , -1.1158  ,  0.0000  , 100.0000 ,  0.0000  ,  0.0000  ,  0.0000  ,  0.0000  ,  0.0000  , 100.0000 ,  0.0000  ,  0.0000  ,  0.0000  ,  0.0000  
  2.2400  ,  0.4232  ,  0.7265  ,  0.2768  ,  1.1677  , -1.3308  , -0.0273  ,  0.7812  ,  0.9523  ,  1.1459  , -1.1117  ,  0.0000  , 100.0000 ,  0.0000  ,  0.0000  ,  0.0000  ,  0.0000  ,  0.0000  , 100.0000 ,  0.0000  ,  0.0000  ,  0.0000  ,  0.0000  
  2.2600  ,  0.4272  ,  0.7270  ,  0.2745  ,  1.1831  , -1.3266  , -0.0233  ,  0.7837  ,  0.9505  ,  1.1557  , -1.1100  ,  0.0000  , 100.0000 ,  0.0000  ,  0.0000  ,  0.0000  ,  0.0000  ,  0.0000  , 100.0000 ,  0.0000  ,  0.0000  ,  0.0000  ,  0.0000  
  2.2800  ,  0.4347  ,  0.7275  ,  0.2708  ,  1.1993  , -1.3175  , -0.0171  ,  0.7880  ,  0.9469  ,  1.1661  , -1.0952  ,  0.0000  , 100.0000 ,  0.0000  ,  0.0000  ,  0.0000  ,  0.0000  ,  0.0000  , 100.0000 ,  0.0000  ,  0.0000  ,  0.0000  ,  0.0000  
  2.3000  ,  0.4412  ,  0.7284  ,  0.2638  ,  1.1950  , -1.3149  , -0.0108  ,  0.7917  ,  0.9442  ,  1.1837  , -1.0905  ,  0.0000  , 100.0000 ,  0.0000  ,  0.0000  ,  0.0000  ,  0.0000  ,  0.0000  , 100.0000 ,  0.0000  ,  0.0000  ,  0.0000  ,  0.0000  
  2.3200  ,  0.4460  ,  0.7294  ,  0.2601  ,  1.2089  , -1.3106  , -0.0055  ,  0.7944  ,  0.9416  ,  1.1945  , -1.0845  ,  0.0000  , 100.0000 ,  0.0000  ,  0.0000  ,  0.0000  ,  0.0000  ,  0.0000  , 100.0000 ,  0.0000  ,  0.0000  ,  0.0000  ,  0.0000  
  2.3400  ,  0.4585  ,  0.7321  ,  0.2567  ,  1.2235  , -1.3025  ,  0.0061  ,  0.8020  ,  0.9352  ,  1.2171  , -1.0793  ,  0.0000  , 100.0000 ,  0.0000  ,  0.0000  ,  0.0000  ,  0.0000  ,  0.0000  , 100.0000 ,  0.0000  ,  0.0000  ,  0.0000  ,  0.0000  
  2.3600  ,  0.4638  ,  0.7336  ,  0.2523  ,  1.2295  , -1.2968  ,  0.0099  ,  0.8049  ,  0.9322  ,  1.2225  , -1.0788  ,  0.0000  , 100.0000 ,  0.0000  ,  0.0000  ,  0.0000  ,  0.0000  ,  0.0000  , 100.0000 ,  0.0000  ,  0.0000  ,  0.0000  ,  0.0000  
  2.3800  ,  0.4707  ,  0.7355  ,  0.2467  ,  1.2386  , -1.2931  ,  0.0144  ,  0.8084  ,  0.9287  ,  1.2311  , -1.0793  ,  0.0000  , 100.0000 ,  0.0000  ,  0.0000  ,  0.0000  ,  0.0000  ,  0.0000  , 100.0000 ,  0.0000  ,  0.0000  ,  0.0000  ,  0.0000  
  2.4000  ,  0.4839  ,  0.7392  ,  0.2357  ,  1.2599  , -1.2804  ,  0.0234  ,  0.8156  ,  0.9211  ,  1.2483  , -1.0653  ,  0.0000  , 100.0000 ,  0.0000  ,  0.0000  ,  0.0000  ,  0.0000  ,  0.0000  , 100.0000 ,  0.0000  ,  0.0000  ,  0.0000  ,  0.0000  
  2.4200  ,  0.4929  ,  0.7419  ,  0.2422  ,  1.2687  , -1.2719  ,  0.0299  ,  0.8208  ,  0.9169  ,  1.2613  , -1.0538  ,  0.0000  , 100.0000 ,  0.0000  ,  0.0000  ,  0.0000  ,  0.0000  ,  0.0000  , 100.0000 ,  0.0000  ,  0.0000  ,  0.0000  ,  0.0000  
  2.4400  ,  0.5083  ,  0.7486  ,  0.2258  ,  1.2801  , -1.2664  ,  0.0409  ,  0.8285  ,  0.9086  ,  1.2687  , -1.0421  ,  0.0000  , 100.0000 ,  0.0000  ,  0.0000  ,  0.0000  ,  0.0000  ,  0.0000  , 100.0000 ,  0.0000  ,  0.0000  ,  0.0000  ,  0.0000  
  2.4600  ,  0.5242  ,  0.7536  ,  0.2108  ,  1.2922  , -1.2648  ,  0.0517  ,  0.8371  ,  0.8990  ,  1.2852  , -1.0395  ,  0.0000  , 100.0000 ,  0.0000  ,  0.0000  ,  0.0000  ,  0.0000  ,  0.0000  , 100.0000 ,  0.0000  ,  0.0000  ,  0.0000  ,  0.0000  
  2.4800  ,  0.5332  ,  0.7558  ,  0.2134  ,  1.2971  , -1.2616  ,  0.0577  ,  0.8421  ,  0.8950  ,  1.2968  , -1.0349  ,  0.0000  , 100.0000 ,  0.0000  ,  0.0000  ,  0.0000  ,  0.0000  ,  0.0000  , 100.0000 ,  0.0000  ,  0.0000  ,  0.0000  ,  0.0000  
  2.5000  ,  0.5396  ,  0.7583  ,  0.2066  ,  1.3026  , -1.2592  ,  0.0617  ,  0.8457  ,  0.8912  ,  1.3025  , -1.0365  ,  0.0000  , 100.0000 ,  0.0000  ,  0.0000  ,  0.0000  ,  0.0000  ,  0.0000  , 100.0000 ,  0.0000  ,  0.0000  ,  0.0000  ,  0.0000  
  2.5200  ,  0.5582  ,  0.7651  ,  0.1856  ,  1.3231  , -1.2546  ,  0.0741  ,  0.8568  ,  0.8791  ,  1.3224  , -1.0396  ,  0.0000  , 100.0000 ,  0.0000  ,  0.0000  ,  0.0000  ,  0.0000  ,  0.0000  , 100.0000 ,  0.0000  ,  0.0000  ,  0.0000  ,  0.0000  
  2.5400  ,  0.5680  ,  0.7684  ,  0.1744  ,  1.3334  , -1.2443  ,  0.0814  ,  0.8630  ,  0.8720  ,  1.3314  , -1.0382  ,  0.0000  , 100.0000 ,  0.0000  ,  0.0000  ,  0.0000  ,  0.0000  ,  0.0000  , 100.0000 ,  0.0000  ,  0.0000  ,  0.0000  ,  0.0000  
  2.5600  ,  0.5836  ,  0.7735  ,  0.1654  ,  1.3258  , -1.2423  ,  0.0929  ,  0.8743  ,  0.8677  ,  1.3607  , -1.0343  ,  0.0000  , 100.0000 ,  0.0000  ,  0.0000  ,  0.0000  ,  0.0000  ,  0.0000  , 100.0000 ,  0.0000  ,  0.0000  ,  0.0000  ,  0.0000  
  2.5800  ,  0.5920  ,  0.7762  ,  0.1546  ,  1.3433  , -1.2457  ,  0.0992  ,  0.8807  ,  0.8592  ,  1.3731  , -1.0332  ,  0.0000  , 100.0000 ,  0.0000  ,  0.0000  ,  0.0000  ,  0.0000  ,  0.0000  , 100.0000 ,  0.0000  ,  0.0000  ,  0.0000  ,  0.0000  
  2.6000  ,  0.6119  ,  0.7792  ,  0.1422  ,  1.3573  , -1.2478  ,  0.1152  ,  0.8950  ,  0.8379  ,  1.3939  , -1.0290  ,  0.0000  , 100.0000 ,  0.0000  ,  0.0000  ,  0.0000  ,  0.0000  ,  0.0000  , 100.0000 ,  0.0000  ,  0.0000  ,  0.0000  ,  0.0000  
  2.6200  ,  0.6119  ,  0.7792  ,  0.1422  ,  1.3573  , -1.2463  ,  0.1152  ,  0.8950  ,  0.8379  ,  1.3939  , -1.0275  ,  0.0000  , 100.0000 ,  0.0000  ,  0.0000  ,  0.0000  ,  0.0000  ,  0.0000  , 100.0000 ,  0.0000  ,  0.0000  ,  0.0000  ,  0.0000  
  2.6400  ,  0.6301  ,  0.7838  ,  0.1208  ,  1.3709  , -1.2410  ,  0.1276  ,  0.9045  ,  0.8232  ,  1.4078  , -1.0318  ,  0.0000  , 100.0000 ,  0.0000  ,  0.0000  ,  0.0000  ,  0.0000  ,  0.0000  , 100.0000 ,  0.0000  ,  0.0000  ,  0.0000  ,  0.0000  
  2.6600  ,  0.6483  ,  0.7882  ,  0.0982  ,  1.3871  , -1.2335  ,  0.1414  ,  0.9152  ,  0.8064  ,  1.4202  , -1.0371  ,  0.0000  , 100.0000 ,  0.0000  ,  0.0000  ,  0.0000  ,  0.0000  ,  0.0000  , 100.0000 ,  0.0000  ,  0.0000  ,  0.0000  ,  0.0000  
  2.6800  ,  0.6595  ,  0.7907  ,  0.0733  ,  1.4091  , -1.2318  ,  0.1515  ,  0.9229  ,  0.7909  ,  1.4189  , -1.0385  ,  0.0000  , 100.0000 ,  0.0000  ,  0.0000  ,  0.0000  ,  0.0000  ,  0.0000  , 100.0000 ,  0.0000  ,  0.0000  ,  0.0000  ,  0.0000  
  2.7000  ,  0.6735  ,  0.7909  ,  0.0606  ,  1.4142  , -1.2349  ,  0.1647  ,  0.9303  ,  0.7783  ,  1.4224  , -1.0460  ,  0.0000  , 100.0000 ,  0.0000  ,  0.0000  ,  0.0000  ,  0.0000  ,  0.0000  , 100.0000 ,  0.0000  ,  0.0000  ,  0.0000  ,  0.0000  
  2.7200  ,  0.6956  ,  0.7901  ,  0.0399  ,  1.4309  , -1.2392  ,  0.1867  ,  0.9414  ,  0.7566  ,  1.4374  , -1.0497  ,  0.0000  , 100.0000 ,  0.0000  ,  0.0000  ,  0.0000  ,  0.0000  ,  0.0000  , 100.0000 ,  0.0000  ,  0.0000  ,  0.0000  ,  0.0000  
  2.7400  ,  0.7091  ,  0.7894  ,  0.0286  ,  1.4333  , -1.2472  ,  0.2010  ,  0.9484  ,  0.7434  ,  1.4381  , -1.0613  ,  0.0000  , 100.0000 ,  0.0000  ,  0.0000  ,  0.0000  ,  0.0000  ,  0.0000  , 100.0000 ,  0.0000  ,  0.0000  ,  0.0000  ,  0.0000  
  2.7600  ,  0.7254  ,  0.7886  ,  0.0138  ,  1.4389  , -1.2437  ,  0.2177  ,  0.9567  ,  0.7266  ,  1.4452  , -1.0670  ,  0.0000  , 100.0000 ,  0.0000  ,  0.0000  ,  0.0000  ,  0.0000  ,  0.0000  , 100.0000 ,  0.0000  ,  0.0000  ,  0.0000  ,  0.0000  
  2.7800  ,  0.7428  ,  0.7878  , -0.0030  ,  1.4474  , -1.2367  ,  0.2345  ,  0.9655  ,  0.7078  ,  1.4551  , -1.0797  ,  0.0000  , 100.0000 ,  0.0000  ,  0.0000  ,  0.0000  ,  0.0000  ,  0.0000  , 100.0000 ,  0.0000  ,  0.0000  ,  0.0000  ,  0.0000  
  2.8000  ,  0.7474  ,  0.7875  , -0.0088  ,  1.4555  , -1.2390  ,  0.2389  ,  0.9677  ,  0.7020  ,  1.4611  , -1.0812  ,  0.0000  , 100.0000 ,  0.0000  ,  0.0000  ,  0.0000  ,  0.0000  ,  0.0000  , 100.0000 ,  0.0000  ,  0.0000  ,  0.0000  ,  0.0000  
  2.8200  ,  0.7727  ,  0.7837  , -0.0337  ,  1.4685  , -1.2509  ,  0.2745  ,  0.9848  ,  0.6640  ,  1.4672  , -1.0840  ,  0.0000  , 100.0000 ,  0.0000  ,  0.0000  ,  0.0000  ,  0.0000  ,  0.0000  , 100.0000 ,  0.0000  ,  0.0000  ,  0.0000  ,  0.0000  
  2.8400  ,  0.7758  ,  0.7831  , -0.0368  ,  1.4710  , -1.2509  ,  0.2792  ,  0.9867  ,  0.6591  ,  1.4685  , -1.0840  ,  0.0000  , 100.0000 ,  0.0000  ,  0.0000  ,  0.0000  ,  0.0000  ,  0.0000  , 100.0000 ,  0.0000  ,  0.0000  ,  0.0000  ,  0.0000  
  2.8600  ,  0.7973  ,  0.7781  , -0.0568  ,  1.4829  , -1.2765  ,  0.3106  ,  0.9992  ,  0.6259  ,  1.4731  , -1.0947  ,  0.0000  , 100.0000 ,  0.0000  ,  0.0000  ,  0.0000  ,  0.0000  ,  0.0000  , 100.0000 ,  0.0000  ,  0.0000  ,  0.0000  ,  0.0000  
  2.8800  ,  0.8014  ,  0.7770  , -0.0643  ,  1.5067  , -1.2830  ,  0.3164  ,  1.0016  ,  0.6192  ,  1.4757  , -1.0957  ,  0.0000  , 100.0000 ,  0.0000  ,  0.0000  ,  0.0000  ,  0.0000  ,  0.0000  , 100.0000 ,  0.0000  ,  0.0000  ,  0.0000  ,  0.0000  
  2.9000  ,  0.8079  ,  0.7746  , -0.0699  ,  1.5111  , -1.2808  ,  0.3263  ,  1.0052  ,  0.6088  ,  1.4777  , -1.0959  ,  0.0000  , 100.0000 ,  0.0000  ,  0.0000  ,  0.0000  ,  0.0000  ,  0.0000  , 100.0000 ,  0.0000  ,  0.0000  ,  0.0000  ,  0.0000  
  2.9200  ,  0.8251  ,  0.7659  , -0.0813  ,  1.5180  , -1.2795  ,  0.3557  ,  1.0146  ,  0.5807  ,  1.4766  , -1.0978  ,  0.0000  , 100.0000 ,  0.0000  ,  0.0000  ,  0.0000  ,  0.0000  ,  0.0000  , 100.0000 ,  0.0000  ,  0.0000  ,  0.0000  ,  0.0000  
  2.9400  ,  0.8332  ,  0.7616  , -0.0856  ,  1.5192  , -1.2803  ,  0.3706  ,  1.0180  ,  0.5681  ,  1.4751  , -1.0979  ,  0.0000  , 100.0000 ,  0.0000  ,  0.0000  ,  0.0000  ,  0.0000  ,  0.0000  , 100.0000 ,  0.0000  ,  0.0000  ,  0.0000  ,  0.0000  
  2.9600  ,  0.8456  ,  0.7577  , -0.0940  ,  1.5152  , -1.2986  ,  0.3901  ,  1.0237  ,  0.5496  ,  1.4765  , -1.0975  ,  0.0000  , 100.0000 ,  0.0000  ,  0.0000  ,  0.0000  ,  0.0000  ,  0.0000  , 100.0000 ,  0.0000  ,  0.0000  ,  0.0000  ,  0.0000  
  2.9800  ,  0.8558  ,  0.7554  , -0.1021  ,  1.5186  , -1.3046  ,  0.4052  ,  1.0288  ,  0.5345  ,  1.4780  , -1.0942  ,  0.0000  , 100.0000 ,  0.0000  ,  0.0000  ,  0.0000  ,  0.0000  ,  0.0000  , 100.0000 ,  0.0000  ,  0.0000  ,  0.0000  ,  0.0000  
  3.0000  ,  0.8657  ,  0.7540  , -0.1093  ,  1.5173  , -1.2943  ,  0.4194  ,  1.0345  ,  0.5201  ,  1.4741  , -1.0830  ,  0.0000  , 100.0000 ,  0.0000  ,  0.0000  ,  0.0000  ,  0.0000  ,  0.0000  , 100.0000 ,  0.0000  ,  0.0000  ,  0.0000  ,  0.0000  
  3.0200  ,  0.8802  ,  0.7504  , -0.1205  ,  1.5197  , -1.2859  ,  0.4431  ,  1.0422  ,  0.4972  ,  1.4717  , -1.0789  ,  0.0000  , 100.0000 ,  0.0000  ,  0.0000  ,  0.0000  ,  0.0000  ,  0.0000  , 100.0000 ,  0.0000  ,  0.0000  ,  0.0000  ,  0.0000  
  3.0400  ,  0.8840  ,  0.7492  , -0.1228  ,  1.5199  , -1.2790  ,  0.4501  ,  1.0441  ,  0.4909  ,  1.4718  , -1.0737  ,  0.0000  , 100.0000 ,  0.0000  ,  0.0000  ,  0.0000  ,  0.0000  ,  0.0000  , 100.0000 ,  0.0000  ,  0.0000  ,  0.0000  ,  0.0000  
  3.0600  ,  0.8927  ,  0.7455  , -0.1273  ,  1.5226  , -1.2829  ,  0.4665  ,  1.0485  ,  0.4758  ,  1.4707  , -1.0726  ,  0.0000  , 100.0000 ,  0.0000  ,  0.0000  ,  0.0000  ,  0.0000  ,  0.0000  , 100.0000 ,  0.0000  ,  0.0000  ,  0.0000  ,  0.0000  
  3.0800  ,  0.9025  ,  0.7424  , -0.1330  ,  1.5196  , -1.2870  ,  0.4836  ,  1.0531  ,  0.4600  ,  1.4742  , -1.0698  ,  0.0000  , 100.0000 ,  0.0000  ,  0.0000  ,  0.0000  ,  0.0000  ,  0.0000  , 100.0000 ,  0.0000  ,  0.0000  ,  0.0000  ,  0.0000  
  3.1000  ,  0.9094  ,  0.7414  , -0.1380  ,  1.5199  , -1.2889  ,  0.4938  ,  1.0560  ,  0.4504  ,  1.4737  , -1.0689  ,  0.0000  , 100.0000 ,  0.0000  ,  0.0000  ,  0.0000  ,  0.0000  ,  0.0000  , 100.0000 ,  0.0000  ,  0.0000  ,  0.0000  ,  0.0000  
  3.1200  ,  0.9233  ,  0.7388  , -0.1476  ,  1.5210  , -1.2956  ,  0.5146  ,  1.0617  ,  0.4309  ,  1.4753  , -1.0664  ,  0.0000  , 100.0000 ,  0.0000  ,  0.0000  ,  0.0000  ,  0.0000  ,  0.0000  , 100.0000 ,  0.0000  ,  0.0000  ,  0.0000  ,  0.0000  
  3.1400  ,  0.9313  ,  0.7370  , -0.1539  ,  1.5173  , -1.2972  ,  0.5267  ,  1.0648  ,  0.4191  ,  1.4753  , -1.0657  ,  0.0000  , 100.0000 ,  0.0000  ,  0.0000  ,  0.0000  ,  0.0000  ,  0.0000  , 100.0000 ,  0.0000  ,  0.0000  ,  0.0000  ,  0.0000  
  3.1600  ,  0.9422  ,  0.7347  , -0.1608  ,  1.5178  , -1.2978  ,  0.5435  ,  1.0693  ,  0.4029  ,  1.4759  , -1.0646  ,  0.0000  , 100.0000 ,  0.0000  ,  0.0000  ,  0.0000  ,  0.0000  ,  0.0000  , 100.0000 ,  0.0000  ,  0.0000  ,  0.0000  ,  0.0000  
  3.1800  ,  0.9483  ,  0.7333  , -0.1650  ,  1.5196  , -1.2980  ,  0.5527  ,  1.0718  ,  0.3937  ,  1.4781  , -1.0678  ,  0.0000  , 100.0000 ,  0.0000  ,  0.0000  ,  0.0000  ,  0.0000  ,  0.0000  , 100.0000 ,  0.0000  ,  0.0000  ,  0.0000  ,  0.0000  
  3.2000  ,  0.9621  ,  0.7306  , -0.1749  ,  1.5212  , -1.2984  ,  0.5744  ,  1.0765  ,  0.3730  ,  1.4807  , -1.0686  ,  0.0000  , 100.0000 ,  0.0000  ,  0.0000  ,  0.0000  ,  0.0000  ,  0.0000  , 100.0000 ,  0.0000  ,  0.0000  ,  0.0000  ,  0.0000  
  3.2200  ,  0.9680  ,  0.7294  , -0.1813  ,  1.5329  , -1.3065  ,  0.5833  ,  1.0784  ,  0.3633  ,  1.4845  , -1.0704  ,  0.0000  , 100.0000 ,  0.0000  ,  0.0000  ,  0.0000  ,  0.0000  ,  0.0000  , 100.0000 ,  0.0000  ,  0.0000  ,  0.0000  ,  0.0000  
  3.2400  ,  0.9847  ,  0.7238  , -0.1918  ,  1.5347  , -1.3072  ,  0.6093  ,  1.0827  ,  0.3382  ,  1.4868  , -1.0705  ,  0.0000  , 100.0000 ,  0.0000  ,  0.0000  ,  0.0000  ,  0.0000  ,  0.0000  , 100.0000 ,  0.0000  ,  0.0000  ,  0.0000  ,  0.0000  
  3.2600  ,  0.9952  ,  0.7216  , -0.1994  ,  1.5324  , -1.3056  ,  0.6264  ,  1.0856  ,  0.3215  ,  1.4871  , -1.0678  ,  0.0000  , 100.0000 ,  0.0000  ,  0.0000  ,  0.0000  ,  0.0000  ,  0.0000  , 100.0000 ,  0.0000  ,  0.0000  ,  0.0000  ,  0.0000  
  3.2800  ,  1.0040  ,  0.7198  , -0.2084  ,  1.5354  , -1.3042  ,  0.6405  ,  1.0880  ,  0.3065  ,  1.4907  , -1.0663  ,  0.0000  , 100.0000 ,  0.0000  ,  0.0000  ,  0.0000  ,  0.0000  ,  0.0000  , 100.0000 ,  0.0000  ,  0.0000  ,  0.0000  ,  0.0000  
  3.3000  ,  1.0169  ,  0.7154  , -0.2175  ,  1.5381  , -1.3033  ,  0.6637  ,  1.0911  ,  0.2835  ,  1.4923  , -1.0664  ,  0.0000  , 100.0000 ,  0.0000  ,  0.0000  ,  0.0000  ,  0.0000  ,  0.0000  , 100.0000 ,  0.0000  ,  0.0000  ,  0.0000  ,  0.0000  
  3.3200  ,  1.0268  ,  0.7129  , -0.2259  ,  1.5412  , -1.3056  ,  0.6801  ,  1.0926  ,  0.2672  ,  1.4955  , -1.0695  ,  0.0000  , 100.0000 ,  0.0000  ,  0.0000  ,  0.0000  ,  0.0000  ,  0.0000  , 100.0000 ,  0.0000  ,  0.0000  ,  0.0000  ,  0.0000  
  3.3400  ,  1.0345  ,  0.7115  , -0.2331  ,  1.5428  , -1.3124  ,  0.6922  ,  1.0933  ,  0.2550  ,  1.4999  , -1.0761  ,  0.0000  , 100.0000 ,  0.0000  ,  0.0000  ,  0.0000  ,  0.0000  ,  0.0000  , 100.0000 ,  0.0000  ,  0.0000  ,  0.0000  ,  0.0000  
  3.3600  ,  1.0380  ,  0.7108  , -0.2393  ,  1.5531  , -1.3186  ,  0.6977  ,  1.0936  ,  0.2486  ,  1.5019  , -1.0815  ,  0.0000  , 100.0000 ,  0.0000  ,  0.0000  ,  0.0000  ,  0.0000  ,  0.0000  , 100.0000 ,  0.0000  ,  0.0000  ,  0.0000  ,  0.0000  
  3.3800  ,  1.0642  ,  0.7001  , -0.2610  ,  1.5561  , -1.3234  ,  0.7473  ,  1.0960  ,  0.1984  ,  1.5058  , -1.0868  ,  0.0000  , 100.0000 ,  0.0000  ,  0.0000  ,  0.0000  ,  0.0000  ,  0.0000  , 100.0000 ,  0.0000  ,  0.0000  ,  0.0000  ,  0.0000  
  3.4000  ,  1.0718  ,  0.6974  , -0.2672  ,  1.5552  , -1.3260  ,  0.7621  ,  1.0963  ,  0.1845  ,  1.5033  , -1.0912  ,  0.0000  , 100.0000 ,  0.0000  ,  0.0000  ,  0.0000  ,  0.0000  ,  0.0000  , 100.0000 ,  0.0000  ,  0.0000  ,  0.0000  ,  0.0000  
  3.4200  ,  1.0809  ,  0.6940  , -0.2792  ,  1.5727  , -1.3341  ,  0.7800  ,  1.0965  ,  0.1660  ,  1.5028  , -1.0937  ,  0.0000  , 100.0000 ,  0.0000  ,  0.0000  ,  0.0000  ,  0.0000  ,  0.0000  , 100.0000 ,  0.0000  ,  0.0000  ,  0.0000  ,  0.0000  
  3.4400  ,  1.0927  ,  0.6853  , -0.2918  ,  1.5775  , -1.3491  ,  0.8132  ,  1.0957  ,  0.1310  ,  1.5045  , -1.0976  ,  0.0000  , 100.0000 ,  0.0000  ,  0.0000  ,  0.0000  ,  0.0000  ,  0.0000  , 100.0000 ,  0.0000  ,  0.0000  ,  0.0000  ,  0.0000  
  3.4600  ,  1.1003  ,  0.6812  , -0.2994  ,  1.5770  , -1.3491  ,  0.8275  ,  1.0943  ,  0.1159  ,  1.5064  , -1.0976  ,  0.0000  , 100.0000 ,  0.0000  ,  0.0000  ,  0.0000  ,  0.0000  ,  0.0000  , 100.0000 ,  0.0000  ,  0.0000  ,  0.0000  ,  0.0000  
  3.4800  ,  1.1105  ,  0.6744  , -0.3134  ,  1.6029  , -1.3591  ,  0.8478  ,  1.0910  ,  0.0933  ,  1.5109  , -1.1043  ,  0.0000  , 100.0000 ,  0.0000  ,  0.0000  ,  0.0000  ,  0.0000  ,  0.0000  , 100.0000 ,  0.0000  ,  0.0000  ,  0.0000  ,  0.0000  
  3.5000  ,  1.1145  ,  0.6709  , -0.3193  ,  1.6044  , -1.3644  ,  0.8566  ,  1.0889  ,  0.0843  ,  1.5128  , -1.1093  ,  0.0000  , 100.0000 ,  0.0000  ,  0.0000  ,  0.0000  ,  0.0000  ,  0.0000  , 100.0000 ,  0.0000  ,  0.0000  ,  0.0000  ,  0.0000  
  3.5200  ,  1.1197  ,  0.6665  , -0.3265  ,  1.6062  , -1.3699  ,  0.8681  ,  1.0869  ,  0.0705  ,  1.5161  , -1.1090  ,  0.0000  , 100.0000 ,  0.0000  ,  0.0000  ,  0.0000  ,  0.0000  ,  0.0000  , 100.0000 ,  0.0000  ,  0.0000  ,  0.0000  ,  0.0000  
  3.5400  ,  1.1279  ,  0.6588  , -0.3377  ,  1.6135  , -1.3785  ,  0.8879  ,  1.0836  ,  0.0468  ,  1.5186  , -1.1111  ,  0.0000  , 100.0000 ,  0.0000  ,  0.0000  ,  0.0000  ,  0.0000  ,  0.0000  , 100.0000 ,  0.0000  ,  0.0000  ,  0.0000  ,  0.0000  
  3.5600  ,  1.1305  ,  0.6541  , -0.3413  ,  1.6147  , -1.3828  ,  0.8981  ,  1.0811  ,  0.0345  ,  1.5202  , -1.1117  ,  0.0000  , 100.0000 ,  0.0000  ,  0.0000  ,  0.0000  ,  0.0000  ,  0.0000  , 100.0000 ,  0.0000  ,  0.0000  ,  0.0000  ,  0.0000  
  3.5800  ,  1.1314  ,  0.6524  , -0.3438  ,  1.6160  , -1.3882  ,  0.9018  ,  1.0801  ,  0.0284  ,  1.5223  , -1.1149  ,  0.0000  , 100.0000 ,  0.0000  ,  0.0000  ,  0.0000  ,  0.0000  ,  0.0000  , 100.0000 ,  0.0000  ,  0.0000  ,  0.0000  ,  0.0000  
  3.6000  ,  1.1362  ,  0.6426  , -0.3526  ,  1.6223  , -1.3928  ,  0.9197  ,  1.0745  ,  0.0056  ,  1.5250  , -1.1173  ,  0.0000  , 100.0000 ,  0.0000  ,  0.0000  ,  0.0000  ,  0.0000  ,  0.0000  , 100.0000 ,  0.0000  ,  0.0000  ,  0.0000  ,  0.0000  
  3.6200  ,  1.1380  ,  0.6386  , -0.3558  ,  1.6230  , -1.3944  ,  0.9266  ,  1.0719  , -0.0027  ,  1.5255  , -1.1160  ,  0.0000  , 100.0000 ,  0.0000  ,  0.0000  ,  0.0000  ,  0.0000  ,  0.0000  , 100.0000 ,  0.0000  ,  0.0000  ,  0.0000  ,  0.0000  
  3.6400  ,  1.1425  ,  0.6289  , -0.3641  ,  1.6245  , -1.4038  ,  0.9429  ,  1.0648  , -0.0215  ,  1.5263  , -1.1162  ,  0.0000  , 100.0000 ,  0.0000  ,  0.0000  ,  0.0000  ,  0.0000  ,  0.0000  , 100.0000 ,  0.0000  ,  0.0000  ,  0.0000  ,  0.0000  
  3.6600  ,  1.1457  ,  0.6231  , -0.3680  ,  1.6234  , -1.4088  ,  0.9540  ,  1.0601  , -0.0324  ,  1.5252  , -1.1189  ,  0.0000  , 100.0000 ,  0.0000  ,  0.0000  ,  0.0000  ,  0.0000  ,  0.0000  , 100.0000 ,  0.0000  ,  0.0000  ,  0.0000  ,  0.0000  
  3.6800  ,  1.1474  ,  0.6199  , -0.3705  ,  1.6232  , -1.4137  ,  0.9601  ,  1.0575  , -0.0383  ,  1.5259  , -1.1213  ,  0.0000  , 100.0000 ,  0.0000  ,  0.0000  ,  0.0000  ,  0.0000  ,  0.0000  , 100.0000 ,  0.0000  ,  0.0000  ,  0.0000  ,  0.0000  
  3.7000  ,  1.1503  ,  0.6134  , -0.3779  ,  1.6240  , -1.4212  ,  0.9714  ,  1.0518  , -0.0509  ,  1.5254  , -1.1275  ,  0.0000  , 100.0000 ,  0.0000  ,  0.0000  ,  0.0000  ,  0.0000  ,  0.0000  , 100.0000 ,  0.0000  ,  0.0000  ,  0.0000  ,  0.0000  
  3.7200  ,  1.1546  ,  0.6039  , -0.3891  ,  1.6247  , -1.4251  ,  0.9868  ,  1.0439  , -0.0698  ,  1.5252  , -1.1284  ,  0.0000  , 100.0000 ,  0.0000  ,  0.0000  ,  0.0000  ,  0.0000  ,  0.0000  , 100.0000 ,  0.0000  ,  0.0000  ,  0.0000  ,  0.0000  
  3.7400  ,  1.1566  ,  0.6001  , -0.3944  ,  1.6318  , -1.4444  ,  0.9926  ,  1.0411  , -0.0779  ,  1.5270  , -1.1261  ,  0.0000  , 100.0000 ,  0.0000  ,  0.0000  ,  0.0000  ,  0.0000  ,  0.0000  , 100.0000 ,  0.0000  ,  0.0000  ,  0.0000  ,  0.0000  
  3.7600  ,  1.1576  ,  0.5921  , -0.4062  ,  1.6354  , -1.4499  ,  1.0036  ,  1.0330  , -0.0930  ,  1.5283  , -1.1240  ,  0.0000  , 100.0000 ,  0.0000  ,  0.0000  ,  0.0000  ,  0.0000  ,  0.0000  , 100.0000 ,  0.0000  ,  0.0000  ,  0.0000  ,  0.0000  
  3.7800  ,  1.1581  ,  0.5890  , -0.4083  ,  1.6357  , -1.4587  ,  1.0066  ,  1.0303  , -0.0972  ,  1.5289  , -1.1193  ,  0.0000  , 100.0000 ,  0.0000  ,  0.0000  ,  0.0000  ,  0.0000  ,  0.0000  , 100.0000 ,  0.0000  ,  0.0000  ,  0.0000  ,  0.0000  
  3.8000  ,  1.1599  ,  0.5802  , -0.4189  ,  1.6412  , -1.4607  ,  1.0146  ,  1.0226  , -0.1081  ,  1.5326  , -1.1157  ,  0.0000  , 100.0000 ,  0.0000  ,  0.0000  ,  0.0000  ,  0.0000  ,  0.0000  , 100.0000 ,  0.0000  ,  0.0000  ,  0.0000  ,  0.0000  
  3.8200  ,  1.1599  ,  0.5722  , -0.4221  ,  1.6430  , -1.4657  ,  1.0203  ,  1.0150  , -0.1143  ,  1.5349  , -1.1194  ,  0.0000  , 100.0000 ,  0.0000  ,  0.0000  ,  0.0000  ,  0.0000  ,  0.0000  , 100.0000 ,  0.0000  ,  0.0000  ,  0.0000  ,  0.0000  
  3.8400  ,  1.1599  ,  0.5705  , -0.4229  ,  1.6434  , -1.4711  ,  1.0216  ,  1.0133  , -0.1147  ,  1.5346  , -1.1234  ,  0.0000  , 100.0000 ,  0.0000  ,  0.0000  ,  0.0000  ,  0.0000  ,  0.0000  , 100.0000 ,  0.0000  ,  0.0000  ,  0.0000  ,  0.0000  
  3.8600  ,  1.1624  ,  0.5561  , -0.4324  ,  1.6465  , -1.4826  ,  1.0342  ,  1.0015  , -0.1330  ,  1.5403  , -1.1285  ,  0.0000  , 100.0000 ,  0.0000  ,  0.0000  ,  0.0000  ,  0.0000  ,  0.0000  , 100.0000 ,  0.0000  ,  0.0000  ,  0.0000  ,  0.0000  
  3.8800  ,  1.1629  ,  0.5537  , -0.4354  ,  1.6476  , -1.4826  ,  1.0364  ,  0.9996  , -0.1382  ,  1.5421  , -1.1285  ,  0.0000  , 100.0000 ,  0.0000  ,  0.0000  ,  0.0000  ,  0.0000  ,  0.0000  , 100.0000 ,  0.0000  ,  0.0000  ,  0.0000  ,  0.0000  
  3.9000  ,  1.1659  ,  0.5413  , -0.4476  ,  1.6528  , -1.4922  ,  1.0505  ,  0.9881  , -0.1565  ,  1.5433  , -1.1369  ,  0.0000  , 100.0000 ,  0.0000  ,  0.0000  ,  0.0000  ,  0.0000  ,  0.0000  , 100.0000 ,  0.0000  ,  0.0000  ,  0.0000  ,  0.0000  
  3.9200  ,  1.1679  ,  0.5347  , -0.4504  ,  1.6532  , -1.5026  ,  1.0597  ,  0.9826  , -0.1670  ,  1.5421  , -1.1366  ,  0.0000  , 100.0000 ,  0.0000  ,  0.0000  ,  0.0000  ,  0.0000  ,  0.0000  , 100.0000 ,  0.0000  ,  0.0000  ,  0.0000  ,  0.0000  
  3.9400  ,  1.1688  ,  0.5318  , -0.4541  ,  1.6550  , -1.4998  ,  1.0637  ,  0.9803  , -0.1736  ,  1.5448  , -1.1372  ,  0.0000  , 100.0000 ,  0.0000  ,  0.0000  ,  0.0000  ,  0.0000  ,  0.0000  , 100.0000 ,  0.0000  ,  0.0000  ,  0.0000  ,  0.0000  
  3.9600  ,  1.1720  ,  0.5203  , -0.4650  ,  1.6580  , -1.5030  ,  1.0759  ,  0.9699  , -0.1936  ,  1.5484  , -1.1475  ,  0.0000  , 100.0000 ,  0.0000  ,  0.0000  ,  0.0000  ,  0.0000  ,  0.0000  , 100.0000 ,  0.0000  ,  0.0000  ,  0.0000  ,  0.0000  
  3.9800  ,  1.1729  ,  0.5172  , -0.4714  ,  1.6620  , -1.5115  ,  1.0788  ,  0.9672  , -0.2004  ,  1.5509  , -1.1712  ,  0.0000  , 100.0000 ,  0.0000  ,  0.0000  ,  0.0000  ,  0.0000  ,  0.0000  , 100.0000 ,  0.0000  ,  0.0000  ,  0.0000  ,  0.0000  
  4.0000  ,  1.1740  ,  0.5102  , -0.4749  ,  1.6644  , -1.5176  ,  1.0817  ,  0.9598  , -0.2060  ,  1.5551  , -1.1790  ,  0.0000  , 100.0000 ,  0.0000  ,  0.0000  ,  0.0000  ,  0.0000  ,  0.0000  , 100.0000 ,  0.0000  ,  0.0000  ,  0.0000  ,  0.0000  
  4.0200  ,  1.1763  ,  0.4968  , -0.4822  ,  1.6661  , -1.5360  ,  1.0879  ,  0.9462  , -0.2168  ,  1.5638  , -1.2027  ,  0.0000  , 100.0000 ,  0.0000  ,  0.0000  ,  0.0000  ,  0.0000  ,  0.0000  , 100.0000 ,  0.0000  ,  0.0000  ,  0.0000  ,  0.0000  
  4.0400  ,  1.1769  ,  0.4929  , -0.4866  ,  1.6691  , -1.5441  ,  1.0897  ,  0.9424  , -0.2228  ,  1.5677  , -1.2134  ,  0.0000  , 100.0000 ,  0.0000  ,  0.0000  ,  0.0000  ,  0.0000  ,  0.0000  , 100.0000 ,  0.0000  ,  0.0000  ,  0.0000  ,  0.0000  
  4.0600  ,  1.1787  ,  0.4811  , -0.4900  ,  1.6711  , -1.5628  ,  1.0974  ,  0.9330  , -0.2347  ,  1.5734  , -1.2450  ,  0.0000  , 100.0000 ,  0.0000  ,  0.0000  ,  0.0000  ,  0.0000  ,  0.0000  , 100.0000 ,  0.0000  ,  0.0000  ,  0.0000  ,  0.0000  
  4.0800  ,  1.1792  ,  0.4753  , -0.4945  ,  1.6731  , -1.5715  ,  1.0998  ,  0.9284  , -0.2401  ,  1.5750  , -1.2593  ,  0.0000  , 100.0000 ,  0.0000  ,  0.0000  ,  0.0000  ,  0.0000  ,  0.0000  , 100.0000 ,  0.0000  ,  0.0000  ,  0.0000  ,  0.0000  
  4.1000  ,  1.1794  ,  0.4656  , -0.5011  ,  1.6779  , -1.5956  ,  1.1022  ,  0.9209  , -0.2539  ,  1.5808  , -1.3144  ,  0.0000  , 100.0000 ,  0.0000  ,  0.0000  ,  0.0000  ,  0.0000  ,  0.0000  , 100.0000 ,  0.0000  ,  0.0000  ,  0.0000  ,  0.0000  
  4.1200  ,  1.1781  ,  0.4605  , -0.5050  ,  1.6819  , -1.6091  ,  1.1010  ,  0.9158  , -0.2569  ,  1.5841  , -1.3336  ,  0.0000  , 100.0000 ,  0.0000  ,  0.0000  ,  0.0000  ,  0.0000  ,  0.0000  , 100.0000 ,  0.0000  ,  0.0000  ,  0.0000  ,  0.0000  
  4.1400  ,  1.1772  ,  0.4567  , -0.5100  ,  1.6821  , -1.6283  ,  1.1000  ,  0.9121  , -0.2640  ,  1.5945  , -1.3539  ,  0.0000  , 100.0000 ,  0.0000  ,  0.0000  ,  0.0000  ,  0.0000  ,  0.0000  , 100.0000 ,  0.0000  ,  0.0000  ,  0.0000  ,  0.0000  
  4.1600  ,  1.1733  ,  0.4490  , -0.5180  ,  1.6905  , -1.6693  ,  1.0969  ,  0.9027  , -0.2703  ,  1.6005  , -1.3886  ,  0.0000  , 100.0000 ,  0.0000  ,  0.0000  ,  0.0000  ,  0.0000  ,  0.0000  , 100.0000 ,  0.0000  ,  0.0000  ,  0.0000  ,  0.0000  
  4.1800  ,  1.1685  ,  0.4439  , -0.5218  ,  1.6973  , -1.7174  ,  1.0930  ,  0.8965  , -0.2739  ,  1.6056  , -1.4219  ,  0.0000  , 100.0000 ,  0.0000  ,  0.0000  ,  0.0000  ,  0.0000  ,  0.0000  , 100.0000 ,  0.0000  ,  0.0000  ,  0.0000  ,  0.0000  
  4.2000  ,  1.1627  ,  0.4388  , -0.5298  ,  1.7053  , -1.7147  ,  1.0882  ,  0.8906  , -0.2814  ,  1.6069  , -1.4212  ,  0.0000  , 100.0000 ,  0.0000  ,  0.0000  ,  0.0000  ,  0.0000  ,  0.0000  , 100.0000 ,  0.0000  ,  0.0000  ,  0.0000  ,  0.0000  
  4.2200  ,  1.1593  ,  0.4362  , -0.5328  ,  1.7096  , -1.7560  ,  1.0838  ,  0.8876  , -0.2799  ,  1.6102  , -1.4675  ,  0.0000  , 100.0000 ,  0.0000  ,  0.0000  ,  0.0000  ,  0.0000  ,  0.0000  , 100.0000 ,  0.0000  ,  0.0000  ,  0.0000  ,  0.0000  
  4.2400  ,  1.1560  ,  0.4337  , -0.5371  ,  1.7143  , -1.7951  ,  1.0795  ,  0.8846  , -0.2835  ,  1.6145  , -1.5149  ,  0.0000  , 100.0000 ,  0.0000  ,  0.0000  ,  0.0000  ,  0.0000  ,  0.0000  , 100.0000 ,  0.0000  ,  0.0000  ,  0.0000  ,  0.0000  
  4.2600  ,  1.1455  ,  0.4286  , -0.5428  ,  1.7260  , -1.8095  ,  1.0652  ,  0.8784  , -0.2850  ,  1.6291  , -1.5289  ,  0.0000  , 100.0000 ,  0.0000  ,  0.0000  ,  0.0000  ,  0.0000  ,  0.0000  , 100.0000 ,  0.0000  ,  0.0000  ,  0.0000  ,  0.0000  
  4.2800  ,  1.1348  ,  0.4260  , -0.5452  ,  1.7321  , -1.8287  ,  1.0500  ,  0.8726  , -0.2795  ,  1.6398  , -1.5406  ,  0.0000  , 100.0000 ,  0.0000  ,  0.0000  ,  0.0000  ,  0.0000  ,  0.0000  , 100.0000 ,  0.0000  ,  0.0000  ,  0.0000  ,  0.0000  
  4.3000  ,  1.1301  ,  0.4252  , -0.5482  ,  1.7378  , -1.8940  ,  1.0434  ,  0.8700  , -0.2773  ,  1.6446  , -1.5737  ,  0.0000  , 100.0000 ,  0.0000  ,  0.0000  ,  0.0000  ,  0.0000  ,  0.0000  , 100.0000 ,  0.0000  ,  0.0000  ,  0.0000  ,  0.0000  
  4.3200  ,  1.1154  ,  0.4218  , -0.5541  ,  1.7543  , -1.9126  ,  1.0236  ,  0.8641  , -0.2737  ,  1.6589  , -1.5824  ,  0.0000  , 100.0000 ,  0.0000  ,  0.0000  ,  0.0000  ,  0.0000  ,  0.0000  , 100.0000 ,  0.0000  ,  0.0000  ,  0.0000  ,  0.0000  
  4.3400  ,  1.1117  ,  0.4208  , -0.5559  ,  1.7602  , -1.9298  ,  1.0188  ,  0.8628  , -0.2761  ,  1.6698  , -1.6092  ,  0.0000  , 100.0000 ,  0.0000  ,  0.0000  ,  0.0000  ,  0.0000  ,  0.0000  , 100.0000 ,  0.0000  ,  0.0000  ,  0.0000  ,  0.0000  
  4.3600  ,  1.1006  ,  0.4185  , -0.5548  ,  1.7702  , -1.9298  ,  1.0058  ,  0.8585  , -0.2672  ,  1.6776  , -1.6092  ,  0.0000  , 100.0000 ,  0.0000  ,  0.0000  ,  0.0000  ,  0.0000  ,  0.0000  , 100.0000 ,  0.0000  ,  0.0000  ,  0.0000  ,  0.0000  
  4.3800  ,  1.0817  ,  0.4131  , -0.5548  ,  1.7866  , -1.9337  ,  0.9846  ,  0.8492  , -0.2573  ,  1.6906  , -1.6297  ,  0.0000  , 100.0000 ,  0.0000  ,  0.0000  ,  0.0000  ,  0.0000  ,  0.0000  , 100.0000 ,  0.0000  ,  0.0000  ,  0.0000  ,  0.0000  
  4.4000  ,  1.0687  ,  0.4081  , -0.5543  ,  1.7930  , -1.9952  ,  0.9712  ,  0.8414  , -0.2539  ,  1.6970  , -1.6504  ,  0.0000  , 100.0000 ,  0.0000  ,  0.0000  ,  0.0000  ,  0.0000  ,  0.0000  , 100.0000 ,  0.0000  ,  0.0000  ,  0.0000  ,  0.0000  
  4.4200  ,  1.0608  ,  0.4046  , -0.5533  ,  1.7988  , -2.0315  ,  0.9641  ,  0.8360  , -0.2501  ,  1.7018  , -1.6571  ,  0.0000  , 100.0000 ,  0.0000  ,  0.0000  ,  0.0000  ,  0.0000  ,  0.0000  , 100.0000 ,  0.0000  ,  0.0000  ,  0.0000  ,  0.0000  
  4.4400  ,  1.0465  ,  0.3986  , -0.5537  ,  1.8091  , -2.0364  ,  0.9513  ,  0.8266  , -0.2443  ,  1.7098  , -1.6522  ,  0.0000  , 100.0000 ,  0.0000  ,  0.0000  ,  0.0000  ,  0.0000  ,  0.0000  , 100.0000 ,  0.0000  ,  0.0000  ,  0.0000  ,  0.0000  
  4.4600  ,  1.0420  ,  0.3968  , -0.5531  ,  1.8120  , -1.9775  ,  0.9472  ,  0.8236  , -0.2430  ,  1.7121  , -1.6355  ,  0.0000  , 100.0000 ,  0.0000  ,  0.0000  ,  0.0000  ,  0.0000  ,  0.0000  , 100.0000 ,  0.0000  ,  0.0000  ,  0.0000  ,  0.0000  
  4.4800  ,  1.0379  ,  0.3951  , -0.5564  ,  1.8134  , -1.9398  ,  0.9434  ,  0.8209  , -0.2451  ,  1.7160  , -1.6342  ,  0.0000  , 100.0000 ,  0.0000  ,  0.0000  ,  0.0000  ,  0.0000  ,  0.0000  , 100.0000 ,  0.0000  ,  0.0000  ,  0.0000  ,  0.0000  
  4.5000  ,  1.0158  ,  0.3889  , -0.5531  ,  1.8260  , -1.9150  ,  0.9195  ,  0.8091  , -0.2300  ,  1.7288  , -1.6362  ,  0.0000  , 100.0000 ,  0.0000  ,  0.0000  ,  0.0000  ,  0.0000  ,  0.0000  , 100.0000 ,  0.0000  ,  0.0000  ,  0.0000  ,  0.0000  
  4.5200  ,  1.0011  ,  0.3838  , -0.5468  ,  1.8328  , -1.9110  ,  0.9047  ,  0.8010  , -0.2197  ,  1.7356  , -1.6296  ,  0.0000  , 100.0000 ,  0.0000  ,  0.0000  ,  0.0000  ,  0.0000  ,  0.0000  , 100.0000 ,  0.0000  ,  0.0000  ,  0.0000  ,  0.0000  
  4.5400  ,  0.9806  ,  0.3760  , -0.5383  ,  1.8374  , -1.8926  ,  0.8857  ,  0.7892  , -0.2089  ,  1.7451  , -1.6175  ,  0.0000  , 100.0000 ,  0.0000  ,  0.0000  ,  0.0000  ,  0.0000  ,  0.0000  , 100.0000 ,  0.0000  ,  0.0000  ,  0.0000  ,  0.0000  
  4.5600  ,  0.9716  ,  0.3723  , -0.5359  ,  1.8389  , -1.7782  ,  0.8779  ,  0.7837  , -0.2060  ,  1.7464  , -1.5594  ,  0.0000  , 100.0000 ,  0.0000  ,  0.0000  ,  0.0000  ,  0.0000  ,  0.0000  , 100.0000 ,  0.0000  ,  0.0000  ,  0.0000  ,  0.0000  
  4.5800  ,  0.9514  ,  0.3614  , -0.5306  ,  1.8384  , -1.7565  ,  0.8604  ,  0.7683  , -0.1989  ,  1.7473  , -1.5455  ,  0.0000  , 100.0000 ,  0.0000  ,  0.0000  ,  0.0000  ,  0.0000  ,  0.0000  , 100.0000 ,  0.0000  ,  0.0000  ,  0.0000  ,  0.0000  
  4.6000  ,  0.9480  ,  0.3595  , -0.5325  ,  1.8373  , -1.5779  ,  0.8573  ,  0.7655  , -0.2009  ,  1.7452  , -1.4418  ,  0.0000  , 100.0000 ,  0.0000  ,  0.0000  ,  0.0000  ,  0.0000  ,  0.0000  , 100.0000 ,  0.0000  ,  0.0000  ,  0.0000  ,  0.0000  
  4.6200  ,  0.9371  ,  0.3516  , -0.5287  ,  1.8347  , -1.5358  ,  0.8480  ,  0.7546  , -0.1948  ,  1.7439  , -1.4021  ,  0.0000  , 100.0000 ,  0.0000  ,  0.0000  ,  0.0000  ,  0.0000  ,  0.0000  , 100.0000 ,  0.0000  ,  0.0000  ,  0.0000  ,  0.0000  
  4.6400  ,  0.9319  ,  0.3479  , -0.5273  ,  1.8328  , -1.5389  ,  0.8436  ,  0.7494  , -0.1960  ,  1.7400  , -1.3927  ,  0.0000  , 100.0000 ,  0.0000  ,  0.0000  ,  0.0000  ,  0.0000  ,  0.0000  , 100.0000 ,  0.0000  ,  0.0000  ,  0.0000  ,  0.0000  
  4.6600  ,  0.9129  ,  0.3302  , -0.5246  ,  1.8184  , -1.4359  ,  0.8301  ,  0.7276  , -0.1953  ,  1.7287  , -1.2944  ,  0.0000  , 100.0000 ,  0.0000  ,  0.0000  ,  0.0000  ,  0.0000  ,  0.0000  , 100.0000 ,  0.0000  ,  0.0000  ,  0.0000  ,  0.0000  
  4.6800  ,  0.9084  ,  0.3259  , -0.5252  ,  1.8112  , -1.3733  ,  0.8270  ,  0.7222  , -0.1983  ,  1.7215  , -1.2354  ,  0.0000  , 100.0000 ,  0.0000  ,  0.0000  ,  0.0000  ,  0.0000  ,  0.0000  , 100.0000 ,  0.0000  ,  0.0000  ,  0.0000  ,  0.0000  
  4.7000  ,  0.8938  ,  0.3094  , -0.5237  ,  1.7925  , -1.2508  ,  0.8172  ,  0.6990  , -0.1953  ,  1.7050  , -1.1461  ,  0.0000  , 100.0000 ,  0.0000  ,  0.0000  ,  0.0000  ,  0.0000  ,  0.0000  , 100.0000 ,  0.0000  ,  0.0000  ,  0.0000  ,  0.0000  
  4.7200  ,  0.8844  ,  0.2989  , -0.5198  ,  1.7831  , -1.2100  ,  0.8108  ,  0.6837  , -0.1900  ,  1.6968  , -1.1150  ,  0.0000  , 100.0000 ,  0.0000  ,  0.0000  ,  0.0000  ,  0.0000  ,  0.0000  , 100.0000 ,  0.0000  ,  0.0000  ,  0.0000  ,  0.0000  
  4.7400  ,  0.8686  ,  0.2822  , -0.5177  ,  1.7587  , -1.1687  ,  0.8000  ,  0.6564  , -0.1828  ,  1.6753  , -1.0804  ,  0.0000  , 100.0000 ,  0.0000  ,  0.0000  ,  0.0000  ,  0.0000  ,  0.0000  , 100.0000 ,  0.0000  ,  0.0000  ,  0.0000  ,  0.0000  
  4.7600  ,  0.8622  ,  0.2758  , -0.5170  ,  1.7488  , -1.0534  ,  0.7957  ,  0.6446  , -0.1821  ,  1.6642  , -0.9915  ,  0.0000  , 100.0000 ,  0.0000  ,  0.0000  ,  0.0000  ,  0.0000  ,  0.0000  , 100.0000 ,  0.0000  ,  0.0000  ,  0.0000  ,  0.0000  
  4.7800  ,  0.8535  ,  0.2637  , -0.5164  ,  1.7300  , -1.0169  ,  0.7900  ,  0.6244  , -0.1768  ,  1.6500  , -0.9560  ,  0.0000  , 100.0000 ,  0.0000  ,  0.0000  ,  0.0000  ,  0.0000  ,  0.0000  , 100.0000 ,  0.0000  ,  0.0000  ,  0.0000  ,  0.0000  
  4.8000  ,  0.8444  ,  0.2493  , -0.5192  ,  1.6983  , -0.9844  ,  0.7843  ,  0.6007  , -0.1797  ,  1.6263  , -0.9206  ,  0.0000  , 100.0000 ,  0.0000  ,  0.0000  ,  0.0000  ,  0.0000  ,  0.0000  , 100.0000 ,  0.0000  ,  0.0000  ,  0.0000  ,  0.0000  
  4.8200  ,  0.8373  ,  0.2359  , -0.5118  ,  1.6866  , -0.9184  ,  0.7813  ,  0.5824  , -0.1710  ,  1.6179  , -0.8185  ,  0.0000  , 100.0000 ,  0.0000  ,  0.0000  ,  0.0000  ,  0.0000  ,  0.0000  , 100.0000 ,  0.0000  ,  0.0000  ,  0.0000  ,  0.0000  
  4.8400  ,  0.8255  ,  0.2113  , -0.5066  ,  1.6460  , -0.9112  ,  0.7755  ,  0.5470  , -0.1673  ,  1.5843  , -0.7874  ,  0.0000  , 100.0000 ,  0.0000  ,  0.0000  ,  0.0000  ,  0.0000  ,  0.0000  , 100.0000 ,  0.0000  ,  0.0000  ,  0.0000  ,  0.0000  
  4.8600  ,  0.8227  ,  0.2044  , -0.5053  ,  1.6338  , -0.8683  ,  0.7737  ,  0.5369  , -0.1645  ,  1.5768  , -0.7301  ,  0.0000  , 100.0000 ,  0.0000  ,  0.0000  ,  0.0000  ,  0.0000  ,  0.0000  , 100.0000 ,  0.0000  ,  0.0000  ,  0.0000  ,  0.0000  
  4.8800  ,  0.8114  ,  0.1848  , -0.5005  ,  1.6017  , -0.8520  ,  0.7653  ,  0.5062  , -0.1570  ,  1.5481  , -0.7251  ,  0.0000  , 100.0000 ,  0.0000  ,  0.0000  ,  0.0000  ,  0.0000  ,  0.0000  , 100.0000 ,  0.0000  ,  0.0000  ,  0.0000  ,  0.0000  
  4.9000  ,  0.8062  ,  0.1770  , -0.5001  ,  1.5838  , -0.8094  ,  0.7614  ,  0.4932  , -0.1578  ,  1.5303  , -0.6886  ,  0.0000  , 100.0000 ,  0.0000  ,  0.0000  ,  0.0000  ,  0.0000  ,  0.0000  , 100.0000 ,  0.0000  ,  0.0000  ,  0.0000  ,  0.0000  
  4.9200  ,  0.8016  ,  0.1680  , -0.4968  ,  1.5697  , -0.7962  ,  0.7588  ,  0.4817  , -0.1538  ,  1.5217  , -0.6679  ,  0.0000  , 100.0000 ,  0.0000  ,  0.0000  ,  0.0000  ,  0.0000  ,  0.0000  , 100.0000 ,  0.0000  ,  0.0000  ,  0.0000  ,  0.0000  
  4.9400  ,  0.7897  ,  0.1467  , -0.4884  ,  1.5283  , -0.7885  ,  0.7527  ,  0.4523  , -0.1517  ,  1.4910  , -0.6478  ,  0.0000  , 100.0000 ,  0.0000  ,  0.0000  ,  0.0000  ,  0.0000  ,  0.0000  , 100.0000 ,  0.0000  ,  0.0000  ,  0.0000  ,  0.0000  
  4.9600  ,  0.7883  ,  0.1444  , -0.4873  ,  1.5236  , -0.7789  ,  0.7520  ,  0.4489  , -0.1515  ,  1.4872  , -0.5949  ,  0.0000  , 100.0000 ,  0.0000  ,  0.0000  ,  0.0000  ,  0.0000  ,  0.0000  , 100.0000 ,  0.0000  ,  0.0000  ,  0.0000  ,  0.0000  
  4.9800  ,  0.7736  ,  0.1259  , -0.4777  ,  1.4862  , -0.7841  ,  0.7446  ,  0.4192  , -0.1499  ,  1.4527  , -0.5848  ,  0.0000  , 100.0000 ,  0.0000  ,  0.0000  ,  0.0000  ,  0.0000  ,  0.0000  , 100.0000 ,  0.0000  ,  0.0000  ,  0.0000  ,  0.0000  
  5.0000  ,  0.7683  ,  0.1200  , -0.4766  ,  1.4749  , -0.7768  ,  0.7412  ,  0.4085  , -0.1466  ,  1.4490  , -0.5628  ,  0.0000  , 100.0000 ,  0.0000  ,  0.0000  ,  0.0000  ,  0.0000  ,  0.0000  , 100.0000 ,  0.0000  ,  0.0000  ,  0.0000  ,  0.0000  
  5.0200  ,  0.7636  ,  0.1151  , -0.4750  ,  1.4608  , -0.7527  ,  0.7378  ,  0.3992  , -0.1478  ,  1.4348  , -0.5493  ,  0.0000  , 100.0000 ,  0.0000  ,  0.0000  ,  0.0000  ,  0.0000  ,  0.0000  , 100.0000 ,  0.0000  ,  0.0000  ,  0.0000  ,  0.0000
  5.0400  ,  0.7607  ,  0.1120  , -0.4743  ,  1.4507  , -0.7527  ,  0.7357  ,  0.3932  , -0.1499  ,  1.4240  , -0.5493  ,  0.0000  , 100.0000 ,  0.0000  ,  0.0000  ,  0.0000  ,  0.0000  ,  0.0000  , 100.0000 ,  0.0000  ,  0.0000  ,  0.0000  ,  0.0000
  5.0600  ,  0.7491  ,  0.0991  , -0.4678  ,  1.4121  , -0.7302  ,  0.7272  ,  0.3708  , -0.1460  ,  1.3972  , -0.5165  ,  0.0000  , 100.0000 ,  0.0000  ,  0.0000  ,  0.0000  ,  0.0000  ,  0.0000  , 100.0000 ,  0.0000  ,  0.0000  ,  0.0000  ,  0.0000
  5.0800  ,  0.7415  ,  0.0926  , -0.4626  ,  1.4001  , -0.7261  ,  0.7239  ,  0.3581  , -0.1446  ,  1.3827  , -0.5109  ,  0.0000  , 100.0000 ,  0.0000  ,  0.0000  ,  0.0000  ,  0.0000  ,  0.0000  , 100.0000 ,  0.0000  ,  0.0000  ,  0.0000  ,  0.0000
  5.1000  ,  0.7317  ,  0.0852  , -0.4586  ,  1.3802  , -0.7146  ,  0.7194  ,  0.3424  , -0.1447  ,  1.3612  , -0.5025  ,  0.0000  , 100.0000 ,  0.0000  ,  0.0000  ,  0.0000  ,  0.0000  ,  0.0000  , 100.0000 ,  0.0000  ,  0.0000  ,  0.0000  ,  0.0000
  5.1200  ,  0.7280  ,  0.0826  , -0.4566  ,  1.3750  , -0.7119  ,  0.7171  ,  0.3365  , -0.1414  ,  1.3578  , -0.5003  ,  0.0000  , 100.0000 ,  0.0000  ,  0.0000  ,  0.0000  ,  0.0000  ,  0.0000  , 100.0000 ,  0.0000  ,  0.0000  ,  0.0000  ,  0.0000
  5.1400  ,  0.7191  ,  0.0766  , -0.4565  ,  1.3508  , -0.7038  ,  0.7116  ,  0.3225  , -0.1452  ,  1.3283  , -0.4836  ,  0.0000  , 100.0000 ,  0.0000  ,  0.0000  ,  0.0000  ,  0.0000  ,  0.0000  , 100.0000 ,  0.0000  ,  0.0000  ,  0.0000  ,  0.0000
  5.1600  ,  0.7111  ,  0.0716  , -0.4508  ,  1.3441  , -0.7038  ,  0.7054  ,  0.3114  , -0.1407  ,  1.3205  , -0.4836  ,  0.0000  , 100.0000 ,  0.0000  ,  0.0000  ,  0.0000  ,  0.0000  ,  0.0000  , 100.0000 ,  0.0000  ,  0.0000  ,  0.0000  ,  0.0000
  5.1800  ,  0.6981  ,  0.0645  , -0.4445  ,  1.3278  , -0.6956  ,  0.6960  ,  0.2942  , -0.1363  ,  1.3035  , -0.4765  ,  0.0000  , 100.0000 ,  0.0000  ,  0.0000  ,  0.0000  ,  0.0000  ,  0.0000  , 100.0000 ,  0.0000  ,  0.0000  ,  0.0000  ,  0.0000
  5.2000  ,  0.6929  ,  0.0619  , -0.4427  ,  1.3211  , -0.6852  ,  0.6924  ,  0.2875  , -0.1351  ,  1.2971  , -0.4627  ,  0.0000  , 100.0000 ,  0.0000  ,  0.0000  ,  0.0000  ,  0.0000  ,  0.0000  , 100.0000 ,  0.0000  ,  0.0000  ,  0.0000  ,  0.0000
  5.2200  ,  0.6879  ,  0.0593  , -0.4414  ,  1.3113  , -0.6814  ,  0.6889  ,  0.2810  , -0.1347  ,  1.2881  , -0.4648  ,  0.0000  , 100.0000 ,  0.0000  ,  0.0000  ,  0.0000  ,  0.0000  ,  0.0000  , 100.0000 ,  0.0000  ,  0.0000  ,  0.0000  ,  0.0000
  5.2400  ,  0.6785  ,  0.0553  , -0.4395  ,  1.2959  , -0.6746  ,  0.6810  ,  0.2693  , -0.1344  ,  1.2717  , -0.4677  ,  0.0000  , 100.0000 ,  0.0000  ,  0.0000  ,  0.0000  ,  0.0000  ,  0.0000  , 100.0000 ,  0.0000  ,  0.0000  ,  0.0000  ,  0.0000
  5.2600  ,  0.6759  ,  0.0544  , -0.4392  ,  1.2916  , -0.6630  ,  0.6785  ,  0.2662  , -0.1344  ,  1.2673  , -0.4614  ,  0.0000  , 100.0000 ,  0.0000  ,  0.0000  ,  0.0000  ,  0.0000  ,  0.0000  , 100.0000 ,  0.0000  ,  0.0000  ,  0.0000  ,  0.0000
  5.2800  ,  0.6614  ,  0.0495  , -0.4358  ,  1.2734  , -0.6630  ,  0.6649  ,  0.2509  , -0.1295  ,  1.2492  , -0.4554  ,  0.0000  , 100.0000 ,  0.0000  ,  0.0000  ,  0.0000  ,  0.0000  ,  0.0000  , 100.0000 ,  0.0000  ,  0.0000  ,  0.0000  ,  0.0000
  5.3000  ,  0.6510  ,  0.0468  , -0.4320  ,  1.2655  , -0.6576  ,  0.6545  ,  0.2406  , -0.1266  ,  1.2387  , -0.4413  ,  0.0000  , 100.0000 ,  0.0000  ,  0.0000  ,  0.0000  ,  0.0000  ,  0.0000  , 100.0000 ,  0.0000  ,  0.0000  ,  0.0000  ,  0.0000
  5.3200  ,  0.6462  ,  0.0457  , -0.4303  ,  1.2558  , -0.6576  ,  0.6496  ,  0.2358  , -0.1221  ,  1.2278  , -0.4413  ,  0.0000  , 100.0000 ,  0.0000  ,  0.0000  ,  0.0000  ,  0.0000  ,  0.0000  , 100.0000 ,  0.0000  ,  0.0000  ,  0.0000  ,  0.0000
  5.3400  ,  0.6395  ,  0.0439  , -0.4275  ,  1.2503  , -0.6469  ,  0.6425  ,  0.2292  , -0.1212  ,  1.2193  , -0.4372  ,  0.0000  , 100.0000 ,  0.0000  ,  0.0000  ,  0.0000  ,  0.0000  ,  0.0000  , 100.0000 ,  0.0000  ,  0.0000  ,  0.0000  ,  0.0000
  5.3600  ,  0.6342  ,  0.0423  , -0.4256  ,  1.2432  , -0.6335  ,  0.6369  ,  0.2239  , -0.1204  ,  1.2129  , -0.4287  ,  0.0000  , 100.0000 ,  0.0000  ,  0.0000  ,  0.0000  ,  0.0000  ,  0.0000  , 100.0000 ,  0.0000  ,  0.0000  ,  0.0000  ,  0.0000
  5.3800  ,  0.6274  ,  0.0404  , -0.4240  ,  1.2317  , -0.6249  ,  0.6289  ,  0.2170  , -0.1193  ,  1.2047  , -0.4259  ,  0.0000  , 100.0000 ,  0.0000  ,  0.0000  ,  0.0000  ,  0.0000  ,  0.0000  , 100.0000 ,  0.0000  ,  0.0000  ,  0.0000  ,  0.0000
  5.4000  ,  0.6187  ,  0.0372  , -0.4202  ,  1.2176  , -0.6162  ,  0.6191  ,  0.2086  , -0.1169  ,  1.1976  , -0.4255  ,  0.0000  , 100.0000 ,  0.0000  ,  0.0000  ,  0.0000  ,  0.0000  ,  0.0000  , 100.0000 ,  0.0000  ,  0.0000  ,  0.0000  ,  0.0000
  5.4200  ,  0.6157  ,  0.0359  , -0.4191  ,  1.2094  , -0.6115  ,  0.6159  ,  0.2058  , -0.1196  ,  1.1892  , -0.4263  ,  0.0000  , 100.0000 ,  0.0000  ,  0.0000  ,  0.0000  ,  0.0000  ,  0.0000  , 100.0000 ,  0.0000  ,  0.0000  ,  0.0000  ,  0.0000
  5.4400  ,  0.6082  ,  0.0347  , -0.4172  ,  1.1987  , -0.6052  ,  0.6079  ,  0.2009  , -0.1202  ,  1.1824  , -0.4179  ,  0.0000  , 100.0000 ,  0.0000  ,  0.0000  ,  0.0000  ,  0.0000  ,  0.0000  , 100.0000 ,  0.0000  ,  0.0000  ,  0.0000  ,  0.0000
  5.4600  ,  0.6027  ,  0.0340  , -0.4149  ,  1.1891  , -0.5964  ,  0.6024  ,  0.1979  , -0.1218  ,  1.1738  , -0.4086  ,  0.0000  , 100.0000 ,  0.0000  ,  0.0000  ,  0.0000  ,  0.0000  ,  0.0000  , 100.0000 ,  0.0000  ,  0.0000  ,  0.0000  ,  0.0000
  5.4800  ,  0.6000  ,  0.0337  , -0.4143  ,  1.1842  , -0.5891  ,  0.5998  ,  0.1966  , -0.1227  ,  1.1712  , -0.4020  ,  0.0000  , 100.0000 ,  0.0000  ,  0.0000  ,  0.0000  ,  0.0000  ,  0.0000  , 100.0000 ,  0.0000  ,  0.0000  ,  0.0000  ,  0.0000
  5.5000  ,  0.5911  ,  0.0329  , -0.4124  ,  1.1673  , -0.5888  ,  0.5918  ,  0.1918  , -0.1272  ,  1.1592  , -0.4028  ,  0.0000  , 100.0000 ,  0.0000  ,  0.0000  ,  0.0000  ,  0.0000  ,  0.0000  , 100.0000 ,  0.0000  ,  0.0000  ,  0.0000  ,  0.0000
  5.5200  ,  0.5864  ,  0.0325  , -0.4100  ,  1.1625  , -0.5844  ,  0.5877  ,  0.1889  , -0.1261  ,  1.1529  , -0.4034  ,  0.0000  , 100.0000 ,  0.0000  ,  0.0000  ,  0.0000  ,  0.0000  ,  0.0000  , 100.0000 ,  0.0000  ,  0.0000  ,  0.0000  ,  0.0000
  5.5400  ,  0.5784  ,  0.0311  , -0.4074  ,  1.1441  , -0.5831  ,  0.5794  ,  0.1843  , -0.1285  ,  1.1427  , -0.4033  ,  0.0000  , 100.0000 ,  0.0000  ,  0.0000  ,  0.0000  ,  0.0000  ,  0.0000  , 100.0000 ,  0.0000  ,  0.0000  ,  0.0000  ,  0.0000
  5.5600  ,  0.5756  ,  0.0306  , -0.4065  ,  1.1393  , -0.5782  ,  0.5767  ,  0.1831  , -0.1301  ,  1.1385  , -0.3996  ,  0.0000  , 100.0000 ,  0.0000  ,  0.0000  ,  0.0000  ,  0.0000  ,  0.0000  , 100.0000 ,  0.0000  ,  0.0000  ,  0.0000  ,  0.0000
  5.5800  ,  0.5717  ,  0.0299  , -0.4055  ,  1.1309  , -0.5754  ,  0.5734  ,  0.1818  , -0.1319  ,  1.1340  , -0.3926  ,  0.0000  , 100.0000 ,  0.0000  ,  0.0000  ,  0.0000  ,  0.0000  ,  0.0000  , 100.0000 ,  0.0000  ,  0.0000  ,  0.0000  ,  0.0000
  5.6000  ,  0.5647  ,  0.0287  , -0.4048  ,  1.1175  , -0.5731  ,  0.5668  ,  0.1793  , -0.1322  ,  1.1214  , -0.3860  ,  0.0000  , 100.0000 ,  0.0000  ,  0.0000  ,  0.0000  ,  0.0000  ,  0.0000  , 100.0000 ,  0.0000  ,  0.0000  ,  0.0000  ,  0.0000
  5.6200  ,  0.5620  ,  0.0283  , -0.4048  ,  1.1093  , -0.5667  ,  0.5641  ,  0.1782  , -0.1344  ,  1.1156  , -0.3788  ,  0.0000  , 100.0000 ,  0.0000  ,  0.0000  ,  0.0000  ,  0.0000  ,  0.0000  , 100.0000 ,  0.0000  ,  0.0000  ,  0.0000  ,  0.0000
  5.6400  ,  0.5536  ,  0.0262  , -0.4015  ,  1.0967  , -0.5645  ,  0.5564  ,  0.1757  , -0.1366  ,  1.1070  , -0.3730  ,  0.0000  , 100.0000 ,  0.0000  ,  0.0000  ,  0.0000  ,  0.0000  ,  0.0000  , 100.0000 ,  0.0000  ,  0.0000  ,  0.0000  ,  0.0000
  5.6600  ,  0.5505  ,  0.0253  , -0.4001  ,  1.0868  , -0.5637  ,  0.5535  ,  0.1748  , -0.1374  ,  1.1028  , -0.3696  ,  0.0000  , 100.0000 ,  0.0000  ,  0.0000  ,  0.0000  ,  0.0000  ,  0.0000  , 100.0000 ,  0.0000  ,  0.0000  ,  0.0000  ,  0.0000
  5.6800  ,  0.5436  ,  0.0251  , -0.3989  ,  1.0815  , -0.5641  ,  0.5476  ,  0.1731  , -0.1368  ,  1.0994  , -0.3639  ,  0.0000  , 100.0000 ,  0.0000  ,  0.0000  ,  0.0000  ,  0.0000  ,  0.0000  , 100.0000 ,  0.0000  ,  0.0000  ,  0.0000  ,  0.0000
  5.7000  ,  0.5327  ,  0.0254  , -0.3988  ,  1.0725  , -0.5694  ,  0.5385  ,  0.1708  , -0.1376  ,  1.0882  , -0.3583  ,  0.0000  , 100.0000 ,  0.0000  ,  0.0000  ,  0.0000  ,  0.0000  ,  0.0000  , 100.0000 ,  0.0000  ,  0.0000  ,  0.0000  ,  0.0000
  5.7200  ,  0.5295  ,  0.0256  , -0.3987  ,  1.0675  , -0.5694  ,  0.5357  ,  0.1702  , -0.1361  ,  1.0838  , -0.3583  ,  0.0000  , 100.0000 ,  0.0000  ,  0.0000  ,  0.0000  ,  0.0000  ,  0.0000  , 100.0000 ,  0.0000  ,  0.0000  ,  0.0000  ,  0.0000
  5.7400  ,  0.5248  ,  0.0258  , -0.3987  ,  1.0642  , -0.5704  ,  0.5318  ,  0.1693  , -0.1363  ,  1.0784  , -0.3503  ,  0.0000  , 100.0000 ,  0.0000  ,  0.0000  ,  0.0000  ,  0.0000  ,  0.0000  , 100.0000 ,  0.0000  ,  0.0000  ,  0.0000  ,  0.0000
  5.7600  ,  0.5125  ,  0.0262  , -0.4002  ,  1.0516  , -0.5693  ,  0.5212  ,  0.1669  , -0.1359  ,  1.0674  , -0.3491  ,  0.0000  , 100.0000 ,  0.0000  ,  0.0000  ,  0.0000  ,  0.0000  ,  0.0000  , 100.0000 ,  0.0000  ,  0.0000  ,  0.0000  ,  0.0000
  5.7800  ,  0.5093  ,  0.0263  , -0.3999  ,  1.0513  , -0.5700  ,  0.5184  ,  0.1664  , -0.1364  ,  1.0630  , -0.3401  ,  0.0000  , 100.0000 ,  0.0000  ,  0.0000  ,  0.0000  ,  0.0000  ,  0.0000  , 100.0000 ,  0.0000  ,  0.0000  ,  0.0000  ,  0.0000
  5.8000  ,  0.4971  ,  0.0261  , -0.4017  ,  1.0414  , -0.5727  ,  0.5061  ,  0.1640  , -0.1336  ,  1.0497  , -0.3428  ,  0.0000  , 100.0000 ,  0.0000  ,  0.0000  ,  0.0000  ,  0.0000  ,  0.0000  , 100.0000 ,  0.0000  ,  0.0000  ,  0.0000  ,  0.0000
  5.8200  ,  0.4942  ,  0.0260  , -0.4019  ,  1.0385  , -0.5724  ,  0.5029  ,  0.1633  , -0.1334  ,  1.0456  , -0.3504  ,  0.0000  , 100.0000 ,  0.0000  ,  0.0000  ,  0.0000  ,  0.0000  ,  0.0000  , 100.0000 ,  0.0000  ,  0.0000  ,  0.0000  ,  0.0000
  5.8400  ,  0.4910  ,  0.0258  , -0.4047  ,  1.0291  , -0.5728  ,  0.4994  ,  0.1625  , -0.1340  ,  1.0363  , -0.3558  ,  0.0000  , 100.0000 ,  0.0000  ,  0.0000  ,  0.0000  ,  0.0000  ,  0.0000  , 100.0000 ,  0.0000  ,  0.0000  ,  0.0000  ,  0.0000
  5.8600  ,  0.4796  ,  0.0266  , -0.4059  ,  1.0244  , -0.5733  ,  0.4898  ,  0.1608  , -0.1317  ,  1.0322  , -0.3552  ,  0.0000  , 100.0000 ,  0.0000  ,  0.0000  ,  0.0000  ,  0.0000  ,  0.0000  , 100.0000 ,  0.0000  ,  0.0000  ,  0.0000  ,  0.0000
  5.8800  ,  0.4639  ,  0.0290  , -0.4112  ,  1.0184  , -0.5778  ,  0.4776  ,  0.1597  , -0.1324  ,  1.0190  , -0.3543  ,  0.0000  , 100.0000 ,  0.0000  ,  0.0000  ,  0.0000  ,  0.0000  ,  0.0000  , 100.0000 ,  0.0000  ,  0.0000  ,  0.0000  ,  0.0000
  5.9000  ,  0.4567  ,  0.0302  , -0.4135  ,  1.0168  , -0.5778  ,  0.4715  ,  0.1597  , -0.1335  ,  1.0133  , -0.3554  ,  0.0000  , 100.0000 ,  0.0000  ,  0.0000  ,  0.0000  ,  0.0000  ,  0.0000  , 100.0000 ,  0.0000  ,  0.0000  ,  0.0000  ,  0.0000
  5.9200  ,  0.4525  ,  0.0308  , -0.4148  ,  1.0160  , -0.5717  ,  0.4678  ,  0.1598  , -0.1339  ,  1.0115  , -0.3563  ,  0.0000  , 100.0000 ,  0.0000  ,  0.0000  ,  0.0000  ,  0.0000  ,  0.0000  , 100.0000 ,  0.0000  ,  0.0000  ,  0.0000  ,  0.0000
  5.9400  ,  0.4386  ,  0.0335  , -0.4212  ,  1.0083  , -0.5789  ,  0.4558  ,  0.1599  , -0.1348  ,  1.0006  , -0.3531  ,  0.0000  , 100.0000 ,  0.0000  ,  0.0000  ,  0.0000  ,  0.0000  ,  0.0000  , 100.0000 ,  0.0000  ,  0.0000  ,  0.0000  ,  0.0000
  5.9600  ,  0.4324  ,  0.0348  , -0.4251  ,  1.0052  , -0.5874  ,  0.4504  ,  0.1598  , -0.1355  ,  0.9976  , -0.3506  ,  0.0000  , 100.0000 ,  0.0000  ,  0.0000  ,  0.0000  ,  0.0000  ,  0.0000  , 100.0000 ,  0.0000  ,  0.0000  ,  0.0000  ,  0.0000
  5.9800  ,  0.4167  ,  0.0370  , -0.4344  ,  1.0019  , -0.5845  ,  0.4353  ,  0.1589  , -0.1361  ,  0.9921  , -0.3539  ,  0.0000  , 100.0000 ,  0.0000  ,  0.0000  ,  0.0000  ,  0.0000  ,  0.0000  , 100.0000 ,  0.0000  ,  0.0000  ,  0.0000  ,  0.0000
  6.0000  ,  0.4102  ,  0.0380  , -0.4380  ,  0.9990  , -0.5787  ,  0.4292  ,  0.1582  , -0.1359  ,  0.9886  , -0.3593  ,  0.0000  , 100.0000 ,  0.0000  ,  0.0000  ,  0.0000  ,  0.0000  ,  0.0000  , 100.0000 ,  0.0000  ,  0.0000  ,  0.0000  ,  0.0000
  6.0200  ,  0.3983  ,  0.0397  , -0.4462  ,  0.9897  , -0.5827  ,  0.4183  ,  0.1569  , -0.1361  ,  0.9795  , -0.3623  ,  0.0000  , 100.0000 ,  0.0000  ,  0.0000  ,  0.0000  ,  0.0000  ,  0.0000  , 100.0000 ,  0.0000  ,  0.0000  ,  0.0000  ,  0.0000
  6.0400  ,  0.3911  ,  0.0406  , -0.4485  ,  0.9875  , -0.5889  ,  0.4117  ,  0.1562  , -0.1363  ,  0.9749  , -0.3640  ,  0.0000  , 100.0000 ,  0.0000  ,  0.0000  ,  0.0000  ,  0.0000  ,  0.0000  , 100.0000 ,  0.0000  ,  0.0000  ,  0.0000  ,  0.0000
  6.0600  ,  0.3867  ,  0.0412  , -0.4504  ,  0.9798  , -0.5946  ,  0.4076  ,  0.1557  , -0.1363  ,  0.9673  , -0.3639  ,  0.0000  , 100.0000 ,  0.0000  ,  0.0000  ,  0.0000  ,  0.0000  ,  0.0000  , 100.0000 ,  0.0000  ,  0.0000  ,  0.0000  ,  0.0000
  6.0800  ,  0.3724  ,  0.0450  , -0.4576  ,  0.9784  , -0.5899  ,  0.3952  ,  0.1553  , -0.1377  ,  0.9599  , -0.3636  ,  0.0000  , 100.0000 ,  0.0000  ,  0.0000  ,  0.0000  ,  0.0000  ,  0.0000  , 100.0000 ,  0.0000  ,  0.0000  ,  0.0000  ,  0.0000
  6.1000  ,  0.3652  ,  0.0465  , -0.4604  ,  0.9778  , -0.5838  ,  0.3889  ,  0.1550  , -0.1378  ,  0.9575  , -0.3657  ,  0.0000  , 100.0000 ,  0.0000  ,  0.0000  ,  0.0000  ,  0.0000  ,  0.0000  , 100.0000 ,  0.0000  ,  0.0000  ,  0.0000  ,  0.0000
  6.1200  ,  0.3515  ,  0.0487  , -0.4636  ,  0.9757  , -0.5875  ,  0.3766  ,  0.1542  , -0.1360  ,  0.9529  , -0.3668  ,  0.0000  , 100.0000 ,  0.0000  ,  0.0000  ,  0.0000  ,  0.0000  ,  0.0000  , 100.0000 ,  0.0000  ,  0.0000  ,  0.0000  ,  0.0000
  6.1400  ,  0.3406  ,  0.0503  , -0.4699  ,  0.9676  , -0.6028  ,  0.3659  ,  0.1531  , -0.1358  ,  0.9457  , -0.3726  ,  0.0000  , 100.0000 ,  0.0000  ,  0.0000  ,  0.0000  ,  0.0000  ,  0.0000  , 100.0000 ,  0.0000  ,  0.0000  ,  0.0000  ,  0.0000
  6.1600  ,  0.3338  ,  0.0513  , -0.4716  ,  0.9666  , -0.6028  ,  0.3588  ,  0.1525  , -0.1345  ,  0.9451  , -0.3726  ,  0.0000  , 100.0000 ,  0.0000  ,  0.0000  ,  0.0000  ,  0.0000  ,  0.0000  , 100.0000 ,  0.0000  ,  0.0000  ,  0.0000  ,  0.0000
  6.1800  ,  0.3294  ,  0.0520  , -0.4767  ,  0.9669  , -0.5974  ,  0.3541  ,  0.1521  , -0.1364  ,  0.9393  , -0.3635  ,  0.0000  , 100.0000 ,  0.0000  ,  0.0000  ,  0.0000  ,  0.0000  ,  0.0000  , 100.0000 ,  0.0000  ,  0.0000  ,  0.0000  ,  0.0000
  6.2000  ,  0.3166  ,  0.0543  , -0.4835  ,  0.9592  , -0.5999  ,  0.3413  ,  0.1512  , -0.1364  ,  0.9328  , -0.3602  ,  0.0000  , 100.0000 ,  0.0000  ,  0.0000  ,  0.0000  ,  0.0000  ,  0.0000  , 100.0000 ,  0.0000  ,  0.0000  ,  0.0000  ,  0.0000
  6.2200  ,  0.3098  ,  0.0552  , -0.4849  ,  0.9570  , -0.6026  ,  0.3344  ,  0.1501  , -0.1347  ,  0.9306  , -0.3596  ,  0.0000  , 100.0000 ,  0.0000  ,  0.0000  ,  0.0000  ,  0.0000  ,  0.0000  , 100.0000 ,  0.0000  ,  0.0000  ,  0.0000  ,  0.0000
  6.2400  ,  0.3017  ,  0.0560  , -0.4870  ,  0.9517  , -0.6083  ,  0.3263  ,  0.1486  , -0.1335  ,  0.9265  , -0.3661  ,  0.0000  , 100.0000 ,  0.0000  ,  0.0000  ,  0.0000  ,  0.0000  ,  0.0000  , 100.0000 ,  0.0000  ,  0.0000  ,  0.0000  ,  0.0000
  6.2600  ,  0.3017  ,  0.0560  , -0.4870  ,  0.9517  , -0.6077  ,  0.3263  ,  0.1486  , -0.1335  ,  0.9265  , -0.3700  ,  0.0000  , 100.0000 ,  0.0000  ,  0.0000  ,  0.0000  ,  0.0000  ,  0.0000  , 100.0000 ,  0.0000  ,  0.0000  ,  0.0000  ,  0.0000
  6.2800  ,  0.2893  ,  0.0575  , -0.4895  ,  0.9470  , -0.6038  ,  0.3139  ,  0.1461  , -0.1293  ,  0.9178  , -0.3724  ,  0.0000  , 100.0000 ,  0.0000  ,  0.0000  ,  0.0000  ,  0.0000  ,  0.0000  , 100.0000 ,  0.0000  ,  0.0000  ,  0.0000  ,  0.0000
  6.3000  ,  0.2777  ,  0.0601  , -0.4921  ,  0.9447  , -0.6044  ,  0.3035  ,  0.1459  , -0.1286  ,  0.9125  , -0.3723  ,  0.0000  , 100.0000 ,  0.0000  ,  0.0000  ,  0.0000  ,  0.0000  ,  0.0000  , 100.0000 ,  0.0000  ,  0.0000  ,  0.0000  ,  0.0000
  6.3200  ,  0.2711  ,  0.0612  , -0.4915  ,  0.9380  , -0.6119  ,  0.2974  ,  0.1459  , -0.1294  ,  0.9055  , -0.3662  ,  0.0000  , 100.0000 ,  0.0000  ,  0.0000  ,  0.0000  ,  0.0000  ,  0.0000  , 100.0000 ,  0.0000  ,  0.0000  ,  0.0000  ,  0.0000
  6.3400  ,  0.2661  ,  0.0619  , -0.4912  ,  0.9372  , -0.6175  ,  0.2926  ,  0.1460  , -0.1297  ,  0.9014  , -0.3651  ,  0.0000  , 100.0000 ,  0.0000  ,  0.0000  ,  0.0000  ,  0.0000  ,  0.0000  , 100.0000 ,  0.0000  ,  0.0000  ,  0.0000  ,  0.0000
  6.3600  ,  0.2548  ,  0.0643  , -0.4945  ,  0.9319  , -0.6159  ,  0.2811  ,  0.1453  , -0.1288  ,  0.8922  , -0.3677  ,  0.0000  , 100.0000 ,  0.0000  ,  0.0000  ,  0.0000  ,  0.0000  ,  0.0000  , 100.0000 ,  0.0000  ,  0.0000  ,  0.0000  ,  0.0000
  6.3800  ,  0.2470  ,  0.0653  , -0.4933  ,  0.9308  , -0.6142  ,  0.2736  ,  0.1444  , -0.1266  ,  0.8880  , -0.3721  ,  0.0000  , 100.0000 ,  0.0000  ,  0.0000  ,  0.0000  ,  0.0000  ,  0.0000  , 100.0000 ,  0.0000  ,  0.0000  ,  0.0000  ,  0.0000
  6.4000  ,  0.2427  ,  0.0657  , -0.4921  ,  0.9302  , -0.6168  ,  0.2695  ,  0.1439  , -0.1251  ,  0.8866  , -0.3716  ,  0.0000  , 100.0000 ,  0.0000  ,  0.0000  ,  0.0000  ,  0.0000  ,  0.0000  , 100.0000 ,  0.0000  ,  0.0000  ,  0.0000  ,  0.0000
  6.4200  ,  0.2334  ,  0.0667  , -0.4905  ,  0.9263  , -0.6220  ,  0.2610  ,  0.1426  , -0.1216  ,  0.8832  , -0.3724  ,  0.0000  , 100.0000 ,  0.0000  ,  0.0000  ,  0.0000  ,  0.0000  ,  0.0000  , 100.0000 ,  0.0000  ,  0.0000  ,  0.0000  ,  0.0000
  6.4400  ,  0.2268  ,  0.0675  , -0.4901  ,  0.9283  , -0.6273  ,  0.2551  ,  0.1417  , -0.1161  ,  0.8731  , -0.3747  ,  0.0000  , 100.0000 ,  0.0000  ,  0.0000  ,  0.0000  ,  0.0000  ,  0.0000  , 100.0000 ,  0.0000  ,  0.0000  ,  0.0000  ,  0.0000
  6.4600  ,  0.2184  ,  0.0693  , -0.4906  ,  0.9233  , -0.6268  ,  0.2472  ,  0.1407  , -0.1128  ,  0.8652  , -0.3762  ,  0.0000  , 100.0000 ,  0.0000  ,  0.0000  ,  0.0000  ,  0.0000  ,  0.0000  , 100.0000 ,  0.0000  ,  0.0000  ,  0.0000  ,  0.0000
  6.4800  ,  0.2158  ,  0.0699  , -0.4908  ,  0.9220  , -0.6250  ,  0.2448  ,  0.1404  , -0.1119  ,  0.8617  , -0.3751  ,  0.0000  , 100.0000 ,  0.0000  ,  0.0000  ,  0.0000  ,  0.0000  ,  0.0000  , 100.0000 ,  0.0000  ,  0.0000  ,  0.0000  ,  0.0000
  6.5000  ,  0.2114  ,  0.0709  , -0.4917  ,  0.9185  , -0.6247  ,  0.2404  ,  0.1393  , -0.1088  ,  0.8601  , -0.3769  ,  0.0000  , 100.0000 ,  0.0000  ,  0.0000  ,  0.0000  ,  0.0000  ,  0.0000  , 100.0000 ,  0.0000  ,  0.0000  ,  0.0000  ,  0.0000
  6.5200  ,  0.2009  ,  0.0736  , -0.4953  ,  0.9121  , -0.6252  ,  0.2304  ,  0.1372  , -0.1056  ,  0.8556  , -0.3795  ,  0.0000  , 100.0000 ,  0.0000  ,  0.0000  ,  0.0000  ,  0.0000  ,  0.0000  , 100.0000 ,  0.0000  ,  0.0000  ,  0.0000  ,  0.0000
  6.5400  ,  0.1967  ,  0.0748  , -0.4963  ,  0.9097  , -0.6323  ,  0.2266  ,  0.1366  , -0.1040  ,  0.8509  , -0.3834  ,  0.0000  , 100.0000 ,  0.0000  ,  0.0000  ,  0.0000  ,  0.0000  ,  0.0000  , 100.0000 ,  0.0000  ,  0.0000  ,  0.0000  ,  0.0000
  6.5600  ,  0.1866  ,  0.0783  , -0.4965  ,  0.9057  , -0.6369  ,  0.2148  ,  0.1349  , -0.0981  ,  0.8529  , -0.3864  ,  0.0000  , 100.0000 ,  0.0000  ,  0.0000  ,  0.0000  ,  0.0000  ,  0.0000  , 100.0000 ,  0.0000  ,  0.0000  ,  0.0000  ,  0.0000
  6.5800  ,  0.1820  ,  0.0796  , -0.4969  ,  0.9027  , -0.6385  ,  0.2098  ,  0.1344  , -0.0961  ,  0.8513  , -0.3869  ,  0.0000  , 100.0000 ,  0.0000  ,  0.0000  ,  0.0000  ,  0.0000  ,  0.0000  , 100.0000 ,  0.0000  ,  0.0000  ,  0.0000  ,  0.0000
  6.6000  ,  0.1763  ,  0.0811  , -0.4978  ,  0.8957  , -0.6391  ,  0.2038  ,  0.1338  , -0.0939  ,  0.8478  , -0.3871  ,  0.0000  , 100.0000 ,  0.0000  ,  0.0000  ,  0.0000  ,  0.0000  ,  0.0000  , 100.0000 ,  0.0000  ,  0.0000  ,  0.0000  ,  0.0000
  6.6200  ,  0.1721  ,  0.0825  , -0.4982  ,  0.8933  , -0.6392  ,  0.1996  ,  0.1332  , -0.0917  ,  0.8462  , -0.3878  ,  0.0000  , 100.0000 ,  0.0000  ,  0.0000  ,  0.0000  ,  0.0000  ,  0.0000  , 100.0000 ,  0.0000  ,  0.0000  ,  0.0000  ,  0.0000
  6.6400  ,  0.1697  ,  0.0833  , -0.4985  ,  0.8907  , -0.6412  ,  0.1971  ,  0.1327  , -0.0884  ,  0.8414  , -0.3912  ,  0.0000  , 100.0000 ,  0.0000  ,  0.0000  ,  0.0000  ,  0.0000  ,  0.0000  , 100.0000 ,  0.0000  ,  0.0000  ,  0.0000  ,  0.0000
  6.6600  ,  0.1616  ,  0.0858  , -0.4996  ,  0.8860  , -0.6423  ,  0.1889  ,  0.1319  , -0.0853  ,  0.8361  , -0.3907  ,  0.0000  , 100.0000 ,  0.0000  ,  0.0000  ,  0.0000  ,  0.0000  ,  0.0000  , 100.0000 ,  0.0000  ,  0.0000  ,  0.0000  ,  0.0000
  6.6800  ,  0.1598  ,  0.0863  , -0.4994  ,  0.8838  , -0.6497  ,  0.1871  ,  0.1317  , -0.0848  ,  0.8333  , -0.3872  ,  0.0000  , 100.0000 ,  0.0000  ,  0.0000  ,  0.0000  ,  0.0000  ,  0.0000  , 100.0000 ,  0.0000  ,  0.0000  ,  0.0000  ,  0.0000
  6.7000  ,  0.1564  ,  0.0874  , -0.4991  ,  0.8794  , -0.6520  ,  0.1827  ,  0.1308  , -0.0819  ,  0.8326  , -0.3872  ,  0.0000  , 100.0000 ,  0.0000  ,  0.0000  ,  0.0000  ,  0.0000  ,  0.0000  , 100.0000 ,  0.0000  ,  0.0000  ,  0.0000  ,  0.0000
  6.7200  ,  0.1484  ,  0.0898  , -0.4977  ,  0.8749  , -0.6548  ,  0.1729  ,  0.1289  , -0.0754  ,  0.8286  , -0.3893  ,  0.0000  , 100.0000 ,  0.0000  ,  0.0000  ,  0.0000  ,  0.0000  ,  0.0000  , 100.0000 ,  0.0000  ,  0.0000  ,  0.0000  ,  0.0000
  6.7400  ,  0.1457  ,  0.0906  , -0.4969  ,  0.8721  , -0.6554  ,  0.1697  ,  0.1282  , -0.0737  ,  0.8262  , -0.3911  ,  0.0000  , 100.0000 ,  0.0000  ,  0.0000  ,  0.0000  ,  0.0000  ,  0.0000  , 100.0000 ,  0.0000  ,  0.0000  ,  0.0000  ,  0.0000
  6.7600  ,  0.1377  ,  0.0922  , -0.4925  ,  0.8670  , -0.6556  ,  0.1622  ,  0.1262  , -0.0684  ,  0.8221  , -0.3931  ,  0.0000  , 100.0000 ,  0.0000  ,  0.0000  ,  0.0000  ,  0.0000  ,  0.0000  , 100.0000 ,  0.0000  ,  0.0000  ,  0.0000  ,  0.0000
  6.7800  ,  0.1354  ,  0.0927  , -0.4907  ,  0.8635  , -0.6580  ,  0.1601  ,  0.1256  , -0.0696  ,  0.8200  , -0.3952  ,  0.0000  , 100.0000 ,  0.0000  ,  0.0000  ,  0.0000  ,  0.0000  ,  0.0000  , 100.0000 ,  0.0000  ,  0.0000  ,  0.0000  ,  0.0000
  6.8000  ,  0.1283  ,  0.0951  , -0.4870  ,  0.8601  , -0.6595  ,  0.1535  ,  0.1248  , -0.0674  ,  0.8156  , -0.3940  ,  0.0000  , 100.0000 ,  0.0000  ,  0.0000  ,  0.0000  ,  0.0000  ,  0.0000  , 100.0000 ,  0.0000  ,  0.0000  ,  0.0000  ,  0.0000
  6.8200  ,  0.1249  ,  0.0965  , -0.4858  ,  0.8583  , -0.6671  ,  0.1497  ,  0.1244  , -0.0662  ,  0.8143  , -0.3929  ,  0.0000  , 100.0000 ,  0.0000  ,  0.0000  ,  0.0000  ,  0.0000  ,  0.0000  , 100.0000 ,  0.0000  ,  0.0000  ,  0.0000  ,  0.0000
  6.8400  ,  0.1239  ,  0.0969  , -0.4854  ,  0.8578  , -0.6697  ,  0.1486  ,  0.1243  , -0.0659  ,  0.8139  , -0.3937  ,  0.0000  , 100.0000 ,  0.0000  ,  0.0000  ,  0.0000  ,  0.0000  ,  0.0000  , 100.0000 ,  0.0000  ,  0.0000  ,  0.0000  ,  0.0000
  6.8600  ,  0.1178  ,  0.0986  , -0.4826  ,  0.8486  , -0.6722  ,  0.1411  ,  0.1225  , -0.0611  ,  0.8061  , -0.3955  ,  0.0000  , 100.0000 ,  0.0000  ,  0.0000  ,  0.0000  ,  0.0000  ,  0.0000  , 100.0000 ,  0.0000  ,  0.0000  ,  0.0000  ,  0.0000
  6.8800  ,  0.1158  ,  0.0992  , -0.4816  ,  0.8450  , -0.6729  ,  0.1385  ,  0.1218  , -0.0593  ,  0.8031  , -0.3959  ,  0.0000  , 100.0000 ,  0.0000  ,  0.0000  ,  0.0000  ,  0.0000  ,  0.0000  , 100.0000 ,  0.0000  ,  0.0000  ,  0.0000  ,  0.0000
  6.9000  ,  0.1115  ,  0.1006  , -0.4787  ,  0.8370  , -0.6741  ,  0.1337  ,  0.1206  , -0.0532  ,  0.7969  , -0.3959  ,  0.0000  , 100.0000 ,  0.0000  ,  0.0000  ,  0.0000  ,  0.0000  ,  0.0000  , 100.0000 ,  0.0000  ,  0.0000  ,  0.0000  ,  0.0000
  6.9200  ,  0.1081  ,  0.1018  , -0.4775  ,  0.8343  , -0.6756  ,  0.1297  ,  0.1199  , -0.0508  ,  0.7944  , -0.3952  ,  0.0000  , 100.0000 ,  0.0000  ,  0.0000  ,  0.0000  ,  0.0000  ,  0.0000  , 100.0000 ,  0.0000  ,  0.0000  ,  0.0000  ,  0.0000
  6.9400  ,  0.1060  ,  0.1025  , -0.4766  ,  0.8314  , -0.6793  ,  0.1271  ,  0.1196  , -0.0493  ,  0.7917  , -0.3953  ,  0.0000  , 100.0000 ,  0.0000  ,  0.0000  ,  0.0000  ,  0.0000  ,  0.0000  , 100.0000 ,  0.0000  ,  0.0000  ,  0.0000  ,  0.0000
  6.9600  ,  0.1029  ,  0.1035  , -0.4749  ,  0.8254  , -0.6818  ,  0.1227  ,  0.1189  , -0.0467  ,  0.7882  , -0.3965  ,  0.0000  , 100.0000 ,  0.0000  ,  0.0000  ,  0.0000  ,  0.0000  ,  0.0000  , 100.0000 ,  0.0000  ,  0.0000  ,  0.0000  ,  0.0000
  6.9800  ,  0.1007  ,  0.1040  , -0.4746  ,  0.8230  , -0.6807  ,  0.1197  ,  0.1186  , -0.0460  ,  0.7868  , -0.3980  ,  0.0000  , 100.0000 ,  0.0000  ,  0.0000  ,  0.0000  ,  0.0000  ,  0.0000  , 100.0000 ,  0.0000  ,  0.0000  ,  0.0000  ,  0.0000
  7.0000  ,  0.0970  ,  0.1045  , -0.4704  ,  0.8152  , -0.6796  ,  0.1152  ,  0.1187  , -0.0437  ,  0.7769  , -0.3997  ,  0.0000  , 100.0000 ,  0.0000  ,  0.0000  ,  0.0000  ,  0.0000  ,  0.0000  , 100.0000 ,  0.0000  ,  0.0000  ,  0.0000  ,  0.0000
  7.0200  ,  0.0961  ,  0.1048  , -0.4698  ,  0.8130  , -0.6770  ,  0.1136  ,  0.1185  , -0.0429  ,  0.7773  , -0.4024  ,  0.0000  , 100.0000 ,  0.0000  ,  0.0000  ,  0.0000  ,  0.0000  ,  0.0000  , 100.0000 ,  0.0000  ,  0.0000  ,  0.0000  ,  0.0000
  7.0400  ,  0.0932  ,  0.1058  , -0.4665  ,  0.8031  , -0.6775  ,  0.1085  ,  0.1178  , -0.0385  ,  0.7655  , -0.4021  ,  0.0000  , 100.0000 ,  0.0000  ,  0.0000  ,  0.0000  ,  0.0000  ,  0.0000  , 100.0000 ,  0.0000  ,  0.0000  ,  0.0000  ,  0.0000
  7.0600  ,  0.0922  ,  0.1060  , -0.4658  ,  0.8038  , -0.6788  ,  0.1074  ,  0.1177  , -0.0378  ,  0.7653  , -0.4032  ,  0.0000  , 100.0000 ,  0.0000  ,  0.0000  ,  0.0000  ,  0.0000  ,  0.0000  , 100.0000 ,  0.0000  ,  0.0000  ,  0.0000  ,  0.0000
  7.0800  ,  0.0857  ,  0.1069  , -0.4601  ,  0.7957  , -0.6814  ,  0.1004  ,  0.1166  , -0.0315  ,  0.7584  , -0.4079  ,  0.0000  , 100.0000 ,  0.0000  ,  0.0000  ,  0.0000  ,  0.0000  ,  0.0000  , 100.0000 ,  0.0000  ,  0.0000  ,  0.0000  ,  0.0000
  7.1000  ,  0.0844  ,  0.1070  , -0.4585  ,  0.7941  , -0.6819  ,  0.0989  ,  0.1164  , -0.0305  ,  0.7581  , -0.4081  ,  0.0000  , 100.0000 ,  0.0000  ,  0.0000  ,  0.0000  ,  0.0000  ,  0.0000  , 100.0000 ,  0.0000  ,  0.0000  ,  0.0000  ,  0.0000
  7.1200  ,  0.0814  ,  0.1071  , -0.4553  ,  0.7918  , -0.6839  ,  0.0958  ,  0.1157  , -0.0275  ,  0.7544  , -0.4082  ,  0.0000  , 100.0000 ,  0.0000  ,  0.0000  ,  0.0000  ,  0.0000  ,  0.0000  , 100.0000 ,  0.0000  ,  0.0000  ,  0.0000  ,  0.0000
  7.1400  ,  0.0780  ,  0.1074  , -0.4516  ,  0.7843  , -0.6856  ,  0.0925  ,  0.1150  , -0.0231  ,  0.7451  , -0.4105  ,  0.0000  , 100.0000 ,  0.0000  ,  0.0000  ,  0.0000  ,  0.0000  ,  0.0000  , 100.0000 ,  0.0000  ,  0.0000  ,  0.0000  ,  0.0000
  7.1600  ,  0.0749  ,  0.1082  , -0.4494  ,  0.7832  , -0.6866  ,  0.0885  ,  0.1138  , -0.0184  ,  0.7449  , -0.4163  ,  0.0000  , 100.0000 ,  0.0000  ,  0.0000  ,  0.0000  ,  0.0000  ,  0.0000  , 100.0000 ,  0.0000  ,  0.0000  ,  0.0000  ,  0.0000
  7.1800  ,  0.0705  ,  0.1094  , -0.4450  ,  0.7752  , -0.6875  ,  0.0834  ,  0.1123  , -0.0131  ,  0.7413  , -0.4190  ,  0.0000  , 100.0000 ,  0.0000  ,  0.0000  ,  0.0000  ,  0.0000  ,  0.0000  , 100.0000 ,  0.0000  ,  0.0000  ,  0.0000  ,  0.0000
  7.2000  ,  0.0685  ,  0.1100  , -0.4435  ,  0.7711  , -0.6909  ,  0.0814  ,  0.1118  , -0.0105  ,  0.7376  , -0.4204  ,  0.0000  , 100.0000 ,  0.0000  ,  0.0000  ,  0.0000  ,  0.0000  ,  0.0000  , 100.0000 ,  0.0000  ,  0.0000  ,  0.0000  ,  0.0000
  7.2200  ,  0.0666  ,  0.1106  , -0.4420  ,  0.7677  , -0.6980  ,  0.0795  ,  0.1113  , -0.0079  ,  0.7336  , -0.4236  ,  0.0000  , 100.0000 ,  0.0000  ,  0.0000  ,  0.0000  ,  0.0000  ,  0.0000  , 100.0000 ,  0.0000  ,  0.0000  ,  0.0000  ,  0.0000
  7.2400  ,  0.0635  ,  0.1114  , -0.4374  ,  0.7628  , -0.6999  ,  0.0764  ,  0.1103  , -0.0023  ,  0.7245  , -0.4245  ,  0.0000  , 100.0000 ,  0.0000  ,  0.0000  ,  0.0000  ,  0.0000  ,  0.0000  , 100.0000 ,  0.0000  ,  0.0000  ,  0.0000  ,  0.0000
  7.2600  ,  0.0622  ,  0.1116  , -0.4356  ,  0.7584  , -0.7157  ,  0.0749  ,  0.1098  , -0.0000  ,  0.7230  , -0.4353  ,  0.0000  , 100.0000 ,  0.0000  ,  0.0000  ,  0.0000  ,  0.0000  ,  0.0000  , 100.0000 ,  0.0000  ,  0.0000  ,  0.0000  ,  0.0000
  7.2800  ,  0.0586  ,  0.1121  , -0.4300  ,  0.7472  , -0.7196  ,  0.0708  ,  0.1085  ,  0.0072  ,  0.7130  , -0.4386  ,  0.0000  , 100.0000 ,  0.0000  ,  0.0000  ,  0.0000  ,  0.0000  ,  0.0000  , 100.0000 ,  0.0000  ,  0.0000  ,  0.0000  ,  0.0000
  7.3000  ,  0.0559  ,  0.1124  , -0.4264  ,  0.7419  , -0.7276  ,  0.0678  ,  0.1075  ,  0.0109  ,  0.7079  , -0.4430  ,  0.0000  , 100.0000 ,  0.0000  ,  0.0000  ,  0.0000  ,  0.0000  ,  0.0000  , 100.0000 ,  0.0000  ,  0.0000  ,  0.0000  ,  0.0000
  7.3200  ,  0.0545  ,  0.1126  , -0.4241  ,  0.7383  , -0.7388  ,  0.0663  ,  0.1070  ,  0.0132  ,  0.7054  , -0.4490  ,  0.0000  , 100.0000 ,  0.0000  ,  0.0000  ,  0.0000  ,  0.0000  ,  0.0000  , 100.0000 ,  0.0000  ,  0.0000  ,  0.0000  ,  0.0000
  7.3400  ,  0.0492  ,  0.1133  , -0.4153  ,  0.7237  , -0.7398  ,  0.0607  ,  0.1045  ,  0.0236  ,  0.6963  , -0.4502  ,  0.0000  , 100.0000 ,  0.0000  ,  0.0000  ,  0.0000  ,  0.0000  ,  0.0000  , 100.0000 ,  0.0000  ,  0.0000  ,  0.0000  ,  0.0000
  7.3600  ,  0.0479  ,  0.1136  , -0.4124  ,  0.7174  , -0.7640  ,  0.0590  ,  0.1035  ,  0.0277  ,  0.6933  , -0.4760  ,  0.0000  , 100.0000 ,  0.0000  ,  0.0000  ,  0.0000  ,  0.0000  ,  0.0000  , 100.0000 ,  0.0000  ,  0.0000  ,  0.0000  ,  0.0000
  7.3800  ,  0.0463  ,  0.1139  , -0.4086  ,  0.7124  , -0.7685  ,  0.0573  ,  0.1026  ,  0.0307  ,  0.6902  , -0.4827  ,  0.0000  , 100.0000 ,  0.0000  ,  0.0000  ,  0.0000  ,  0.0000  ,  0.0000  , 100.0000 ,  0.0000  ,  0.0000  ,  0.0000  ,  0.0000
  7.4000  ,  0.0428  ,  0.1144  , -0.4012  ,  0.7006  , -0.7726  ,  0.0543  ,  0.1008  ,  0.0398  ,  0.6808  , -0.4879  ,  0.0000  , 100.0000 ,  0.0000  ,  0.0000  ,  0.0000  ,  0.0000  ,  0.0000  , 100.0000 ,  0.0000  ,  0.0000  ,  0.0000  ,  0.0000
  7.4200  ,  0.0414  ,  0.1147  , -0.3978  ,  0.6946  , -0.7858  ,  0.0530  ,  0.1002  ,  0.0443  ,  0.6747  , -0.5024  ,  0.0000  , 100.0000 ,  0.0000  ,  0.0000  ,  0.0000  ,  0.0000  ,  0.0000  , 100.0000 ,  0.0000  ,  0.0000  ,  0.0000  ,  0.0000
  7.4400  ,  0.0386  ,  0.1160  , -0.3903  ,  0.6809  , -0.7899  ,  0.0496  ,  0.0996  ,  0.0536  ,  0.6660  , -0.5051  ,  0.0000  , 100.0000 ,  0.0000  ,  0.0000  ,  0.0000  ,  0.0000  ,  0.0000  , 100.0000 ,  0.0000  ,  0.0000  ,  0.0000  ,  0.0000
  7.4600  ,  0.0379  ,  0.1163  , -0.3885  ,  0.6776  , -0.8079  ,  0.0487  ,  0.0994  ,  0.0564  ,  0.6621  , -0.5223  ,  0.0000  , 100.0000 ,  0.0000  ,  0.0000  ,  0.0000  ,  0.0000  ,  0.0000  , 100.0000 ,  0.0000  ,  0.0000  ,  0.0000  ,  0.0000
  7.4800  ,  0.0362  ,  0.1168  , -0.3807  ,  0.6654  , -0.8143  ,  0.0457  ,  0.0988  ,  0.0631  ,  0.6550  , -0.5295  ,  0.0000  , 100.0000 ,  0.0000  ,  0.0000  ,  0.0000  ,  0.0000  ,  0.0000  , 100.0000 ,  0.0000  ,  0.0000  ,  0.0000  ,  0.0000
  7.5000  ,  0.0346  ,  0.1172  , -0.3743  ,  0.6586  , -0.8190  ,  0.0425  ,  0.0983  ,  0.0716  ,  0.6461  , -0.5374  ,  0.0000  , 100.0000 ,  0.0000  ,  0.0000  ,  0.0000  ,  0.0000  ,  0.0000  , 100.0000 ,  0.0000  ,  0.0000  ,  0.0000  ,  0.0000
  7.5200  ,  0.0336  ,  0.1174  , -0.3708  ,  0.6553  , -0.8363  ,  0.0407  ,  0.0976  ,  0.0756  ,  0.6449  , -0.5512  ,  0.0000  , 100.0000 ,  0.0000  ,  0.0000  ,  0.0000  ,  0.0000  ,  0.0000  , 100.0000 ,  0.0000  ,  0.0000  ,  0.0000  ,  0.0000
  7.5400  ,  0.0318  ,  0.1179  , -0.3628  ,  0.6463  , -0.8427  ,  0.0374  ,  0.0962  ,  0.0856  ,  0.6376  , -0.5526  ,  0.0000  , 100.0000 ,  0.0000  ,  0.0000  ,  0.0000  ,  0.0000  ,  0.0000  , 100.0000 ,  0.0000  ,  0.0000  ,  0.0000  ,  0.0000
  7.5600  ,  0.0308  ,  0.1184  , -0.3563  ,  0.6387  , -0.8497  ,  0.0349  ,  0.0947  ,  0.0949  ,  0.6315  , -0.5561  ,  0.0000  , 100.0000 ,  0.0000  ,  0.0000  ,  0.0000  ,  0.0000  ,  0.0000  , 100.0000 ,  0.0000  ,  0.0000  ,  0.0000  ,  0.0000
  7.5800  ,  0.0286  ,  0.1193  , -0.3428  ,  0.6288  , -0.8660  ,  0.0314  ,  0.0926  ,  0.1073  ,  0.6275  , -0.5698  ,  0.0000  , 100.0000 ,  0.0000  ,  0.0000  ,  0.0000  ,  0.0000  ,  0.0000  , 100.0000 ,  0.0000  ,  0.0000  ,  0.0000  ,  0.0000
  7.6000  ,  0.0274  ,  0.1198  , -0.3362  ,  0.6226  , -0.8708  ,  0.0296  ,  0.0916  ,  0.1163  ,  0.6207  , -0.5744  ,  0.0000  , 100.0000 ,  0.0000  ,  0.0000  ,  0.0000  ,  0.0000  ,  0.0000  , 100.0000 ,  0.0000  ,  0.0000  ,  0.0000  ,  0.0000
  7.6200  ,  0.0263  ,  0.1205  , -0.3326  ,  0.6193  , -0.8827  ,  0.0277  ,  0.0909  ,  0.1207  ,  0.6204  , -0.5825  ,  0.0000  , 100.0000 ,  0.0000  ,  0.0000  ,  0.0000  ,  0.0000  ,  0.0000  , 100.0000 ,  0.0000  ,  0.0000  ,  0.0000  ,  0.0000
  7.6400  ,  0.0229  ,  0.1217  , -0.3220  ,  0.6153  , -0.8839  ,  0.0226  ,  0.0885  ,  0.1385  ,  0.6127  , -0.5838  ,  0.0000  , 100.0000 ,  0.0000  ,  0.0000  ,  0.0000  ,  0.0000  ,  0.0000  , 100.0000 ,  0.0000  ,  0.0000  ,  0.0000  ,  0.0000
  7.6600  ,  0.0220  ,  0.1217  , -0.3174  ,  0.6124  , -0.8869  ,  0.0216  ,  0.0880  ,  0.1425  ,  0.6115  , -0.5866  ,  0.0000  , 100.0000 ,  0.0000  ,  0.0000  ,  0.0000  ,  0.0000  ,  0.0000  , 100.0000 ,  0.0000  ,  0.0000  ,  0.0000  ,  0.0000
  7.6800  ,  0.0200  ,  0.1223  , -0.3056  ,  0.6047  , -0.9011  ,  0.0177  ,  0.0865  ,  0.1560  ,  0.6087  , -0.5979  ,  0.0000  , 100.0000 ,  0.0000  ,  0.0000  ,  0.0000  ,  0.0000  ,  0.0000  , 100.0000 ,  0.0000  ,  0.0000  ,  0.0000  ,  0.0000
  7.7000  ,  0.0193  ,  0.1226  , -0.3008  ,  0.6016  , -0.9073  ,  0.0158  ,  0.0859  ,  0.1666  ,  0.6059  , -0.6064  ,  0.0000  , 100.0000 ,  0.0000  ,  0.0000  ,  0.0000  ,  0.0000  ,  0.0000  , 100.0000 ,  0.0000  ,  0.0000  ,  0.0000  ,  0.0000
  7.7200  ,  0.0185  ,  0.1231  , -0.2942  ,  0.5972  , -0.9151  ,  0.0142  ,  0.0858  ,  0.1741  ,  0.6033  , -0.6103  ,  0.0000  , 100.0000 ,  0.0000  ,  0.0000  ,  0.0000  ,  0.0000  ,  0.0000  , 100.0000 ,  0.0000  ,  0.0000  ,  0.0000  ,  0.0000
  7.7400  ,  0.0163  ,  0.1243  , -0.2804  ,  0.5889  , -0.9198  ,  0.0118  ,  0.0857  ,  0.1858  ,  0.5992  , -0.6115  ,  0.0000  , 100.0000 ,  0.0000  ,  0.0000  ,  0.0000  ,  0.0000  ,  0.0000  , 100.0000 ,  0.0000  ,  0.0000  ,  0.0000  ,  0.0000
  7.7600  ,  0.0151  ,  0.1250  , -0.2752  ,  0.5867  , -0.9362  ,  0.0107  ,  0.0855  ,  0.1922  ,  0.5975  , -0.6191  ,  0.0000  , 100.0000 ,  0.0000  ,  0.0000  ,  0.0000  ,  0.0000  ,  0.0000  , 100.0000 ,  0.0000  ,  0.0000  ,  0.0000  ,  0.0000
  7.7800  ,  0.0139  ,  0.1258  , -0.2643  ,  0.5798  , -0.9400  ,  0.0090  ,  0.0842  ,  0.2035  ,  0.6001  , -0.6235  ,  0.0000  , 100.0000 ,  0.0000  ,  0.0000  ,  0.0000  ,  0.0000  ,  0.0000  , 100.0000 ,  0.0000  ,  0.0000  ,  0.0000  ,  0.0000
  7.8000  ,  0.0136  ,  0.1261  , -0.2589  ,  0.5761  , -0.9467  ,  0.0083  ,  0.0834  ,  0.2128  ,  0.5986  , -0.6337  ,  0.0000  , 100.0000 ,  0.0000  ,  0.0000  ,  0.0000  ,  0.0000  ,  0.0000  , 100.0000 ,  0.0000  ,  0.0000  ,  0.0000  ,  0.0000
  7.8200  ,  0.0121  ,  0.1267  , -0.2492  ,  0.5722  , -0.9510  ,  0.0063  ,  0.0830  ,  0.2226  ,  0.5986  , -0.6399  ,  0.0000  , 100.0000 ,  0.0000  ,  0.0000  ,  0.0000  ,  0.0000  ,  0.0000  , 100.0000 ,  0.0000  ,  0.0000  ,  0.0000  ,  0.0000
  7.8400  ,  0.0102  ,  0.1276  , -0.2344  ,  0.5683  , -0.9660  ,  0.0041  ,  0.0829  ,  0.2342  ,  0.5987  , -0.6516  ,  0.0000  , 100.0000 ,  0.0000  ,  0.0000  ,  0.0000  ,  0.0000  ,  0.0000  , 100.0000 ,  0.0000  ,  0.0000  ,  0.0000  ,  0.0000
  7.8600  ,  0.0083  ,  0.1289  , -0.2254  ,  0.5665  , -0.9725  ,  0.0027  ,  0.0834  ,  0.2433  ,  0.5963  , -0.6548  ,  0.0000  , 100.0000 ,  0.0000  ,  0.0000  ,  0.0000  ,  0.0000  ,  0.0000  , 100.0000 ,  0.0000  ,  0.0000  ,  0.0000  ,  0.0000
  7.8800  ,  0.0070  ,  0.1300  , -0.2142  ,  0.5626  , -0.9850  ,  0.0014  ,  0.0838  ,  0.2530  ,  0.5938  , -0.6651  ,  0.0000  , 100.0000 ,  0.0000  ,  0.0000  ,  0.0000  ,  0.0000  ,  0.0000  , 100.0000 ,  0.0000  ,  0.0000  ,  0.0000  ,  0.0000
  7.9000  ,  0.0066  ,  0.1304  , -0.2107  ,  0.5649  , -1.0013  ,  0.0008  ,  0.0840  ,  0.2618  ,  0.5898  , -0.6893  ,  0.0000  , 100.0000 ,  0.0000  ,  0.0000  ,  0.0000  ,  0.0000  ,  0.0000  , 100.0000 ,  0.0000  ,  0.0000  ,  0.0000  ,  0.0000
  7.9200  ,  0.0058  ,  0.1311  , -0.2002  ,  0.5613  , -1.0013  , -0.0001  ,  0.0845  ,  0.2700  ,  0.5878  , -0.6893  ,  0.0000  , 100.0000 ,  0.0000  ,  0.0000  ,  0.0000  ,  0.0000  ,  0.0000  , 100.0000 ,  0.0000  ,  0.0000  ,  0.0000  ,  0.0000
  7.9400  ,  0.0045  ,  0.1319  , -0.1856  ,  0.5564  , -1.0338  , -0.0018  ,  0.0856  ,  0.2822  ,  0.5847  , -0.7414  ,  0.0000  , 100.0000 ,  0.0000  ,  0.0000  ,  0.0000  ,  0.0000  ,  0.0000  , 100.0000 ,  0.0000  ,  0.0000  ,  0.0000  ,  0.0000
  7.9600  ,  0.0040  ,  0.1323  , -0.1782  ,  0.5538  , -1.0745  , -0.0026  ,  0.0862  ,  0.2878  ,  0.5830  , -0.7845  ,  0.0000  , 100.0000 ,  0.0000  ,  0.0000  ,  0.0000  ,  0.0000  ,  0.0000  , 100.0000 ,  0.0000  ,  0.0000  ,  0.0000  ,  0.0000
  7.9800  ,  0.0036  ,  0.1333  , -0.1639  ,  0.5454  , -1.0834  , -0.0038  ,  0.0878  ,  0.2938  ,  0.5811  , -0.7945  ,  0.0000  , 100.0000 ,  0.0000  ,  0.0000  ,  0.0000  ,  0.0000  ,  0.0000  , 100.0000 ,  0.0000  ,  0.0000  ,  0.0000  ,  0.0000
  8.0000  ,  0.0035  ,  0.1343  , -0.1562  ,  0.5417  , -1.0906  , -0.0044  ,  0.0893  ,  0.2984  ,  0.5783  , -0.8080  ,  0.0000  , 100.0000 ,  0.0000  ,  0.0000  ,  0.0000  ,  0.0000  ,  0.0000  , 100.0000 ,  0.0000  ,  0.0000  ,  0.0000  ,  0.0000
  8.0200  ,  0.0041  ,  0.1357  , -0.1537  ,  0.5386  , -1.1406  , -0.0044  ,  0.0913  ,  0.3009  ,  0.5752  , -0.8721  ,  0.0000  , 100.0000 ,  0.0000  ,  0.0000  ,  0.0000  ,  0.0000  ,  0.0000  , 100.0000 ,  0.0000  ,  0.0000  ,  0.0000  ,  0.0000
  8.0400  ,  0.0049  ,  0.1379  , -0.1431  ,  0.5347  , -1.1775  , -0.0044  ,  0.0951  ,  0.3032  ,  0.5716  , -0.8910  ,  0.0000  , 100.0000 ,  0.0000  ,  0.0000  ,  0.0000  ,  0.0000  ,  0.0000  , 100.0000 ,  0.0000  ,  0.0000  ,  0.0000  ,  0.0000
  8.0600  ,  0.0050  ,  0.1386  , -0.1377  ,  0.5338  , -1.2098  , -0.0045  ,  0.0964  ,  0.3028  ,  0.5702  , -0.9000  ,  0.0000  , 100.0000 ,  0.0000  ,  0.0000  ,  0.0000  ,  0.0000  ,  0.0000  , 100.0000 ,  0.0000  ,  0.0000  ,  0.0000  ,  0.0000
  8.0800  ,  0.0052  ,  0.1391  , -0.1337  ,  0.5332  , -1.2653  , -0.0046  ,  0.0977  ,  0.3058  ,  0.5683  , -0.9343  ,  0.0000  , 100.0000 ,  0.0000  ,  0.0000  ,  0.0000  ,  0.0000  ,  0.0000  , 100.0000 ,  0.0000  ,  0.0000  ,  0.0000  ,  0.0000
  8.1000  ,  0.0055  ,  0.1409  , -0.1198  ,  0.5330  , -1.2663  , -0.0072  ,  0.1007  ,  0.3103  ,  0.5693  , -0.9485  ,  0.0000  , 100.0000 ,  0.0000  ,  0.0000  ,  0.0000  ,  0.0000  ,  0.0000  , 100.0000 ,  0.0000  ,  0.0000  ,  0.0000  ,  0.0000
  8.1200  ,  0.0057  ,  0.1423  , -0.1195  ,  0.5325  , -1.3678  , -0.0081  ,  0.1022  ,  0.3103  ,  0.5700  , -1.0545  ,  0.0000  , 100.0000 ,  0.0000  ,  0.0000  ,  0.0000  ,  0.0000  ,  0.0000  , 100.0000 ,  0.0000  ,  0.0000  ,  0.0000  ,  0.0000
  8.1400  ,  0.0070  ,  0.1457  , -0.1131  ,  0.5315  , -1.4038  , -0.0102  ,  0.1068  ,  0.3107  ,  0.5713  , -1.0567  ,  0.0000  , 100.0000 ,  0.0000  ,  0.0000  ,  0.0000  ,  0.0000  ,  0.0000  , 100.0000 ,  0.0000  ,  0.0000  ,  0.0000  ,  0.0000
  8.1600  ,  0.0076  ,  0.1465  , -0.1123  ,  0.5310  , -1.4569  , -0.0107  ,  0.1082  ,  0.3097  ,  0.5712  , -1.0284  ,  0.0000  , 100.0000 ,  0.0000  ,  0.0000  ,  0.0000  ,  0.0000  ,  0.0000  , 100.0000 ,  0.0000  ,  0.0000  ,  0.0000  ,  0.0000
  8.1800  ,  0.0090  ,  0.1488  , -0.1099  ,  0.5316  , -1.4844  , -0.0123  ,  0.1105  ,  0.3112  ,  0.5731  , -1.0361  ,  0.0000  , 100.0000 ,  0.0000  ,  0.0000  ,  0.0000  ,  0.0000  ,  0.0000  , 100.0000 ,  0.0000  ,  0.0000  ,  0.0000  ,  0.0000
  8.2000  ,  0.0093  ,  0.1495  , -0.1075  ,  0.5308  , -1.4785  , -0.0128  ,  0.1109  ,  0.3152  ,  0.5751  , -1.0606  ,  0.0000  , 100.0000 ,  0.0000  ,  0.0000  ,  0.0000  ,  0.0000  ,  0.0000  , 100.0000 ,  0.0000  ,  0.0000  ,  0.0000  ,  0.0000
  8.2200  ,  0.0094  ,  0.1513  , -0.1008  ,  0.5346  , -1.5006  , -0.0145  ,  0.1122  ,  0.3243  ,  0.5840  , -1.1469  ,  0.0000  , 100.0000 ,  0.0000  ,  0.0000  ,  0.0000  ,  0.0000  ,  0.0000  , 100.0000 ,  0.0000  ,  0.0000  ,  0.0000  ,  0.0000
  8.2400  ,  0.0098  ,  0.1519  , -0.0974  ,  0.5351  , -1.5233  , -0.0149  ,  0.1134  ,  0.3258  ,  0.5858  , -1.1586  ,  0.0000  , 100.0000 ,  0.0000  ,  0.0000  ,  0.0000  ,  0.0000  ,  0.0000  , 100.0000 ,  0.0000  ,  0.0000  ,  0.0000  ,  0.0000
  8.2600  ,  0.0103  ,  0.1524  , -0.0960  ,  0.5353  , -1.5931  , -0.0151  ,  0.1148  ,  0.3258  ,  0.5865  , -1.1449  ,  0.0000  , 100.0000 ,  0.0000  ,  0.0000  ,  0.0000  ,  0.0000  ,  0.0000  , 100.0000 ,  0.0000  ,  0.0000  ,  0.0000  ,  0.0000
  8.2800  ,  0.0114  ,  0.1542  , -0.0889  ,  0.5387  , -1.6082  , -0.0156  ,  0.1183  ,  0.3274  ,  0.5899  , -1.1448  ,  0.0000  , 100.0000 ,  0.0000  ,  0.0000  ,  0.0000  ,  0.0000  ,  0.0000  , 100.0000 ,  0.0000  ,  0.0000  ,  0.0000  ,  0.0000
  8.3000  ,  0.0116  ,  0.1548  , -0.0861  ,  0.5389  , -1.6197  , -0.0158  ,  0.1192  ,  0.3291  ,  0.5923  , -1.1642  ,  0.0000  , 100.0000 ,  0.0000  ,  0.0000  ,  0.0000  ,  0.0000  ,  0.0000  , 100.0000 ,  0.0000  ,  0.0000  ,  0.0000  ,  0.0000
  8.3200  ,  0.0123  ,  0.1563  , -0.0839  ,  0.5406  , -1.6375  , -0.0157  ,  0.1211  ,  0.3302  ,  0.5948  , -1.2146  ,  0.0000  , 100.0000 ,  0.0000  ,  0.0000  ,  0.0000  ,  0.0000  ,  0.0000  , 100.0000 ,  0.0000  ,  0.0000  ,  0.0000  ,  0.0000
  8.3400  ,  0.0127  ,  0.1572  , -0.0830  ,  0.5415  , -1.6623  , -0.0156  ,  0.1222  ,  0.3331  ,  0.5980  , -1.2793  ,  0.0000  , 100.0000 ,  0.0000  ,  0.0000  ,  0.0000  ,  0.0000  ,  0.0000  , 100.0000 ,  0.0000  ,  0.0000  ,  0.0000  ,  0.0000
  8.3600  ,  0.0155  ,  0.1604  , -0.0800  ,  0.5442  , -1.6756  , -0.0142  ,  0.1286  ,  0.3228  ,  0.5963  , -1.2690  ,  0.0000  , 100.0000 ,  0.0000  ,  0.0000  ,  0.0000  ,  0.0000  ,  0.0000  , 100.0000 ,  0.0000  ,  0.0000  ,  0.0000  ,  0.0000
  8.3800  ,  0.0160  ,  0.1617  , -0.0820  ,  0.5447  , -1.7173  , -0.0147  ,  0.1301  ,  0.3199  ,  0.5970  , -1.2646  ,  0.0000  , 100.0000 ,  0.0000  ,  0.0000  ,  0.0000  ,  0.0000  ,  0.0000  , 100.0000 ,  0.0000  ,  0.0000  ,  0.0000  ,  0.0000
  8.4000  ,  0.0168  ,  0.1640  , -0.0835  ,  0.5483  , -1.7702  , -0.0159  ,  0.1325  ,  0.3167  ,  0.6003  , -1.3356  ,  0.0000  , 100.0000 ,  0.0000  ,  0.0000  ,  0.0000  ,  0.0000  ,  0.0000  , 100.0000 ,  0.0000  ,  0.0000  ,  0.0000  ,  0.0000
  8.4200  ,  0.0174  ,  0.1663  , -0.0871  ,  0.5507  , -1.7852  , -0.0172  ,  0.1341  ,  0.3142  ,  0.6050  , -1.3782  ,  0.0000  , 100.0000 ,  0.0000  ,  0.0000  ,  0.0000  ,  0.0000  ,  0.0000  , 100.0000 ,  0.0000  ,  0.0000  ,  0.0000  ,  0.0000
  8.4400  ,  0.0188  ,  0.1697  , -0.0944  ,  0.5540  , -1.7965  , -0.0177  ,  0.1371  ,  0.3082  ,  0.6150  , -1.4193  ,  0.0000  , 100.0000 ,  0.0000  ,  0.0000  ,  0.0000  ,  0.0000  ,  0.0000  , 100.0000 ,  0.0000  ,  0.0000  ,  0.0000  ,  0.0000
  8.4600  ,  0.0195  ,  0.1712  , -0.0966  ,  0.5557  , -1.8036  , -0.0176  ,  0.1386  ,  0.3054  ,  0.6159  , -1.4388  ,  0.0000  , 100.0000 ,  0.0000  ,  0.0000  ,  0.0000  ,  0.0000  ,  0.0000  , 100.0000 ,  0.0000  ,  0.0000  ,  0.0000  ,  0.0000
  8.4800  ,  0.0199  ,  0.1722  , -0.0971  ,  0.5576  , -1.8210  , -0.0175  ,  0.1396  ,  0.3040  ,  0.6168  , -1.4200  ,  0.0000  , 100.0000 ,  0.0000  ,  0.0000  ,  0.0000  ,  0.0000  ,  0.0000  , 100.0000 ,  0.0000  ,  0.0000  ,  0.0000  ,  0.0000
  8.5000  ,  0.0220  ,  0.1750  , -0.1054  ,  0.5601  , -1.8218  , -0.0164  ,  0.1429  ,  0.2946  ,  0.6115  , -1.4134  ,  0.0000  , 100.0000 ,  0.0000  ,  0.0000  ,  0.0000  ,  0.0000  ,  0.0000  , 100.0000 ,  0.0000  ,  0.0000  ,  0.0000  ,  0.0000
  8.5200  ,  0.0228  ,  0.1789  , -0.1117  ,  0.5633  , -1.8288  , -0.0184  ,  0.1448  ,  0.2914  ,  0.6166  , -1.4529  ,  0.0000  , 100.0000 ,  0.0000  ,  0.0000  ,  0.0000  ,  0.0000  ,  0.0000  , 100.0000 ,  0.0000  ,  0.0000  ,  0.0000  ,  0.0000
  8.5400  ,  0.0230  ,  0.1805  , -0.1119  ,  0.5658  , -1.8291  , -0.0193  ,  0.1454  ,  0.2912  ,  0.6190  , -1.4699  ,  0.0000  , 100.0000 ,  0.0000  ,  0.0000  ,  0.0000  ,  0.0000  ,  0.0000  , 100.0000 ,  0.0000  ,  0.0000  ,  0.0000  ,  0.0000
  8.5600  ,  0.0234  ,  0.1834  , -0.1093  ,  0.5708  , -1.8302  , -0.0204  ,  0.1464  ,  0.2919  ,  0.6305  , -1.4764  ,  0.0000  , 100.0000 ,  0.0000  ,  0.0000  ,  0.0000  ,  0.0000  ,  0.0000  , 100.0000 ,  0.0000  ,  0.0000  ,  0.0000  ,  0.0000
  8.5800  ,  0.0238  ,  0.1843  , -0.1084  ,  0.5718  , -1.8320  , -0.0202  ,  0.1470  ,  0.2924  ,  0.6307  , -1.4801  ,  0.0000  , 100.0000 ,  0.0000  ,  0.0000  ,  0.0000  ,  0.0000  ,  0.0000  , 100.0000 ,  0.0000  ,  0.0000  ,  0.0000  ,  0.0000
  8.6000  ,  0.0249  ,  0.1875  , -0.1033  ,  0.5769  , -1.8284  , -0.0211  ,  0.1485  ,  0.2965  ,  0.6346  , -1.4554  ,  0.0000  , 100.0000 ,  0.0000  ,  0.0000  ,  0.0000  ,  0.0000  ,  0.0000  , 100.0000 ,  0.0000  ,  0.0000  ,  0.0000  ,  0.0000
  8.6200  ,  0.0251  ,  0.1886  , -0.1035  ,  0.5813  , -1.8298  , -0.0220  ,  0.1487  ,  0.2999  ,  0.6385  , -1.4693  ,  0.0000  , 100.0000 ,  0.0000  ,  0.0000  ,  0.0000  ,  0.0000  ,  0.0000  , 100.0000 ,  0.0000  ,  0.0000  ,  0.0000  ,  0.0000
  8.6400  ,  0.0254  ,  0.1893  , -0.1015  ,  0.5829  , -1.8332  , -0.0226  ,  0.1492  ,  0.3011  ,  0.6406  , -1.4960  ,  0.0000  , 100.0000 ,  0.0000  ,  0.0000  ,  0.0000  ,  0.0000  ,  0.0000  , 100.0000 ,  0.0000  ,  0.0000  ,  0.0000  ,  0.0000
  8.6600  ,  0.0263  ,  0.1910  , -0.0949  ,  0.5870  , -1.8418  , -0.0238  ,  0.1509  ,  0.3074  ,  0.6496  , -1.5416  ,  0.0000  , 100.0000 ,  0.0000  ,  0.0000  ,  0.0000  ,  0.0000  ,  0.0000  , 100.0000 ,  0.0000  ,  0.0000  ,  0.0000  ,  0.0000
  8.6800  ,  0.0262  ,  0.1924  , -0.0936  ,  0.5898  , -1.8503  , -0.0237  ,  0.1525  ,  0.3073  ,  0.6523  , -1.5842  ,  0.0000  , 100.0000 ,  0.0000  ,  0.0000  ,  0.0000  ,  0.0000  ,  0.0000  , 100.0000 ,  0.0000  ,  0.0000  ,  0.0000  ,  0.0000
  8.7000  ,  0.0268  ,  0.1950  , -0.0921  ,  0.5923  , -1.8801  , -0.0230  ,  0.1563  ,  0.3071  ,  0.6611  , -1.6702  ,  0.0000  , 100.0000 ,  0.0000  ,  0.0000  ,  0.0000  ,  0.0000  ,  0.0000  , 100.0000 ,  0.0000  ,  0.0000  ,  0.0000  ,  0.0000
  8.7200  ,  0.0275  ,  0.1962  , -0.0923  ,  0.5930  , -1.8899  , -0.0225  ,  0.1582  ,  0.3065  ,  0.6624  , -1.6788  ,  0.0000  , 100.0000 ,  0.0000  ,  0.0000  ,  0.0000  ,  0.0000  ,  0.0000  , 100.0000 ,  0.0000  ,  0.0000  ,  0.0000  ,  0.0000
  8.7400  ,  0.0281  ,  0.1970  , -0.0938  ,  0.5928  , -1.9047  , -0.0223  ,  0.1596  ,  0.3069  ,  0.6643  , -1.6882  ,  0.0000  , 100.0000 ,  0.0000  ,  0.0000  ,  0.0000  ,  0.0000  ,  0.0000  , 100.0000 ,  0.0000  ,  0.0000  ,  0.0000  ,  0.0000
  8.7600  ,  0.0298  ,  0.1992  , -0.1017  ,  0.5876  , -1.9055  , -0.0223  ,  0.1632  ,  0.3051  ,  0.6674  , -1.6836  ,  0.0000  , 100.0000 ,  0.0000  ,  0.0000  ,  0.0000  ,  0.0000  ,  0.0000  , 100.0000 ,  0.0000  ,  0.0000  ,  0.0000  ,  0.0000
  8.7800  ,  0.0305  ,  0.2009  , -0.1076  ,  0.5849  , -1.9119  , -0.0222  ,  0.1648  ,  0.3036  ,  0.6705  , -1.6884  ,  0.0000  , 100.0000 ,  0.0000  ,  0.0000  ,  0.0000  ,  0.0000  ,  0.0000  , 100.0000 ,  0.0000  ,  0.0000  ,  0.0000  ,  0.0000
  8.8000  ,  0.0308  ,  0.2015  , -0.1105  ,  0.5830  , -1.9163  , -0.0221  ,  0.1655  ,  0.3033  ,  0.6726  , -1.6906  ,  0.0000  , 100.0000 ,  0.0000  ,  0.0000  ,  0.0000  ,  0.0000  ,  0.0000  , 100.0000 ,  0.0000  ,  0.0000  ,  0.0000  ,  0.0000
  8.8200  ,  0.0316  ,  0.2049  , -0.1289  ,  0.5737  , -1.9271  , -0.0221  ,  0.1687  ,  0.2975  ,  0.6840  , -1.6906  ,  0.0000  , 100.0000 ,  0.0000  ,  0.0000  ,  0.0000  ,  0.0000  ,  0.0000  , 100.0000 ,  0.0000  ,  0.0000  ,  0.0000  ,  0.0000
  8.8400  ,  0.0319  ,  0.2063  , -0.1366  ,  0.5681  , -1.9352  , -0.0222  ,  0.1700  ,  0.2956  ,  0.6891  , -1.6843  ,  0.0000  , 100.0000 ,  0.0000  ,  0.0000  ,  0.0000  ,  0.0000  ,  0.0000  , 100.0000 ,  0.0000  ,  0.0000  ,  0.0000  ,  0.0000
  8.8600  ,  0.0303  ,  0.2087  , -0.1509  ,  0.5596  , -1.9433  , -0.0217  ,  0.1722  ,  0.2936  ,  0.7007  , -1.6723  ,  0.0000  , 100.0000 ,  0.0000  ,  0.0000  ,  0.0000  ,  0.0000  ,  0.0000  , 100.0000 ,  0.0000  ,  0.0000  ,  0.0000  ,  0.0000
  8.8800  ,  0.0287  ,  0.2091  , -0.1561  ,  0.5550  , -1.9410  , -0.0203  ,  0.1744  ,  0.2925  ,  0.7067  , -1.6830  ,  0.0000  , 100.0000 ,  0.0000  ,  0.0000  ,  0.0000  ,  0.0000  ,  0.0000  , 100.0000 ,  0.0000  ,  0.0000  ,  0.0000  ,  0.0000
  8.9000  ,  0.0276  ,  0.2093  , -0.1610  ,  0.5494  , -1.9411  , -0.0194  ,  0.1757  ,  0.2930  ,  0.7160  , -1.6826  ,  0.0000  , 100.0000 ,  0.0000  ,  0.0000  ,  0.0000  ,  0.0000  ,  0.0000  , 100.0000 ,  0.0000  ,  0.0000  ,  0.0000  ,  0.0000
  8.9200  ,  0.0236  ,  0.2091  , -0.1665  ,  0.5392  , -1.9429  , -0.0171  ,  0.1781  ,  0.3035  ,  0.7330  , -1.6809  ,  0.0000  , 100.0000 ,  0.0000  ,  0.0000  ,  0.0000  ,  0.0000  ,  0.0000  , 100.0000 ,  0.0000  ,  0.0000  ,  0.0000  ,  0.0000
  8.9400  ,  0.0207  ,  0.2085  , -0.1684  ,  0.5316  , -1.9482  , -0.0138  ,  0.1797  ,  0.3169  ,  0.7435  , -1.6725  ,  0.0000  , 100.0000 ,  0.0000  ,  0.0000  ,  0.0000  ,  0.0000  ,  0.0000  , 100.0000 ,  0.0000  ,  0.0000  ,  0.0000  ,  0.0000
  8.9600  ,  0.0182  ,  0.2079  , -0.1711  ,  0.5217  , -1.9563  , -0.0102  ,  0.1812  ,  0.3378  ,  0.7561  , -1.6798  ,  0.0000  , 100.0000 ,  0.0000  ,  0.0000  ,  0.0000  ,  0.0000  ,  0.0000  , 100.0000 ,  0.0000  ,  0.0000  ,  0.0000  ,  0.0000
  8.9800  ,  0.0153  ,  0.2072  , -0.1696  ,  0.5171  , -1.9563  , -0.0047  ,  0.1836  ,  0.3521  ,  0.7579  , -1.6798  ,  0.0000  , 100.0000 ,  0.0000  ,  0.0000  ,  0.0000  ,  0.0000  ,  0.0000  , 100.0000 ,  0.0000  ,  0.0000  ,  0.0000  ,  0.0000
  9.0000  ,  0.0126  ,  0.2066  , -0.1691  ,  0.5085  , -1.9606  ,  0.0001  ,  0.1859  ,  0.3767  ,  0.7659  , -1.7197  ,  0.0000  , 100.0000 ,  0.0000  ,  0.0000  ,  0.0000  ,  0.0000  ,  0.0000  , 100.0000 ,  0.0000  ,  0.0000  ,  0.0000  ,  0.0000
  9.0200  ,  0.0097  ,  0.2051  , -0.1660  ,  0.4986  , -1.9661  ,  0.0080  ,  0.1911  ,  0.4070  ,  0.7691  , -1.7641  ,  0.0000  , 100.0000 ,  0.0000  ,  0.0000  ,  0.0000  ,  0.0000  ,  0.0000  , 100.0000 ,  0.0000  ,  0.0000  ,  0.0000  ,  0.0000
  9.0400  ,  0.0082  ,  0.2042  , -0.1686  ,  0.4967  , -1.9680  ,  0.0127  ,  0.1953  ,  0.4230  ,  0.7667  , -1.7640  ,  0.0000  , 100.0000 ,  0.0000  ,  0.0000  ,  0.0000  ,  0.0000  ,  0.0000  , 100.0000 ,  0.0000  ,  0.0000  ,  0.0000  ,  0.0000
  9.0600  ,  0.0059  ,  0.2022  , -0.1621  ,  0.4802  , -1.9734  ,  0.0226  ,  0.2061  ,  0.4670  ,  0.7626  , -1.7581  ,  0.0000  , 100.0000 ,  0.0000  ,  0.0000  ,  0.0000  ,  0.0000  ,  0.0000  , 100.0000 ,  0.0000  ,  0.0000  ,  0.0000  ,  0.0000
  9.0800  ,  0.0047  ,  0.2015  , -0.1586  ,  0.4769  , -1.9796  ,  0.0263  ,  0.2119  ,  0.4782  ,  0.7581  , -1.7677  ,  0.0000  , 100.0000 ,  0.0000  ,  0.0000  ,  0.0000  ,  0.0000  ,  0.0000  , 100.0000 ,  0.0000  ,  0.0000  ,  0.0000  ,  0.0000
  9.1000  ,  0.0036  ,  0.2009  , -0.1554  ,  0.4745  , -1.9845  ,  0.0292  ,  0.2166  ,  0.4875  ,  0.7544  , -1.7880  ,  0.0000  , 100.0000 ,  0.0000  ,  0.0000  ,  0.0000  ,  0.0000  ,  0.0000  , 100.0000 ,  0.0000  ,  0.0000  ,  0.0000  ,  0.0000
  9.1200  ,  0.0001  ,  0.1992  , -0.1482  ,  0.4643  , -1.9906  ,  0.0362  ,  0.2325  ,  0.5212  ,  0.7501  , -1.8126  ,  0.0000  , 100.0000 ,  0.0000  ,  0.0000  ,  0.0000  ,  0.0000  ,  0.0000  , 100.0000 ,  0.0000  ,  0.0000  ,  0.0000  ,  0.0000
  9.1400  , -0.0022  ,  0.1982  , -0.1411  ,  0.4570  , -1.9913  ,  0.0402  ,  0.2459  ,  0.5499  ,  0.7486  , -1.8045  ,  0.0000  , 100.0000 ,  0.0000  ,  0.0000  ,  0.0000  ,  0.0000  ,  0.0000  , 100.0000 ,  0.0000  ,  0.0000  ,  0.0000  ,  0.0000
  9.1600  , -0.0044  ,  0.1971  , -0.1303  ,  0.4468  , -1.9932  ,  0.0441  ,  0.2620  ,  0.5806  ,  0.7476  , -1.7968  ,  0.0000  , 100.0000 ,  0.0000  ,  0.0000  ,  0.0000  ,  0.0000  ,  0.0000  , 100.0000 ,  0.0000  ,  0.0000  ,  0.0000  ,  0.0000
  9.1800  , -0.0084  ,  0.1966  , -0.1233  ,  0.4469  , -1.9962  ,  0.0474  ,  0.2810  ,  0.5925  ,  0.7394  , -1.7808  ,  0.0000  , 100.0000 ,  0.0000  ,  0.0000  ,  0.0000  ,  0.0000  ,  0.0000  , 100.0000 ,  0.0000  ,  0.0000  ,  0.0000  ,  0.0000
  9.2000  , -0.0092  ,  0.1965  , -0.1219  ,  0.4469  , -1.9982  ,  0.0479  ,  0.2844  ,  0.5956  ,  0.7382  , -1.7766  ,  0.0000  , 100.0000 ,  0.0000  ,  0.0000  ,  0.0000  ,  0.0000  ,  0.0000  , 100.0000 ,  0.0000  ,  0.0000  ,  0.0000  ,  0.0000
  9.2200  , -0.0136  ,  0.1952  , -0.1103  ,  0.4456  , -2.0024  ,  0.0508  ,  0.3080  ,  0.6163  ,  0.7331  , -1.7718  ,  0.0000  , 100.0000 ,  0.0000  ,  0.0000  ,  0.0000  ,  0.0000  ,  0.0000  , 100.0000 ,  0.0000  ,  0.0000  ,  0.0000  ,  0.0000
  9.2400  , -0.0152  ,  0.1946  , -0.1122  ,  0.4510  , -2.0029  ,  0.0517  ,  0.3174  ,  0.6244  ,  0.7412  , -1.7671  ,  0.0000  , 100.0000 ,  0.0000  ,  0.0000  ,  0.0000  ,  0.0000  ,  0.0000  , 100.0000 ,  0.0000  ,  0.0000  ,  0.0000  ,  0.0000
  9.2600  , -0.0180  ,  0.1933  , -0.1030  ,  0.4510  , -2.0027  ,  0.0541  ,  0.3386  ,  0.6286  ,  0.7344  , -1.7608  ,  0.0000  , 100.0000 ,  0.0000  ,  0.0000  ,  0.0000  ,  0.0000  ,  0.0000  , 100.0000 ,  0.0000  ,  0.0000  ,  0.0000  ,  0.0000
  9.2800  , -0.0215  ,  0.1916  , -0.0910  ,  0.4513  , -2.0041  ,  0.0558  ,  0.3624  ,  0.6424  ,  0.7353  , -1.7447  ,  0.0000  , 100.0000 ,  0.0000  ,  0.0000  ,  0.0000  ,  0.0000  ,  0.0000  , 100.0000 ,  0.0000  ,  0.0000  ,  0.0000  ,  0.0000
  9.3000  , -0.0227  ,  0.1910  , -0.0844  ,  0.4465  , -2.0042  ,  0.0561  ,  0.3696  ,  0.6509  ,  0.7315  , -1.7394  ,  0.0000  , 100.0000 ,  0.0000  ,  0.0000  ,  0.0000  ,  0.0000  ,  0.0000  , 100.0000 ,  0.0000  ,  0.0000  ,  0.0000  ,  0.0000
  9.3200  , -0.0245  ,  0.1901  , -0.0789  ,  0.4477  , -2.0047  ,  0.0562  ,  0.3824  ,  0.6620  ,  0.7369  , -1.7303  ,  0.0000  , 100.0000 ,  0.0000  ,  0.0000  ,  0.0000  ,  0.0000  ,  0.0000  , 100.0000 ,  0.0000  ,  0.0000  ,  0.0000  ,  0.0000
  9.3400  , -0.0268  ,  0.1889  , -0.0734  ,  0.4503  , -2.0030  ,  0.0561  ,  0.3987  ,  0.6767  ,  0.7460  , -1.7123  ,  0.0000  , 100.0000 ,  0.0000  ,  0.0000  ,  0.0000  ,  0.0000  ,  0.0000  , 100.0000 ,  0.0000  ,  0.0000  ,  0.0000  ,  0.0000
  9.3600  , -0.0281  ,  0.1880  , -0.0704  ,  0.4536  , -2.0022  ,  0.0575  ,  0.4164  ,  0.6827  ,  0.7515  , -1.7036  ,  0.0000  , 100.0000 ,  0.0000  ,  0.0000  ,  0.0000  ,  0.0000  ,  0.0000  , 100.0000 ,  0.0000  ,  0.0000  ,  0.0000  ,  0.0000
  9.3800  , -0.0298  ,  0.1865  , -0.0678  ,  0.4561  , -1.9966  ,  0.0596  ,  0.4398  ,  0.6996  ,  0.7634  , -1.6879  ,  0.0000  , 100.0000 ,  0.0000  ,  0.0000  ,  0.0000  ,  0.0000  ,  0.0000  , 100.0000 ,  0.0000  ,  0.0000  ,  0.0000  ,  0.0000
  9.4000  , -0.0302  ,  0.1856  , -0.0668  ,  0.4573  , -1.9886  ,  0.0595  ,  0.4491  ,  0.7082  ,  0.7731  , -1.6725  ,  0.0000  , 100.0000 ,  0.0000  ,  0.0000  ,  0.0000  ,  0.0000  ,  0.0000  , 100.0000 ,  0.0000  ,  0.0000  ,  0.0000  ,  0.0000
  9.4200  , -0.0304  ,  0.1850  , -0.0662  ,  0.4581  , -1.9851  ,  0.0592  ,  0.4550  ,  0.7063  ,  0.7743  , -1.6687  ,  0.0000  , 100.0000 ,  0.0000  ,  0.0000  ,  0.0000  ,  0.0000  ,  0.0000  , 100.0000 ,  0.0000  ,  0.0000  ,  0.0000  ,  0.0000
  9.4400  , -0.0309  ,  0.1836  , -0.0662  ,  0.4583  , -1.9794  ,  0.0591  ,  0.4669  ,  0.7177  ,  0.7912  , -1.6590  ,  0.0000  , 100.0000 ,  0.0000  ,  0.0000  ,  0.0000  ,  0.0000  ,  0.0000  , 100.0000 ,  0.0000  ,  0.0000  ,  0.0000  ,  0.0000
  9.4600  , -0.0313  ,  0.1823  , -0.0664  ,  0.4611  , -1.9751  ,  0.0592  ,  0.4778  ,  0.7318  ,  0.8098  , -1.6481  ,  0.0000  , 100.0000 ,  0.0000  ,  0.0000  ,  0.0000  ,  0.0000  ,  0.0000  , 100.0000 ,  0.0000  ,  0.0000  ,  0.0000  ,  0.0000
  9.4800  , -0.0311  ,  0.1800  , -0.0657  ,  0.4714  , -1.9679  ,  0.0600  ,  0.4947  ,  0.7378  ,  0.8228  , -1.6252  ,  0.0000  , 100.0000 ,  0.0000  ,  0.0000  ,  0.0000  ,  0.0000  ,  0.0000  , 100.0000 ,  0.0000  ,  0.0000  ,  0.0000  ,  0.0000
  9.5000  , -0.0310  ,  0.1794  , -0.0655  ,  0.4723  , -1.9658  ,  0.0602  ,  0.4987  ,  0.7433  ,  0.8311  , -1.6160  ,  0.0000  , 100.0000 ,  0.0000  ,  0.0000  ,  0.0000  ,  0.0000  ,  0.0000  , 100.0000 ,  0.0000  ,  0.0000  ,  0.0000  ,  0.0000
  9.5200  , -0.0306  ,  0.1782  , -0.0657  ,  0.4734  , -1.9643  ,  0.0604  ,  0.5084  ,  0.7529  ,  0.8489  , -1.6085  ,  0.0000  , 100.0000 ,  0.0000  ,  0.0000  ,  0.0000  ,  0.0000  ,  0.0000  , 100.0000 ,  0.0000  ,  0.0000  ,  0.0000  ,  0.0000
  9.5400  , -0.0303  ,  0.1766  , -0.0663  ,  0.4758  , -1.9606  ,  0.0613  ,  0.5202  ,  0.7634  ,  0.8688  , -1.5951  ,  0.0000  , 100.0000 ,  0.0000  ,  0.0000  ,  0.0000  ,  0.0000  ,  0.0000  , 100.0000 ,  0.0000  ,  0.0000  ,  0.0000  ,  0.0000
  9.5600  , -0.0303  ,  0.1756  , -0.0651  ,  0.4712  , -1.9562  ,  0.0623  ,  0.5269  ,  0.7695  ,  0.8683  , -1.5859  ,  0.0000  , 100.0000 ,  0.0000  ,  0.0000  ,  0.0000  ,  0.0000  ,  0.0000  , 100.0000 ,  0.0000  ,  0.0000  ,  0.0000  ,  0.0000
  9.5800  , -0.0302  ,  0.1740  , -0.0647  ,  0.4734  , -1.9536  ,  0.0650  ,  0.5394  ,  0.7806  ,  0.8880  , -1.5804  ,  0.0000  , 100.0000 ,  0.0000  ,  0.0000  ,  0.0000  ,  0.0000  ,  0.0000  , 100.0000 ,  0.0000  ,  0.0000  ,  0.0000  ,  0.0000
  9.6000  , -0.0301  ,  0.1732  , -0.0653  ,  0.4750  , -1.9467  ,  0.0671  ,  0.5467  ,  0.7867  ,  0.8987  , -1.5593  ,  0.0000  , 100.0000 ,  0.0000  ,  0.0000  ,  0.0000  ,  0.0000  ,  0.0000  , 100.0000 ,  0.0000  ,  0.0000  ,  0.0000  ,  0.0000
  9.6200  , -0.0301  ,  0.1725  , -0.0657  ,  0.4763  , -1.9447  ,  0.0701  ,  0.5547  ,  0.7903  ,  0.9047  , -1.5508  ,  0.0000  , 100.0000 ,  0.0000  ,  0.0000  ,  0.0000  ,  0.0000  ,  0.0000  , 100.0000 ,  0.0000  ,  0.0000  ,  0.0000  ,  0.0000
  9.6400  , -0.0299  ,  0.1714  , -0.0684  ,  0.4818  , -1.9423  ,  0.0741  ,  0.5658  ,  0.8007  ,  0.9317  , -1.5291  ,  0.0000  , 100.0000 ,  0.0000  ,  0.0000  ,  0.0000  ,  0.0000  ,  0.0000  , 100.0000 ,  0.0000  ,  0.0000  ,  0.0000  ,  0.0000
  9.6600  , -0.0295  ,  0.1706  , -0.0685  ,  0.4820  , -1.9417  ,  0.0764  ,  0.5725  ,  0.8058  ,  0.9426  , -1.5248  ,  0.0000  , 100.0000 ,  0.0000  ,  0.0000  ,  0.0000  ,  0.0000  ,  0.0000  , 100.0000 ,  0.0000  ,  0.0000  ,  0.0000  ,  0.0000
  9.6800  , -0.0293  ,  0.1690  , -0.0630  ,  0.4770  , -1.9413  ,  0.0808  ,  0.5876  ,  0.8191  ,  0.9521  , -1.5218  ,  0.0000  , 100.0000 ,  0.0000  ,  0.0000  ,  0.0000  ,  0.0000  ,  0.0000  , 100.0000 ,  0.0000  ,  0.0000  ,  0.0000  ,  0.0000
  9.7000  , -0.0292  ,  0.1688  , -0.0628  ,  0.4769  , -1.9387  ,  0.0812  ,  0.5891  ,  0.8203  ,  0.9551  , -1.5044  ,  0.0000  , 100.0000 ,  0.0000  ,  0.0000  ,  0.0000  ,  0.0000  ,  0.0000  , 100.0000 ,  0.0000  ,  0.0000  ,  0.0000  ,  0.0000
  9.7200  , -0.0291  ,  0.1680  , -0.0616  ,  0.4768  , -1.9382  ,  0.0828  ,  0.5976  ,  0.8238  ,  0.9673  , -1.4963  ,  0.0000  , 100.0000 ,  0.0000  ,  0.0000  ,  0.0000  ,  0.0000  ,  0.0000  , 100.0000 ,  0.0000  ,  0.0000  ,  0.0000  ,  0.0000
  9.7400  , -0.0290  ,  0.1672  , -0.0610  ,  0.4752  , -1.9374  ,  0.0883  ,  0.6144  ,  0.8301  ,  0.9859  , -1.4819  ,  0.0000  , 100.0000 ,  0.0000  ,  0.0000  ,  0.0000  ,  0.0000  ,  0.0000  , 100.0000 ,  0.0000  ,  0.0000  ,  0.0000  ,  0.0000
  9.7600  , -0.0290  ,  0.1671  , -0.0677  ,  0.4789  , -1.9371  ,  0.0899  ,  0.6184  ,  0.8310  ,  0.9962  , -1.4717  ,  0.0000  , 100.0000 ,  0.0000  ,  0.0000  ,  0.0000  ,  0.0000  ,  0.0000  , 100.0000 ,  0.0000  ,  0.0000  ,  0.0000  ,  0.0000
  9.7800  , -0.0288  ,  0.1654  , -0.0619  ,  0.4767  , -1.9371  ,  0.0974  ,  0.6332  ,  0.8371  ,  1.0127  , -1.4626  ,  0.0000  , 100.0000 ,  0.0000  ,  0.0000  ,  0.0000  ,  0.0000  ,  0.0000  , 100.0000 ,  0.0000  ,  0.0000  ,  0.0000  ,  0.0000
  9.8000  , -0.0283  ,  0.1645  , -0.0589  ,  0.4749  , -1.9368  ,  0.1001  ,  0.6395  ,  0.8393  ,  1.0206  , -1.4578  ,  0.0000  , 100.0000 ,  0.0000  ,  0.0000  ,  0.0000  ,  0.0000  ,  0.0000  , 100.0000 ,  0.0000  ,  0.0000  ,  0.0000  ,  0.0000
  9.8200  , -0.0277  ,  0.1635  , -0.0531  ,  0.4702  , -1.9370  ,  0.1032  ,  0.6470  ,  0.8402  ,  1.0346  , -1.4491  ,  0.0000  , 100.0000 ,  0.0000  ,  0.0000  ,  0.0000  ,  0.0000  ,  0.0000  , 100.0000 ,  0.0000  ,  0.0000  ,  0.0000  ,  0.0000
  9.8400  , -0.0276  ,  0.1626  , -0.0487  ,  0.4675  , -1.9374  ,  0.1071  ,  0.6565  ,  0.8455  ,  1.0524  , -1.4441  ,  0.0000  , 100.0000 ,  0.0000  ,  0.0000  ,  0.0000  ,  0.0000  ,  0.0000  , 100.0000 ,  0.0000  ,  0.0000  ,  0.0000  ,  0.0000
  9.8600  , -0.0278  ,  0.1621  , -0.0461  ,  0.4656  , -1.9377  ,  0.1095  ,  0.6622  ,  0.8506  ,  1.0682  , -1.4396  ,  0.0000  , 100.0000 ,  0.0000  ,  0.0000  ,  0.0000  ,  0.0000  ,  0.0000  , 100.0000 ,  0.0000  ,  0.0000  ,  0.0000  ,  0.0000
  9.8800  , -0.0281  ,  0.1618  , -0.0443  ,  0.4650  , -1.9394  ,  0.1114  ,  0.6659  ,  0.8513  ,  1.0721  , -1.4336  ,  0.0000  , 100.0000 ,  0.0000  ,  0.0000  ,  0.0000  ,  0.0000  ,  0.0000  , 100.0000 ,  0.0000  ,  0.0000  ,  0.0000  ,  0.0000
  9.9000  , -0.0288  ,  0.1611  , -0.0386  ,  0.4606  , -1.9399  ,  0.1174  ,  0.6771  ,  0.8566  ,  1.0980  , -1.4346  ,  0.0000  , 100.0000 ,  0.0000  ,  0.0000  ,  0.0000  ,  0.0000  ,  0.0000  , 100.0000 ,  0.0000  ,  0.0000  ,  0.0000  ,  0.0000
  9.9200  , -0.0290  ,  0.1610  , -0.0368  ,  0.4595  , -1.9416  ,  0.1196  ,  0.6809  ,  0.8600  ,  1.1087  , -1.4353  ,  0.0000  , 100.0000 ,  0.0000  ,  0.0000  ,  0.0000  ,  0.0000  ,  0.0000  , 100.0000 ,  0.0000  ,  0.0000  ,  0.0000  ,  0.0000
  9.9400  , -0.0295  ,  0.1607  , -0.0341  ,  0.4583  , -1.9423  ,  0.1247  ,  0.6881  ,  0.8651  ,  1.1247  , -1.4328  ,  0.0000  , 100.0000 ,  0.0000  ,  0.0000  ,  0.0000  ,  0.0000  ,  0.0000  , 100.0000 ,  0.0000  ,  0.0000  ,  0.0000  ,  0.0000
  9.9600  , -0.0297  ,  0.1604  , -0.0336  ,  0.4593  , -1.9429  ,  0.1296  ,  0.6948  ,  0.8683  ,  1.1364  , -1.4289  ,  0.0000  , 100.0000 ,  0.0000  ,  0.0000  ,  0.0000  ,  0.0000  ,  0.0000  , 100.0000 ,  0.0000  ,  0.0000  ,  0.0000  ,  0.0000
  9.9800  , -0.0296  ,  0.1602  , -0.0316  ,  0.4582  , -1.9442  ,  0.1334  ,  0.7002  ,  0.8697  ,  1.1435  , -1.4224  ,  0.0000  , 100.0000 ,  0.0000  ,  0.0000  ,  0.0000  ,  0.0000  ,  0.0000  , 100.0000 ,  0.0000  ,  0.0000  ,  0.0000  ,  0.0000
 10.0000  , -0.0296  ,  0.1600  , -0.0291  ,  0.4564  , -1.9451  ,  0.1403  ,  0.7109  ,  0.8721  ,  1.1582  , -1.4156  ,  0.0000  , 100.0000 ,  0.0000  ,  0.0000  ,  0.0000  ,  0.0000  ,  0.0000  , 100.0000 ,  0.0000  ,  0.0000  ,  0.0000  ,  0.0000
 10.0200  , -0.0298  ,  0.1600  , -0.0285  ,  0.4560  , -1.9449  ,  0.1436  ,  0.7162  ,  0.8731  ,  1.1717  , -1.4168  ,  0.0000  , 100.0000 ,  0.0000  ,  0.0000  ,  0.0000  ,  0.0000  ,  0.0000  , 100.0000 ,  0.0000  ,  0.0000  ,  0.0000  ,  0.0000
 10.0400  , -0.0299  ,  0.1600  , -0.0306  ,  0.4580  , -1.9464  ,  0.1460  ,  0.7202  ,  0.8743  ,  1.1792  , -1.4134  ,  0.0000  , 100.0000 ,  0.0000  ,  0.0000  ,  0.0000  ,  0.0000  ,  0.0000  , 100.0000 ,  0.0000  ,  0.0000  ,  0.0000  ,  0.0000
 10.0600  , -0.0298  ,  0.1594  , -0.0274  ,  0.4562  , -1.9463  ,  0.1536  ,  0.7300  ,  0.8755  ,  1.1925  , -1.4143  ,  0.0000  , 100.0000 ,  0.0000  ,  0.0000  ,  0.0000  ,  0.0000  ,  0.0000  , 100.0000 ,  0.0000  ,  0.0000  ,  0.0000  ,  0.0000
 10.0800  , -0.0296  ,  0.1588  , -0.0248  ,  0.4550  , -1.9465  ,  0.1618  ,  0.7405  ,  0.8742  ,  1.2003  , -1.4145  ,  0.0000  , 100.0000 ,  0.0000  ,  0.0000  ,  0.0000  ,  0.0000  ,  0.0000  , 100.0000 ,  0.0000  ,  0.0000  ,  0.0000  ,  0.0000
 10.1000  , -0.0292  ,  0.1583  , -0.0241  ,  0.4518  , -1.9468  ,  0.1700  ,  0.7520  ,  0.8740  ,  1.2175  , -1.4177  ,  0.0000  , 100.0000 ,  0.0000  ,  0.0000  ,  0.0000  ,  0.0000  ,  0.0000  , 100.0000 ,  0.0000  ,  0.0000  ,  0.0000  ,  0.0000
 10.1200  , -0.0290  ,  0.1581  , -0.0235  ,  0.4511  , -1.9471  ,  0.1731  ,  0.7568  ,  0.8728  ,  1.2213  , -1.4179  ,  0.0000  , 100.0000 ,  0.0000  ,  0.0000  ,  0.0000  ,  0.0000  ,  0.0000  , 100.0000 ,  0.0000  ,  0.0000  ,  0.0000  ,  0.0000
 10.1400  , -0.0289  ,  0.1576  , -0.0220  ,  0.4504  , -1.9468  ,  0.1796  ,  0.7665  ,  0.8707  ,  1.2331  , -1.4175  ,  0.0000  , 100.0000 ,  0.0000  ,  0.0000  ,  0.0000  ,  0.0000  ,  0.0000  , 100.0000 ,  0.0000  ,  0.0000  ,  0.0000  ,  0.0000
 10.1600  , -0.0289  ,  0.1574  , -0.0228  ,  0.4492  , -1.9460  ,  0.1822  ,  0.7703  ,  0.8704  ,  1.2415  , -1.4170  ,  0.0000  , 100.0000 ,  0.0000  ,  0.0000  ,  0.0000  ,  0.0000  ,  0.0000  , 100.0000 ,  0.0000  ,  0.0000  ,  0.0000  ,  0.0000
 10.1800  , -0.0287  ,  0.1565  , -0.0209  ,  0.4488  , -1.9456  ,  0.1967  ,  0.7883  ,  0.8648  ,  1.2612  , -1.4172  ,  0.0000  , 100.0000 ,  0.0000  ,  0.0000  ,  0.0000  ,  0.0000  ,  0.0000  , 100.0000 ,  0.0000  ,  0.0000  ,  0.0000  ,  0.0000
 10.2000  , -0.0284  ,  0.1562  , -0.0202  ,  0.4484  , -1.9445  ,  0.2000  ,  0.7931  ,  0.8620  ,  1.2627  , -1.4188  ,  0.0000  , 100.0000 ,  0.0000  ,  0.0000  ,  0.0000  ,  0.0000  ,  0.0000  , 100.0000 ,  0.0000  ,  0.0000  ,  0.0000  ,  0.0000
 10.2200  , -0.0281  ,  0.1558  , -0.0192  ,  0.4479  , -1.9442  ,  0.2043  ,  0.7992  ,  0.8588  ,  1.2665  , -1.4185  ,  0.0000  , 100.0000 ,  0.0000  ,  0.0000  ,  0.0000  ,  0.0000  ,  0.0000  , 100.0000 ,  0.0000  ,  0.0000  ,  0.0000  ,  0.0000
 10.2400  , -0.0275  ,  0.1552  , -0.0178  ,  0.4480  , -1.9438  ,  0.2177  ,  0.8154  ,  0.8504  ,  1.2849  , -1.4190  ,  0.0000  , 100.0000 ,  0.0000  ,  0.0000  ,  0.0000  ,  0.0000  ,  0.0000  , 100.0000 ,  0.0000  ,  0.0000  ,  0.0000  ,  0.0000
 10.2600  , -0.0275  ,  0.1551  , -0.0178  ,  0.4480  , -1.9426  ,  0.2193  ,  0.8172  ,  0.8492  ,  1.2863  , -1.4199  ,  0.0000  , 100.0000 ,  0.0000  ,  0.0000  ,  0.0000  ,  0.0000  ,  0.0000  , 100.0000 ,  0.0000  ,  0.0000  ,  0.0000  ,  0.0000
 10.2800  , -0.0270  ,  0.1550  , -0.0188  ,  0.4481  , -1.9421  ,  0.2295  ,  0.8294  ,  0.8409  ,  1.2969  , -1.4171  ,  0.0000  , 100.0000 ,  0.0000  ,  0.0000  ,  0.0000  ,  0.0000  ,  0.0000  , 100.0000 ,  0.0000  ,  0.0000  ,  0.0000  ,  0.0000
 10.3000  , -0.0266  ,  0.1550  , -0.0229  ,  0.4478  , -1.9423  ,  0.2411  ,  0.8428  ,  0.8281  ,  1.3037  , -1.4154  ,  0.0000  , 100.0000 ,  0.0000  ,  0.0000  ,  0.0000  ,  0.0000  ,  0.0000  , 100.0000 ,  0.0000  ,  0.0000  ,  0.0000  ,  0.0000
 10.3200  , -0.0264  ,  0.1550  , -0.0239  ,  0.4477  , -1.9404  ,  0.2468  ,  0.8490  ,  0.8233  ,  1.3125  , -1.4070  ,  0.0000  , 100.0000 ,  0.0000  ,  0.0000  ,  0.0000  ,  0.0000  ,  0.0000  , 100.0000 ,  0.0000  ,  0.0000  ,  0.0000  ,  0.0000
 10.3400  , -0.0259  ,  0.1551  , -0.0259  ,  0.4473  , -1.9398  ,  0.2584  ,  0.8609  ,  0.8122  ,  1.3139  , -1.4061  ,  0.0000  , 100.0000 ,  0.0000  ,  0.0000  ,  0.0000  ,  0.0000  ,  0.0000  , 100.0000 ,  0.0000  ,  0.0000  ,  0.0000  ,  0.0000
 10.3600  , -0.0257  ,  0.1552  , -0.0293  ,  0.4484  , -1.9394  ,  0.2641  ,  0.8666  ,  0.8074  ,  1.3245  , -1.4084  ,  0.0000  , 100.0000 ,  0.0000  ,  0.0000  ,  0.0000  ,  0.0000  ,  0.0000  , 100.0000 ,  0.0000  ,  0.0000  ,  0.0000  ,  0.0000
 10.3800  , -0.0250  ,  0.1553  , -0.0306  ,  0.4473  , -1.9385  ,  0.2730  ,  0.8756  ,  0.7989  ,  1.3269  , -1.4091  ,  0.0000  , 100.0000 ,  0.0000  ,  0.0000  ,  0.0000  ,  0.0000  ,  0.0000  , 100.0000 ,  0.0000  ,  0.0000  ,  0.0000  ,  0.0000
 10.4000  , -0.0236  ,  0.1559  , -0.0338  ,  0.4460  , -1.9384  ,  0.2925  ,  0.8925  ,  0.7811  ,  1.3320  , -1.4097  ,  0.0000  , 100.0000 ,  0.0000  ,  0.0000  ,  0.0000  ,  0.0000  ,  0.0000  , 100.0000 ,  0.0000  ,  0.0000  ,  0.0000  ,  0.0000
 10.4200  , -0.0232  ,  0.1561  , -0.0362  ,  0.4438  , -1.9379  ,  0.2987  ,  0.8973  ,  0.7763  ,  1.3404  , -1.4070  ,  0.0000  , 100.0000 ,  0.0000  ,  0.0000  ,  0.0000  ,  0.0000  ,  0.0000  , 100.0000 ,  0.0000  ,  0.0000  ,  0.0000  ,  0.0000
 10.4400  , -0.0231  ,  0.1563  , -0.0373  ,  0.4442  , -1.9377  ,  0.3125  ,  0.9092  ,  0.7622  ,  1.3391  , -1.4063  ,  0.0000  , 100.0000 ,  0.0000  ,  0.0000  ,  0.0000  ,  0.0000  ,  0.0000  , 100.0000 ,  0.0000  ,  0.0000  ,  0.0000  ,  0.0000
 10.4600  , -0.0231  ,  0.1565  , -0.0378  ,  0.4449  , -1.9376  ,  0.3267  ,  0.9205  ,  0.7481  ,  1.3460  , -1.4074  ,  0.0000  , 100.0000 ,  0.0000  ,  0.0000  ,  0.0000  ,  0.0000  ,  0.0000  , 100.0000 ,  0.0000  ,  0.0000  ,  0.0000  ,  0.0000
 10.4800  , -0.0231  ,  0.1565  , -0.0379  ,  0.4454  , -1.9372  ,  0.3350  ,  0.9267  ,  0.7398  ,  1.3490  , -1.4102  ,  0.0000  , 100.0000 ,  0.0000  ,  0.0000  ,  0.0000  ,  0.0000  ,  0.0000  , 100.0000 ,  0.0000  ,  0.0000  ,  0.0000  ,  0.0000
 10.5000  , -0.0230  ,  0.1562  , -0.0360  ,  0.4461  , -1.9372  ,  0.3535  ,  0.9404  ,  0.7216  ,  1.3504  , -1.4115  ,  0.0000  , 100.0000 ,  0.0000  ,  0.0000  ,  0.0000  ,  0.0000  ,  0.0000  , 100.0000 ,  0.0000  ,  0.0000  ,  0.0000  ,  0.0000
 10.5200  , -0.0229  ,  0.1560  , -0.0354  ,  0.4461  , -1.9372  ,  0.3589  ,  0.9442  ,  0.7157  ,  1.3528  , -1.4104  ,  0.0000  , 100.0000 ,  0.0000  ,  0.0000  ,  0.0000  ,  0.0000  ,  0.0000  , 100.0000 ,  0.0000  ,  0.0000  ,  0.0000  ,  0.0000
 10.5400  , -0.0229  ,  0.1558  , -0.0338  ,  0.4450  , -1.9370  ,  0.3842  ,  0.9604  ,  0.6899  ,  1.3515  , -1.4013  ,  0.0000  , 100.0000 ,  0.0000  ,  0.0000  ,  0.0000  ,  0.0000  ,  0.0000  , 100.0000 ,  0.0000  ,  0.0000  ,  0.0000  ,  0.0000
 10.5600  , -0.0229  ,  0.1558  , -0.0339  ,  0.4452  , -1.9382  ,  0.3873  ,  0.9622  ,  0.6863  ,  1.3531  , -1.3900  ,  0.0000  , 100.0000 ,  0.0000  ,  0.0000  ,  0.0000  ,  0.0000  ,  0.0000  , 100.0000 ,  0.0000  ,  0.0000  ,  0.0000  ,  0.0000
 10.5800  , -0.0227  ,  0.1562  , -0.0352  ,  0.4461  , -1.9366  ,  0.4091  ,  0.9735  ,  0.6630  ,  1.3555  , -1.3881  ,  0.0000  , 100.0000 ,  0.0000  ,  0.0000  ,  0.0000  ,  0.0000  ,  0.0000  , 100.0000 ,  0.0000  ,  0.0000  ,  0.0000  ,  0.0000
 10.6000  , -0.0226  ,  0.1561  , -0.0339  ,  0.4472  , -1.9307  ,  0.4198  ,  0.9779  ,  0.6516  ,  1.3599  , -1.3874  ,  0.0000  , 100.0000 ,  0.0000  ,  0.0000  ,  0.0000  ,  0.0000  ,  0.0000  , 100.0000 ,  0.0000  ,  0.0000  ,  0.0000  ,  0.0000
 10.6200  , -0.0225  ,  0.1559  , -0.0350  ,  0.4541  , -1.9144  ,  0.4291  ,  0.9816  ,  0.6405  ,  1.3499  , -1.3963  ,  0.0000  , 100.0000 ,  0.0000  ,  0.0000  ,  0.0000  ,  0.0000  ,  0.0000  , 100.0000 ,  0.0000  ,  0.0000  ,  0.0000  ,  0.0000
 10.6400  , -0.0223  ,  0.1555  , -0.0312  ,  0.4566  , -1.9040  ,  0.4336  ,  0.9820  ,  0.6350  ,  1.3589  , -1.4074  ,  0.0000  , 100.0000 ,  0.0000  ,  0.0000  ,  0.0000  ,  0.0000  ,  0.0000  , 100.0000 ,  0.0000  ,  0.0000  ,  0.0000  ,  0.0000
 10.6600  , -0.0219  ,  0.1547  , -0.0196  ,  0.4640  , -1.9037  ,  0.4387  ,  0.9815  ,  0.6267  ,  1.3756  , -1.4106  ,  0.0000  , 100.0000 ,  0.0000  ,  0.0000  ,  0.0000  ,  0.0000  ,  0.0000  , 100.0000 ,  0.0000  ,  0.0000  ,  0.0000  ,  0.0000
 10.6800  , -0.0210  ,  0.1537  , -0.0004  ,  0.4735  , -1.8916  ,  0.4428  ,  0.9805  ,  0.6181  ,  1.3986  , -1.4261  ,  0.0000  , 100.0000 ,  0.0000  ,  0.0000  ,  0.0000  ,  0.0000  ,  0.0000  , 100.0000 ,  0.0000  ,  0.0000  ,  0.0000  ,  0.0000
 10.7000  , -0.0207  ,  0.1528  ,  0.0315  ,  0.4896  , -1.8775  ,  0.4475  ,  0.9787  ,  0.6041  ,  1.4139  , -1.4260  ,  0.0000  , 100.0000 ,  0.0000  ,  0.0000  ,  0.0000  ,  0.0000  ,  0.0000  , 100.0000 ,  0.0000  ,  0.0000  ,  0.0000  ,  0.0000
 10.7200  , -0.0207  ,  0.1525  ,  0.0453  ,  0.4957  , -1.8670  ,  0.4486  ,  0.9781  ,  0.6002  ,  1.4171  , -1.4300  ,  0.0000  , 100.0000 ,  0.0000  ,  0.0000  ,  0.0000  ,  0.0000  ,  0.0000  , 100.0000 ,  0.0000  ,  0.0000  ,  0.0000  ,  0.0000
 10.7400  , -0.0202  ,  0.1522  ,  0.0644  ,  0.5028  , -1.8728  ,  0.4505  ,  0.9764  ,  0.5942  ,  1.4224  , -1.4491  ,  0.0000  , 100.0000 ,  0.0000  ,  0.0000  ,  0.0000  ,  0.0000  ,  0.0000  , 100.0000 ,  0.0000  ,  0.0000  ,  0.0000  ,  0.0000
 10.7600  , -0.0165  ,  0.1523  ,  0.1282  ,  0.5224  , -1.9022  ,  0.4565  ,  0.9707  ,  0.5856  ,  1.4243  , -1.4533  ,  0.0000  , 100.0000 ,  0.0000  ,  0.0000  ,  0.0000  ,  0.0000  ,  0.0000  , 100.0000 ,  0.0000  ,  0.0000  ,  0.0000  ,  0.0000
 10.7800  , -0.0138  ,  0.1532  ,  0.1593  ,  0.5285  , -1.9859  ,  0.4604  ,  0.9687  ,  0.5809  ,  1.4242  , -1.4664  ,  0.0000  , 100.0000 ,  0.0000  ,  0.0000  ,  0.0000  ,  0.0000  ,  0.0000  , 100.0000 ,  0.0000  ,  0.0000  ,  0.0000  ,  0.0000
 10.8000  , -0.0086  ,  0.1558  ,  0.2360  ,  0.5450  , -2.0164  ,  0.4642  ,  0.9647  ,  0.5739  ,  1.4230  , -1.4654  ,  0.0000  , 100.0000 ,  0.0000  ,  0.0000  ,  0.0000  ,  0.0000  ,  0.0000  , 100.0000 ,  0.0000  ,  0.0000  ,  0.0000  ,  0.0000
 10.8200  , -0.0070  ,  0.1568  ,  0.2693  ,  0.5481  , -2.0356  ,  0.4651  ,  0.9633  ,  0.5769  ,  1.4190  , -1.4620  ,  0.0000  , 100.0000 ,  0.0000  ,  0.0000  ,  0.0000  ,  0.0000  ,  0.0000  , 100.0000 ,  0.0000  ,  0.0000  ,  0.0000  ,  0.0000
 10.8400  , -0.0026  ,  0.1630  ,  0.3259  ,  0.5604  , -2.0807  ,  0.4644  ,  0.9597  ,  0.5760  ,  1.4173  , -1.4569  ,  0.0000  , 100.0000 ,  0.0000  ,  0.0000  ,  0.0000  ,  0.0000  ,  0.0000  , 100.0000 ,  0.0000  ,  0.0000  ,  0.0000  ,  0.0000
 10.8600  ,  0.0037  ,  0.1745  ,  0.3952  ,  0.5759  , -2.0955  ,  0.4647  ,  0.9557  ,  0.5763  ,  1.4119  , -1.4558  ,  0.0000  , 100.0000 ,  0.0000  ,  0.0000  ,  0.0000  ,  0.0000  ,  0.0000  , 100.0000 ,  0.0000  ,  0.0000  ,  0.0000  ,  0.0000
 10.8800  ,  0.0065  ,  0.1800  ,  0.4381  ,  0.5926  , -2.1300  ,  0.4654  ,  0.9541  ,  0.5792  ,  1.4064  , -1.4566  ,  0.0000  , 100.0000 ,  0.0000  ,  0.0000  ,  0.0000  ,  0.0000  ,  0.0000  , 100.0000 ,  0.0000  ,  0.0000  ,  0.0000  ,  0.0000
 10.9000  ,  0.0075  ,  0.1819  ,  0.4687  ,  0.6037  , -2.1231  ,  0.4656  ,  0.9536  ,  0.5799  ,  1.4031  , -1.4573  ,  0.0000  , 100.0000 ,  0.0000  ,  0.0000  ,  0.0000  ,  0.0000  ,  0.0000  , 100.0000 ,  0.0000  ,  0.0000  ,  0.0000  ,  0.0000
 10.9200  ,  0.0238  ,  0.2117  ,  0.5221  ,  0.6101  , -2.1189  ,  0.4650  ,  0.9505  ,  0.5873  ,  1.3978  , -1.4589  ,  0.0000  , 100.0000 ,  0.0000  ,  0.0000  ,  0.0000  ,  0.0000  ,  0.0000  , 100.0000 ,  0.0000  ,  0.0000  ,  0.0000  ,  0.0000
 10.9400  ,  0.0315  ,  0.2266  ,  0.5513  ,  0.6179  , -2.1110  ,  0.4622  ,  0.9490  ,  0.5935  ,  1.3970  , -1.4587  ,  0.0000  , 100.0000 ,  0.0000  ,  0.0000  ,  0.0000  ,  0.0000  ,  0.0000  , 100.0000 ,  0.0000  ,  0.0000  ,  0.0000  ,  0.0000
 10.9600  ,  0.0342  ,  0.2318  ,  0.5715  ,  0.6281  , -2.0928  ,  0.4611  ,  0.9483  ,  0.5974  ,  1.3968  , -1.4582  ,  0.0000  , 100.0000 ,  0.0000  ,  0.0000  ,  0.0000  ,  0.0000  ,  0.0000  , 100.0000 ,  0.0000  ,  0.0000  ,  0.0000  ,  0.0000
 10.9800  ,  0.0506  ,  0.2615  ,  0.6062  ,  0.6361  , -2.0778  ,  0.4521  ,  0.9459  ,  0.6105  ,  1.3990  , -1.4580  ,  0.0000  , 100.0000 ,  0.0000  ,  0.0000  ,  0.0000  ,  0.0000  ,  0.0000  , 100.0000 ,  0.0000  ,  0.0000  ,  0.0000  ,  0.0000
 11.0000  ,  0.0614  ,  0.2809  ,  0.6220  ,  0.6393  , -2.0460  ,  0.4479  ,  0.9439  ,  0.6189  ,  1.4009  , -1.4566  ,  0.0000  , 100.0000 ,  0.0000  ,  0.0000  ,  0.0000  ,  0.0000  ,  0.0000  , 100.0000 ,  0.0000  ,  0.0000  ,  0.0000  ,  0.0000
 11.0200  ,  0.0832  ,  0.3249  ,  0.6322  ,  0.6132  , -2.0356  ,  0.4379  ,  0.9406  ,  0.6355  ,  1.4030  , -1.4561  ,  0.0000  , 100.0000 ,  0.0000  ,  0.0000  ,  0.0000  ,  0.0000  ,  0.0000  , 100.0000 ,  0.0000  ,  0.0000  ,  0.0000  ,  0.0000
 11.0400  ,  0.0881  ,  0.3358  ,  0.6353  ,  0.6166  , -2.0123  ,  0.4347  ,  0.9402  ,  0.6394  ,  1.4041  , -1.4537  ,  0.0000  , 100.0000 ,  0.0000  ,  0.0000  ,  0.0000  ,  0.0000  ,  0.0000  , 100.0000 ,  0.0000  ,  0.0000  ,  0.0000  ,  0.0000
 11.0600  ,  0.0956  ,  0.3519  ,  0.6419  ,  0.6243  , -2.0062  ,  0.4308  ,  0.9400  ,  0.6438  ,  1.4052  , -1.4525  ,  0.0000  , 100.0000 ,  0.0000  ,  0.0000  ,  0.0000  ,  0.0000  ,  0.0000  , 100.0000 ,  0.0000  ,  0.0000  ,  0.0000  ,  0.0000
 11.0800  ,  0.1122  ,  0.3867  ,  0.6143  ,  0.6130  , -2.0017  ,  0.4233  ,  0.9406  ,  0.6506  ,  1.4042  , -1.4512  ,  0.0000  , 100.0000 ,  0.0000  ,  0.0000  ,  0.0000  ,  0.0000  ,  0.0000  , 100.0000 ,  0.0000  ,  0.0000  ,  0.0000  ,  0.0000
 11.1000  ,  0.1243  ,  0.4087  ,  0.6082  ,  0.6085  , -1.9797  ,  0.4212  ,  0.9415  ,  0.6529  ,  1.4040  , -1.4497  ,  0.0000  , 100.0000 ,  0.0000  ,  0.0000  ,  0.0000  ,  0.0000  ,  0.0000  , 100.0000 ,  0.0000  ,  0.0000  ,  0.0000  ,  0.0000
 11.1200  ,  0.1421  ,  0.4412  ,  0.6033  ,  0.6101  , -1.9718  ,  0.4185  ,  0.9441  ,  0.6552  ,  1.4022  , -1.4489  ,  0.0000  , 100.0000 ,  0.0000  ,  0.0000  ,  0.0000  ,  0.0000  ,  0.0000  , 100.0000 ,  0.0000  ,  0.0000  ,  0.0000  ,  0.0000
 11.1400  ,  0.1531  ,  0.4607  ,  0.5964  ,  0.6085  , -1.9612  ,  0.4175  ,  0.9466  ,  0.6548  ,  1.4004  , -1.4485  ,  0.0000  , 100.0000 ,  0.0000  ,  0.0000  ,  0.0000  ,  0.0000  ,  0.0000  , 100.0000 ,  0.0000  ,  0.0000  ,  0.0000  ,  0.0000
 11.1600  ,  0.1593  ,  0.4715  ,  0.6268  ,  0.6349  , -1.9533  ,  0.4168  ,  0.9483  ,  0.6549  ,  1.3976  , -1.4479  ,  0.0000  , 100.0000 ,  0.0000  ,  0.0000  ,  0.0000  ,  0.0000  ,  0.0000  , 100.0000 ,  0.0000  ,  0.0000  ,  0.0000  ,  0.0000
 11.1800  ,  0.1880  ,  0.5240  ,  0.5765  ,  0.6032  , -1.9493  ,  0.4135  ,  0.9518  ,  0.6556  ,  1.3964  , -1.4480  ,  0.0000  , 100.0000 ,  0.0000  ,  0.0000  ,  0.0000  ,  0.0000  ,  0.0000  , 100.0000 ,  0.0000  ,  0.0000  ,  0.0000  ,  0.0000
 11.2000  ,  0.2019  ,  0.5490  ,  0.5520  ,  0.5907  , -1.9376  ,  0.4121  ,  0.9546  ,  0.6549  ,  1.3954  , -1.4490  ,  0.0000  , 100.0000 ,  0.0000  ,  0.0000  ,  0.0000  ,  0.0000  ,  0.0000  , 100.0000 ,  0.0000  ,  0.0000  ,  0.0000  ,  0.0000
 11.2200  ,  0.2099  ,  0.5626  ,  0.5499  ,  0.6138  , -1.9216  ,  0.4113  ,  0.9565  ,  0.6546  ,  1.3936  , -1.4491  ,  0.0000  , 100.0000 ,  0.0000  ,  0.0000  ,  0.0000  ,  0.0000  ,  0.0000  , 100.0000 ,  0.0000  ,  0.0000  ,  0.0000  ,  0.0000
 11.2400  ,  0.2363  ,  0.6011  ,  0.5239  ,  0.6048  , -1.9114  ,  0.4121  ,  0.9615  ,  0.6536  ,  1.3886  , -1.4495  ,  0.0000  , 100.0000 ,  0.0000  ,  0.0000  ,  0.0000  ,  0.0000  ,  0.0000  , 100.0000 ,  0.0000  ,  0.0000  ,  0.0000  ,  0.0000
 11.2600  ,  0.2415  ,  0.6083  ,  0.5203  ,  0.6054  , -1.9081  ,  0.4125  ,  0.9626  ,  0.6539  ,  1.3872  , -1.4496  ,  0.0000  , 100.0000 ,  0.0000  ,  0.0000  ,  0.0000  ,  0.0000  ,  0.0000  , 100.0000 ,  0.0000  ,  0.0000  ,  0.0000  ,  0.0000
 11.2800  ,  0.2550  ,  0.6286  ,  0.4990  ,  0.5988  , -1.8978  ,  0.4135  ,  0.9656  ,  0.6522  ,  1.3841  , -1.4504  ,  0.0000  , 100.0000 ,  0.0000  ,  0.0000  ,  0.0000  ,  0.0000  ,  0.0000  , 100.0000 ,  0.0000  ,  0.0000  ,  0.0000  ,  0.0000
 11.3000  ,  0.2628  ,  0.6396  ,  0.4891  ,  0.6041  , -1.8936  ,  0.4143  ,  0.9677  ,  0.6509  ,  1.3808  , -1.4510  ,  0.0000  , 100.0000 ,  0.0000  ,  0.0000  ,  0.0000  ,  0.0000  ,  0.0000  , 100.0000 ,  0.0000  ,  0.0000  ,  0.0000  ,  0.0000
 11.3200  ,  0.2889  ,  0.6719  ,  0.4734  ,  0.6124  , -1.8889  ,  0.4108  ,  0.9749  ,  0.6497  ,  1.3776  , -1.4517  ,  0.0000  , 100.0000 ,  0.0000  ,  0.0000  ,  0.0000  ,  0.0000  ,  0.0000  , 100.0000 ,  0.0000  ,  0.0000  ,  0.0000  ,  0.0000
 11.3400  ,  0.3032  ,  0.6899  ,  0.4490  ,  0.6032  , -1.8542  ,  0.4098  ,  0.9773  ,  0.6497  ,  1.3769  , -1.4584  ,  0.0000  , 100.0000 ,  0.0000  ,  0.0000  ,  0.0000  ,  0.0000  ,  0.0000  , 100.0000 ,  0.0000  ,  0.0000  ,  0.0000  ,  0.0000
 11.3600  ,  0.3219  ,  0.7139  ,  0.4204  ,  0.6069  , -1.8467  ,  0.4084  ,  0.9823  ,  0.6472  ,  1.3732  , -1.4586  ,  0.0000  , 100.0000 ,  0.0000  ,  0.0000  ,  0.0000  ,  0.0000  ,  0.0000  , 100.0000 ,  0.0000  ,  0.0000  ,  0.0000  ,  0.0000
 11.3800  ,  0.3282  ,  0.7216  ,  0.4186  ,  0.6168  , -1.8341  ,  0.4078  ,  0.9846  ,  0.6467  ,  1.3716  , -1.4574  ,  0.0000  , 100.0000 ,  0.0000  ,  0.0000  ,  0.0000  ,  0.0000  ,  0.0000  , 100.0000 ,  0.0000  ,  0.0000  ,  0.0000  ,  0.0000
 11.4000  ,  0.3363  ,  0.7297  ,  0.4131  ,  0.6207  , -1.8336  ,  0.4076  ,  0.9864  ,  0.6460  ,  1.3700  , -1.4578  ,  0.0000  , 100.0000 ,  0.0000  ,  0.0000  ,  0.0000  ,  0.0000  ,  0.0000  , 100.0000 ,  0.0000  ,  0.0000  ,  0.0000  ,  0.0000
 11.4200  ,  0.3649  ,  0.7527  ,  0.3943  ,  0.6373  , -1.8348  ,  0.4076  ,  0.9911  ,  0.6429  ,  1.3669  , -1.4585  ,  0.0000  , 100.0000 ,  0.0000  ,  0.0000  ,  0.0000  ,  0.0000  ,  0.0000  , 100.0000 ,  0.0000  ,  0.0000  ,  0.0000  ,  0.0000
 11.4400  ,  0.3752  ,  0.7594  ,  0.3908  ,  0.6407  , -1.8218  ,  0.4068  ,  0.9928  ,  0.6424  ,  1.3661  , -1.4597  ,  0.0000  , 100.0000 ,  0.0000  ,  0.0000  ,  0.0000  ,  0.0000  ,  0.0000  , 100.0000 ,  0.0000  ,  0.0000  ,  0.0000  ,  0.0000
 11.4600  ,  0.3923  ,  0.7713  ,  0.3886  ,  0.6570  , -1.8131  ,  0.4050  ,  0.9953  ,  0.6417  ,  1.3653  , -1.4596  ,  0.0000  , 100.0000 ,  0.0000  ,  0.0000  ,  0.0000  ,  0.0000  ,  0.0000  , 100.0000 ,  0.0000  ,  0.0000  ,  0.0000  ,  0.0000
 11.4800  ,  0.4032  ,  0.7793  ,  0.3718  ,  0.6654  , -1.7960  ,  0.4035  ,  0.9968  ,  0.6406  ,  1.3652  , -1.4605  ,  0.0000  , 100.0000 ,  0.0000  ,  0.0000  ,  0.0000  ,  0.0000  ,  0.0000  , 100.0000 ,  0.0000  ,  0.0000  ,  0.0000  ,  0.0000
 11.5000  ,  0.4130  ,  0.7862  ,  0.3668  ,  0.6742  , -1.7960  ,  0.3996  ,  0.9986  ,  0.6404  ,  1.3659  , -1.4605  ,  0.0000  , 100.0000 ,  0.0000  ,  0.0000  ,  0.0000  ,  0.0000  ,  0.0000  , 100.0000 ,  0.0000  ,  0.0000  ,  0.0000  ,  0.0000
 11.5200  ,  0.4265  ,  0.7947  ,  0.3718  ,  0.7065  , -1.7755  ,  0.3946  ,  1.0010  ,  0.6409  ,  1.3670  , -1.4620  ,  0.0000  , 100.0000 ,  0.0000  ,  0.0000  ,  0.0000  ,  0.0000  ,  0.0000  , 100.0000 ,  0.0000  ,  0.0000  ,  0.0000  ,  0.0000
 11.5400  ,  0.4381  ,  0.8008  ,  0.3676  ,  0.7140  , -1.7755  ,  0.3924  ,  1.0026  ,  0.6403  ,  1.3679  , -1.4620  ,  0.0000  , 100.0000 ,  0.0000  ,  0.0000  ,  0.0000  ,  0.0000  ,  0.0000  , 100.0000 ,  0.0000  ,  0.0000  ,  0.0000  ,  0.0000
 11.5600  ,  0.4545  ,  0.8099  ,  0.3598  ,  0.7305  , -1.7591  ,  0.3907  ,  1.0048  ,  0.6398  ,  1.3669  , -1.4647  ,  0.0000  , 100.0000 ,  0.0000  ,  0.0000  ,  0.0000  ,  0.0000  ,  0.0000  , 100.0000 ,  0.0000  ,  0.0000  ,  0.0000  ,  0.0000
 11.5800  ,  0.4654  ,  0.8163  ,  0.3578  ,  0.7549  , -1.7551  ,  0.3906  ,  1.0063  ,  0.6397  ,  1.3658  , -1.4658  ,  0.0000  , 100.0000 ,  0.0000  ,  0.0000  ,  0.0000  ,  0.0000  ,  0.0000  , 100.0000 ,  0.0000  ,  0.0000  ,  0.0000  ,  0.0000
 11.6000  ,  0.4759  ,  0.8214  ,  0.3528  ,  0.7657  , -1.7365  ,  0.3870  ,  1.0070  ,  0.6414  ,  1.3669  , -1.4669  ,  0.0000  , 100.0000 ,  0.0000  ,  0.0000  ,  0.0000  ,  0.0000  ,  0.0000  , 100.0000 ,  0.0000  ,  0.0000  ,  0.0000  ,  0.0000
 11.6200  ,  0.4928  ,  0.8294  ,  0.3545  ,  0.8017  , -1.7296  ,  0.3813  ,  1.0081  ,  0.6441  ,  1.3692  , -1.4670  ,  0.0000  , 100.0000 ,  0.0000  ,  0.0000  ,  0.0000  ,  0.0000  ,  0.0000  , 100.0000 ,  0.0000  ,  0.0000  ,  0.0000  ,  0.0000
 11.6400  ,  0.4989  ,  0.8322  ,  0.3514  ,  0.8117  , -1.7244  ,  0.3797  ,  1.0083  ,  0.6450  ,  1.3697  , -1.4673  ,  0.0000  , 100.0000 ,  0.0000  ,  0.0000  ,  0.0000  ,  0.0000  ,  0.0000  , 100.0000 ,  0.0000  ,  0.0000  ,  0.0000  ,  0.0000
 11.6600  ,  0.5176  ,  0.8398  ,  0.3420  ,  0.8456  , -1.7098  ,  0.3738  ,  1.0113  ,  0.6463  ,  1.3700  , -1.4677  ,  0.0000  , 100.0000 ,  0.0000  ,  0.0000  ,  0.0000  ,  0.0000  ,  0.0000  , 100.0000 ,  0.0000  ,  0.0000  ,  0.0000  ,  0.0000
 11.6800  ,  0.5211  ,  0.8411  ,  0.3281  ,  0.8265  , -1.7009  ,  0.3726  ,  1.0121  ,  0.6461  ,  1.3708  , -1.4670  ,  0.0000  , 100.0000 ,  0.0000  ,  0.0000  ,  0.0000  ,  0.0000  ,  0.0000  , 100.0000 ,  0.0000  ,  0.0000  ,  0.0000  ,  0.0000
 11.7000  ,  0.5279  ,  0.8435  ,  0.3267  ,  0.8504  , -1.7009  ,  0.3686  ,  1.0136  ,  0.6472  ,  1.3717  , -1.4670  ,  0.0000  , 100.0000 ,  0.0000  ,  0.0000  ,  0.0000  ,  0.0000  ,  0.0000  , 100.0000 ,  0.0000  ,  0.0000  ,  0.0000  ,  0.0000
 11.7200  ,  0.5391  ,  0.8461  ,  0.3252  ,  0.8904  , -1.6856  ,  0.3647  ,  1.0152  ,  0.6490  ,  1.3729  , -1.4631  ,  0.0000  , 100.0000 ,  0.0000  ,  0.0000  ,  0.0000  ,  0.0000  ,  0.0000  , 100.0000 ,  0.0000  ,  0.0000  ,  0.0000  ,  0.0000
 11.7400  ,  0.5449  ,  0.8472  ,  0.3285  ,  0.9037  , -1.6807  ,  0.3632  ,  1.0158  ,  0.6507  ,  1.3743  , -1.4596  ,  0.0000  , 100.0000 ,  0.0000  ,  0.0000  ,  0.0000  ,  0.0000  ,  0.0000  , 100.0000 ,  0.0000  ,  0.0000  ,  0.0000  ,  0.0000
 11.7600  ,  0.5492  ,  0.8490  ,  0.3248  ,  0.9155  , -1.6722  ,  0.3618  ,  1.0167  ,  0.6510  ,  1.3746  , -1.4570  ,  0.0000  , 100.0000 ,  0.0000  ,  0.0000  ,  0.0000  ,  0.0000  ,  0.0000  , 100.0000 ,  0.0000  ,  0.0000  ,  0.0000  ,  0.0000
 11.7800  ,  0.5623  ,  0.8550  ,  0.3123  ,  0.9533  , -1.6650  ,  0.3569  ,  1.0204  ,  0.6518  ,  1.3762  , -1.4553  ,  0.0000  , 100.0000 ,  0.0000  ,  0.0000  ,  0.0000  ,  0.0000  ,  0.0000  , 100.0000 ,  0.0000  ,  0.0000  ,  0.0000  ,  0.0000
 11.8000  ,  0.5681  ,  0.8567  ,  0.3082  ,  0.9731  , -1.6509  ,  0.3550  ,  1.0218  ,  0.6525  ,  1.3775  , -1.4518  ,  0.0000  , 100.0000 ,  0.0000  ,  0.0000  ,  0.0000  ,  0.0000  ,  0.0000  , 100.0000 ,  0.0000  ,  0.0000  ,  0.0000  ,  0.0000
 11.8200  ,  0.5711  ,  0.8575  ,  0.3150  ,  0.9780  , -1.6426  ,  0.3539  ,  1.0225  ,  0.6525  ,  1.3793  , -1.4493  ,  0.0000  , 100.0000 ,  0.0000  ,  0.0000  ,  0.0000  ,  0.0000  ,  0.0000  , 100.0000 ,  0.0000  ,  0.0000  ,  0.0000  ,  0.0000
 11.8400  ,  0.5843  ,  0.8631  ,  0.3013  ,  1.0171  , -1.6288  ,  0.3504  ,  1.0260  ,  0.6535  ,  1.3827  , -1.4448  ,  0.0000  , 100.0000 ,  0.0000  ,  0.0000  ,  0.0000  ,  0.0000  ,  0.0000  , 100.0000 ,  0.0000  ,  0.0000  ,  0.0000  ,  0.0000
 11.8600  ,  0.5903  ,  0.8641  ,  0.2972  ,  1.0332  , -1.6173  ,  0.3491  ,  1.0274  ,  0.6539  ,  1.3841  , -1.4392  ,  0.0000  , 100.0000 ,  0.0000  ,  0.0000  ,  0.0000  ,  0.0000  ,  0.0000  , 100.0000 ,  0.0000  ,  0.0000  ,  0.0000  ,  0.0000
 11.8800  ,  0.6008  ,  0.8660  ,  0.2998  ,  1.0615  , -1.6059  ,  0.3474  ,  1.0296  ,  0.6550  ,  1.3898  , -1.4370  ,  0.0000  , 100.0000 ,  0.0000  ,  0.0000  ,  0.0000  ,  0.0000  ,  0.0000  , 100.0000 ,  0.0000  ,  0.0000  ,  0.0000  ,  0.0000
 11.9000  ,  0.6106  ,  0.8684  ,  0.2905  ,  1.0749  , -1.6024  ,  0.3474  ,  1.0311  ,  0.6547  ,  1.3912  , -1.4369  ,  0.0000  , 100.0000 ,  0.0000  ,  0.0000  ,  0.0000  ,  0.0000  ,  0.0000  , 100.0000 ,  0.0000  ,  0.0000  ,  0.0000  ,  0.0000
 11.9200  ,  0.6217  ,  0.8706  ,  0.2793  ,  1.0992  , -1.5963  ,  0.3464  ,  1.0338  ,  0.6546  ,  1.3941  , -1.4366  ,  0.0000  , 100.0000 ,  0.0000  ,  0.0000  ,  0.0000  ,  0.0000  ,  0.0000  , 100.0000 ,  0.0000  ,  0.0000  ,  0.0000  ,  0.0000
 11.9400  ,  0.6266  ,  0.8712  ,  0.2740  ,  1.1151  , -1.5846  ,  0.3454  ,  1.0355  ,  0.6541  ,  1.3950  , -1.4320  ,  0.0000  , 100.0000 ,  0.0000  ,  0.0000  ,  0.0000  ,  0.0000  ,  0.0000  , 100.0000 ,  0.0000  ,  0.0000  ,  0.0000  ,  0.0000
 11.9600  ,  0.6353  ,  0.8729  ,  0.2812  ,  1.1244  , -1.5756  ,  0.3448  ,  1.0379  ,  0.6520  ,  1.3997  , -1.4264  ,  0.0000  , 100.0000 ,  0.0000  ,  0.0000  ,  0.0000  ,  0.0000  ,  0.0000  , 100.0000 ,  0.0000  ,  0.0000  ,  0.0000  ,  0.0000
 11.9800  ,  0.6494  ,  0.8753  ,  0.2664  ,  1.1466  , -1.5663  ,  0.3445  ,  1.0412  ,  0.6504  ,  1.4014  , -1.4143  ,  0.0000  , 100.0000 ,  0.0000  ,  0.0000  ,  0.0000  ,  0.0000  ,  0.0000  , 100.0000 ,  0.0000  ,  0.0000  ,  0.0000  ,  0.0000
 12.0000  ,  0.6564  ,  0.8756  ,  0.2588  ,  1.1618  , -1.5690  ,  0.3442  ,  1.0421  ,  0.6503  ,  1.4029  , -1.4124  ,  0.0000  , 100.0000 ,  0.0000  ,  0.0000  ,  0.0000  ,  0.0000  ,  0.0000  , 100.0000 ,  0.0000  ,  0.0000  ,  0.0000  ,  0.0000
 12.0200  ,  0.6600  ,  0.8757  ,  0.2708  ,  1.1569  , -1.5680  ,  0.3441  ,  1.0426  ,  0.6490  ,  1.4050  , -1.4118  ,  0.0000  , 100.0000 ,  0.0000  ,  0.0000  ,  0.0000  ,  0.0000  ,  0.0000  , 100.0000 ,  0.0000  ,  0.0000  ,  0.0000  ,  0.0000
 12.0400  ,  0.6716  ,  0.8784  ,  0.2549  ,  1.1758  , -1.5613  ,  0.3444  ,  1.0442  ,  0.6476  ,  1.4064  , -1.4085  ,  0.0000  , 100.0000 ,  0.0000  ,  0.0000  ,  0.0000  ,  0.0000  ,  0.0000  , 100.0000 ,  0.0000  ,  0.0000  ,  0.0000  ,  0.0000
 12.0600  ,  0.6805  ,  0.8807  ,  0.2400  ,  1.1958  , -1.5449  ,  0.3448  ,  1.0455  ,  0.6461  ,  1.4073  , -1.4060  ,  0.0000  , 100.0000 ,  0.0000  ,  0.0000  ,  0.0000  ,  0.0000  ,  0.0000  , 100.0000 ,  0.0000  ,  0.0000  ,  0.0000  ,  0.0000
 12.0800  ,  0.6952  ,  0.8818  ,  0.2304  ,  1.2015  , -1.5338  ,  0.3477  ,  1.0474  ,  0.6426  ,  1.4086  , -1.4048  ,  0.0000  , 100.0000 ,  0.0000  ,  0.0000  ,  0.0000  ,  0.0000  ,  0.0000  , 100.0000 ,  0.0000  ,  0.0000  ,  0.0000  ,  0.0000
 12.1000  ,  0.7010  ,  0.8820  ,  0.2222  ,  1.2111  , -1.5363  ,  0.3483  ,  1.0484  ,  0.6405  ,  1.4081  , -1.4028  ,  0.0000  , 100.0000 ,  0.0000  ,  0.0000  ,  0.0000  ,  0.0000  ,  0.0000  , 100.0000 ,  0.0000  ,  0.0000  ,  0.0000  ,  0.0000
 12.1200  ,  0.7065  ,  0.8815  ,  0.2143  ,  1.2226  , -1.5354  ,  0.3486  ,  1.0492  ,  0.6385  ,  1.4080  , -1.3947  ,  0.0000  , 100.0000 ,  0.0000  ,  0.0000  ,  0.0000  ,  0.0000  ,  0.0000  , 100.0000 ,  0.0000  ,  0.0000  ,  0.0000  ,  0.0000
 12.1400  ,  0.7110  ,  0.8801  ,  0.2013  ,  1.2424  , -1.5419  ,  0.3481  ,  1.0493  ,  0.6375  ,  1.4105  , -1.3964  ,  0.0000  , 100.0000 ,  0.0000  ,  0.0000  ,  0.0000  ,  0.0000  ,  0.0000  , 100.0000 ,  0.0000  ,  0.0000  ,  0.0000  ,  0.0000
 12.1600  ,  0.7126  ,  0.8796  ,  0.1969  ,  1.2534  , -1.5478  ,  0.3479  ,  1.0494  ,  0.6371  ,  1.4108  , -1.3994  ,  0.0000  , 100.0000 ,  0.0000  ,  0.0000  ,  0.0000  ,  0.0000  ,  0.0000  , 100.0000 ,  0.0000  ,  0.0000  ,  0.0000  ,  0.0000
 12.1800  ,  0.7205  ,  0.8778  ,  0.1865  ,  1.2719  , -1.5460  ,  0.3457  ,  1.0491  ,  0.6372  ,  1.4121  , -1.3996  ,  0.0000  , 100.0000 ,  0.0000  ,  0.0000  ,  0.0000  ,  0.0000  ,  0.0000  , 100.0000 ,  0.0000  ,  0.0000  ,  0.0000  ,  0.0000
 12.2000  ,  0.7228  ,  0.8763  ,  0.1831  ,  1.2810  , -1.5378  ,  0.3446  ,  1.0483  ,  0.6375  ,  1.4131  , -1.3990  ,  0.0000  , 100.0000 ,  0.0000  ,  0.0000  ,  0.0000  ,  0.0000  ,  0.0000  , 100.0000 ,  0.0000  ,  0.0000  ,  0.0000  ,  0.0000
 12.2200  ,  0.7246  ,  0.8752  ,  0.1783  ,  1.2869  , -1.5380  ,  0.3438  ,  1.0477  ,  0.6382  ,  1.4152  , -1.3996  ,  0.0000  , 100.0000 ,  0.0000  ,  0.0000  ,  0.0000  ,  0.0000  ,  0.0000  , 100.0000 ,  0.0000  ,  0.0000  ,  0.0000  ,  0.0000
 12.2400  ,  0.7307  ,  0.8727  ,  0.1700  ,  1.2999  , -1.5418  ,  0.3432  ,  1.0468  ,  0.6387  ,  1.4152  , -1.4012  ,  0.0000  , 100.0000 ,  0.0000  ,  0.0000  ,  0.0000  ,  0.0000  ,  0.0000  , 100.0000 ,  0.0000  ,  0.0000  ,  0.0000  ,  0.0000
 12.2600  ,  0.7327  ,  0.8715  ,  0.1659  ,  1.3063  , -1.5626  ,  0.3422  ,  1.0462  ,  0.6396  ,  1.4149  , -1.4073  ,  0.0000  , 100.0000 ,  0.0000  ,  0.0000  ,  0.0000  ,  0.0000  ,  0.0000  , 100.0000 ,  0.0000  ,  0.0000  ,  0.0000  ,  0.0000
 12.2800  ,  0.7344  ,  0.8700  ,  0.1630  ,  1.3113  , -1.5851  ,  0.3403  ,  1.0455  ,  0.6412  ,  1.4156  , -1.4148  ,  0.0000  , 100.0000 ,  0.0000  ,  0.0000  ,  0.0000  ,  0.0000  ,  0.0000  , 100.0000 ,  0.0000  ,  0.0000  ,  0.0000  ,  0.0000
 12.3000  ,  0.7365  ,  0.8681  ,  0.1549  ,  1.3214  , -1.5943  ,  0.3378  ,  1.0445  ,  0.6439  ,  1.4176  , -1.4198  ,  0.0000  , 100.0000 ,  0.0000  ,  0.0000  ,  0.0000  ,  0.0000  ,  0.0000  , 100.0000 ,  0.0000  ,  0.0000  ,  0.0000  ,  0.0000
 12.3200  ,  0.7337  ,  0.8639  ,  0.1536  ,  1.3315  , -1.6671  ,  0.3306  ,  1.0395  ,  0.6523  ,  1.4195  , -1.4447  ,  0.0000  , 100.0000 ,  0.0000  ,  0.0000  ,  0.0000  ,  0.0000  ,  0.0000  , 100.0000 ,  0.0000  ,  0.0000  ,  0.0000  ,  0.0000
 12.3400  ,  0.7308  ,  0.8616  ,  0.1519  ,  1.3372  , -1.7091  ,  0.3259  ,  1.0356  ,  0.6589  ,  1.4204  , -1.4524  ,  0.0000  , 100.0000 ,  0.0000  ,  0.0000  ,  0.0000  ,  0.0000  ,  0.0000  , 100.0000 ,  0.0000  ,  0.0000  ,  0.0000  ,  0.0000
 12.3600  ,  0.7294  ,  0.8605  ,  0.1498  ,  1.3377  , -1.7259  ,  0.3236  ,  1.0336  ,  0.6614  ,  1.4169  , -1.4504  ,  0.0000  , 100.0000 ,  0.0000  ,  0.0000  ,  0.0000  ,  0.0000  ,  0.0000  , 100.0000 ,  0.0000  ,  0.0000  ,  0.0000  ,  0.0000
 12.3800  ,  0.7241  ,  0.8597  ,  0.1442  ,  1.3398  , -1.7435  ,  0.3130  ,  1.0300  ,  0.6707  ,  1.4107  , -1.4363  ,  0.0000  , 100.0000 ,  0.0000  ,  0.0000  ,  0.0000  ,  0.0000  ,  0.0000  , 100.0000 ,  0.0000  ,  0.0000  ,  0.0000  ,  0.0000
 12.4000  ,  0.7222  ,  0.8595  ,  0.1392  ,  1.3406  , -1.7523  ,  0.3084  ,  1.0282  ,  0.6748  ,  1.4074  , -1.4338  ,  0.0000  , 100.0000 ,  0.0000  ,  0.0000  ,  0.0000  ,  0.0000  ,  0.0000  , 100.0000 ,  0.0000  ,  0.0000  ,  0.0000  ,  0.0000
 12.4200  ,  0.7175  ,  0.8572  ,  0.1313  ,  1.3484  , -1.7633  ,  0.3023  ,  1.0238  ,  0.6828  ,  1.4022  , -1.4343  ,  0.0000  , 100.0000 ,  0.0000  ,  0.0000  ,  0.0000  ,  0.0000  ,  0.0000  , 100.0000 ,  0.0000  ,  0.0000  ,  0.0000  ,  0.0000
 12.4400  ,  0.7138  ,  0.8546  ,  0.1310  ,  1.3532  , -1.8634  ,  0.2999  ,  1.0205  ,  0.6866  ,  1.4032  , -1.4179  ,  0.0000  , 100.0000 ,  0.0000  ,  0.0000  ,  0.0000  ,  0.0000  ,  0.0000  , 100.0000 ,  0.0000  ,  0.0000  ,  0.0000  ,  0.0000
 12.4600  ,  0.7103  ,  0.8531  ,  0.1320  ,  1.3573  , -1.8928  ,  0.2978  ,  1.0185  ,  0.6888  ,  1.4047  , -1.3947  ,  0.0000  , 100.0000 ,  0.0000  ,  0.0000  ,  0.0000  ,  0.0000  ,  0.0000  , 100.0000 ,  0.0000  ,  0.0000  ,  0.0000  ,  0.0000
 12.4800  ,  0.6994  ,  0.8497  ,  0.1244  ,  1.3787  , -1.8885  ,  0.2911  ,  1.0137  ,  0.6912  ,  1.4105  , -1.3749  ,  0.0000  , 100.0000 ,  0.0000  ,  0.0000  ,  0.0000  ,  0.0000  ,  0.0000  , 100.0000 ,  0.0000  ,  0.0000  ,  0.0000  ,  0.0000
 12.5000  ,  0.6952  ,  0.8489  ,  0.1213  ,  1.3867  , -1.8773  ,  0.2884  ,  1.0121  ,  0.6893  ,  1.4135  , -1.3626  ,  0.0000  , 100.0000 ,  0.0000  ,  0.0000  ,  0.0000  ,  0.0000  ,  0.0000  , 100.0000 ,  0.0000  ,  0.0000  ,  0.0000  ,  0.0000
 12.5200  ,  0.6897  ,  0.8464  ,  0.1096  ,  1.4034  , -1.8461  ,  0.2851  ,  1.0077  ,  0.6865  ,  1.4229  , -1.3573  ,  0.0000  , 100.0000 ,  0.0000  ,  0.0000  ,  0.0000  ,  0.0000  ,  0.0000  , 100.0000 ,  0.0000  ,  0.0000  ,  0.0000  ,  0.0000
 12.5400  ,  0.6877  ,  0.8446  ,  0.1045  ,  1.4158  , -1.8423  ,  0.2840  ,  1.0046  ,  0.6853  ,  1.4357  , -1.3715  ,  0.0000  , 100.0000 ,  0.0000  ,  0.0000  ,  0.0000  ,  0.0000  ,  0.0000  , 100.0000 ,  0.0000  ,  0.0000  ,  0.0000  ,  0.0000
 12.5600  ,  0.6844  ,  0.8412  ,  0.1021  ,  1.4249  , -1.9264  ,  0.2826  ,  1.0004  ,  0.6866  ,  1.4420  , -1.4189  ,  0.0000  , 100.0000 ,  0.0000  ,  0.0000  ,  0.0000  ,  0.0000  ,  0.0000  , 100.0000 ,  0.0000  ,  0.0000  ,  0.0000  ,  0.0000
 12.5800  ,  0.6787  ,  0.8353  ,  0.1011  ,  1.4370  , -2.0018  ,  0.2804  ,  0.9934  ,  0.6876  ,  1.4529  , -1.4629  ,  0.0000  , 100.0000 ,  0.0000  ,  0.0000  ,  0.0000  ,  0.0000  ,  0.0000  , 100.0000 ,  0.0000  ,  0.0000  ,  0.0000  ,  0.0000
 12.6000  ,  0.6750  ,  0.8331  ,  0.1023  ,  1.4408  , -2.0747  ,  0.2834  ,  0.9919  ,  0.6866  ,  1.4537  , -1.5850  ,  0.0000  , 100.0000 ,  0.0000  ,  0.0000  ,  0.0000  ,  0.0000  ,  0.0000  , 100.0000 ,  0.0000  ,  0.0000  ,  0.0000  ,  0.0000
 12.6200  ,  0.6732  ,  0.8319  ,  0.1013  ,  1.4305  , -2.1073  ,  0.2849  ,  0.9912  ,  0.6860  ,  1.4615  , -1.6943  ,  0.0000  , 100.0000 ,  0.0000  ,  0.0000  ,  0.0000  ,  0.0000  ,  0.0000  , 100.0000 ,  0.0000  ,  0.0000  ,  0.0000  ,  0.0000
 12.6400  ,  0.6739  ,  0.8312  ,  0.0996  ,  1.4237  , -2.1673  ,  0.2953  ,  0.9940  ,  0.6800  ,  1.4601  , -1.8811  ,  0.0000  , 100.0000 ,  0.0000  ,  0.0000  ,  0.0000  ,  0.0000  ,  0.0000  , 100.0000 ,  0.0000  ,  0.0000  ,  0.0000  ,  0.0000
 12.6600  ,  0.6782  ,  0.8322  ,  0.0963  ,  1.4116  , -2.2224  ,  0.3060  ,  1.0008  ,  0.6709  ,  1.4496  , -1.9474  ,  0.0000  , 100.0000 ,  0.0000  ,  0.0000  ,  0.0000  ,  0.0000  ,  0.0000  , 100.0000 ,  0.0000  ,  0.0000  ,  0.0000  ,  0.0000
 12.6800  ,  0.6862  ,  0.8346  ,  0.0901  ,  1.3970  , -2.3055  ,  0.3232  ,  1.0130  ,  0.6546  ,  1.4235  , -1.9799  ,  0.0000  , 100.0000 ,  0.0000  ,  0.0000  ,  0.0000  ,  0.0000  ,  0.0000  , 100.0000 ,  0.0000  ,  0.0000  ,  0.0000  ,  0.0000
 12.7000  ,  0.6915  ,  0.8363  ,  0.0877  ,  1.3805  , -2.4214  ,  0.3363  ,  1.0193  ,  0.6453  ,  1.4030  , -1.9918  ,  0.0000  , 100.0000 ,  0.0000  ,  0.0000  ,  0.0000  ,  0.0000  ,  0.0000  , 100.0000 ,  0.0000  ,  0.0000  ,  0.0000  ,  0.0000
 12.7200  ,  0.6958  ,  0.8376  ,  0.0868  ,  1.3635  , -2.6297  ,  0.3465  ,  1.0240  ,  0.6391  ,  1.3819  , -2.1785  ,  0.0000  , 100.0000 ,  0.0000  ,  0.0000  ,  0.0000  ,  0.0000  ,  0.0000  , 100.0000 ,  0.0000  ,  0.0000  ,  0.0000  ,  0.0000
 12.7400  ,  0.7096  ,  0.8445  ,  0.0766  ,  1.3309  , -2.5742  ,  0.3625  ,  1.0319  ,  0.6315  ,  1.3665  , -2.2064  ,  0.0000  , 100.0000 ,  0.0000  ,  0.0000  ,  0.0000  ,  0.0000  ,  0.0000  , 100.0000 ,  0.0000  ,  0.0000  ,  0.0000  ,  0.0000
 12.7600  ,  0.7178  ,  0.8490  ,  0.0712  ,  1.3033  , -2.5742  ,  0.3730  ,  1.0386  ,  0.6257  ,  1.3354  , -2.2064  ,  0.0000  , 100.0000 ,  0.0000  ,  0.0000  ,  0.0000  ,  0.0000  ,  0.0000  , 100.0000 ,  0.0000  ,  0.0000  ,  0.0000  ,  0.0000
 12.7800  ,  0.7225  ,  0.8518  ,  0.0687  ,  1.2843  , -2.6410  ,  0.3797  ,  1.0434  ,  0.6223  ,  1.3138  , -2.2587  ,  0.0000  , 100.0000 ,  0.0000  ,  0.0000  ,  0.0000  ,  0.0000  ,  0.0000  , 100.0000 ,  0.0000  ,  0.0000  ,  0.0000  ,  0.0000
 12.8000  ,  0.7324  ,  0.8579  ,  0.0638  ,  1.2421  , -2.7226  ,  0.3961  ,  1.0511  ,  0.6165  ,  1.2544  , -2.3011  ,  0.0000  , 100.0000 ,  0.0000  ,  0.0000  ,  0.0000  ,  0.0000  ,  0.0000  , 100.0000 ,  0.0000  ,  0.0000  ,  0.0000  ,  0.0000
 12.8200  ,  0.7405  ,  0.8638  ,  0.0570  ,  1.2123  , -2.7857  ,  0.4037  ,  1.0575  ,  0.6121  ,  1.2249  , -2.3611  ,  0.0000  , 100.0000 ,  0.0000  ,  0.0000  ,  0.0000  ,  0.0000  ,  0.0000  , 100.0000 ,  0.0000  ,  0.0000  ,  0.0000  ,  0.0000
 12.8400  ,  0.7536  ,  0.8734  ,  0.0416  ,  1.1731  , -2.7854  ,  0.4144  ,  1.0681  ,  0.6018  ,  1.1831  , -2.3631  ,  0.0000  , 100.0000 ,  0.0000  ,  0.0000  ,  0.0000  ,  0.0000  ,  0.0000  , 100.0000 ,  0.0000  ,  0.0000  ,  0.0000  ,  0.0000
 12.8600  ,  0.7646  ,  0.8807  ,  0.0269  ,  1.1472  , -2.7920  ,  0.4251  ,  1.0772  ,  0.5895  ,  1.1538  , -2.3746  ,  0.0000  , 100.0000 ,  0.0000  ,  0.0000  ,  0.0000  ,  0.0000  ,  0.0000  , 100.0000 ,  0.0000  ,  0.0000  ,  0.0000  ,  0.0000
 12.8800  ,  0.7729  ,  0.8861  ,  0.0167  ,  1.1206  , -2.8018  ,  0.4334  ,  1.0836  ,  0.5803  ,  1.1293  , -2.3820  ,  0.0000  , 100.0000 ,  0.0000  ,  0.0000  ,  0.0000  ,  0.0000  ,  0.0000  , 100.0000 ,  0.0000  ,  0.0000  ,  0.0000  ,  0.0000
 12.9000  ,  0.8005  ,  0.9010  , -0.0183  ,  1.0597  , -2.8362  ,  0.4532  ,  1.1003  ,  0.5544  ,  1.0690  , -2.3975  ,  0.0000  , 100.0000 ,  0.0000  ,  0.0000  ,  0.0000  ,  0.0000  ,  0.0000  , 100.0000 ,  0.0000  ,  0.0000  ,  0.0000  ,  0.0000
 12.9200  ,  0.8147  ,  0.9091  , -0.0383  ,  1.0301  , -2.8477  ,  0.4633  ,  1.1115  ,  0.5344  ,  1.0409  , -2.3875  ,  0.0000  , 100.0000 ,  0.0000  ,  0.0000  ,  0.0000  ,  0.0000  ,  0.0000  , 100.0000 ,  0.0000  ,  0.0000  ,  0.0000  ,  0.0000
 12.9400  ,  0.8300  ,  0.9171  , -0.0597  ,  0.9996  , -2.8318  ,  0.4746  ,  1.1231  ,  0.5115  ,  1.0028  , -2.3801  ,  0.0000  , 100.0000 ,  0.0000  ,  0.0000  ,  0.0000  ,  0.0000  ,  0.0000  , 100.0000 ,  0.0000  ,  0.0000  ,  0.0000  ,  0.0000
 12.9600  ,  0.8385  ,  0.9228  , -0.0724  ,  0.9771  , -2.8117  ,  0.4805  ,  1.1297  ,  0.4970  ,  0.9807  , -2.3864  ,  0.0000  , 100.0000 ,  0.0000  ,  0.0000  ,  0.0000  ,  0.0000  ,  0.0000  , 100.0000 ,  0.0000  ,  0.0000  ,  0.0000  ,  0.0000
 12.9800  ,  0.8428  ,  0.9255  , -0.0798  ,  0.9700  , -2.8113  ,  0.4835  ,  1.1330  ,  0.4881  ,  0.9733  , -2.4052  ,  0.0000  , 100.0000 ,  0.0000  ,  0.0000  ,  0.0000  ,  0.0000  ,  0.0000  , 100.0000 ,  0.0000  ,  0.0000  ,  0.0000  ,  0.0000
 13.0000  ,  0.8510  ,  0.9311  , -0.0922  ,  0.9423  , -2.8573  ,  0.4873  ,  1.1392  ,  0.4733  ,  0.9446  , -2.4200  ,  0.0000  , 100.0000 ,  0.0000  ,  0.0000  ,  0.0000  ,  0.0000  ,  0.0000  , 100.0000 ,  0.0000  ,  0.0000  ,  0.0000  ,  0.0000
 13.0200  ,  0.8589  ,  0.9375  , -0.1081  ,  0.9095  , -2.8617  ,  0.4887  ,  1.1455  ,  0.4521  ,  0.9306  , -2.4077  ,  0.0000  , 100.0000 ,  0.0000  ,  0.0000  ,  0.0000  ,  0.0000  ,  0.0000  , 100.0000 ,  0.0000  ,  0.0000  ,  0.0000  ,  0.0000
 13.0400  ,  0.8607  ,  0.9401  , -0.1145  ,  0.9052  , -2.8284  ,  0.4898  ,  1.1473  ,  0.4438  ,  0.9174  , -2.3834  ,  0.0000  , 100.0000 ,  0.0000  ,  0.0000  ,  0.0000  ,  0.0000  ,  0.0000  , 100.0000 ,  0.0000  ,  0.0000  ,  0.0000  ,  0.0000
 13.0600  ,  0.8616  ,  0.9438  , -0.1206  ,  0.8853  , -2.8069  ,  0.4862  ,  1.1486  ,  0.4394  ,  0.9032  , -2.3853  ,  0.0000  , 100.0000 ,  0.0000  ,  0.0000  ,  0.0000  ,  0.0000  ,  0.0000  , 100.0000 ,  0.0000  ,  0.0000  ,  0.0000  ,  0.0000
 13.0800  ,  0.8629  ,  0.9448  , -0.1233  ,  0.8720  , -2.7859  ,  0.4849  ,  1.1493  ,  0.4344  ,  0.9064  , -2.3878  ,  0.0000  , 100.0000 ,  0.0000  ,  0.0000  ,  0.0000  ,  0.0000  ,  0.0000  , 100.0000 ,  0.0000  ,  0.0000  ,  0.0000  ,  0.0000
 13.1000  ,  0.8629  ,  0.9448  , -0.1233  ,  0.8720  , -2.7750  ,  0.4849  ,  1.1493  ,  0.4344  ,  0.9064  , -2.3849  ,  0.0000  , 100.0000 ,  0.0000  ,  0.0000  ,  0.0000  ,  0.0000  ,  0.0000  , 100.0000 ,  0.0000  ,  0.0000  ,  0.0000  ,  0.0000
 13.1200  ,  0.8682  ,  0.9433  , -0.1274  ,  0.8482  , -2.7759  ,  0.4850  ,  1.1490  ,  0.4261  ,  0.8903  , -2.3699  ,  0.0000  , 100.0000 ,  0.0000  ,  0.0000  ,  0.0000  ,  0.0000  ,  0.0000  , 100.0000 ,  0.0000  ,  0.0000  ,  0.0000  ,  0.0000
 13.1400  ,  0.8691  ,  0.9430  , -0.1298  ,  0.8501  , -2.7714  ,  0.4849  ,  1.1481  ,  0.4250  ,  0.8889  , -2.3494  ,  0.0000  , 100.0000 ,  0.0000  ,  0.0000  ,  0.0000  ,  0.0000  ,  0.0000  , 100.0000 ,  0.0000  ,  0.0000  ,  0.0000  ,  0.0000
 13.1600  ,  0.8721  ,  0.9421  , -0.1344  ,  0.8403  , -2.7296  ,  0.4870  ,  1.1456  ,  0.4266  ,  0.8874  , -2.2780  ,  0.0000  , 100.0000 ,  0.0000  ,  0.0000  ,  0.0000  ,  0.0000  ,  0.0000  , 100.0000 ,  0.0000  ,  0.0000  ,  0.0000  ,  0.0000
 13.1800  ,  0.8735  ,  0.9416  , -0.1396  ,  0.8421  , -2.6963  ,  0.4883  ,  1.1443  ,  0.4274  ,  0.8884  , -2.2631  ,  0.0000  , 100.0000 ,  0.0000  ,  0.0000  ,  0.0000  ,  0.0000  ,  0.0000  , 100.0000 ,  0.0000  ,  0.0000  ,  0.0000  ,  0.0000
 13.2000  ,  0.8744  ,  0.9373  , -0.1345  ,  0.8424  , -2.5243  ,  0.4950  ,  1.1401  ,  0.4280  ,  0.8912  , -2.2478  ,  0.0000  , 100.0000 ,  0.0000  ,  0.0000  ,  0.0000  ,  0.0000  ,  0.0000  , 100.0000 ,  0.0000  ,  0.0000  ,  0.0000  ,  0.0000
 13.2200  ,  0.8746  ,  0.9323  , -0.1275  ,  0.8488  , -2.4801  ,  0.5004  ,  1.1364  ,  0.4281  ,  0.8991  , -2.2376  ,  0.0000  , 100.0000 ,  0.0000  ,  0.0000  ,  0.0000  ,  0.0000  ,  0.0000  , 100.0000 ,  0.0000  ,  0.0000  ,  0.0000  ,  0.0000
 13.2400  ,  0.8745  ,  0.9273  , -0.1217  ,  0.8660  , -2.4505  ,  0.5049  ,  1.1330  ,  0.4277  ,  0.9123  , -2.2049  ,  0.0000  , 100.0000 ,  0.0000  ,  0.0000  ,  0.0000  ,  0.0000  ,  0.0000  , 100.0000 ,  0.0000  ,  0.0000  ,  0.0000  ,  0.0000
 13.2600  ,  0.8660  ,  0.9206  , -0.1029  ,  0.8894  , -2.4825  ,  0.5018  ,  1.1284  ,  0.4348  ,  0.9306  , -2.1765  ,  0.0000  , 100.0000 ,  0.0000  ,  0.0000  ,  0.0000  ,  0.0000  ,  0.0000  , 100.0000 ,  0.0000  ,  0.0000  ,  0.0000  ,  0.0000
 13.2800  ,  0.8617  ,  0.9172  , -0.0950  ,  0.9078  , -2.5480  ,  0.5002  ,  1.1261  ,  0.4379  ,  0.9434  , -2.1273  ,  0.0000  , 100.0000 ,  0.0000  ,  0.0000  ,  0.0000  ,  0.0000  ,  0.0000  , 100.0000 ,  0.0000  ,  0.0000  ,  0.0000  ,  0.0000
 13.3000  ,  0.8526  ,  0.9119  , -0.0811  ,  0.9406  , -2.5526  ,  0.4920  ,  1.1203  ,  0.4489  ,  0.9692  , -2.1262  ,  0.0000  , 100.0000 ,  0.0000  ,  0.0000  ,  0.0000  ,  0.0000  ,  0.0000  , 100.0000 ,  0.0000  ,  0.0000  ,  0.0000  ,  0.0000
 13.3200  ,  0.8488  ,  0.9096  , -0.0776  ,  0.9607  , -2.5294  ,  0.4886  ,  1.1179  ,  0.4526  ,  0.9848  , -2.1208  ,  0.0000  , 100.0000 ,  0.0000  ,  0.0000  ,  0.0000  ,  0.0000  ,  0.0000  , 100.0000 ,  0.0000  ,  0.0000  ,  0.0000  ,  0.0000
 13.3400  ,  0.8307  ,  0.9019  , -0.0606  ,  1.0364  , -2.5098  ,  0.4713  ,  1.1064  ,  0.4692  ,  1.0506  , -2.1084  ,  0.0000  , 100.0000 ,  0.0000  ,  0.0000  ,  0.0000  ,  0.0000  ,  0.0000  , 100.0000 ,  0.0000  ,  0.0000  ,  0.0000  ,  0.0000
 13.3600  ,  0.8067  ,  0.8930  , -0.0362  ,  1.1015  , -2.5034  ,  0.4435  ,  1.0906  ,  0.5000  ,  1.1094  , -2.1019  ,  0.0000  , 100.0000 ,  0.0000  ,  0.0000  ,  0.0000  ,  0.0000  ,  0.0000  , 100.0000 ,  0.0000  ,  0.0000  ,  0.0000  ,  0.0000
 13.3800  ,  0.7993  ,  0.8903  , -0.0306  ,  1.1254  , -2.5310  ,  0.4352  ,  1.0857  ,  0.5069  ,  1.1327  , -2.0890  ,  0.0000  , 100.0000 ,  0.0000  ,  0.0000  ,  0.0000  ,  0.0000  ,  0.0000  , 100.0000 ,  0.0000  ,  0.0000  ,  0.0000  ,  0.0000
 13.4000  ,  0.7672  ,  0.8772  , -0.0037  ,  1.2171  , -2.5907  ,  0.4063  ,  1.0671  ,  0.5287  ,  1.2292  , -2.1049  ,  0.0000  , 100.0000 ,  0.0000  ,  0.0000  ,  0.0000  ,  0.0000  ,  0.0000  , 100.0000 ,  0.0000  ,  0.0000  ,  0.0000  ,  0.0000
 13.4200  ,  0.7485  ,  0.8702  ,  0.0094  ,  1.2679  , -2.6062  ,  0.3931  ,  1.0533  ,  0.5398  ,  1.2748  , -2.1173  ,  0.0000  , 100.0000 ,  0.0000  ,  0.0000  ,  0.0000  ,  0.0000  ,  0.0000  , 100.0000 ,  0.0000  ,  0.0000  ,  0.0000  ,  0.0000
 13.4400  ,  0.7412  ,  0.8675  ,  0.0136  ,  1.2873  , -2.6179  ,  0.3883  ,  1.0480  ,  0.5416  ,  1.2845  , -2.1243  ,  0.0000  , 100.0000 ,  0.0000  ,  0.0000  ,  0.0000  ,  0.0000  ,  0.0000  , 100.0000 ,  0.0000  ,  0.0000  ,  0.0000  ,  0.0000
 13.4600  ,  0.7272  ,  0.8614  ,  0.0177  ,  1.3368  , -2.6417  ,  0.3796  ,  1.0362  ,  0.5414  ,  1.3298  , -2.1391  ,  0.0000  , 100.0000 ,  0.0000  ,  0.0000  ,  0.0000  ,  0.0000  ,  0.0000  , 100.0000 ,  0.0000  ,  0.0000  ,  0.0000  ,  0.0000
 13.4800  ,  0.7024  ,  0.8525  ,  0.0227  ,  1.4062  , -2.6532  ,  0.3621  ,  1.0126  ,  0.5346  ,  1.4128  , -2.1547  ,  0.0000  , 100.0000 ,  0.0000  ,  0.0000  ,  0.0000  ,  0.0000  ,  0.0000  , 100.0000 ,  0.0000  ,  0.0000  ,  0.0000  ,  0.0000
 13.5000  ,  0.6969  ,  0.8511  ,  0.0187  ,  1.4279  , -2.7011  ,  0.3580  ,  1.0074  ,  0.5283  ,  1.4343  , -2.2397  ,  0.0000  , 100.0000 ,  0.0000  ,  0.0000  ,  0.0000  ,  0.0000  ,  0.0000  , 100.0000 ,  0.0000  ,  0.0000  ,  0.0000  ,  0.0000
 13.5200  ,  0.6816  ,  0.8450  ,  0.0126  ,  1.4807  , -2.7208  ,  0.3463  ,  0.9948  ,  0.5132  ,  1.4849  , -2.2748  ,  0.0000  , 100.0000 ,  0.0000  ,  0.0000  ,  0.0000  ,  0.0000  ,  0.0000  , 100.0000 ,  0.0000  ,  0.0000  ,  0.0000  ,  0.0000
 13.5400  ,  0.6695  ,  0.8396  ,  0.0017  ,  1.5383  , -2.7399  ,  0.3387  ,  0.9863  ,  0.4867  ,  1.5288  , -2.2957  ,  0.0000  , 100.0000 ,  0.0000  ,  0.0000  ,  0.0000  ,  0.0000  ,  0.0000  , 100.0000 ,  0.0000  ,  0.0000  ,  0.0000  ,  0.0000
 13.5600  ,  0.6574  ,  0.8338  , -0.0132  ,  1.5794  , -2.8235  ,  0.3350  ,  0.9790  ,  0.4622  ,  1.5595  , -2.3614  ,  0.0000  , 100.0000 ,  0.0000  ,  0.0000  ,  0.0000  ,  0.0000  ,  0.0000  , 100.0000 ,  0.0000  ,  0.0000  ,  0.0000  ,  0.0000
 13.5800  ,  0.6547  ,  0.8325  , -0.0228  ,  1.5873  , -2.8235  ,  0.3343  ,  0.9775  ,  0.4454  ,  1.5748  , -2.3614  ,  0.0000  , 100.0000 ,  0.0000  ,  0.0000  ,  0.0000  ,  0.0000  ,  0.0000  , 100.0000 ,  0.0000  ,  0.0000  ,  0.0000  ,  0.0000
 13.6000  ,  0.6464  ,  0.8275  , -0.0644  ,  1.6392  , -2.8935  ,  0.3368  ,  0.9711  ,  0.3848  ,  1.6230  , -2.4257  ,  0.0000  , 100.0000 ,  0.0000  ,  0.0000  ,  0.0000  ,  0.0000  ,  0.0000  , 100.0000 ,  0.0000  ,  0.0000  ,  0.0000  ,  0.0000
 13.6200  ,  0.6460  ,  0.8267  , -0.0897  ,  1.6601  , -2.9113  ,  0.3395  ,  0.9697  ,  0.3608  ,  1.6379  , -2.4461  ,  0.0000  , 100.0000 ,  0.0000  ,  0.0000  ,  0.0000  ,  0.0000  ,  0.0000  , 100.0000 ,  0.0000  ,  0.0000  ,  0.0000  ,  0.0000
 13.6400  ,  0.6461  ,  0.8253  , -0.1164  ,  1.6762  , -2.9306  ,  0.3441  ,  0.9682  ,  0.3250  ,  1.6342  , -2.4762  ,  0.0000  , 100.0000 ,  0.0000  ,  0.0000  ,  0.0000  ,  0.0000  ,  0.0000  , 100.0000 ,  0.0000  ,  0.0000  ,  0.0000  ,  0.0000
 13.6600  ,  0.6473  ,  0.8226  , -0.1530  ,  1.7000  , -2.9465  ,  0.3521  ,  0.9669  ,  0.2749  ,  1.6605  , -2.5056  ,  0.0000  , 100.0000 ,  0.0000  ,  0.0000  ,  0.0000  ,  0.0000  ,  0.0000  , 100.0000 ,  0.0000  ,  0.0000  ,  0.0000  ,  0.0000
 13.6800  ,  0.6477  ,  0.8218  , -0.1704  ,  1.7104  , -2.9430  ,  0.3545  ,  0.9665  ,  0.2544  ,  1.6712  , -2.5264  ,  0.0000  , 100.0000 ,  0.0000  ,  0.0000  ,  0.0000  ,  0.0000  ,  0.0000  , 100.0000 ,  0.0000  ,  0.0000  ,  0.0000  ,  0.0000
 13.7000  ,  0.6503  ,  0.8179  , -0.2019  ,  1.7271  , -2.9445  ,  0.3635  ,  0.9619  ,  0.2210  ,  1.6854  , -2.5347  ,  0.0000  , 100.0000 ,  0.0000  ,  0.0000  ,  0.0000  ,  0.0000  ,  0.0000  , 100.0000 ,  0.0000  ,  0.0000  ,  0.0000  ,  0.0000
 13.7200  ,  0.6521  ,  0.8125  , -0.2453  ,  1.7421  , -2.9666  ,  0.3727  ,  0.9560  ,  0.1708  ,  1.7056  , -2.5646  ,  0.0000  , 100.0000 ,  0.0000  ,  0.0000  ,  0.0000  ,  0.0000  ,  0.0000  , 100.0000 ,  0.0000  ,  0.0000  ,  0.0000  ,  0.0000
 13.7400  ,  0.6528  ,  0.8083  , -0.2712  ,  1.7550  , -2.9767  ,  0.3782  ,  0.9516  ,  0.1371  ,  1.7199  , -2.5771  ,  0.0000  , 100.0000 ,  0.0000  ,  0.0000  ,  0.0000  ,  0.0000  ,  0.0000  , 100.0000 ,  0.0000  ,  0.0000  ,  0.0000  ,  0.0000
 13.7600  ,  0.6482  ,  0.7991  , -0.3250  ,  1.7678  , -2.9924  ,  0.3847  ,  0.9421  ,  0.0808  ,  1.7494  , -2.6033  ,  0.0000  , 100.0000 ,  0.0000  ,  0.0000  ,  0.0000  ,  0.0000  ,  0.0000  , 100.0000 ,  0.0000  ,  0.0000  ,  0.0000  ,  0.0000
 13.7800  ,  0.6480  ,  0.7960  , -0.3395  ,  1.7747  , -2.9867  ,  0.3877  ,  0.9382  ,  0.0613  ,  1.7571  , -2.6090  ,  0.0000  , 100.0000 ,  0.0000  ,  0.0000  ,  0.0000  ,  0.0000  ,  0.0000  , 100.0000 ,  0.0000  ,  0.0000  ,  0.0000  ,  0.0000
 13.8000  ,  0.6497  ,  0.7883  , -0.3879  ,  1.7941  , -2.9726  ,  0.3965  ,  0.9274  ,  0.0118  ,  1.7747  , -2.6158  ,  0.0000  , 100.0000 ,  0.0000  ,  0.0000  ,  0.0000  ,  0.0000  ,  0.0000  , 100.0000 ,  0.0000  ,  0.0000  ,  0.0000  ,  0.0000
 13.8200  ,  0.6496  ,  0.7883  , -0.3879  ,  1.7941  , -2.9546  ,  0.3965  ,  0.9274  ,  0.0118  ,  1.7747  , -2.6320  ,  0.0000  , 100.0000 ,  0.0000  ,  0.0000  ,  0.0000  ,  0.0000  ,  0.0000  , 100.0000 ,  0.0000  ,  0.0000  ,  0.0000  ,  0.0000
 13.8400  ,  0.6416  ,  0.7666  , -0.4357  ,  1.8078  , -2.9540  ,  0.4064  ,  0.9087  , -0.0473  ,  1.7935  , -2.6424  ,  0.0000  , 100.0000 ,  0.0000  ,  0.0000  ,  0.0000  ,  0.0000  ,  0.0000  , 100.0000 ,  0.0000  ,  0.0000  ,  0.0000  ,  0.0000
 13.8600  ,  0.6399  ,  0.7613  , -0.4500  ,  1.8146  , -2.9660  ,  0.4078  ,  0.9042  , -0.0634  ,  1.7991  , -2.6446  ,  0.0000  , 100.0000 ,  0.0000  ,  0.0000  ,  0.0000  ,  0.0000  ,  0.0000  , 100.0000 ,  0.0000  ,  0.0000  ,  0.0000  ,  0.0000
 13.8800  ,  0.6389  ,  0.7576  , -0.4571  ,  1.8183  , -2.9752  ,  0.4088  ,  0.9008  , -0.0717  ,  1.8021  , -2.6442  ,  0.0000  , 100.0000 ,  0.0000  ,  0.0000  ,  0.0000  ,  0.0000  ,  0.0000  , 100.0000 ,  0.0000  ,  0.0000  ,  0.0000  ,  0.0000
 13.9000  ,  0.6355  ,  0.7479  , -0.4939  ,  1.8299  , -2.9650  ,  0.4113  ,  0.8895  , -0.1078  ,  1.8183  , -2.6484  ,  0.0000  , 100.0000 ,  0.0000  ,  0.0000  ,  0.0000  ,  0.0000  ,  0.0000  , 100.0000 ,  0.0000  ,  0.0000  ,  0.0000  ,  0.0000
 13.9200  ,  0.6338  ,  0.7453  , -0.5048  ,  1.8352  , -2.9466  ,  0.4117  ,  0.8852  , -0.1158  ,  1.8217  , -2.6509  ,  0.0000  , 100.0000 ,  0.0000  ,  0.0000  ,  0.0000  ,  0.0000  ,  0.0000  , 100.0000 ,  0.0000  ,  0.0000  ,  0.0000  ,  0.0000
 13.9400  ,  0.6317  ,  0.7420  , -0.5167  ,  1.8409  , -2.9343  ,  0.4120  ,  0.8799  , -0.1265  ,  1.8261  , -2.6586  ,  0.0000  , 100.0000 ,  0.0000  ,  0.0000  ,  0.0000  ,  0.0000  ,  0.0000  , 100.0000 ,  0.0000  ,  0.0000  ,  0.0000  ,  0.0000
 13.9600  ,  0.6241  ,  0.7360  , -0.5474  ,  1.8572  , -2.9319  ,  0.4105  ,  0.8688  , -0.1554  ,  1.8421  , -2.6665  ,  0.0000  , 100.0000 ,  0.0000  ,  0.0000  ,  0.0000  ,  0.0000  ,  0.0000  , 100.0000 ,  0.0000  ,  0.0000  ,  0.0000  ,  0.0000
 13.9800  ,  0.6215  ,  0.7344  , -0.5571  ,  1.8637  , -2.9509  ,  0.4094  ,  0.8662  , -0.1645  ,  1.8468  , -2.6777  ,  0.0000  , 100.0000 ,  0.0000  ,  0.0000  ,  0.0000  ,  0.0000  ,  0.0000  , 100.0000 ,  0.0000  ,  0.0000  ,  0.0000  ,  0.0000
 14.0000  ,  0.6196  ,  0.7330  , -0.5665  ,  1.8696  , -2.9502  ,  0.4085  ,  0.8641  , -0.1767  ,  1.8524  , -2.6854  ,  0.0000  , 100.0000 ,  0.0000  ,  0.0000  ,  0.0000  ,  0.0000  ,  0.0000  , 100.0000 ,  0.0000  ,  0.0000  ,  0.0000  ,  0.0000
 14.0200  ,  0.6184  ,  0.7346  , -0.5802  ,  1.8772  , -2.9468  ,  0.4051  ,  0.8618  , -0.1853  ,  1.8587  , -2.6935  ,  0.0000  , 100.0000 ,  0.0000  ,  0.0000  ,  0.0000  ,  0.0000  ,  0.0000  , 100.0000 ,  0.0000  ,  0.0000  ,  0.0000  ,  0.0000
 14.0400  ,  0.6173  ,  0.7353  , -0.5980  ,  1.8879  , -2.9391  ,  0.4020  ,  0.8605  , -0.2000  ,  1.8684  , -2.7033  ,  0.0000  , 100.0000 ,  0.0000  ,  0.0000  ,  0.0000  ,  0.0000  ,  0.0000  , 100.0000 ,  0.0000  ,  0.0000  ,  0.0000  ,  0.0000
 14.0600  ,  0.6170  ,  0.7353  , -0.6031  ,  1.8902  , -2.9391  ,  0.4010  ,  0.8605  , -0.2035  ,  1.8703  , -2.7033  ,  0.0000  , 100.0000 ,  0.0000  ,  0.0000  ,  0.0000  ,  0.0000  ,  0.0000  , 100.0000 ,  0.0000  ,  0.0000  ,  0.0000  ,  0.0000
 14.0800  ,  0.6158  ,  0.7354  , -0.6140  ,  1.8953  , -2.9364  ,  0.3978  ,  0.8602  , -0.2148  ,  1.8751  , -2.6872  ,  0.0000  , 100.0000 ,  0.0000  ,  0.0000  ,  0.0000  ,  0.0000  ,  0.0000  , 100.0000 ,  0.0000  ,  0.0000  ,  0.0000  ,  0.0000
 14.1000  ,  0.6137  ,  0.7360  , -0.6212  ,  1.9020  , -2.9264  ,  0.3923  ,  0.8593  , -0.2218  ,  1.8762  , -2.6817  ,  0.0000  , 100.0000 ,  0.0000  ,  0.0000  ,  0.0000  ,  0.0000  ,  0.0000  , 100.0000 ,  0.0000  ,  0.0000  ,  0.0000  ,  0.0000
 14.1200  ,  0.6133  ,  0.7366  , -0.6264  ,  1.9041  , -2.9188  ,  0.3899  ,  0.8582  , -0.2255  ,  1.8777  , -2.6832  ,  0.0000  , 100.0000 ,  0.0000  ,  0.0000  ,  0.0000  ,  0.0000  ,  0.0000  , 100.0000 ,  0.0000  ,  0.0000  ,  0.0000  ,  0.0000
 14.1400  ,  0.6128  ,  0.7379  , -0.6314  ,  1.9059  , -2.9210  ,  0.3861  ,  0.8579  , -0.2276  ,  1.8798  , -2.6918  ,  0.0000  , 100.0000 ,  0.0000  ,  0.0000  ,  0.0000  ,  0.0000  ,  0.0000  , 100.0000 ,  0.0000  ,  0.0000  ,  0.0000  ,  0.0000
 14.1600  ,  0.6125  ,  0.7390  , -0.6336  ,  1.9065  , -2.9179  ,  0.3834  ,  0.8584  , -0.2284  ,  1.8849  , -2.6992  ,  0.0000  , 100.0000 ,  0.0000  ,  0.0000  ,  0.0000  ,  0.0000  ,  0.0000  , 100.0000 ,  0.0000  ,  0.0000  ,  0.0000  ,  0.0000
 14.1800  ,  0.6077  ,  0.7427  , -0.6357  ,  1.9076  , -2.9157  ,  0.3766  ,  0.8585  , -0.2273  ,  1.8860  , -2.6931  ,  0.0000  , 100.0000 ,  0.0000  ,  0.0000  ,  0.0000  ,  0.0000  ,  0.0000  , 100.0000 ,  0.0000  ,  0.0000  ,  0.0000  ,  0.0000
 14.2000  ,  0.6070  ,  0.7431  , -0.6353  ,  1.9074  , -2.9145  ,  0.3756  ,  0.8585  , -0.2267  ,  1.8863  , -2.6819  ,  0.0000  , 100.0000 ,  0.0000  ,  0.0000  ,  0.0000  ,  0.0000  ,  0.0000  , 100.0000 ,  0.0000  ,  0.0000  ,  0.0000  ,  0.0000
 14.2200  ,  0.6031  ,  0.7443  , -0.6313  ,  1.9058  , -2.9078  ,  0.3726  ,  0.8578  , -0.2249  ,  1.8845  , -2.6747  ,  0.0000  , 100.0000 ,  0.0000  ,  0.0000  ,  0.0000  ,  0.0000  ,  0.0000  , 100.0000 ,  0.0000  ,  0.0000  ,  0.0000  ,  0.0000
 14.2400  ,  0.5980  ,  0.7452  , -0.6240  ,  1.9051  , -2.8908  ,  0.3674  ,  0.8555  , -0.2164  ,  1.8884  , -2.6654  ,  0.0000  , 100.0000 ,  0.0000  ,  0.0000  ,  0.0000  ,  0.0000  ,  0.0000  , 100.0000 ,  0.0000  ,  0.0000  ,  0.0000  ,  0.0000
 14.2600  ,  0.5964  ,  0.7454  , -0.6215  ,  1.9028  , -2.8865  ,  0.3655  ,  0.8546  , -0.2137  ,  1.8876  , -2.6642  ,  0.0000  , 100.0000 ,  0.0000  ,  0.0000  ,  0.0000  ,  0.0000  ,  0.0000  , 100.0000 ,  0.0000  ,  0.0000  ,  0.0000  ,  0.0000
 14.2800  ,  0.5942  ,  0.7455  , -0.6185  ,  1.9008  , -2.8844  ,  0.3631  ,  0.8533  , -0.2103  ,  1.8866  , -2.6637  ,  0.0000  , 100.0000 ,  0.0000  ,  0.0000  ,  0.0000  ,  0.0000  ,  0.0000  , 100.0000 ,  0.0000  ,  0.0000  ,  0.0000  ,  0.0000
 14.3000  ,  0.5903  ,  0.7455  , -0.6126  ,  1.8955  , -2.8825  ,  0.3593  ,  0.8511  , -0.2062  ,  1.8792  , -2.6658  ,  0.0000  , 100.0000 ,  0.0000  ,  0.0000  ,  0.0000  ,  0.0000  ,  0.0000  , 100.0000 ,  0.0000  ,  0.0000  ,  0.0000  ,  0.0000
 14.3200  ,  0.5866  ,  0.7452  , -0.6069  ,  1.8930  , -2.8724  ,  0.3563  ,  0.8489  , -0.2012  ,  1.8780  , -2.6588  ,  0.0000  , 100.0000 ,  0.0000  ,  0.0000  ,  0.0000  ,  0.0000  ,  0.0000  , 100.0000 ,  0.0000  ,  0.0000  ,  0.0000  ,  0.0000
 14.3400  ,  0.5800  ,  0.7443  , -0.5968  ,  1.8894  , -2.8752  ,  0.3513  ,  0.8445  , -0.1919  ,  1.8765  , -2.6535  ,  0.0000  , 100.0000 ,  0.0000  ,  0.0000  ,  0.0000  ,  0.0000  ,  0.0000  , 100.0000 ,  0.0000  ,  0.0000  ,  0.0000  ,  0.0000
 14.3600  ,  0.5784  ,  0.7440  , -0.5948  ,  1.8892  , -2.8752  ,  0.3502  ,  0.8433  , -0.1893  ,  1.8753  , -2.6535  ,  0.0000  , 100.0000 ,  0.0000  ,  0.0000  ,  0.0000  ,  0.0000  ,  0.0000  , 100.0000 ,  0.0000  ,  0.0000  ,  0.0000  ,  0.0000
 14.3800  ,  0.5731  ,  0.7427  , -0.5896  ,  1.8852  , -2.8763  ,  0.3463  ,  0.8399  , -0.1822  ,  1.8752  , -2.6479  ,  0.0000  , 100.0000 ,  0.0000  ,  0.0000  ,  0.0000  ,  0.0000  ,  0.0000  , 100.0000 ,  0.0000  ,  0.0000  ,  0.0000  ,  0.0000
 14.4000  ,  0.5715  ,  0.7423  , -0.5877  ,  1.8854  , -2.8744  ,  0.3451  ,  0.8389  , -0.1802  ,  1.8753  , -2.6372  ,  0.0000  , 100.0000 ,  0.0000  ,  0.0000  ,  0.0000  ,  0.0000  ,  0.0000  , 100.0000 ,  0.0000  ,  0.0000  ,  0.0000  ,  0.0000
 14.4200  ,  0.5665  ,  0.7404  , -0.5827  ,  1.8866  , -2.8750  ,  0.3415  ,  0.8351  , -0.1752  ,  1.8740  , -2.6358  ,  0.0000  , 100.0000 ,  0.0000  ,  0.0000  ,  0.0000  ,  0.0000  ,  0.0000  , 100.0000 ,  0.0000  ,  0.0000  ,  0.0000  ,  0.0000
 14.4400  ,  0.5630  ,  0.7387  , -0.5797  ,  1.8881  , -2.8747  ,  0.3385  ,  0.8321  , -0.1717  ,  1.8761  , -2.6346  ,  0.0000  , 100.0000 ,  0.0000  ,  0.0000  ,  0.0000  ,  0.0000  ,  0.0000  , 100.0000 ,  0.0000  ,  0.0000  ,  0.0000  ,  0.0000
 14.4600  ,  0.5621  ,  0.7382  , -0.5790  ,  1.8886  , -2.8702  ,  0.3376  ,  0.8312  , -0.1707  ,  1.8768  , -2.6276  ,  0.0000  , 100.0000 ,  0.0000  ,  0.0000  ,  0.0000  ,  0.0000  ,  0.0000  , 100.0000 ,  0.0000  ,  0.0000  ,  0.0000  ,  0.0000
 14.4800  ,  0.5567  ,  0.7348  , -0.5784  ,  1.8934  , -2.8675  ,  0.3326  ,  0.8264  , -0.1683  ,  1.8832  , -2.6241  ,  0.0000  , 100.0000 ,  0.0000  ,  0.0000  ,  0.0000  ,  0.0000  ,  0.0000  , 100.0000 ,  0.0000  ,  0.0000  ,  0.0000  ,  0.0000
 14.5000  ,  0.5546  ,  0.7337  , -0.5803  ,  1.8981  , -2.8667  ,  0.3305  ,  0.8240  , -0.1695  ,  1.8811  , -2.6210  ,  0.0000  , 100.0000 ,  0.0000  ,  0.0000  ,  0.0000  ,  0.0000  ,  0.0000  , 100.0000 ,  0.0000  ,  0.0000  ,  0.0000  ,  0.0000
 14.5200  ,  0.5523  ,  0.7334  , -0.5857  ,  1.9029  , -2.8718  ,  0.3280  ,  0.8206  , -0.1717  ,  1.8859  , -2.6145  ,  0.0000  , 100.0000 ,  0.0000  ,  0.0000  ,  0.0000  ,  0.0000  ,  0.0000  , 100.0000 ,  0.0000  ,  0.0000  ,  0.0000  ,  0.0000
 14.5400  ,  0.5502  ,  0.7339  , -0.5886  ,  1.9058  , -2.8753  ,  0.3257  ,  0.8187  , -0.1734  ,  1.8890  , -2.6142  ,  0.0000  , 100.0000 ,  0.0000  ,  0.0000  ,  0.0000  ,  0.0000  ,  0.0000  , 100.0000 ,  0.0000  ,  0.0000  ,  0.0000  ,  0.0000
 14.5600  ,  0.5460  ,  0.7355  , -0.5944  ,  1.9064  , -2.8818  ,  0.3215  ,  0.8161  , -0.1734  ,  1.8968  , -2.6104  ,  0.0000  , 100.0000 ,  0.0000  ,  0.0000  ,  0.0000  ,  0.0000  ,  0.0000  , 100.0000 ,  0.0000  ,  0.0000  ,  0.0000  ,  0.0000
 14.5800  ,  0.5406  ,  0.7377  , -0.5997  ,  1.9111  , -2.8844  ,  0.3160  ,  0.8156  , -0.1763  ,  1.9005  , -2.6076  ,  0.0000  , 100.0000 ,  0.0000  ,  0.0000  ,  0.0000  ,  0.0000  ,  0.0000  , 100.0000 ,  0.0000  ,  0.0000  ,  0.0000  ,  0.0000
 14.6000  ,  0.5364  ,  0.7394  , -0.6091  ,  1.9144  , -2.9030  ,  0.3115  ,  0.8156  , -0.1822  ,  1.9029  , -2.6200  ,  0.0000  , 100.0000 ,  0.0000  ,  0.0000  ,  0.0000  ,  0.0000  ,  0.0000  , 100.0000 ,  0.0000  ,  0.0000  ,  0.0000  ,  0.0000
 14.6200  ,  0.5241  ,  0.7440  , -0.6137  ,  1.9200  , -2.9158  ,  0.2995  ,  0.8145  , -0.1837  ,  1.9074  , -2.6459  ,  0.0000  , 100.0000 ,  0.0000  ,  0.0000  ,  0.0000  ,  0.0000  ,  0.0000  , 100.0000 ,  0.0000  ,  0.0000  ,  0.0000  ,  0.0000
 14.6400  ,  0.5189  ,  0.7467  , -0.6157  ,  1.9190  , -2.9466  ,  0.2934  ,  0.8142  , -0.1837  ,  1.9102  , -2.7206  ,  0.0000  , 100.0000 ,  0.0000  ,  0.0000  ,  0.0000  ,  0.0000  ,  0.0000  , 100.0000 ,  0.0000  ,  0.0000  ,  0.0000  ,  0.0000
 14.6600  ,  0.5134  ,  0.7508  , -0.6161  ,  1.9178  , -2.9459  ,  0.2853  ,  0.8142  , -0.1808  ,  1.9135  , -2.7499  ,  0.0000  , 100.0000 ,  0.0000  ,  0.0000  ,  0.0000  ,  0.0000  ,  0.0000  , 100.0000 ,  0.0000  ,  0.0000  ,  0.0000  ,  0.0000
 14.6800  ,  0.5085  ,  0.7528  , -0.6105  ,  1.9115  , -2.9336  ,  0.2808  ,  0.8150  , -0.1745  ,  1.9154  , -2.7646  ,  0.0000  , 100.0000 ,  0.0000  ,  0.0000  ,  0.0000  ,  0.0000  ,  0.0000  , 100.0000 ,  0.0000  ,  0.0000  ,  0.0000  ,  0.0000
 14.7000  ,  0.5057  ,  0.7515  , -0.5976  ,  1.9004  , -2.9045  ,  0.2800  ,  0.8149  , -0.1625  ,  1.9135  , -2.7225  ,  0.0000  , 100.0000 ,  0.0000  ,  0.0000  ,  0.0000  ,  0.0000  ,  0.0000  , 100.0000 ,  0.0000  ,  0.0000  ,  0.0000  ,  0.0000
 14.7200  ,  0.5027  ,  0.7423  , -0.5688  ,  1.8790  , -2.8929  ,  0.2845  ,  0.8119  , -0.1376  ,  1.9062  , -2.6662  ,  0.0000  , 100.0000 ,  0.0000  ,  0.0000  ,  0.0000  ,  0.0000  ,  0.0000  , 100.0000 ,  0.0000  ,  0.0000  ,  0.0000  ,  0.0000
 14.7400  ,  0.4993  ,  0.7330  , -0.5465  ,  1.8682  , -2.8918  ,  0.2860  ,  0.8073  , -0.1182  ,  1.9018  , -2.6314  ,  0.0000  , 100.0000 ,  0.0000  ,  0.0000  ,  0.0000  ,  0.0000  ,  0.0000  , 100.0000 ,  0.0000  ,  0.0000  ,  0.0000  ,  0.0000
 14.7600  ,  0.4953  ,  0.7205  , -0.5010  ,  1.8445  , -2.9032  ,  0.2888  ,  0.7996  , -0.0693  ,  1.8866  , -2.5662  ,  0.0000  , 100.0000 ,  0.0000  ,  0.0000  ,  0.0000  ,  0.0000  ,  0.0000  , 100.0000 ,  0.0000  ,  0.0000  ,  0.0000  ,  0.0000
 14.7800  ,  0.4945  ,  0.7163  , -0.4840  ,  1.8368  , -2.9079  ,  0.2904  ,  0.7953  , -0.0545  ,  1.8831  , -2.5609  ,  0.0000  , 100.0000 ,  0.0000  ,  0.0000  ,  0.0000  ,  0.0000  ,  0.0000  , 100.0000 ,  0.0000  ,  0.0000  ,  0.0000  ,  0.0000
 14.8000  ,  0.4936  ,  0.7116  , -0.4630  ,  1.8272  , -2.9056  ,  0.2923  ,  0.7904  , -0.0286  ,  1.8767  , -2.5514  ,  0.0000  , 100.0000 ,  0.0000  ,  0.0000  ,  0.0000  ,  0.0000  ,  0.0000  , 100.0000 ,  0.0000  ,  0.0000  ,  0.0000  ,  0.0000
 14.8200  ,  0.4912  ,  0.7039  , -0.4257  ,  1.8094  , -2.9046  ,  0.2953  ,  0.7825  ,  0.0104  ,  1.8652  , -2.5550  ,  0.0000  , 100.0000 ,  0.0000  ,  0.0000  ,  0.0000  ,  0.0000  ,  0.0000  , 100.0000 ,  0.0000  ,  0.0000  ,  0.0000  ,  0.0000
 14.8400  ,  0.4865  ,  0.6942  , -0.3569  ,  1.7788  , -2.8968  ,  0.2960  ,  0.7762  ,  0.0745  ,  1.8426  , -2.5237  ,  0.0000  , 100.0000 ,  0.0000  ,  0.0000  ,  0.0000  ,  0.0000  ,  0.0000  , 100.0000 ,  0.0000  ,  0.0000  ,  0.0000  ,  0.0000
 14.8600  ,  0.4851  ,  0.6920  , -0.3367  ,  1.7678  , -2.8968  ,  0.2956  ,  0.7755  ,  0.0948  ,  1.8329  , -2.5237  ,  0.0000  , 100.0000 ,  0.0000  ,  0.0000  ,  0.0000  ,  0.0000  ,  0.0000  , 100.0000 ,  0.0000  ,  0.0000  ,  0.0000  ,  0.0000
 14.8800  ,  0.4855  ,  0.6882  , -0.2777  ,  1.7262  , -2.8857  ,  0.2949  ,  0.7762  ,  0.1564  ,  1.7943  , -2.4618  ,  0.0000  , 100.0000 ,  0.0000  ,  0.0000  ,  0.0000  ,  0.0000  ,  0.0000  , 100.0000 ,  0.0000  ,  0.0000  ,  0.0000  ,  0.0000
 14.9000  ,  0.4860  ,  0.6874  , -0.2501  ,  1.7054  , -2.8842  ,  0.2947  ,  0.7766  ,  0.1827  ,  1.7746  , -2.4604  ,  0.0000  , 100.0000 ,  0.0000  ,  0.0000  ,  0.0000  ,  0.0000  ,  0.0000  , 100.0000 ,  0.0000  ,  0.0000  ,  0.0000  ,  0.0000
 14.9200  ,  0.4904  ,  0.6865  , -0.2102  ,  1.6643  , -2.8581  ,  0.2962  ,  0.7758  ,  0.2274  ,  1.7385  , -2.4201  ,  0.0000  , 100.0000 ,  0.0000  ,  0.0000  ,  0.0000  ,  0.0000  ,  0.0000  , 100.0000 ,  0.0000  ,  0.0000  ,  0.0000  ,  0.0000
 14.9400  ,  0.4935  ,  0.6874  , -0.1780  ,  1.6288  , -2.8480  ,  0.2957  ,  0.7765  ,  0.2641  ,  1.7073  , -2.4203  ,  0.0000  , 100.0000 ,  0.0000  ,  0.0000  ,  0.0000  ,  0.0000  ,  0.0000  , 100.0000 ,  0.0000  ,  0.0000  ,  0.0000  ,  0.0000
 14.9600  ,  0.4956  ,  0.6889  , -0.1607  ,  1.6131  , -2.8185  ,  0.2943  ,  0.7779  ,  0.2835  ,  1.6861  , -2.4066  ,  0.0000  , 100.0000 ,  0.0000  ,  0.0000  ,  0.0000  ,  0.0000  ,  0.0000  , 100.0000 ,  0.0000  ,  0.0000  ,  0.0000  ,  0.0000
 14.9800  ,  0.5009  ,  0.6916  , -0.1324  ,  1.5721  , -2.8153  ,  0.2910  ,  0.7813  ,  0.3182  ,  1.6540  , -2.3944  ,  0.0000  , 100.0000 ,  0.0000  ,  0.0000  ,  0.0000  ,  0.0000  ,  0.0000  , 100.0000 ,  0.0000  ,  0.0000  ,  0.0000  ,  0.0000
 15.0000  ,  0.5049  ,  0.6934  , -0.0996  ,  1.5260  , -2.8038  ,  0.2883  ,  0.7839  ,  0.3592  ,  1.6146  , -2.3561  ,  0.0000  , 100.0000 ,  0.0000  ,  0.0000  ,  0.0000  ,  0.0000  ,  0.0000  , 100.0000 ,  0.0000  ,  0.0000  ,  0.0000  ,  0.0000
 15.0200  ,  0.5091  ,  0.6965  , -0.0887  ,  1.5033  , -2.7925  ,  0.2842  ,  0.7859  ,  0.3735  ,  1.6033  , -2.3493  ,  0.0000  , 100.0000 ,  0.0000  ,  0.0000  ,  0.0000  ,  0.0000  ,  0.0000  , 100.0000 ,  0.0000  ,  0.0000  ,  0.0000  ,  0.0000
 15.0400  ,  0.5163  ,  0.7033  , -0.0451  ,  1.4752  , -2.7914  ,  0.2728  ,  0.7914  ,  0.4272  ,  1.5531  , -2.3636  ,  0.0000  , 100.0000 ,  0.0000  ,  0.0000  ,  0.0000  ,  0.0000  ,  0.0000  , 100.0000 ,  0.0000  ,  0.0000  ,  0.0000  ,  0.0000
 15.0600  ,  0.5181  ,  0.7061  , -0.0183  ,  1.4380  , -2.7783  ,  0.2670  ,  0.7942  ,  0.4642  ,  1.5218  , -2.3733  ,  0.0000  , 100.0000 ,  0.0000  ,  0.0000  ,  0.0000  ,  0.0000  ,  0.0000  , 100.0000 ,  0.0000  ,  0.0000  ,  0.0000  ,  0.0000
 15.0800  ,  0.5199  ,  0.7113  , -0.0080  ,  1.4165  , -2.7926  ,  0.2600  ,  0.7981  ,  0.4803  ,  1.5095  , -2.3728  ,  0.0000  , 100.0000 ,  0.0000  ,  0.0000  ,  0.0000  ,  0.0000  ,  0.0000  , 100.0000 ,  0.0000  ,  0.0000  ,  0.0000  ,  0.0000
 15.1000  ,  0.5233  ,  0.7295  ,  0.0413  ,  1.3230  , -2.8006  ,  0.2418  ,  0.8100  ,  0.5286  ,  1.4700  , -2.3585  ,  0.0000  , 100.0000 ,  0.0000  ,  0.0000  ,  0.0000  ,  0.0000  ,  0.0000  , 100.0000 ,  0.0000  ,  0.0000  ,  0.0000  ,  0.0000
 15.1200  ,  0.5239  ,  0.7401  ,  0.0512  ,  1.2957  , -2.8112  ,  0.2335  ,  0.8166  ,  0.5488  ,  1.4514  , -2.3193  ,  0.0000  , 100.0000 ,  0.0000  ,  0.0000  ,  0.0000  ,  0.0000  ,  0.0000  , 100.0000 ,  0.0000  ,  0.0000  ,  0.0000  ,  0.0000
 15.1400  ,  0.5272  ,  0.7578  ,  0.0658  ,  1.2480  , -2.8124  ,  0.2225  ,  0.8281  ,  0.5819  ,  1.4180  , -2.3169  ,  0.0000  , 100.0000 ,  0.0000  ,  0.0000  ,  0.0000  ,  0.0000  ,  0.0000  , 100.0000 ,  0.0000  ,  0.0000  ,  0.0000  ,  0.0000
 15.1600  ,  0.5308  ,  0.7710  ,  0.0738  ,  1.2244  , -2.8098  ,  0.2155  ,  0.8369  ,  0.6062  ,  1.3936  , -2.3247  ,  0.0000  , 100.0000 ,  0.0000  ,  0.0000  ,  0.0000  ,  0.0000  ,  0.0000  , 100.0000 ,  0.0000  ,  0.0000  ,  0.0000  ,  0.0000
 15.1800  ,  0.5373  ,  0.7859  ,  0.0773  ,  1.1852  , -2.8127  ,  0.2128  ,  0.8502  ,  0.6212  ,  1.3653  , -2.3405  ,  0.0000  , 100.0000 ,  0.0000  ,  0.0000  ,  0.0000  ,  0.0000  ,  0.0000  , 100.0000 ,  0.0000  ,  0.0000  ,  0.0000  ,  0.0000
 15.2000  ,  0.5469  ,  0.8053  ,  0.0831  ,  1.1289  , -2.8138  ,  0.2088  ,  0.8691  ,  0.6465  ,  1.3206  , -2.3342  ,  0.0000  , 100.0000 ,  0.0000  ,  0.0000  ,  0.0000  ,  0.0000  ,  0.0000  , 100.0000 ,  0.0000  ,  0.0000  ,  0.0000  ,  0.0000
 15.2200  ,  0.5504  ,  0.8116  ,  0.0866  ,  1.1078  , -2.8111  ,  0.2074  ,  0.8758  ,  0.6562  ,  1.3038  , -2.3118  ,  0.0000  , 100.0000 ,  0.0000  ,  0.0000  ,  0.0000  ,  0.0000  ,  0.0000  , 100.0000 ,  0.0000  ,  0.0000  ,  0.0000  ,  0.0000
 15.2400  ,  0.5613  ,  0.8372  ,  0.0885  ,  1.0402  , -2.8093  ,  0.2008  ,  0.9045  ,  0.6897  ,  1.2350  , -2.3123  ,  0.0000  , 100.0000 ,  0.0000  ,  0.0000  ,  0.0000  ,  0.0000  ,  0.0000  , 100.0000 ,  0.0000  ,  0.0000  ,  0.0000  ,  0.0000
 15.2600  ,  0.5631  ,  0.8422  ,  0.0933  ,  1.0213  , -2.8055  ,  0.1995  ,  0.9103  ,  0.6964  ,  1.2214  , -2.3227  ,  0.0000  , 100.0000 ,  0.0000  ,  0.0000  ,  0.0000  ,  0.0000  ,  0.0000  , 100.0000 ,  0.0000  ,  0.0000  ,  0.0000  ,  0.0000
 15.2800  ,  0.5681  ,  0.8559  ,  0.0888  ,  0.9878  , -2.8036  ,  0.1961  ,  0.9275  ,  0.7030  ,  1.1892  , -2.3308  ,  0.0000  , 100.0000 ,  0.0000  ,  0.0000  ,  0.0000  ,  0.0000  ,  0.0000  , 100.0000 ,  0.0000  ,  0.0000  ,  0.0000  ,  0.0000
 15.3000  ,  0.5721  ,  0.8667  ,  0.0852  ,  0.9642  , -2.7992  ,  0.1936  ,  0.9409  ,  0.7176  ,  1.1576  , -2.3417  ,  0.0000  , 100.0000 ,  0.0000  ,  0.0000  ,  0.0000  ,  0.0000  ,  0.0000  , 100.0000 ,  0.0000  ,  0.0000  ,  0.0000  ,  0.0000
 15.3200  ,  0.5741  ,  0.8834  ,  0.0889  ,  0.9153  , -2.8094  ,  0.1853  ,  0.9644  ,  0.7315  ,  1.1065  , -2.3117  ,  0.0000  , 100.0000 ,  0.0000  ,  0.0000  ,  0.0000  ,  0.0000  ,  0.0000  , 100.0000 ,  0.0000  ,  0.0000  ,  0.0000  ,  0.0000
 15.3400  ,  0.5724  ,  0.8930  ,  0.0943  ,  0.8885  , -2.8226  ,  0.1788  ,  0.9764  ,  0.7430  ,  1.0772  , -2.3015  ,  0.0000  , 100.0000 ,  0.0000  ,  0.0000  ,  0.0000  ,  0.0000  ,  0.0000  , 100.0000 ,  0.0000  ,  0.0000  ,  0.0000  ,  0.0000
 15.3600  ,  0.5699  ,  0.9007  ,  0.0986  ,  0.8813  , -2.8202  ,  0.1727  ,  0.9855  ,  0.7498  ,  1.0563  , -2.3106  ,  0.0000  , 100.0000 ,  0.0000  ,  0.0000  ,  0.0000  ,  0.0000  ,  0.0000  , 100.0000 ,  0.0000  ,  0.0000  ,  0.0000  ,  0.0000
 15.3800  ,  0.5724  ,  0.9181  ,  0.0990  ,  0.8283  , -2.8113  ,  0.1631  ,  1.0104  ,  0.7627  ,  0.9973  , -2.3174  ,  0.0000  , 100.0000 ,  0.0000  ,  0.0000  ,  0.0000  ,  0.0000  ,  0.0000  , 100.0000 ,  0.0000  ,  0.0000  ,  0.0000  ,  0.0000
 15.4000  ,  0.5731  ,  0.9229  ,  0.0985  ,  0.8137  , -2.8093  ,  0.1609  ,  1.0183  ,  0.7646  ,  0.9787  , -2.3092  ,  0.0000  , 100.0000 ,  0.0000  ,  0.0000  ,  0.0000  ,  0.0000  ,  0.0000  , 100.0000 ,  0.0000  ,  0.0000  ,  0.0000  ,  0.0000
 15.4200  ,  0.5737  ,  0.9287  ,  0.0989  ,  0.7943  , -2.8089  ,  0.1583  ,  1.0286  ,  0.7668  ,  0.9530  , -2.2962  ,  0.0000  , 100.0000 ,  0.0000  ,  0.0000  ,  0.0000  ,  0.0000  ,  0.0000  , 100.0000 ,  0.0000  ,  0.0000  ,  0.0000  ,  0.0000
 15.4400  ,  0.5735  ,  0.9377  ,  0.1025  ,  0.7625  , -2.8118  ,  0.1556  ,  1.0463  ,  0.7728  ,  0.9005  , -2.2862  ,  0.0000  , 100.0000 ,  0.0000  ,  0.0000  ,  0.0000  ,  0.0000  ,  0.0000  , 100.0000 ,  0.0000  ,  0.0000  ,  0.0000  ,  0.0000
 15.4600  ,  0.5733  ,  0.9398  ,  0.1060  ,  0.7509  , -2.8118  ,  0.1552  ,  1.0508  ,  0.7751  ,  0.8852  , -2.2862  ,  0.0000  , 100.0000 ,  0.0000  ,  0.0000  ,  0.0000  ,  0.0000  ,  0.0000  , 100.0000 ,  0.0000  ,  0.0000  ,  0.0000  ,  0.0000
 15.4800  ,  0.5719  ,  0.9429  ,  0.1080  ,  0.7387  , -2.8071  ,  0.1539  ,  1.0565  ,  0.7779  ,  0.8654  , -2.2920  ,  0.0000  , 100.0000 ,  0.0000  ,  0.0000  ,  0.0000  ,  0.0000  ,  0.0000  , 100.0000 ,  0.0000  ,  0.0000  ,  0.0000  ,  0.0000
 15.5000  ,  0.5634  ,  0.9532  ,  0.1086  ,  0.7224  , -2.7998  ,  0.1475  ,  1.0740  ,  0.7730  ,  0.8128  , -2.2954  ,  0.0000  , 100.0000 ,  0.0000  ,  0.0000  ,  0.0000  ,  0.0000  ,  0.0000  , 100.0000 ,  0.0000  ,  0.0000  ,  0.0000  ,  0.0000
 15.5200  ,  0.5615  ,  0.9547  ,  0.1101  ,  0.7154  , -2.7969  ,  0.1463  ,  1.0770  ,  0.7712  ,  0.8033  , -2.2941  ,  0.0000  , 100.0000 ,  0.0000  ,  0.0000  ,  0.0000  ,  0.0000  ,  0.0000  , 100.0000 ,  0.0000  ,  0.0000  ,  0.0000  ,  0.0000
 15.5400  ,  0.5568  ,  0.9586  ,  0.1126  ,  0.6961  , -2.7979  ,  0.1406  ,  1.0850  ,  0.7646  ,  0.7773  , -2.2874  ,  0.0000  , 100.0000 ,  0.0000  ,  0.0000  ,  0.0000  ,  0.0000  ,  0.0000  , 100.0000 ,  0.0000  ,  0.0000  ,  0.0000  ,  0.0000
 15.5600  ,  0.5545  ,  0.9604  ,  0.1047  ,  0.6818  , -2.7979  ,  0.1369  ,  1.0889  ,  0.7598  ,  0.7624  , -2.2874  ,  0.0000  , 100.0000 ,  0.0000  ,  0.0000  ,  0.0000  ,  0.0000  ,  0.0000  , 100.0000 ,  0.0000  ,  0.0000  ,  0.0000  ,  0.0000
 15.5800  ,  0.5538  ,  0.9620  ,  0.1018  ,  0.6765  , -2.7980  ,  0.1363  ,  1.0915  ,  0.7552  ,  0.7530  , -2.2858  ,  0.0000  , 100.0000 ,  0.0000  ,  0.0000  ,  0.0000  ,  0.0000  ,  0.0000  , 100.0000 ,  0.0000  ,  0.0000  ,  0.0000  ,  0.0000
 15.6000  ,  0.5519  ,  0.9642  ,  0.0953  ,  0.6655  , -2.7941  ,  0.1370  ,  1.0961  ,  0.7421  ,  0.7374  , -2.2816  ,  0.0000  , 100.0000 ,  0.0000  ,  0.0000  ,  0.0000  ,  0.0000  ,  0.0000  , 100.0000 ,  0.0000  ,  0.0000  ,  0.0000  ,  0.0000
 15.6200  ,  0.5515  ,  0.9643  ,  0.0931  ,  0.6650  , -2.7993  ,  0.1378  ,  1.0968  ,  0.7375  ,  0.7361  , -2.2963  ,  0.0000  , 100.0000 ,  0.0000  ,  0.0000  ,  0.0000  ,  0.0000  ,  0.0000  , 100.0000 ,  0.0000  ,  0.0000  ,  0.0000  ,  0.0000
 15.6400  ,  0.5488  ,  0.9630  ,  0.0780  ,  0.6814  , -2.8040  ,  0.1394  ,  1.0977  ,  0.7209  ,  0.7464  , -2.3060  ,  0.0000  , 100.0000 ,  0.0000  ,  0.0000  ,  0.0000  ,  0.0000  ,  0.0000  , 100.0000 ,  0.0000  ,  0.0000  ,  0.0000  ,  0.0000
 15.6600  ,  0.5479  ,  0.9624  ,  0.0723  ,  0.6887  , -2.8124  ,  0.1396  ,  1.0978  ,  0.7141  ,  0.7561  , -2.3160  ,  0.0000  , 100.0000 ,  0.0000  ,  0.0000  ,  0.0000  ,  0.0000  ,  0.0000  , 100.0000 ,  0.0000  ,  0.0000  ,  0.0000  ,  0.0000
 15.6800  ,  0.5423  ,  0.9588  ,  0.0739  ,  0.7108  , -2.8225  ,  0.1373  ,  1.0947  ,  0.7032  ,  0.7816  , -2.3323  ,  0.0000  , 100.0000 ,  0.0000  ,  0.0000  ,  0.0000  ,  0.0000  ,  0.0000  , 100.0000 ,  0.0000  ,  0.0000  ,  0.0000  ,  0.0000
 15.7000  ,  0.5362  ,  0.9536  ,  0.0630  ,  0.7488  , -2.8222  ,  0.1346  ,  1.0900  ,  0.6839  ,  0.8284  , -2.3353  ,  0.0000  , 100.0000 ,  0.0000  ,  0.0000  ,  0.0000  ,  0.0000  ,  0.0000  , 100.0000 ,  0.0000  ,  0.0000  ,  0.0000  ,  0.0000
 15.7200  ,  0.5342  ,  0.9510  ,  0.0605  ,  0.7798  , -2.8248  ,  0.1336  ,  1.0874  ,  0.6727  ,  0.8564  , -2.3455  ,  0.0000  , 100.0000 ,  0.0000  ,  0.0000  ,  0.0000  ,  0.0000  ,  0.0000  , 100.0000 ,  0.0000  ,  0.0000  ,  0.0000  ,  0.0000
 15.7400  ,  0.5322  ,  0.9474  ,  0.0550  ,  0.8070  , -2.8226  ,  0.1345  ,  1.0841  ,  0.6586  ,  0.8865  , -2.3634  ,  0.0000  , 100.0000 ,  0.0000  ,  0.0000  ,  0.0000  ,  0.0000  ,  0.0000  , 100.0000 ,  0.0000  ,  0.0000  ,  0.0000  ,  0.0000
 15.7600  ,  0.5273  ,  0.9360  ,  0.0459  ,  0.8941  , -2.8248  ,  0.1429  ,  1.0732  ,  0.6228  ,  0.9693  , -2.3982  ,  0.0000  , 100.0000 ,  0.0000  ,  0.0000  ,  0.0000  ,  0.0000  ,  0.0000  , 100.0000 ,  0.0000  ,  0.0000  ,  0.0000  ,  0.0000
 15.7800  ,  0.5256  ,  0.9312  ,  0.0425  ,  0.9214  , -2.8350  ,  0.1470  ,  1.0683  ,  0.6120  ,  0.9973  , -2.4302  ,  0.0000  , 100.0000 ,  0.0000  ,  0.0000  ,  0.0000  ,  0.0000  ,  0.0000  , 100.0000 ,  0.0000  ,  0.0000  ,  0.0000  ,  0.0000
 15.8000  ,  0.5244  ,  0.9164  ,  0.0226  ,  1.0254  , -2.8633  ,  0.1604  ,  1.0539  ,  0.5747  ,  1.0827  , -2.4862  ,  0.0000  , 100.0000 ,  0.0000  ,  0.0000  ,  0.0000  ,  0.0000  ,  0.0000  , 100.0000 ,  0.0000  ,  0.0000  ,  0.0000  ,  0.0000
 15.8200  ,  0.5246  ,  0.9106  ,  0.0217  ,  1.0768  , -2.8998  ,  0.1656  ,  1.0486  ,  0.5588  ,  1.1160  , -2.5082  ,  0.0000  , 100.0000 ,  0.0000  ,  0.0000  ,  0.0000  ,  0.0000  ,  0.0000  , 100.0000 ,  0.0000  ,  0.0000  ,  0.0000  ,  0.0000
 15.8400  ,  0.5244  ,  0.8970  ,  0.0033  ,  1.1516  , -2.9343  ,  0.1743  ,  1.0345  ,  0.5252  ,  1.1906  , -2.5296  ,  0.0000  , 100.0000 ,  0.0000  ,  0.0000  ,  0.0000  ,  0.0000  ,  0.0000  , 100.0000 ,  0.0000  ,  0.0000  ,  0.0000  ,  0.0000
 15.8600  ,  0.5241  ,  0.8771  , -0.0247  ,  1.2640  , -2.9485  ,  0.1844  ,  1.0133  ,  0.4872  ,  1.2814  , -2.5415  ,  0.0000  , 100.0000 ,  0.0000  ,  0.0000  ,  0.0000  ,  0.0000  ,  0.0000  , 100.0000 ,  0.0000  ,  0.0000  ,  0.0000  ,  0.0000
 15.8800  ,  0.5240  ,  0.8684  , -0.0229  ,  1.2836  , -2.9579  ,  0.1884  ,  1.0038  ,  0.4865  ,  1.3197  , -2.5635  ,  0.0000  , 100.0000 ,  0.0000  ,  0.0000  ,  0.0000  ,  0.0000  ,  0.0000  , 100.0000 ,  0.0000  ,  0.0000  ,  0.0000  ,  0.0000
 15.9000  ,  0.5210  ,  0.8570  , -0.0387  ,  1.3429  , -2.9975  ,  0.1933  ,  0.9898  ,  0.4540  ,  1.3871  , -2.6182  ,  0.0000  , 100.0000 ,  0.0000  ,  0.0000  ,  0.0000  ,  0.0000  ,  0.0000  , 100.0000 ,  0.0000  ,  0.0000  ,  0.0000  ,  0.0000
 15.9200  ,  0.5189  ,  0.8504  , -0.0614  ,  1.4002  , -3.0191  ,  0.1961  ,  0.9815  ,  0.4290  ,  1.4334  , -2.6433  ,  0.0000  , 100.0000 ,  0.0000  ,  0.0000  ,  0.0000  ,  0.0000  ,  0.0000  , 100.0000 ,  0.0000  ,  0.0000  ,  0.0000  ,  0.0000
 15.9400  ,  0.5216  ,  0.8406  , -0.0875  ,  1.4579  , -3.0378  ,  0.2054  ,  0.9727  ,  0.3937  ,  1.4846  , -2.6598  ,  0.0000  , 100.0000 ,  0.0000  ,  0.0000  ,  0.0000  ,  0.0000  ,  0.0000  , 100.0000 ,  0.0000  ,  0.0000  ,  0.0000  ,  0.0000
 15.9600  ,  0.5293  ,  0.8335  , -0.1238  ,  1.4968  , -3.0435  ,  0.2182  ,  0.9672  ,  0.3561  ,  1.5102  , -2.6611  ,  0.0000  , 100.0000 ,  0.0000  ,  0.0000  ,  0.0000  ,  0.0000  ,  0.0000  , 100.0000 ,  0.0000  ,  0.0000  ,  0.0000  ,  0.0000
 15.9800  ,  0.5379  ,  0.8300  , -0.1594  ,  1.5447  , -3.0641  ,  0.2299  ,  0.9649  ,  0.3166  ,  1.5499  , -2.6644  ,  0.0000  , 100.0000 ,  0.0000  ,  0.0000  ,  0.0000  ,  0.0000  ,  0.0000  , 100.0000 ,  0.0000  ,  0.0000  ,  0.0000  ,  0.0000
 16.0000  ,  0.5500  ,  0.8248  , -0.2013  ,  1.5973  , -3.0600  ,  0.2566  ,  0.9622  ,  0.2647  ,  1.5828  , -2.6643  ,  0.0000  , 100.0000 ,  0.0000  ,  0.0000  ,  0.0000  ,  0.0000  ,  0.0000  , 100.0000 ,  0.0000  ,  0.0000  ,  0.0000  ,  0.0000
 16.0200  ,  0.5579  ,  0.8210  , -0.2324  ,  1.6158  , -3.0687  ,  0.2745  ,  0.9598  ,  0.2227  ,  1.6198  , -2.6786  ,  0.0000  , 100.0000 ,  0.0000  ,  0.0000  ,  0.0000  ,  0.0000  ,  0.0000  , 100.0000 ,  0.0000  ,  0.0000  ,  0.0000  ,  0.0000
 16.0400  ,  0.5699  ,  0.8148  , -0.2685  ,  1.6570  , -3.0848  ,  0.2984  ,  0.9554  ,  0.1716  ,  1.6519  , -2.6937  ,  0.0000  , 100.0000 ,  0.0000  ,  0.0000  ,  0.0000  ,  0.0000  ,  0.0000  , 100.0000 ,  0.0000  ,  0.0000  ,  0.0000  ,  0.0000
 16.0600  ,  0.5762  ,  0.8096  , -0.2919  ,  1.6863  , -3.0931  ,  0.3124  ,  0.9519  ,  0.1424  ,  1.6692  , -2.6984  ,  0.0000  , 100.0000 ,  0.0000  ,  0.0000  ,  0.0000  ,  0.0000  ,  0.0000  , 100.0000 ,  0.0000  ,  0.0000  ,  0.0000  ,  0.0000
 16.0800  ,  0.5911  ,  0.8004  , -0.3352  ,  1.7084  , -3.0893  ,  0.3383  ,  0.9447  ,  0.0742  ,  1.7186  , -2.6976  ,  0.0000  , 100.0000 ,  0.0000  ,  0.0000  ,  0.0000  ,  0.0000  ,  0.0000  , 100.0000 ,  0.0000  ,  0.0000  ,  0.0000  ,  0.0000
 16.1000  ,  0.5975  ,  0.7983  , -0.3520  ,  1.7225  , -3.0957  ,  0.3460  ,  0.9423  ,  0.0579  ,  1.7262  , -2.7128  ,  0.0000  , 100.0000 ,  0.0000  ,  0.0000  ,  0.0000  ,  0.0000  ,  0.0000  , 100.0000 ,  0.0000  ,  0.0000  ,  0.0000  ,  0.0000
 16.1200  ,  0.6038  ,  0.7962  , -0.3736  ,  1.7431  , -3.0980  ,  0.3533  ,  0.9402  ,  0.0327  ,  1.7421  , -2.7207  ,  0.0000  , 100.0000 ,  0.0000  ,  0.0000  ,  0.0000  ,  0.0000  ,  0.0000  , 100.0000 ,  0.0000  ,  0.0000  ,  0.0000  ,  0.0000
 16.1400  ,  0.6080  ,  0.7914  , -0.3914  ,  1.7629  , -3.1086  ,  0.3588  ,  0.9353  ,  0.0079  ,  1.7605  , -2.7313  ,  0.0000  , 100.0000 ,  0.0000  ,  0.0000  ,  0.0000  ,  0.0000  ,  0.0000  , 100.0000 ,  0.0000  ,  0.0000  ,  0.0000  ,  0.0000
 16.1600  ,  0.6144  ,  0.7818  , -0.4275  ,  1.7932  , -3.1139  ,  0.3653  ,  0.9264  , -0.0420  ,  1.7961  , -2.7299  ,  0.0000  , 100.0000 ,  0.0000  ,  0.0000  ,  0.0000  ,  0.0000  ,  0.0000  , 100.0000 ,  0.0000  ,  0.0000  ,  0.0000  ,  0.0000
 16.1800  ,  0.6174  ,  0.7782  , -0.4476  ,  1.8130  , -3.1236  ,  0.3674  ,  0.9235  , -0.0601  ,  1.8077  , -2.7172  ,  0.0000  , 100.0000 ,  0.0000  ,  0.0000  ,  0.0000  ,  0.0000  ,  0.0000  , 100.0000 ,  0.0000  ,  0.0000  ,  0.0000  ,  0.0000
 16.2000  ,  0.6207  ,  0.7740  , -0.4721  ,  1.8358  , -3.1165  ,  0.3681  ,  0.9201  , -0.0890  ,  1.8268  , -2.7242  ,  0.0000  , 100.0000 ,  0.0000  ,  0.0000  ,  0.0000  ,  0.0000  ,  0.0000  , 100.0000 ,  0.0000  ,  0.0000  ,  0.0000  ,  0.0000
 16.2200  ,  0.6234  ,  0.7698  , -0.4929  ,  1.8368  , -3.0933  ,  0.3656  ,  0.9163  , -0.1176  ,  1.8472  , -2.7638  ,  0.0000  , 100.0000 ,  0.0000  ,  0.0000  ,  0.0000  ,  0.0000  ,  0.0000  , 100.0000 ,  0.0000  ,  0.0000  ,  0.0000  ,  0.0000
 16.2400  ,  0.6248  ,  0.7660  , -0.5267  ,  1.8660  , -3.0956  ,  0.3607  ,  0.9093  , -0.1490  ,  1.8714  , -2.7776  ,  0.0000  , 100.0000 ,  0.0000  ,  0.0000  ,  0.0000  ,  0.0000  ,  0.0000  , 100.0000 ,  0.0000  ,  0.0000  ,  0.0000  ,  0.0000
 16.2600  ,  0.6236  ,  0.7655  , -0.5465  ,  1.8832  , -3.1052  ,  0.3550  ,  0.9046  , -0.1666  ,  1.8861  , -2.7906  ,  0.0000  , 100.0000 ,  0.0000  ,  0.0000  ,  0.0000  ,  0.0000  ,  0.0000  , 100.0000 ,  0.0000  ,  0.0000  ,  0.0000  ,  0.0000
 16.2800  ,  0.6225  ,  0.7659  , -0.5590  ,  1.8933  , -3.1364  ,  0.3509  ,  0.9022  , -0.1768  ,  1.8945  , -2.8013  ,  0.0000  , 100.0000 ,  0.0000  ,  0.0000  ,  0.0000  ,  0.0000  ,  0.0000  , 100.0000 ,  0.0000  ,  0.0000  ,  0.0000  ,  0.0000
 16.3000  ,  0.6158  ,  0.7688  , -0.5742  ,  1.9028  , -3.1333  ,  0.3422  ,  0.8986  , -0.1935  ,  1.9100  , -2.7853  ,  0.0000  , 100.0000 ,  0.0000  ,  0.0000  ,  0.0000  ,  0.0000  ,  0.0000  , 100.0000 ,  0.0000  ,  0.0000  ,  0.0000  ,  0.0000
 16.3200  ,  0.6158  ,  0.7688  , -0.5742  ,  1.9028  , -3.1089  ,  0.3422  ,  0.8986  , -0.1935  ,  1.9100  , -2.7648  ,  0.0000  , 100.0000 ,  0.0000  ,  0.0000  ,  0.0000  ,  0.0000  ,  0.0000  , 100.0000 ,  0.0000  ,  0.0000  ,  0.0000  ,  0.0000
 16.3400  ,  0.6103  ,  0.7709  , -0.5821  ,  1.9088  , -3.0922  ,  0.3359  ,  0.8951  , -0.1931  ,  1.9133  , -2.7566  ,  0.0000  , 100.0000 ,  0.0000  ,  0.0000  ,  0.0000  ,  0.0000  ,  0.0000  , 100.0000 ,  0.0000  ,  0.0000  ,  0.0000  ,  0.0000
 16.3600  ,  0.6001  ,  0.7730  , -0.5777  ,  1.9009  , -3.0810  ,  0.3264  ,  0.8903  , -0.1809  ,  1.9069  , -2.7561  ,  0.0000  , 100.0000 ,  0.0000  ,  0.0000  ,  0.0000  ,  0.0000  ,  0.0000  , 100.0000 ,  0.0000  ,  0.0000  ,  0.0000  ,  0.0000
 16.3800  ,  0.5969  ,  0.7735  , -0.5744  ,  1.8986  , -3.0749  ,  0.3237  ,  0.8891  , -0.1744  ,  1.9044  , -2.7497  ,  0.0000  , 100.0000 ,  0.0000  ,  0.0000  ,  0.0000  ,  0.0000  ,  0.0000  , 100.0000 ,  0.0000  ,  0.0000  ,  0.0000  ,  0.0000
 16.4000  ,  0.5908  ,  0.7762  , -0.5620  ,  1.8844  , -3.0883  ,  0.3158  ,  0.8850  , -0.1471  ,  1.8933  , -2.7445  ,  0.0000  , 100.0000 ,  0.0000  ,  0.0000  ,  0.0000  ,  0.0000  ,  0.0000  , 100.0000 ,  0.0000  ,  0.0000  ,  0.0000  ,  0.0000
 16.4200  ,  0.5899  ,  0.7769  , -0.5611  ,  1.8757  , -3.0975  ,  0.3142  ,  0.8842  , -0.1376  ,  1.8879  , -2.7429  ,  0.0000  , 100.0000 ,  0.0000  ,  0.0000  ,  0.0000  ,  0.0000  ,  0.0000  , 100.0000 ,  0.0000  ,  0.0000  ,  0.0000  ,  0.0000
 16.4400  ,  0.5892  ,  0.7784  , -0.5544  ,  1.8675  , -3.0960  ,  0.3124  ,  0.8830  , -0.1235  ,  1.8805  , -2.7385  ,  0.0000  , 100.0000 ,  0.0000  ,  0.0000  ,  0.0000  ,  0.0000  ,  0.0000  , 100.0000 ,  0.0000  ,  0.0000  ,  0.0000  ,  0.0000
 16.4600  ,  0.5880  ,  0.7805  , -0.5313  ,  1.8433  , -3.0819  ,  0.3085  ,  0.8815  , -0.0868  ,  1.8618  , -2.7389  ,  0.0000  , 100.0000 ,  0.0000  ,  0.0000  ,  0.0000  ,  0.0000  ,  0.0000  , 100.0000 ,  0.0000  ,  0.0000  ,  0.0000  ,  0.0000
 16.4800  ,  0.5876  ,  0.7809  , -0.5227  ,  1.8348  , -3.0619  ,  0.3071  ,  0.8813  , -0.0715  ,  1.8536  , -2.7315  ,  0.0000  , 100.0000 ,  0.0000  ,  0.0000  ,  0.0000  ,  0.0000  ,  0.0000  , 100.0000 ,  0.0000  ,  0.0000  ,  0.0000  ,  0.0000
 16.5000  ,  0.5800  ,  0.7806  , -0.4837  ,  1.8014  , -3.0663  ,  0.3007  ,  0.8799  , -0.0266  ,  1.8270  , -2.7298  ,  0.0000  , 100.0000 ,  0.0000  ,  0.0000  ,  0.0000  ,  0.0000  ,  0.0000  , 100.0000 ,  0.0000  ,  0.0000  ,  0.0000  ,  0.0000
 16.5200  ,  0.5776  ,  0.7804  , -0.4655  ,  1.7855  , -3.0651  ,  0.2989  ,  0.8795  , -0.0047  ,  1.8132  , -2.7142  ,  0.0000  , 100.0000 ,  0.0000  ,  0.0000  ,  0.0000  ,  0.0000  ,  0.0000  , 100.0000 ,  0.0000  ,  0.0000  ,  0.0000  ,  0.0000
 16.5400  ,  0.5743  ,  0.7818  , -0.4390  ,  1.7607  , -3.0695  ,  0.2933  ,  0.8788  ,  0.0281  ,  1.7947  , -2.6923  ,  0.0000  , 100.0000 ,  0.0000  ,  0.0000  ,  0.0000  ,  0.0000  ,  0.0000  , 100.0000 ,  0.0000  ,  0.0000  ,  0.0000  ,  0.0000
 16.5600  ,  0.5691  ,  0.7825  , -0.4095  ,  1.7261  , -3.0640  ,  0.2882  ,  0.8767  ,  0.0777  ,  1.7620  , -2.6729  ,  0.0000  , 100.0000 ,  0.0000  ,  0.0000  ,  0.0000  ,  0.0000  ,  0.0000  , 100.0000 ,  0.0000  ,  0.0000  ,  0.0000  ,  0.0000
 16.5800  ,  0.5663  ,  0.7826  , -0.3847  ,  1.7017  , -3.0574  ,  0.2861  ,  0.8754  ,  0.1016  ,  1.7456  , -2.6626  ,  0.0000  , 100.0000 ,  0.0000  ,  0.0000  ,  0.0000  ,  0.0000  ,  0.0000  , 100.0000 ,  0.0000  ,  0.0000  ,  0.0000  ,  0.0000
 16.6000  ,  0.5638  ,  0.7824  , -0.3617  ,  1.6788  , -3.0556  ,  0.2838  ,  0.8741  ,  0.1301  ,  1.7253  , -2.6523  ,  0.0000  , 100.0000 ,  0.0000  ,  0.0000  ,  0.0000  ,  0.0000  ,  0.0000  , 100.0000 ,  0.0000  ,  0.0000  ,  0.0000  ,  0.0000
 16.6200  ,  0.5558  ,  0.7807  , -0.3145  ,  1.6350  , -3.0518  ,  0.2770  ,  0.8716  ,  0.1997  ,  1.6702  , -2.6417  ,  0.0000  , 100.0000 ,  0.0000  ,  0.0000  ,  0.0000  ,  0.0000  ,  0.0000  , 100.0000 ,  0.0000  ,  0.0000  ,  0.0000  ,  0.0000
 16.6400  ,  0.5499  ,  0.7796  , -0.2813  ,  1.6060  , -3.0383  ,  0.2732  ,  0.8708  ,  0.2353  ,  1.6433  , -2.6172  ,  0.0000  , 100.0000 ,  0.0000  ,  0.0000  ,  0.0000  ,  0.0000  ,  0.0000  , 100.0000 ,  0.0000  ,  0.0000  ,  0.0000  ,  0.0000
 16.6600  ,  0.5471  ,  0.7790  , -0.2646  ,  1.5912  , -3.0281  ,  0.2688  ,  0.8705  ,  0.2885  ,  1.6011  , -2.6051  ,  0.0000  , 100.0000 ,  0.0000  ,  0.0000  ,  0.0000  ,  0.0000  ,  0.0000  , 100.0000 ,  0.0000  ,  0.0000  ,  0.0000  ,  0.0000
 16.6800  ,  0.5441  ,  0.7784  , -0.1941  ,  1.4993  , -3.0223  ,  0.2668  ,  0.8705  ,  0.3271  ,  1.5724  , -2.6111  ,  0.0000  , 100.0000 ,  0.0000  ,  0.0000  ,  0.0000  ,  0.0000  ,  0.0000  , 100.0000 ,  0.0000  ,  0.0000  ,  0.0000  ,  0.0000
 16.7000  ,  0.5446  ,  0.7804  , -0.1744  ,  1.4733  , -3.0198  ,  0.2618  ,  0.8728  ,  0.3543  ,  1.5517  , -2.6054  ,  0.0000  , 100.0000 ,  0.0000  ,  0.0000  ,  0.0000  ,  0.0000  ,  0.0000  , 100.0000 ,  0.0000  ,  0.0000  ,  0.0000  ,  0.0000
 16.7200  ,  0.5482  ,  0.7871  , -0.1158  ,  1.3937  , -3.0192  ,  0.2469  ,  0.8804  ,  0.4306  ,  1.4926  , -2.5919  ,  0.0000  , 100.0000 ,  0.0000  ,  0.0000  ,  0.0000  ,  0.0000  ,  0.0000  , 100.0000 ,  0.0000  ,  0.0000  ,  0.0000  ,  0.0000
 16.7400  ,  0.5500  ,  0.7895  , -0.1043  ,  1.3754  , -3.0164  ,  0.2413  ,  0.8834  ,  0.4528  ,  1.4755  , -2.5750  ,  0.0000  , 100.0000 ,  0.0000  ,  0.0000  ,  0.0000  ,  0.0000  ,  0.0000  , 100.0000 ,  0.0000  ,  0.0000  ,  0.0000  ,  0.0000
 16.7600  ,  0.5524  ,  0.8002  , -0.0554  ,  1.3051  , -3.0163  ,  0.2227  ,  0.8928  ,  0.5243  ,  1.4339  , -2.5475  ,  0.0000  , 100.0000 ,  0.0000  ,  0.0000  ,  0.0000  ,  0.0000  ,  0.0000  , 100.0000 ,  0.0000  ,  0.0000  ,  0.0000  ,  0.0000
 16.7800  ,  0.5525  ,  0.8028  , -0.0387  ,  1.2829  , -3.0185  ,  0.2188  ,  0.8946  ,  0.5419  ,  1.4207  , -2.5501  ,  0.0000  , 100.0000 ,  0.0000  ,  0.0000  ,  0.0000  ,  0.0000  ,  0.0000  , 100.0000 ,  0.0000  ,  0.0000  ,  0.0000  ,  0.0000
 16.8000  ,  0.5533  ,  0.8083  , -0.0185  ,  1.2512  , -3.0086  ,  0.2117  ,  0.8985  ,  0.5718  ,  1.3980  , -2.5418  ,  0.0000  , 100.0000 ,  0.0000  ,  0.0000  ,  0.0000  ,  0.0000  ,  0.0000  , 100.0000 ,  0.0000  ,  0.0000  ,  0.0000  ,  0.0000
 16.8200  ,  0.5551  ,  0.8174  ,  0.0016  ,  1.2016  , -2.9969  ,  0.2009  ,  0.9046  ,  0.6179  ,  1.3464  , -2.5327  ,  0.0000  , 100.0000 ,  0.0000  ,  0.0000  ,  0.0000  ,  0.0000  ,  0.0000  , 100.0000 ,  0.0000  ,  0.0000  ,  0.0000  ,  0.0000
 16.8400  ,  0.5618  ,  0.8332  ,  0.0210  ,  1.1430  , -2.9831  ,  0.1865  ,  0.9189  ,  0.6583  ,  1.3059  , -2.5241  ,  0.0000  , 100.0000 ,  0.0000  ,  0.0000  ,  0.0000  ,  0.0000  ,  0.0000  , 100.0000 ,  0.0000  ,  0.0000  ,  0.0000  ,  0.0000
 16.8600  ,  0.5703  ,  0.8530  ,  0.0523  ,  1.0561  , -2.9495  ,  0.1750  ,  0.9382  ,  0.7063  ,  1.2463  , -2.5049  ,  0.0000  , 100.0000 ,  0.0000  ,  0.0000  ,  0.0000  ,  0.0000  ,  0.0000  , 100.0000 ,  0.0000  ,  0.0000  ,  0.0000  ,  0.0000
 16.8800  ,  0.5720  ,  0.8571  ,  0.0544  ,  1.0497  , -2.9420  ,  0.1732  ,  0.9422  ,  0.7181  ,  1.2254  , -2.5016  ,  0.0000  , 100.0000 ,  0.0000  ,  0.0000  ,  0.0000  ,  0.0000  ,  0.0000  , 100.0000 ,  0.0000  ,  0.0000  ,  0.0000  ,  0.0000
 16.9000  ,  0.5760  ,  0.8688  ,  0.0679  ,  1.0004  , -2.9307  ,  0.1671  ,  0.9542  ,  0.7443  ,  1.1869  , -2.4998  ,  0.0000  , 100.0000 ,  0.0000  ,  0.0000  ,  0.0000  ,  0.0000  ,  0.0000  , 100.0000 ,  0.0000  ,  0.0000  ,  0.0000  ,  0.0000
 16.9200  ,  0.5792  ,  0.8797  ,  0.0768  ,  0.9562  , -2.9256  ,  0.1609  ,  0.9655  ,  0.7691  ,  1.1486  , -2.4979  ,  0.0000  , 100.0000 ,  0.0000  ,  0.0000  ,  0.0000  ,  0.0000  ,  0.0000  , 100.0000 ,  0.0000  ,  0.0000  ,  0.0000  ,  0.0000
 16.9400  ,  0.5834  ,  0.8925  ,  0.0829  ,  0.9066  , -2.9116  ,  0.1521  ,  0.9806  ,  0.7845  ,  1.1097  , -2.4879  ,  0.0000  , 100.0000 ,  0.0000  ,  0.0000  ,  0.0000  ,  0.0000  ,  0.0000  , 100.0000 ,  0.0000  ,  0.0000  ,  0.0000  ,  0.0000
 16.9600  ,  0.5858  ,  0.9024  ,  0.0892  ,  0.8705  , -2.9055  ,  0.1437  ,  0.9929  ,  0.7980  ,  1.0671  , -2.4730  ,  0.0000  , 100.0000 ,  0.0000  ,  0.0000  ,  0.0000  ,  0.0000  ,  0.0000  , 100.0000 ,  0.0000  ,  0.0000  ,  0.0000  ,  0.0000
 16.9800  ,  0.5865  ,  0.9134  ,  0.1049  ,  0.8085  , -2.9069  ,  0.1310  ,  1.0083  ,  0.8199  ,  1.0156  , -2.4671  ,  0.0000  , 100.0000 ,  0.0000  ,  0.0000  ,  0.0000  ,  0.0000  ,  0.0000  , 100.0000 ,  0.0000  ,  0.0000  ,  0.0000  ,  0.0000
 17.0000  ,  0.5856  ,  0.9240  ,  0.1041  ,  0.7698  , -2.9034  ,  0.1217  ,  1.0219  ,  0.8318  ,  0.9736  , -2.4639  ,  0.0000  , 100.0000 ,  0.0000  ,  0.0000  ,  0.0000  ,  0.0000  ,  0.0000  , 100.0000 ,  0.0000  ,  0.0000  ,  0.0000  ,  0.0000
 17.0200  ,  0.5853  ,  0.9274  ,  0.1056  ,  0.7529  , -2.8855  ,  0.1185  ,  1.0262  ,  0.8368  ,  0.9564  , -2.4609  ,  0.0000  , 100.0000 ,  0.0000  ,  0.0000  ,  0.0000  ,  0.0000  ,  0.0000  , 100.0000 ,  0.0000  ,  0.0000  ,  0.0000  ,  0.0000
 17.0400  ,  0.5827  ,  0.9378  ,  0.1059  ,  0.7071  , -2.8626  ,  0.1080  ,  1.0426  ,  0.8493  ,  0.8999  , -2.4373  ,  0.0000  , 100.0000 ,  0.0000  ,  0.0000  ,  0.0000  ,  0.0000  ,  0.0000  , 100.0000 ,  0.0000  ,  0.0000  ,  0.0000  ,  0.0000
 17.0600  ,  0.5800  ,  0.9448  ,  0.1064  ,  0.6631  , -2.8499  ,  0.1003  ,  1.0545  ,  0.8575  ,  0.8544  , -2.4159  ,  0.0000  , 100.0000 ,  0.0000  ,  0.0000  ,  0.0000  ,  0.0000  ,  0.0000  , 100.0000 ,  0.0000  ,  0.0000  ,  0.0000  ,  0.0000
 17.0800  ,  0.5791  ,  0.9470  ,  0.1068  ,  0.6459  , -2.8406  ,  0.0979  ,  1.0583  ,  0.8593  ,  0.8399  , -2.3898  ,  0.0000  , 100.0000 ,  0.0000  ,  0.0000  ,  0.0000  ,  0.0000  ,  0.0000  , 100.0000 ,  0.0000  ,  0.0000  ,  0.0000  ,  0.0000
 17.1000  ,  0.5712  ,  0.9515  ,  0.1034  ,  0.6112  , -2.8424  ,  0.0942  ,  1.0722  ,  0.8608  ,  0.7813  , -2.3868  ,  0.0000  , 100.0000 ,  0.0000  ,  0.0000  ,  0.0000  ,  0.0000  ,  0.0000  , 100.0000 ,  0.0000  ,  0.0000  ,  0.0000  ,  0.0000
 17.1200  ,  0.5685  ,  0.9524  ,  0.1032  ,  0.5948  , -2.8590  ,  0.0939  ,  1.0760  ,  0.8621  ,  0.7588  , -2.3973  ,  0.0000  , 100.0000 ,  0.0000  ,  0.0000  ,  0.0000  ,  0.0000  ,  0.0000  , 100.0000 ,  0.0000  ,  0.0000  ,  0.0000  ,  0.0000
 17.1400  ,  0.5540  ,  0.9549  ,  0.0903  ,  0.5757  , -2.8600  ,  0.0908  ,  1.0810  ,  0.8587  ,  0.7298  , -2.3988  ,  0.0000  , 100.0000 ,  0.0000  ,  0.0000  ,  0.0000  ,  0.0000  ,  0.0000  , 100.0000 ,  0.0000  ,  0.0000  ,  0.0000  ,  0.0000
 17.1600  ,  0.5504  ,  0.9560  ,  0.0834  ,  0.5674  , -2.8562  ,  0.0892  ,  1.0836  ,  0.8533  ,  0.7169  , -2.3979  ,  0.0000  , 100.0000 ,  0.0000  ,  0.0000  ,  0.0000  ,  0.0000  ,  0.0000  , 100.0000 ,  0.0000  ,  0.0000  ,  0.0000  ,  0.0000
 17.1800  ,  0.5427  ,  0.9563  ,  0.0693  ,  0.5568  , -2.8439  ,  0.0869  ,  1.0866  ,  0.8371  ,  0.6990  , -2.3973  ,  0.0000  , 100.0000 ,  0.0000  ,  0.0000  ,  0.0000  ,  0.0000  ,  0.0000  , 100.0000 ,  0.0000  ,  0.0000  ,  0.0000  ,  0.0000
 17.2000  ,  0.5389  ,  0.9551  ,  0.0684  ,  0.5584  , -2.8445  ,  0.0863  ,  1.0869  ,  0.8323  ,  0.6971  , -2.3978  ,  0.0000  , 100.0000 ,  0.0000  ,  0.0000  ,  0.0000  ,  0.0000  ,  0.0000  , 100.0000 ,  0.0000  ,  0.0000  ,  0.0000  ,  0.0000
 17.2200  ,  0.5353  ,  0.9541  ,  0.0475  ,  0.5525  , -2.8429  ,  0.0858  ,  1.0871  ,  0.8207  ,  0.6966  , -2.3957  ,  0.0000  , 100.0000 ,  0.0000  ,  0.0000  ,  0.0000  ,  0.0000  ,  0.0000  , 100.0000 ,  0.0000  ,  0.0000  ,  0.0000  ,  0.0000
 17.2400  ,  0.5296  ,  0.9503  ,  0.0421  ,  0.5632  , -2.8431  ,  0.0839  ,  1.0866  ,  0.7970  ,  0.7041  , -2.3929  ,  0.0000  , 100.0000 ,  0.0000  ,  0.0000  ,  0.0000  ,  0.0000  ,  0.0000  , 100.0000 ,  0.0000  ,  0.0000  ,  0.0000  ,  0.0000
 17.2600  ,  0.5296  ,  0.9503  ,  0.0421  ,  0.5632  , -2.8421  ,  0.0839  ,  1.0866  ,  0.7970  ,  0.7041  , -2.3901  ,  0.0000  , 100.0000 ,  0.0000  ,  0.0000  ,  0.0000  ,  0.0000  ,  0.0000  , 100.0000 ,  0.0000  ,  0.0000  ,  0.0000  ,  0.0000
 17.2800  ,  0.5246  ,  0.9434  ,  0.0280  ,  0.6048  , -2.8407  ,  0.0871  ,  1.0843  ,  0.7605  ,  0.7308  , -2.3869  ,  0.0000  , 100.0000 ,  0.0000  ,  0.0000  ,  0.0000  ,  0.0000  ,  0.0000  , 100.0000 ,  0.0000  ,  0.0000  ,  0.0000  ,  0.0000
 17.3000  ,  0.5256  ,  0.9405  ,  0.0277  ,  0.6128  , -2.8379  ,  0.0917  ,  1.0823  ,  0.7528  ,  0.7401  , -2.3848  ,  0.0000  , 100.0000 ,  0.0000  ,  0.0000  ,  0.0000  ,  0.0000  ,  0.0000  , 100.0000 ,  0.0000  ,  0.0000  ,  0.0000  ,  0.0000
 17.3200  ,  0.5290  ,  0.9318  ,  0.0203  ,  0.6458  , -2.8296  ,  0.1037  ,  1.0768  ,  0.7188  ,  0.7808  , -2.3843  ,  0.0000  , 100.0000 ,  0.0000  ,  0.0000  ,  0.0000  ,  0.0000  ,  0.0000  , 100.0000 ,  0.0000  ,  0.0000  ,  0.0000  ,  0.0000
 17.3400  ,  0.5300  ,  0.9295  ,  0.0136  ,  0.6614  , -2.8261  ,  0.1066  ,  1.0754  ,  0.7070  ,  0.7956  , -2.3839  ,  0.0000  , 100.0000 ,  0.0000  ,  0.0000  ,  0.0000  ,  0.0000  ,  0.0000  , 100.0000 ,  0.0000  ,  0.0000  ,  0.0000  ,  0.0000
 17.3600  ,  0.5338  ,  0.9241  ,  0.0161  ,  0.7027  , -2.8246  ,  0.1159  ,  1.0725  ,  0.6889  ,  0.8208  , -2.3845  ,  0.0000  , 100.0000 ,  0.0000  ,  0.0000  ,  0.0000  ,  0.0000  ,  0.0000  , 100.0000 ,  0.0000  ,  0.0000  ,  0.0000  ,  0.0000
 17.3800  ,  0.5384  ,  0.9182  , -0.0050  ,  0.7520  , -2.8285  ,  0.1266  ,  1.0694  ,  0.6474  ,  0.8711  , -2.3884  ,  0.0000  , 100.0000 ,  0.0000  ,  0.0000  ,  0.0000  ,  0.0000  ,  0.0000  , 100.0000 ,  0.0000  ,  0.0000  ,  0.0000  ,  0.0000
 17.4000  ,  0.5409  ,  0.9132  , -0.0074  ,  0.7717  , -2.8445  ,  0.1349  ,  1.0660  ,  0.6342  ,  0.8904  , -2.4128  ,  0.0000  , 100.0000 ,  0.0000  ,  0.0000  ,  0.0000  ,  0.0000  ,  0.0000  , 100.0000 ,  0.0000  ,  0.0000  ,  0.0000  ,  0.0000
 17.4200  ,  0.5436  ,  0.9080  , -0.0035  ,  0.8090  , -2.8517  ,  0.1436  ,  1.0624  ,  0.6187  ,  0.9160  , -2.4257  ,  0.0000  , 100.0000 ,  0.0000  ,  0.0000  ,  0.0000  ,  0.0000  ,  0.0000  , 100.0000 ,  0.0000  ,  0.0000  ,  0.0000  ,  0.0000
 17.4400  ,  0.5416  ,  0.8905  , -0.0159  ,  0.9067  , -2.8632  ,  0.1595  ,  1.0461  ,  0.5741  ,  1.0062  , -2.4498  ,  0.0000  , 100.0000 ,  0.0000  ,  0.0000  ,  0.0000  ,  0.0000  ,  0.0000  , 100.0000 ,  0.0000  ,  0.0000  ,  0.0000  ,  0.0000
 17.4600  ,  0.5411  ,  0.8874  , -0.0219  ,  0.9304  , -2.8853  ,  0.1622  ,  1.0430  ,  0.5611  ,  1.0285  , -2.4783  ,  0.0000  , 100.0000 ,  0.0000  ,  0.0000  ,  0.0000  ,  0.0000  ,  0.0000  , 100.0000 ,  0.0000  ,  0.0000  ,  0.0000  ,  0.0000
 17.4800  ,  0.5400  ,  0.8676  , -0.0310  ,  1.0389  , -2.8913  ,  0.1814  ,  1.0247  ,  0.5155  ,  1.1174  , -2.4779  ,  0.0000  , 100.0000 ,  0.0000  ,  0.0000  ,  0.0000  ,  0.0000  ,  0.0000  , 100.0000 ,  0.0000  ,  0.0000  ,  0.0000  ,  0.0000
 17.5000  ,  0.5386  ,  0.8584  , -0.0351  ,  1.0780  , -2.9474  ,  0.1891  ,  1.0158  ,  0.4950  ,  1.1576  , -2.5172  ,  0.0000  , 100.0000 ,  0.0000  ,  0.0000  ,  0.0000  ,  0.0000  ,  0.0000  , 100.0000 ,  0.0000  ,  0.0000  ,  0.0000  ,  0.0000
 17.5200  ,  0.5356  ,  0.8420  , -0.0591  ,  1.1764  , -2.9483  ,  0.2055  ,  0.9981  ,  0.4509  ,  1.2357  , -2.5105  ,  0.0000  , 100.0000 ,  0.0000  ,  0.0000  ,  0.0000  ,  0.0000  ,  0.0000  , 100.0000 ,  0.0000  ,  0.0000  ,  0.0000  ,  0.0000
 17.5400  ,  0.5342  ,  0.8350  , -0.0575  ,  1.2336  , -2.9913  ,  0.2134  ,  0.9900  ,  0.4446  ,  1.2714  , -2.5273  ,  0.0000  , 100.0000 ,  0.0000  ,  0.0000  ,  0.0000  ,  0.0000  ,  0.0000  , 100.0000 ,  0.0000  ,  0.0000  ,  0.0000  ,  0.0000
 17.5600  ,  0.5370  ,  0.8270  , -0.0919  ,  1.3073  , -3.0228  ,  0.2260  ,  0.9781  ,  0.4059  ,  1.3275  , -2.5355  ,  0.0000  , 100.0000 ,  0.0000  ,  0.0000  ,  0.0000  ,  0.0000  ,  0.0000  , 100.0000 ,  0.0000  ,  0.0000  ,  0.0000  ,  0.0000
 17.5800  ,  0.5370  ,  0.8270  , -0.0919  ,  1.3073  , -3.0536  ,  0.2260  ,  0.9781  ,  0.4059  ,  1.3275  , -2.5520  ,  0.0000  , 100.0000 ,  0.0000  ,  0.0000  ,  0.0000  ,  0.0000  ,  0.0000  , 100.0000 ,  0.0000  ,  0.0000  ,  0.0000  ,  0.0000
 17.6000  ,  0.5440  ,  0.8183  , -0.1434  ,  1.4001  , -3.0736  ,  0.2450  ,  0.9671  ,  0.3388  ,  1.4073  , -2.5718  ,  0.0000  , 100.0000 ,  0.0000  ,  0.0000  ,  0.0000  ,  0.0000  ,  0.0000  , 100.0000 ,  0.0000  ,  0.0000  ,  0.0000  ,  0.0000
 17.6200  ,  0.5532  ,  0.8150  , -0.1712  ,  1.4488  , -3.0780  ,  0.2637  ,  0.9612  ,  0.2843  ,  1.4707  , -2.5794  ,  0.0000  , 100.0000 ,  0.0000  ,  0.0000  ,  0.0000  ,  0.0000  ,  0.0000  , 100.0000 ,  0.0000  ,  0.0000  ,  0.0000  ,  0.0000
 17.6400  ,  0.5532  ,  0.8150  , -0.1712  ,  1.4488  , -3.0913  ,  0.2637  ,  0.9612  ,  0.2843  ,  1.4707  , -2.5973  ,  0.0000  , 100.0000 ,  0.0000  ,  0.0000  ,  0.0000  ,  0.0000  ,  0.0000  , 100.0000 ,  0.0000  ,  0.0000  ,  0.0000  ,  0.0000
 17.6600  ,  0.5659  ,  0.8160  , -0.2306  ,  1.5228  , -3.0921  ,  0.2876  ,  0.9564  ,  0.2210  ,  1.5212  , -2.6063  ,  0.0000  , 100.0000 ,  0.0000  ,  0.0000  ,  0.0000  ,  0.0000  ,  0.0000  , 100.0000 ,  0.0000  ,  0.0000  ,  0.0000  ,  0.0000
 17.6800  ,  0.5729  ,  0.8164  , -0.2716  ,  1.5580  , -3.0974  ,  0.3067  ,  0.9524  ,  0.1608  ,  1.5698  , -2.6095  ,  0.0000  , 100.0000 ,  0.0000  ,  0.0000  ,  0.0000  ,  0.0000  ,  0.0000  , 100.0000 ,  0.0000  ,  0.0000  ,  0.0000  ,  0.0000
 17.7000  ,  0.5744  ,  0.8175  , -0.3034  ,  1.6063  , -3.1154  ,  0.3171  ,  0.9520  ,  0.1235  ,  1.5979  , -2.6202  ,  0.0000  , 100.0000 ,  0.0000  ,  0.0000  ,  0.0000  ,  0.0000  ,  0.0000  , 100.0000 ,  0.0000  ,  0.0000  ,  0.0000  ,  0.0000
 17.7200  ,  0.5790  ,  0.8160  , -0.3403  ,  1.6569  , -3.1313  ,  0.3355  ,  0.9488  ,  0.0738  ,  1.6309  , -2.6500  ,  0.0000  , 100.0000 ,  0.0000  ,  0.0000  ,  0.0000  ,  0.0000  ,  0.0000  , 100.0000 ,  0.0000  ,  0.0000  ,  0.0000  ,  0.0000
 17.7400  ,  0.5827  ,  0.8139  , -0.3613  ,  1.6474  , -3.1263  ,  0.3477  ,  0.9459  ,  0.0447  ,  1.6480  , -2.6577  ,  0.0000  , 100.0000 ,  0.0000  ,  0.0000  ,  0.0000  ,  0.0000  ,  0.0000  , 100.0000 ,  0.0000  ,  0.0000  ,  0.0000  ,  0.0000
 17.7600  ,  0.5871  ,  0.8116  , -0.3870  ,  1.6801  , -3.1259  ,  0.3621  ,  0.9421  ,  0.0091  ,  1.6691  , -2.6608  ,  0.0000  , 100.0000 ,  0.0000  ,  0.0000  ,  0.0000  ,  0.0000  ,  0.0000  , 100.0000 ,  0.0000  ,  0.0000  ,  0.0000  ,  0.0000
 17.7800  ,  0.5925  ,  0.8082  , -0.4221  ,  1.7245  , -3.1276  ,  0.3790  ,  0.9369  , -0.0390  ,  1.6983  , -2.6620  ,  0.0000  , 100.0000 ,  0.0000  ,  0.0000  ,  0.0000  ,  0.0000  ,  0.0000  , 100.0000 ,  0.0000  ,  0.0000  ,  0.0000  ,  0.0000
 17.8000  ,  0.5944  ,  0.8065  , -0.4354  ,  1.7404  , -3.1284  ,  0.3842  ,  0.9351  , -0.0538  ,  1.7064  , -2.6642  ,  0.0000  , 100.0000 ,  0.0000  ,  0.0000  ,  0.0000  ,  0.0000  ,  0.0000  , 100.0000 ,  0.0000  ,  0.0000  ,  0.0000  ,  0.0000
 17.8200  ,  0.5950  ,  0.8005  , -0.4887  ,  1.7784  , -3.1369  ,  0.3948  ,  0.9259  , -0.1132  ,  1.7563  , -2.6755  ,  0.0000  , 100.0000 ,  0.0000  ,  0.0000  ,  0.0000  ,  0.0000  ,  0.0000  , 100.0000 ,  0.0000  ,  0.0000  ,  0.0000  ,  0.0000
 17.8400  ,  0.5944  ,  0.7991  , -0.4974  ,  1.7897  , -3.1392  ,  0.3963  ,  0.9234  , -0.1268  ,  1.7676  , -2.6860  ,  0.0000  , 100.0000 ,  0.0000  ,  0.0000  ,  0.0000  ,  0.0000  ,  0.0000  , 100.0000 ,  0.0000  ,  0.0000  ,  0.0000  ,  0.0000
 17.8600  ,  0.5932  ,  0.7955  , -0.5168  ,  1.8133  , -3.1370  ,  0.3985  ,  0.9190  , -0.1505  ,  1.7866  , -2.6926  ,  0.0000  , 100.0000 ,  0.0000  ,  0.0000  ,  0.0000  ,  0.0000  ,  0.0000  , 100.0000 ,  0.0000  ,  0.0000  ,  0.0000  ,  0.0000
 17.8800  ,  0.5923  ,  0.7925  , -0.5480  ,  1.8421  , -3.1360  ,  0.3989  ,  0.9145  , -0.1817  ,  1.8110  , -2.6888  ,  0.0000  , 100.0000 ,  0.0000  ,  0.0000  ,  0.0000  ,  0.0000  ,  0.0000  , 100.0000 ,  0.0000  ,  0.0000  ,  0.0000  ,  0.0000
 17.9000  ,  0.5918  ,  0.7922  , -0.5637  ,  1.8576  , -3.1337  ,  0.3966  ,  0.9115  , -0.1990  ,  1.8264  , -2.6748  ,  0.0000  , 100.0000 ,  0.0000  ,  0.0000  ,  0.0000  ,  0.0000  ,  0.0000  , 100.0000 ,  0.0000  ,  0.0000  ,  0.0000  ,  0.0000
 17.9200  ,  0.5913  ,  0.7928  , -0.6041  ,  1.8894  , -3.1183  ,  0.3873  ,  0.9045  , -0.2279  ,  1.8539  , -2.6803  ,  0.0000  , 100.0000 ,  0.0000  ,  0.0000  ,  0.0000  ,  0.0000  ,  0.0000  , 100.0000 ,  0.0000  ,  0.0000  ,  0.0000  ,  0.0000
 17.9400  ,  0.5912  ,  0.7930  , -0.6163  ,  1.8971  , -3.1168  ,  0.3845  ,  0.9027  , -0.2378  ,  1.8591  , -2.6936  ,  0.0000  , 100.0000 ,  0.0000  ,  0.0000  ,  0.0000  ,  0.0000  ,  0.0000  , 100.0000 ,  0.0000  ,  0.0000  ,  0.0000  ,  0.0000
 17.9600  ,  0.5887  ,  0.7933  , -0.6407  ,  1.9101  , -3.1150  ,  0.3768  ,  0.9005  , -0.2537  ,  1.8743  , -2.7029  ,  0.0000  , 100.0000 ,  0.0000  ,  0.0000  ,  0.0000  ,  0.0000  ,  0.0000  , 100.0000 ,  0.0000  ,  0.0000  ,  0.0000  ,  0.0000
 17.9800  ,  0.5842  ,  0.7937  , -0.6597  ,  1.9256  , -3.1110  ,  0.3665  ,  0.8988  , -0.2680  ,  1.8900  , -2.7002  ,  0.0000  , 100.0000 ,  0.0000  ,  0.0000  ,  0.0000  ,  0.0000  ,  0.0000  , 100.0000 ,  0.0000  ,  0.0000  ,  0.0000  ,  0.0000
 18.0000  ,  0.5824  ,  0.7945  , -0.6678  ,  1.9323  , -3.1079  ,  0.3615  ,  0.8980  , -0.2751  ,  1.8971  , -2.6844  ,  0.0000  , 100.0000 ,  0.0000  ,  0.0000  ,  0.0000  ,  0.0000  ,  0.0000  , 100.0000 ,  0.0000  ,  0.0000  ,  0.0000  ,  0.0000
 18.0200  ,  0.5809  ,  0.7978  , -0.6929  ,  1.9389  , -3.1071  ,  0.3459  ,  0.8952  , -0.2903  ,  1.9087  , -2.6809  ,  0.0000  , 100.0000 ,  0.0000  ,  0.0000  ,  0.0000  ,  0.0000  ,  0.0000  , 100.0000 ,  0.0000  ,  0.0000  ,  0.0000  ,  0.0000
 18.0400  ,  0.5820  ,  0.7993  , -0.7065  ,  1.9448  , -3.1049  ,  0.3400  ,  0.8940  , -0.2919  ,  1.9140  , -2.6901  ,  0.0000  , 100.0000 ,  0.0000  ,  0.0000  ,  0.0000  ,  0.0000  ,  0.0000  , 100.0000 ,  0.0000  ,  0.0000  ,  0.0000  ,  0.0000
 18.0600  ,  0.5816  ,  0.8013  , -0.7236  ,  1.9524  , -3.1006  ,  0.3268  ,  0.8917  , -0.2933  ,  1.9241  , -2.6971  ,  0.0000  , 100.0000 ,  0.0000  ,  0.0000  ,  0.0000  ,  0.0000  ,  0.0000  , 100.0000 ,  0.0000  ,  0.0000  ,  0.0000  ,  0.0000
 18.0800  ,  0.5814  ,  0.8017  , -0.7267  ,  1.9451  , -3.0963  ,  0.3226  ,  0.8910  , -0.2913  ,  1.9334  , -2.7046  ,  0.0000  , 100.0000 ,  0.0000  ,  0.0000  ,  0.0000  ,  0.0000  ,  0.0000  , 100.0000 ,  0.0000  ,  0.0000  ,  0.0000  ,  0.0000
 18.1000  ,  0.5818  ,  0.8025  , -0.7325  ,  1.9473  , -3.0820  ,  0.3169  ,  0.8920  , -0.2899  ,  1.9356  , -2.6841  ,  0.0000  , 100.0000 ,  0.0000  ,  0.0000  ,  0.0000  ,  0.0000  ,  0.0000  , 100.0000 ,  0.0000  ,  0.0000  ,  0.0000  ,  0.0000
 18.1200  ,  0.5817  ,  0.8032  , -0.7336  ,  1.9471  , -3.0820  ,  0.3122  ,  0.8918  , -0.2848  ,  1.9358  , -2.6841  ,  0.0000  , 100.0000 ,  0.0000  ,  0.0000  ,  0.0000  ,  0.0000  ,  0.0000  , 100.0000 ,  0.0000  ,  0.0000  ,  0.0000  ,  0.0000
 18.1400  ,  0.5805  ,  0.8049  , -0.7328  ,  1.9432  , -3.0684  ,  0.3035  ,  0.8905  , -0.2688  ,  1.9355  , -2.6826  ,  0.0000  , 100.0000 ,  0.0000  ,  0.0000  ,  0.0000  ,  0.0000  ,  0.0000  , 100.0000 ,  0.0000  ,  0.0000  ,  0.0000  ,  0.0000
 18.1600  ,  0.5792  ,  0.8061  , -0.7293  ,  1.9415  , -3.0641  ,  0.2976  ,  0.8908  , -0.2590  ,  1.9343  , -2.6835  ,  0.0000  , 100.0000 ,  0.0000  ,  0.0000  ,  0.0000  ,  0.0000  ,  0.0000  , 100.0000 ,  0.0000  ,  0.0000  ,  0.0000  ,  0.0000
 18.1800  ,  0.5765  ,  0.8088  , -0.7191  ,  1.9352  , -3.0577  ,  0.2898  ,  0.8908  , -0.2427  ,  1.9315  , -2.6881  ,  0.0000  , 100.0000 ,  0.0000  ,  0.0000  ,  0.0000  ,  0.0000  ,  0.0000  , 100.0000 ,  0.0000  ,  0.0000  ,  0.0000  ,  0.0000
 18.2000  ,  0.5755  ,  0.8099  , -0.7142  ,  1.9318  , -3.0566  ,  0.2875  ,  0.8906  , -0.2364  ,  1.9269  , -2.6887  ,  0.0000  , 100.0000 ,  0.0000  ,  0.0000  ,  0.0000  ,  0.0000  ,  0.0000  , 100.0000 ,  0.0000  ,  0.0000  ,  0.0000  ,  0.0000
 18.2200  ,  0.5731  ,  0.8121  , -0.6999  ,  1.9197  , -3.0532  ,  0.2821  ,  0.8906  , -0.2189  ,  1.9209  , -2.6844  ,  0.0000  , 100.0000 ,  0.0000  ,  0.0000  ,  0.0000  ,  0.0000  ,  0.0000  , 100.0000 ,  0.0000  ,  0.0000  ,  0.0000  ,  0.0000
 18.2400  ,  0.5722  ,  0.8129  , -0.6936  ,  1.9144  , -3.0324  ,  0.2801  ,  0.8907  , -0.2125  ,  1.9184  , -2.6794  ,  0.0000  , 100.0000 ,  0.0000  ,  0.0000  ,  0.0000  ,  0.0000  ,  0.0000  , 100.0000 ,  0.0000  ,  0.0000  ,  0.0000  ,  0.0000
 18.2600  ,  0.5681  ,  0.8137  , -0.6756  ,  1.9004  , -3.0316  ,  0.2756  ,  0.8901  , -0.1922  ,  1.9095  , -2.6814  ,  0.0000  , 100.0000 ,  0.0000  ,  0.0000  ,  0.0000  ,  0.0000  ,  0.0000  , 100.0000 ,  0.0000  ,  0.0000  ,  0.0000  ,  0.0000
 18.2800  ,  0.5586  ,  0.8104  , -0.6358  ,  1.8678  , -3.0185  ,  0.2704  ,  0.8878  , -0.1542  ,  1.8882  , -2.6830  ,  0.0000  , 100.0000 ,  0.0000  ,  0.0000  ,  0.0000  ,  0.0000  ,  0.0000  , 100.0000 ,  0.0000  ,  0.0000  ,  0.0000  ,  0.0000
 18.3000  ,  0.5570  ,  0.8093  , -0.6230  ,  1.8546  , -3.0163  ,  0.2697  ,  0.8874  , -0.1431  ,  1.8808  , -2.6814  ,  0.0000  , 100.0000 ,  0.0000  ,  0.0000  ,  0.0000  ,  0.0000  ,  0.0000  , 100.0000 ,  0.0000  ,  0.0000  ,  0.0000  ,  0.0000
 18.3200  ,  0.5531  ,  0.8068  , -0.6043  ,  1.8378  , -3.0317  ,  0.2676  ,  0.8860  , -0.1246  ,  1.8694  , -2.6537  ,  0.0000  , 100.0000 ,  0.0000  ,  0.0000  ,  0.0000  ,  0.0000  ,  0.0000  , 100.0000 ,  0.0000  ,  0.0000  ,  0.0000  ,  0.0000
 18.3400  ,  0.5417  ,  0.8002  , -0.5539  ,  1.7945  , -3.0354  ,  0.2597  ,  0.8804  , -0.0776  ,  1.8273  , -2.6421  ,  0.0000  , 100.0000 ,  0.0000  ,  0.0000  ,  0.0000  ,  0.0000  ,  0.0000  , 100.0000 ,  0.0000  ,  0.0000  ,  0.0000  ,  0.0000
 18.3600  ,  0.5381  ,  0.7986  , -0.5362  ,  1.7796  , -3.0162  ,  0.2570  ,  0.8784  , -0.0588  ,  1.8165  , -2.6293  ,  0.0000  , 100.0000 ,  0.0000  ,  0.0000  ,  0.0000  ,  0.0000  ,  0.0000  , 100.0000 ,  0.0000  ,  0.0000  ,  0.0000  ,  0.0000
 18.3800  ,  0.5236  ,  0.7920  , -0.4658  ,  1.7228  , -2.9990  ,  0.2424  ,  0.8698  ,  0.0173  ,  1.7760  , -2.6188  ,  0.0000  , 100.0000 ,  0.0000  ,  0.0000  ,  0.0000  ,  0.0000  ,  0.0000  , 100.0000 ,  0.0000  ,  0.0000  ,  0.0000  ,  0.0000
 18.4000  ,  0.5218  ,  0.7912  , -0.4566  ,  1.7155  , -2.9939  ,  0.2404  ,  0.8687  ,  0.0311  ,  1.7676  , -2.6209  ,  0.0000  , 100.0000 ,  0.0000  ,  0.0000  ,  0.0000  ,  0.0000  ,  0.0000  , 100.0000 ,  0.0000  ,  0.0000  ,  0.0000  ,  0.0000
 18.4200  ,  0.4987  ,  0.7841  , -0.3587  ,  1.6321  , -2.9516  ,  0.2169  ,  0.8589  ,  0.1355  ,  1.7171  , -2.5807  ,  0.0000  , 100.0000 ,  0.0000  ,  0.0000  ,  0.0000  ,  0.0000  ,  0.0000  , 100.0000 ,  0.0000  ,  0.0000  ,  0.0000  ,  0.0000
 18.4400  ,  0.4900  ,  0.7807  , -0.3232  ,  1.6097  , -2.9534  ,  0.2083  ,  0.8558  ,  0.1713  ,  1.6983  , -2.5702  ,  0.0000  , 100.0000 ,  0.0000  ,  0.0000  ,  0.0000  ,  0.0000  ,  0.0000  , 100.0000 ,  0.0000  ,  0.0000  ,  0.0000  ,  0.0000
 18.4600  ,  0.4805  ,  0.7769  , -0.2771  ,  1.5785  , -2.9534  ,  0.1989  ,  0.8524  ,  0.2181  ,  1.6702  , -2.5702  ,  0.0000  , 100.0000 ,  0.0000  ,  0.0000  ,  0.0000  ,  0.0000  ,  0.0000  , 100.0000 ,  0.0000  ,  0.0000  ,  0.0000  ,  0.0000
 18.4800  ,  0.4671  ,  0.7721  , -0.1913  ,  1.5684  , -2.9639  ,  0.1840  ,  0.8453  ,  0.3012  ,  1.6162  , -2.5549  ,  0.0000  , 100.0000 ,  0.0000  ,  0.0000  ,  0.0000  ,  0.0000  ,  0.0000  , 100.0000 ,  0.0000  ,  0.0000  ,  0.0000  ,  0.0000
 18.5000  ,  0.4622  ,  0.7706  , -0.1523  ,  1.5369  , -2.9705  ,  0.1783  ,  0.8422  ,  0.3441  ,  1.5876  , -2.5384  ,  0.0000  , 100.0000 ,  0.0000  ,  0.0000  ,  0.0000  ,  0.0000  ,  0.0000  , 100.0000 ,  0.0000  ,  0.0000  ,  0.0000  ,  0.0000
 18.5200  ,  0.4578  ,  0.7723  , -0.1161  ,  1.5050  , -2.9657  ,  0.1661  ,  0.8413  ,  0.3890  ,  1.5620  , -2.5197  ,  0.0000  , 100.0000 ,  0.0000  ,  0.0000  ,  0.0000  ,  0.0000  ,  0.0000  , 100.0000 ,  0.0000  ,  0.0000  ,  0.0000  ,  0.0000
 18.5400  ,  0.4510  ,  0.7750  , -0.0433  ,  1.4847  , -2.9377  ,  0.1488  ,  0.8408  ,  0.4719  ,  1.4987  , -2.5120  ,  0.0000  , 100.0000 ,  0.0000  ,  0.0000  ,  0.0000  ,  0.0000  ,  0.0000  , 100.0000 ,  0.0000  ,  0.0000  ,  0.0000  ,  0.0000
 18.5600  ,  0.4467  ,  0.7771  ,  0.0028  ,  1.4407  , -2.9227  ,  0.1388  ,  0.8415  ,  0.5254  ,  1.4618  , -2.5124  ,  0.0000  , 100.0000 ,  0.0000  ,  0.0000  ,  0.0000  ,  0.0000  ,  0.0000  , 100.0000 ,  0.0000  ,  0.0000  ,  0.0000  ,  0.0000
 18.5800  ,  0.4450  ,  0.7845  ,  0.0610  ,  1.3730  , -2.9252  ,  0.1249  ,  0.8464  ,  0.5930  ,  1.4114  , -2.5138  ,  0.0000  , 100.0000 ,  0.0000  ,  0.0000  ,  0.0000  ,  0.0000  ,  0.0000  , 100.0000 ,  0.0000  ,  0.0000  ,  0.0000  ,  0.0000
 18.6000  ,  0.4453  ,  0.7914  ,  0.0842  ,  1.3656  , -2.9608  ,  0.1148  ,  0.8511  ,  0.6506  ,  1.3661  , -2.5149  ,  0.0000  , 100.0000 ,  0.0000  ,  0.0000  ,  0.0000  ,  0.0000  ,  0.0000  , 100.0000 ,  0.0000  ,  0.0000  ,  0.0000  ,  0.0000
 18.6200  ,  0.4461  ,  0.7963  ,  0.1175  ,  1.3214  , -2.9802  ,  0.1098  ,  0.8601  ,  0.6767  ,  1.3349  , -2.5193  ,  0.0000  , 100.0000 ,  0.0000  ,  0.0000  ,  0.0000  ,  0.0000  ,  0.0000  , 100.0000 ,  0.0000  ,  0.0000  ,  0.0000  ,  0.0000
 18.6400  ,  0.4498  ,  0.8101  ,  0.1658  ,  1.2419  , -2.9912  ,  0.1003  ,  0.8772  ,  0.7431  ,  1.2595  , -2.5225  ,  0.0000  , 100.0000 ,  0.0000  ,  0.0000  ,  0.0000  ,  0.0000  ,  0.0000  , 100.0000 ,  0.0000  ,  0.0000  ,  0.0000  ,  0.0000
 18.6600  ,  0.4526  ,  0.8188  ,  0.1861  ,  1.2010  , -2.9829  ,  0.0957  ,  0.8854  ,  0.7677  ,  1.2288  , -2.5235  ,  0.0000  , 100.0000 ,  0.0000  ,  0.0000  ,  0.0000  ,  0.0000  ,  0.0000  , 100.0000 ,  0.0000  ,  0.0000  ,  0.0000  ,  0.0000
 18.6800  ,  0.4570  ,  0.8359  ,  0.2012  ,  1.1474  , -2.9670  ,  0.0875  ,  0.9095  ,  0.8238  ,  1.1427  , -2.5239  ,  0.0000  , 100.0000 ,  0.0000  ,  0.0000  ,  0.0000  ,  0.0000  ,  0.0000  , 100.0000 ,  0.0000  ,  0.0000  ,  0.0000  ,  0.0000
 18.7000  ,  0.4580  ,  0.8409  ,  0.2206  ,  1.1135  , -2.9670  ,  0.0851  ,  0.9170  ,  0.8364  ,  1.1192  , -2.5239  ,  0.0000  , 100.0000 ,  0.0000  ,  0.0000  ,  0.0000  ,  0.0000  ,  0.0000  , 100.0000 ,  0.0000  ,  0.0000  ,  0.0000  ,  0.0000
 18.7200  ,  0.4590  ,  0.8582  ,  0.2361  ,  1.0557  , -2.9666  ,  0.0723  ,  0.9375  ,  0.8682  ,  1.0579  , -2.5178  ,  0.0000  , 100.0000 ,  0.0000  ,  0.0000  ,  0.0000  ,  0.0000  ,  0.0000  , 100.0000 ,  0.0000  ,  0.0000  ,  0.0000  ,  0.0000
 18.7400  ,  0.4619  ,  0.8862  ,  0.2522  ,  0.9488  , -2.9886  ,  0.0539  ,  0.9685  ,  0.9031  ,  0.9646  , -2.4899  ,  0.0000  , 100.0000 ,  0.0000  ,  0.0000  ,  0.0000  ,  0.0000  ,  0.0000  , 100.0000 ,  0.0000  ,  0.0000  ,  0.0000  ,  0.0000
 18.7600  ,  0.4629  ,  0.8935  ,  0.2536  ,  0.9263  , -2.9883  ,  0.0495  ,  0.9764  ,  0.9121  ,  0.9374  , -2.4814  ,  0.0000  , 100.0000 ,  0.0000  ,  0.0000  ,  0.0000  ,  0.0000  ,  0.0000  , 100.0000 ,  0.0000  ,  0.0000  ,  0.0000  ,  0.0000
 18.7800  ,  0.4608  ,  0.9160  ,  0.2752  ,  0.8547  , -2.9777  ,  0.0291  ,  1.0031  ,  0.9396  ,  0.8499  , -2.4762  ,  0.0000  , 100.0000 ,  0.0000  ,  0.0000  ,  0.0000  ,  0.0000  ,  0.0000  , 100.0000 ,  0.0000  ,  0.0000  ,  0.0000  ,  0.0000
 18.8000  ,  0.4598  ,  0.9218  ,  0.2810  ,  0.8128  , -2.9616  ,  0.0233  ,  1.0101  ,  0.9512  ,  0.8178  , -2.4740  ,  0.0000  , 100.0000 ,  0.0000  ,  0.0000  ,  0.0000  ,  0.0000  ,  0.0000  , 100.0000 ,  0.0000  ,  0.0000  ,  0.0000  ,  0.0000
 18.8200  ,  0.4566  ,  0.9292  ,  0.2802  ,  0.7929  , -2.9505  ,  0.0146  ,  1.0179  ,  0.9519  ,  0.7968  , -2.4781  ,  0.0000  , 100.0000 ,  0.0000  ,  0.0000  ,  0.0000  ,  0.0000  ,  0.0000  , 100.0000 ,  0.0000  ,  0.0000  ,  0.0000  ,  0.0000
 18.8400  ,  0.4503  ,  0.9471  ,  0.2742  ,  0.7258  , -2.9524  , -0.0067  ,  1.0355  ,  0.9650  ,  0.7263  , -2.4753  ,  0.0000  , 100.0000 ,  0.0000  ,  0.0000  ,  0.0000  ,  0.0000  ,  0.0000  , 100.0000 ,  0.0000  ,  0.0000  ,  0.0000  ,  0.0000
 18.8600  ,  0.4493  ,  0.9513  ,  0.2712  ,  0.7122  , -2.9433  , -0.0117  ,  1.0394  ,  0.9700  ,  0.7055  , -2.4627  ,  0.0000  , 100.0000 ,  0.0000  ,  0.0000  ,  0.0000  ,  0.0000  ,  0.0000  , 100.0000 ,  0.0000  ,  0.0000  ,  0.0000  ,  0.0000
 18.8800  ,  0.4458  ,  0.9574  ,  0.2631  ,  0.6818  , -2.9354  , -0.0202  ,  1.0451  ,  0.9697  ,  0.6805  , -2.4455  ,  0.0000  , 100.0000 ,  0.0000  ,  0.0000  ,  0.0000  ,  0.0000  ,  0.0000  , 100.0000 ,  0.0000  ,  0.0000  ,  0.0000  ,  0.0000
 18.9000  ,  0.4408  ,  0.9633  ,  0.2525  ,  0.6495  , -2.9453  , -0.0301  ,  1.0507  ,  0.9691  ,  0.6459  , -2.4427  ,  0.0000  , 100.0000 ,  0.0000  ,  0.0000  ,  0.0000  ,  0.0000  ,  0.0000  , 100.0000 ,  0.0000  ,  0.0000  ,  0.0000  ,  0.0000
 18.9200  ,  0.4344  ,  0.9659  ,  0.2490  ,  0.6385  , -2.9531  , -0.0399  ,  1.0527  ,  0.9633  ,  0.6342  , -2.4434  ,  0.0000  , 100.0000 ,  0.0000  ,  0.0000  ,  0.0000  ,  0.0000  ,  0.0000  , 100.0000 ,  0.0000  ,  0.0000  ,  0.0000  ,  0.0000
 18.9400  ,  0.4330  ,  0.9664  ,  0.2475  ,  0.6358  , -2.9599  , -0.0421  ,  1.0531  ,  0.9610  ,  0.6312  , -2.4556  ,  0.0000  , 100.0000 ,  0.0000  ,  0.0000  ,  0.0000  ,  0.0000  ,  0.0000  , 100.0000 ,  0.0000  ,  0.0000  ,  0.0000  ,  0.0000
 18.9600  ,  0.4267  ,  0.9677  ,  0.2170  ,  0.6269  , -2.9526  , -0.0516  ,  1.0561  ,  0.9352  ,  0.6234  , -2.4554  ,  0.0000  , 100.0000 ,  0.0000  ,  0.0000  ,  0.0000  ,  0.0000  ,  0.0000  , 100.0000 ,  0.0000  ,  0.0000  ,  0.0000  ,  0.0000
 18.9800  ,  0.4284  ,  0.9668  ,  0.2064  ,  0.6263  , -2.9450  , -0.0500  ,  1.0587  ,  0.9170  ,  0.6215  , -2.4517  ,  0.0000  , 100.0000 ,  0.0000  ,  0.0000  ,  0.0000  ,  0.0000  ,  0.0000  , 100.0000 ,  0.0000  ,  0.0000  ,  0.0000  ,  0.0000
 19.0000  ,  0.4291  ,  0.9662  ,  0.2006  ,  0.6267  , -2.9397  , -0.0493  ,  1.0597  ,  0.9033  ,  0.6257  , -2.4454  ,  0.0000  , 100.0000 ,  0.0000  ,  0.0000  ,  0.0000  ,  0.0000  ,  0.0000  , 100.0000 ,  0.0000  ,  0.0000  ,  0.0000  ,  0.0000
 19.0200  ,  0.4314  ,  0.9641  ,  0.1798  ,  0.6497  , -2.9406  , -0.0422  ,  1.0603  ,  0.8756  ,  0.6416  , -2.4479  ,  0.0000  , 100.0000 ,  0.0000  ,  0.0000  ,  0.0000  ,  0.0000  ,  0.0000  , 100.0000 ,  0.0000  ,  0.0000  ,  0.0000  ,  0.0000
 19.0400  ,  0.4353  ,  0.9624  ,  0.1676  ,  0.6611  , -2.9436  , -0.0362  ,  1.0606  ,  0.8567  ,  0.6554  , -2.4502  ,  0.0000  , 100.0000 ,  0.0000  ,  0.0000  ,  0.0000  ,  0.0000  ,  0.0000  , 100.0000 ,  0.0000  ,  0.0000  ,  0.0000  ,  0.0000
 19.0600  ,  0.4407  ,  0.9603  ,  0.1445  ,  0.6892  , -2.9444  , -0.0285  ,  1.0610  ,  0.8348  ,  0.6756  , -2.4495  ,  0.0000  , 100.0000 ,  0.0000  ,  0.0000  ,  0.0000  ,  0.0000  ,  0.0000  , 100.0000 ,  0.0000  ,  0.0000  ,  0.0000  ,  0.0000
 19.0800  ,  0.4528  ,  0.9574  ,  0.1182  ,  0.7136  , -2.9425  , -0.0139  ,  1.0622  ,  0.7971  ,  0.7094  , -2.4515  ,  0.0000  , 100.0000 ,  0.0000  ,  0.0000  ,  0.0000  ,  0.0000  ,  0.0000  , 100.0000 ,  0.0000  ,  0.0000  ,  0.0000  ,  0.0000
 19.1000  ,  0.4594  ,  0.9558  ,  0.0945  ,  0.7393  , -2.9388  , -0.0061  ,  1.0629  ,  0.7796  ,  0.7299  , -2.4602  ,  0.0000  , 100.0000 ,  0.0000  ,  0.0000  ,  0.0000  ,  0.0000  ,  0.0000  , 100.0000 ,  0.0000  ,  0.0000  ,  0.0000  ,  0.0000
 19.1200  ,  0.4721  ,  0.9509  ,  0.0676  ,  0.7770  , -2.9384  ,  0.0122  ,  1.0633  ,  0.7442  ,  0.7678  , -2.4911  ,  0.0000  , 100.0000 ,  0.0000  ,  0.0000  ,  0.0000  ,  0.0000  ,  0.0000  , 100.0000 ,  0.0000  ,  0.0000  ,  0.0000  ,  0.0000
 19.1400  ,  0.4880  ,  0.9433  ,  0.0463  ,  0.8234  , -2.9404  ,  0.0378  ,  1.0632  ,  0.6907  ,  0.8383  , -2.5017  ,  0.0000  , 100.0000 ,  0.0000  ,  0.0000  ,  0.0000  ,  0.0000  ,  0.0000  , 100.0000 ,  0.0000  ,  0.0000  ,  0.0000  ,  0.0000
 19.1600  ,  0.4954  ,  0.9389  ,  0.0385  ,  0.8728  , -2.9532  ,  0.0510  ,  1.0627  ,  0.6625  ,  0.8805  , -2.5235  ,  0.0000  , 100.0000 ,  0.0000  ,  0.0000  ,  0.0000  ,  0.0000  ,  0.0000  , 100.0000 ,  0.0000  ,  0.0000  ,  0.0000  ,  0.0000
 19.1800  ,  0.5082  ,  0.9245  ,  0.0193  ,  0.9728  , -2.9706  ,  0.0807  ,  1.0551  ,  0.6096  ,  0.9774  , -2.5351  ,  0.0000  , 100.0000 ,  0.0000  ,  0.0000  ,  0.0000  ,  0.0000  ,  0.0000  , 100.0000 ,  0.0000  ,  0.0000  ,  0.0000  ,  0.0000
 19.2000  ,  0.5107  ,  0.9213  ,  0.0072  ,  1.0068  , -2.9689  ,  0.0868  ,  1.0533  ,  0.5911  ,  1.0111  , -2.5319  ,  0.0000  , 100.0000 ,  0.0000  ,  0.0000  ,  0.0000  ,  0.0000  ,  0.0000  , 100.0000 ,  0.0000  ,  0.0000  ,  0.0000  ,  0.0000
 19.2200  ,  0.5155  ,  0.9094  , -0.0047  ,  1.0692  , -2.9902  ,  0.1062  ,  1.0460  ,  0.5593  ,  1.0698  , -2.5598  ,  0.0000  , 100.0000 ,  0.0000  ,  0.0000  ,  0.0000  ,  0.0000  ,  0.0000  , 100.0000 ,  0.0000  ,  0.0000  ,  0.0000  ,  0.0000
 19.2400  ,  0.5178  ,  0.9034  , -0.0126  ,  1.1348  , -3.0175  ,  0.1158  ,  1.0422  ,  0.5365  ,  1.1145  , -2.6082  ,  0.0000  , 100.0000 ,  0.0000  ,  0.0000  ,  0.0000  ,  0.0000  ,  0.0000  , 100.0000 ,  0.0000  ,  0.0000  ,  0.0000  ,  0.0000
 19.2600  ,  0.5176  ,  0.8932  , -0.0160  ,  1.1802  , -3.0309  ,  0.1242  ,  1.0343  ,  0.5274  ,  1.1441  , -2.6264  ,  0.0000  , 100.0000 ,  0.0000  ,  0.0000  ,  0.0000  ,  0.0000  ,  0.0000  , 100.0000 ,  0.0000  ,  0.0000  ,  0.0000  ,  0.0000
 19.2800  ,  0.5182  ,  0.8651  , -0.0382  ,  1.3546  , -3.0576  ,  0.1510  ,  1.0098  ,  0.4691  ,  1.3127  , -2.6479  ,  0.0000  , 100.0000 ,  0.0000  ,  0.0000  ,  0.0000  ,  0.0000  ,  0.0000  , 100.0000 ,  0.0000  ,  0.0000  ,  0.0000  ,  0.0000
 19.3000  ,  0.5186  ,  0.8612  , -0.0406  ,  1.3607  , -3.0979  ,  0.1554  ,  1.0061  ,  0.4510  ,  1.3447  , -2.6732  ,  0.0000  , 100.0000 ,  0.0000  ,  0.0000  ,  0.0000  ,  0.0000  ,  0.0000  , 100.0000 ,  0.0000  ,  0.0000  ,  0.0000  ,  0.0000
 19.3200  ,  0.5181  ,  0.8571  , -0.0486  ,  1.3897  , -3.1102  ,  0.1589  ,  1.0017  ,  0.4381  ,  1.3706  , -2.6833  ,  0.0000  , 100.0000 ,  0.0000  ,  0.0000  ,  0.0000  ,  0.0000  ,  0.0000  , 100.0000 ,  0.0000  ,  0.0000  ,  0.0000  ,  0.0000
 19.3400  ,  0.5225  ,  0.8476  , -0.0932  ,  1.4811  , -3.1176  ,  0.1772  ,  0.9918  ,  0.3716  ,  1.4826  , -2.6949  ,  0.0000  , 100.0000 ,  0.0000  ,  0.0000  ,  0.0000  ,  0.0000  ,  0.0000  , 100.0000 ,  0.0000  ,  0.0000  ,  0.0000  ,  0.0000
 19.3600  ,  0.5276  ,  0.8450  , -0.1158  ,  1.5238  , -3.1347  ,  0.1890  ,  0.9897  ,  0.3437  ,  1.5107  , -2.7196  ,  0.0000  , 100.0000 ,  0.0000  ,  0.0000  ,  0.0000  ,  0.0000  ,  0.0000  , 100.0000 ,  0.0000  ,  0.0000  ,  0.0000  ,  0.0000
 19.3800  ,  0.5367  ,  0.8417  , -0.1475  ,  1.5626  , -3.1425  ,  0.2056  ,  0.9871  ,  0.3005  ,  1.5481  , -2.7215  ,  0.0000  , 100.0000 ,  0.0000  ,  0.0000  ,  0.0000  ,  0.0000  ,  0.0000  , 100.0000 ,  0.0000  ,  0.0000  ,  0.0000  ,  0.0000
 19.4000  ,  0.5604  ,  0.8356  , -0.2086  ,  1.6439  , -3.1456  ,  0.2457  ,  0.9817  ,  0.2162  ,  1.6130  , -2.7086  ,  0.0000  , 100.0000 ,  0.0000  ,  0.0000  ,  0.0000  ,  0.0000  ,  0.0000  , 100.0000 ,  0.0000  ,  0.0000  ,  0.0000  ,  0.0000
 19.4200  ,  0.5659  ,  0.8345  , -0.2276  ,  1.6696  , -3.1630  ,  0.2569  ,  0.9804  ,  0.1910  ,  1.6303  , -2.7132  ,  0.0000  , 100.0000 ,  0.0000  ,  0.0000  ,  0.0000  ,  0.0000  ,  0.0000  , 100.0000 ,  0.0000  ,  0.0000  ,  0.0000  ,  0.0000
 19.4400  ,  0.5716  ,  0.8333  , -0.2314  ,  1.6697  , -3.1737  ,  0.2679  ,  0.9792  ,  0.1616  ,  1.6552  , -2.7274  ,  0.0000  , 100.0000 ,  0.0000  ,  0.0000  ,  0.0000  ,  0.0000  ,  0.0000  , 100.0000 ,  0.0000  ,  0.0000  ,  0.0000  ,  0.0000
 19.4600  ,  0.5778  ,  0.8411  , -0.2960  ,  1.7593  , -3.1918  ,  0.2967  ,  0.9726  ,  0.0836  ,  1.7120  , -2.7594  ,  0.0000  , 100.0000 ,  0.0000  ,  0.0000  ,  0.0000  ,  0.0000  ,  0.0000  , 100.0000 ,  0.0000  ,  0.0000  ,  0.0000  ,  0.0000
 19.4800  ,  0.5777  ,  0.8420  , -0.3093  ,  1.7794  , -3.1914  ,  0.3042  ,  0.9697  ,  0.0617  ,  1.7278  , -2.7625  ,  0.0000  , 100.0000 ,  0.0000  ,  0.0000  ,  0.0000  ,  0.0000  ,  0.0000  , 100.0000 ,  0.0000  ,  0.0000  ,  0.0000  ,  0.0000
 19.5000  ,  0.5788  ,  0.8445  , -0.3586  ,  1.8260  , -3.1859  ,  0.3194  ,  0.9644  , -0.0056  ,  1.7762  , -2.7549  ,  0.0000  , 100.0000 ,  0.0000  ,  0.0000  ,  0.0000  ,  0.0000  ,  0.0000  , 100.0000 ,  0.0000  ,  0.0000  ,  0.0000  ,  0.0000
 19.5200  ,  0.5793  ,  0.8451  , -0.3656  ,  1.8347  , -3.1795  ,  0.3217  ,  0.9637  , -0.0142  ,  1.7818  , -2.7386  ,  0.0000  , 100.0000 ,  0.0000  ,  0.0000  ,  0.0000  ,  0.0000  ,  0.0000  , 100.0000 ,  0.0000  ,  0.0000  ,  0.0000  ,  0.0000
 19.5400  ,  0.5808  ,  0.8500  , -0.4283  ,  1.9153  , -3.1777  ,  0.3317  ,  0.9577  , -0.0888  ,  1.8363  , -2.7361  ,  0.0000  , 100.0000 ,  0.0000  ,  0.0000  ,  0.0000  ,  0.0000  ,  0.0000  , 100.0000 ,  0.0000  ,  0.0000  ,  0.0000  ,  0.0000
 19.5600  ,  0.5806  ,  0.8514  , -0.4565  ,  1.9244  , -3.1821  ,  0.3330  ,  0.9562  , -0.1191  ,  1.8590  , -2.7447  ,  0.0000  , 100.0000 ,  0.0000  ,  0.0000  ,  0.0000  ,  0.0000  ,  0.0000  , 100.0000 ,  0.0000  ,  0.0000  ,  0.0000  ,  0.0000
 19.5800  ,  0.5769  ,  0.8520  , -0.4721  ,  1.9489  , -3.1957  ,  0.3300  ,  0.9528  , -0.1394  ,  1.8805  , -2.7651  ,  0.0000  , 100.0000 ,  0.0000  ,  0.0000  ,  0.0000  ,  0.0000  ,  0.0000  , 100.0000 ,  0.0000  ,  0.0000  ,  0.0000  ,  0.0000
 19.6000  ,  0.5722  ,  0.8531  , -0.5173  ,  2.0062  , -3.1974  ,  0.3253  ,  0.9478  , -0.1795  ,  1.9200  , -2.7705  ,  0.0000  , 100.0000 ,  0.0000  ,  0.0000  ,  0.0000  ,  0.0000  ,  0.0000  , 100.0000 ,  0.0000  ,  0.0000  ,  0.0000  ,  0.0000
 19.6200  ,  0.5711  ,  0.8537  , -0.5310  ,  2.0226  , -3.1855  ,  0.3233  ,  0.9460  , -0.1986  ,  1.9376  , -2.7572  ,  0.0000  , 100.0000 ,  0.0000  ,  0.0000  ,  0.0000  ,  0.0000  ,  0.0000  , 100.0000 ,  0.0000  ,  0.0000  ,  0.0000  ,  0.0000
 19.6400  ,  0.5704  ,  0.8541  , -0.5579  ,  2.0106  , -3.1747  ,  0.3222  ,  0.9451  , -0.2115  ,  1.9545  , -2.7475  ,  0.0000  , 100.0000 ,  0.0000  ,  0.0000  ,  0.0000  ,  0.0000  ,  0.0000  , 100.0000 ,  0.0000  ,  0.0000  ,  0.0000  ,  0.0000
 19.6600  ,  0.5636  ,  0.8597  , -0.5942  ,  2.0578  , -3.1690  ,  0.3057  ,  0.9449  , -0.2395  ,  1.9941  , -2.7549  ,  0.0000  , 100.0000 ,  0.0000  ,  0.0000  ,  0.0000  ,  0.0000  ,  0.0000  , 100.0000 ,  0.0000  ,  0.0000  ,  0.0000  ,  0.0000
 19.6800  ,  0.5618  ,  0.8641  , -0.6107  ,  2.0754  , -3.1749  ,  0.2990  ,  0.9456  , -0.2478  ,  2.0084  , -2.7669  ,  0.0000  , 100.0000 ,  0.0000  ,  0.0000  ,  0.0000  ,  0.0000  ,  0.0000  , 100.0000 ,  0.0000  ,  0.0000  ,  0.0000  ,  0.0000
 19.7000  ,  0.5570  ,  0.8717  , -0.6433  ,  2.0764  , -3.1751  ,  0.2847  ,  0.9493  , -0.2622  ,  2.0307  , -2.7757  ,  0.0000  , 100.0000 ,  0.0000  ,  0.0000  ,  0.0000  ,  0.0000  ,  0.0000  , 100.0000 ,  0.0000  ,  0.0000  ,  0.0000  ,  0.0000
 19.7200  ,  0.5547  ,  0.8742  , -0.6477  ,  2.0832  , -3.1748  ,  0.2791  ,  0.9514  , -0.2619  ,  2.0375  , -2.7727  ,  0.0000  , 100.0000 ,  0.0000  ,  0.0000  ,  0.0000  ,  0.0000  ,  0.0000  , 100.0000 ,  0.0000  ,  0.0000  ,  0.0000  ,  0.0000
 19.7400  ,  0.5506  ,  0.8804  , -0.6574  ,  2.0969  , -3.1716  ,  0.2641  ,  0.9578  , -0.2608  ,  2.0563  , -2.7589  ,  0.0000  , 100.0000 ,  0.0000  ,  0.0000  ,  0.0000  ,  0.0000  ,  0.0000  , 100.0000 ,  0.0000  ,  0.0000  ,  0.0000  ,  0.0000
 19.7600  ,  0.5496  ,  0.8824  , -0.6657  ,  2.0992  , -3.1670  ,  0.2590  ,  0.9601  , -0.2542  ,  2.0606  , -2.7473  ,  0.0000  , 100.0000 ,  0.0000  ,  0.0000  ,  0.0000  ,  0.0000  ,  0.0000  , 100.0000 ,  0.0000  ,  0.0000  ,  0.0000  ,  0.0000
 19.7800  ,  0.5492  ,  0.8847  , -0.6674  ,  2.1005  , -3.1578  ,  0.2542  ,  0.9628  , -0.2511  ,  2.0651  , -2.7367  ,  0.0000  , 100.0000 ,  0.0000  ,  0.0000  ,  0.0000  ,  0.0000  ,  0.0000  , 100.0000 ,  0.0000  ,  0.0000  ,  0.0000  ,  0.0000
 19.8000  ,  0.5488  ,  0.8882  , -0.6677  ,  2.1000  , -3.1547  ,  0.2465  ,  0.9669  , -0.2439  ,  2.0701  , -2.7417  ,  0.0000  , 100.0000 ,  0.0000  ,  0.0000  ,  0.0000  ,  0.0000  ,  0.0000  , 100.0000 ,  0.0000  ,  0.0000  ,  0.0000  ,  0.0000
 19.8200  ,  0.5507  ,  0.8928  , -0.6695  ,  2.0979  , -3.1544  ,  0.2396  ,  0.9705  , -0.2364  ,  2.0731  , -2.7476  ,  0.0000  , 100.0000 ,  0.0000  ,  0.0000  ,  0.0000  ,  0.0000  ,  0.0000  , 100.0000 ,  0.0000  ,  0.0000  ,  0.0000  ,  0.0000
 19.8400  ,  0.5552  ,  0.8976  , -0.6755  ,  2.0962  , -3.1638  ,  0.2351  ,  0.9739  , -0.2258  ,  2.0764  , -2.7494  ,  0.0000  , 100.0000 ,  0.0000  ,  0.0000  ,  0.0000  ,  0.0000  ,  0.0000  , 100.0000 ,  0.0000  ,  0.0000  ,  0.0000  ,  0.0000
 19.8600  ,  0.5602  ,  0.9014  , -0.6789  ,  2.0922  , -3.1582  ,  0.2329  ,  0.9766  , -0.2209  ,  2.0759  , -2.7366  ,  0.0000  , 100.0000 ,  0.0000  ,  0.0000  ,  0.0000  ,  0.0000  ,  0.0000  , 100.0000 ,  0.0000  ,  0.0000  ,  0.0000  ,  0.0000
 19.8800  ,  0.5638  ,  0.9055  , -0.6803  ,  2.0871  , -3.1540  ,  0.2283  ,  0.9794  , -0.2128  ,  2.0751  , -2.7279  ,  0.0000  , 100.0000 ,  0.0000  ,  0.0000  ,  0.0000  ,  0.0000  ,  0.0000  , 100.0000 ,  0.0000  ,  0.0000  ,  0.0000  ,  0.0000
 19.9000  ,  0.5651  ,  0.9073  , -0.6843  ,  2.0868  , -3.1487  ,  0.2262  ,  0.9804  , -0.2118  ,  2.0698  , -2.7185  ,  0.0000  , 100.0000 ,  0.0000  ,  0.0000  ,  0.0000  ,  0.0000  ,  0.0000  , 100.0000 ,  0.0000  ,  0.0000  ,  0.0000  ,  0.0000
 19.9200  ,  0.5650  ,  0.9106  , -0.6830  ,  2.0829  , -3.1466  ,  0.2225  ,  0.9801  , -0.2053  ,  2.0689  , -2.7217  ,  0.0000  , 100.0000 ,  0.0000  ,  0.0000  ,  0.0000  ,  0.0000  ,  0.0000  , 100.0000 ,  0.0000  ,  0.0000  ,  0.0000  ,  0.0000
 19.9400  ,  0.5634  ,  0.9124  , -0.6795  ,  2.0774  , -3.1459  ,  0.2169  ,  0.9788  , -0.1967  ,  2.0682  , -2.7237  ,  0.0000  , 100.0000 ,  0.0000  ,  0.0000  ,  0.0000  ,  0.0000  ,  0.0000  , 100.0000 ,  0.0000  ,  0.0000  ,  0.0000  ,  0.0000
 19.9600  ,  0.5626  ,  0.9126  , -0.6781  ,  2.0754  , -3.1437  ,  0.2147  ,  0.9781  , -0.1983  ,  2.0627  , -2.7256  ,  0.0000  , 100.0000 ,  0.0000  ,  0.0000  ,  0.0000  ,  0.0000  ,  0.0000  , 100.0000 ,  0.0000  ,  0.0000  ,  0.0000  ,  0.0000
 19.9800  ,  0.5560  ,  0.9125  , -0.6741  ,  2.0715  , -3.1405  ,  0.2078  ,  0.9764  , -0.1900  ,  2.0616  , -2.7192  ,  0.0000  , 100.0000 ,  0.0000  ,  0.0000  ,  0.0000  ,  0.0000  ,  0.0000  , 100.0000 ,  0.0000  ,  0.0000  ,  0.0000  ,  0.0000
 20.0000  ,  0.5560  ,  0.9125  , -0.6741  ,  2.0715  , -3.1298  ,  0.2078  ,  0.9764  , -0.1900  ,  2.0616  , -2.7090  ,  0.0000  , 100.0000 ,  0.0000  ,  0.0000  ,  0.0000  ,  0.0000  ,  0.0000  , 100.0000 ,  0.0000  ,  0.0000  ,  0.0000  ,  0.0000
 20.0200  ,  0.5514  ,  0.9113  , -0.6693  ,  2.0667  , -3.1133  ,  0.2061  ,  0.9741  , -0.1873  ,  2.0596  , -2.7002  ,  0.0000  , 100.0000 ,  0.0000  ,  0.0000  ,  0.0000  ,  0.0000  ,  0.0000  , 100.0000 ,  0.0000  ,  0.0000  ,  0.0000  ,  0.0000
 20.0400  ,  0.5425  ,  0.9081  , -0.6633  ,  2.0562  , -3.1043  ,  0.2024  ,  0.9675  , -0.1843  ,  2.0530  , -2.6968  ,  0.0000  , 100.0000 ,  0.0000  ,  0.0000  ,  0.0000  ,  0.0000  ,  0.0000  , 100.0000 ,  0.0000  ,  0.0000  ,  0.0000  ,  0.0000
 20.0600  ,  0.5393  ,  0.9068  , -0.6605  ,  2.0527  , -3.1021  ,  0.2002  ,  0.9647  , -0.1809  ,  2.0519  , -2.6968  ,  0.0000  , 100.0000 ,  0.0000  ,  0.0000  ,  0.0000  ,  0.0000  ,  0.0000  , 100.0000 ,  0.0000  ,  0.0000  ,  0.0000  ,  0.0000
 20.0800  ,  0.5377  ,  0.9062  , -0.6594  ,  2.0497  , -3.0892  ,  0.1991  ,  0.9633  , -0.1790  ,  2.0511  , -2.6828  ,  0.0000  , 100.0000 ,  0.0000  ,  0.0000  ,  0.0000  ,  0.0000  ,  0.0000  , 100.0000 ,  0.0000  ,  0.0000  ,  0.0000  ,  0.0000
 20.1000  ,  0.5276  ,  0.8994  , -0.6489  ,  2.0360  , -3.0802  ,  0.1915  ,  0.9553  , -0.1681  ,  2.0439  , -2.6711  ,  0.0000  , 100.0000 ,  0.0000  ,  0.0000  ,  0.0000  ,  0.0000  ,  0.0000  , 100.0000 ,  0.0000  ,  0.0000  ,  0.0000  ,  0.0000
 20.1200  ,  0.5233  ,  0.8963  , -0.6436  ,  2.0318  , -3.0406  ,  0.1875  ,  0.9514  , -0.1616  ,  2.0423  , -2.6332  ,  0.0000  , 100.0000 ,  0.0000  ,  0.0000  ,  0.0000  ,  0.0000  ,  0.0000  , 100.0000 ,  0.0000  ,  0.0000  ,  0.0000  ,  0.0000
 20.1400  ,  0.5083  ,  0.8859  , -0.6246  ,  2.0188  , -3.0231  ,  0.1772  ,  0.9392  , -0.1430  ,  2.0359  , -2.6215  ,  0.0000  , 100.0000 ,  0.0000  ,  0.0000  ,  0.0000  ,  0.0000  ,  0.0000  , 100.0000 ,  0.0000  ,  0.0000  ,  0.0000  ,  0.0000
 20.1600  ,  0.5031  ,  0.8822  , -0.6183  ,  2.0099  , -3.0046  ,  0.1740  ,  0.9351  , -0.1342  ,  2.0349  , -2.6128  ,  0.0000  , 100.0000 ,  0.0000  ,  0.0000  ,  0.0000  ,  0.0000  ,  0.0000  , 100.0000 ,  0.0000  ,  0.0000  ,  0.0000  ,  0.0000
 20.1800  ,  0.4950  ,  0.8771  , -0.6075  ,  2.0069  , -2.9892  ,  0.1704  ,  0.9299  , -0.1269  ,  2.0326  , -2.6070  ,  0.0000  , 100.0000 ,  0.0000  ,  0.0000  ,  0.0000  ,  0.0000  ,  0.0000  , 100.0000 ,  0.0000  ,  0.0000  ,  0.0000  ,  0.0000
 20.2000  ,  0.4766  ,  0.8636  , -0.5794  ,  1.9939  , -2.9702  ,  0.1621  ,  0.9162  , -0.1056  ,  2.0245  , -2.6054  ,  0.0000  , 100.0000 ,  0.0000  ,  0.0000  ,  0.0000  ,  0.0000  ,  0.0000  , 100.0000 ,  0.0000  ,  0.0000  ,  0.0000  ,  0.0000
 20.2200  ,  0.4717  ,  0.8592  , -0.5699  ,  1.9884  , -2.9524  ,  0.1597  ,  0.9116  , -0.0974  ,  2.0207  , -2.5894  ,  0.0000  , 100.0000 ,  0.0000  ,  0.0000  ,  0.0000  ,  0.0000  ,  0.0000  , 100.0000 ,  0.0000  ,  0.0000  ,  0.0000  ,  0.0000
 20.2400  ,  0.4664  ,  0.8546  , -0.5582  ,  1.9747  , -2.9130  ,  0.1571  ,  0.9066  , -0.0918  ,  2.0109  , -2.5543  ,  0.0000  , 100.0000 ,  0.0000  ,  0.0000  ,  0.0000  ,  0.0000  ,  0.0000  , 100.0000 ,  0.0000  ,  0.0000  ,  0.0000  ,  0.0000
 20.2600  ,  0.4469  ,  0.8409  , -0.5252  ,  1.9665  , -2.8828  ,  0.1459  ,  0.8928  , -0.0652  ,  2.0041  , -2.5222  ,  0.0000  , 100.0000 ,  0.0000  ,  0.0000  ,  0.0000  ,  0.0000  ,  0.0000  , 100.0000 ,  0.0000  ,  0.0000  ,  0.0000  ,  0.0000
 20.2800  ,  0.4254  ,  0.8159  , -0.4772  ,  1.9476  , -2.8473  ,  0.1389  ,  0.8730  , -0.0352  ,  1.9927  , -2.4903  ,  0.0000  , 100.0000 ,  0.0000  ,  0.0000  ,  0.0000  ,  0.0000  ,  0.0000  , 100.0000 ,  0.0000  ,  0.0000  ,  0.0000  ,  0.0000
 20.3000  ,  0.4209  ,  0.8099  , -0.4678  ,  1.9336  , -2.7750  ,  0.1378  ,  0.8683  , -0.0230  ,  1.9978  , -2.4765  ,  0.0000  , 100.0000 ,  0.0000  ,  0.0000  ,  0.0000  ,  0.0000  ,  0.0000  , 100.0000 ,  0.0000  ,  0.0000  ,  0.0000  ,  0.0000
 20.3200  ,  0.4055  ,  0.7850  , -0.4247  ,  1.9223  , -2.7441  ,  0.1350  ,  0.8524  , -0.0004  ,  1.9940  , -2.4658  ,  0.0000  , 100.0000 ,  0.0000  ,  0.0000  ,  0.0000  ,  0.0000  ,  0.0000  , 100.0000 ,  0.0000  ,  0.0000  ,  0.0000  ,  0.0000
 20.3400  ,  0.4014  ,  0.7785  , -0.4093  ,  1.9178  , -2.7069  ,  0.1342  ,  0.8481  ,  0.0098  ,  1.9925  , -2.4515  ,  0.0000  , 100.0000 ,  0.0000  ,  0.0000  ,  0.0000  ,  0.0000  ,  0.0000  , 100.0000 ,  0.0000  ,  0.0000  ,  0.0000  ,  0.0000
 20.3600  ,  0.3734  ,  0.7499  , -0.3323  ,  1.8971  , -2.6092  ,  0.1188  ,  0.8242  ,  0.0598  ,  1.9916  , -2.3862  ,  0.0000  , 100.0000 ,  0.0000  ,  0.0000  ,  0.0000  ,  0.0000  ,  0.0000  , 100.0000 ,  0.0000  ,  0.0000  ,  0.0000  ,  0.0000
 20.3800  ,  0.3581  ,  0.7386  , -0.3009  ,  1.8984  , -2.5796  ,  0.1104  ,  0.8146  ,  0.0758  ,  1.9952  , -2.3623  ,  0.0000  , 100.0000 ,  0.0000  ,  0.0000  ,  0.0000  ,  0.0000  ,  0.0000  , 100.0000 ,  0.0000  ,  0.0000  ,  0.0000  ,  0.0000
 20.4000  ,  0.3391  ,  0.7247  , -0.2528  ,  1.8967  , -2.4692  ,  0.0996  ,  0.8021  ,  0.1076  ,  1.9970  , -2.2782  ,  0.0000  , 100.0000 ,  0.0000  ,  0.0000  ,  0.0000  ,  0.0000  ,  0.0000  , 100.0000 ,  0.0000  ,  0.0000  ,  0.0000  ,  0.0000
 20.4200  ,  0.3211  ,  0.7043  , -0.2079  ,  1.8960  , -2.4203  ,  0.0926  ,  0.7895  ,  0.1308  ,  1.9972  , -2.2300  ,  0.0000  , 100.0000 ,  0.0000  ,  0.0000  ,  0.0000  ,  0.0000  ,  0.0000  , 100.0000 ,  0.0000  ,  0.0000  ,  0.0000  ,  0.0000
 20.4400  ,  0.2960  ,  0.6708  , -0.1258  ,  1.9004  , -2.3568  ,  0.0833  ,  0.7667  ,  0.1716  ,  1.9846  , -2.1756  ,  0.0000  , 100.0000 ,  0.0000  ,  0.0000  ,  0.0000  ,  0.0000  ,  0.0000  , 100.0000 ,  0.0000  ,  0.0000  ,  0.0000  ,  0.0000
 20.4600  ,  0.2853  ,  0.6534  , -0.0861  ,  1.8926  , -2.1237  ,  0.0801  ,  0.7540  ,  0.1921  ,  1.9799  , -2.0150  ,  0.0000  , 100.0000 ,  0.0000  ,  0.0000  ,  0.0000  ,  0.0000  ,  0.0000  , 100.0000 ,  0.0000  ,  0.0000  ,  0.0000  ,  0.0000
 20.4800  ,  0.2611  ,  0.6118  , -0.0082  ,  1.8759  , -2.0269  ,  0.0668  ,  0.7165  ,  0.2440  ,  1.9691  , -1.9688  ,  0.0000  , 100.0000 ,  0.0000  ,  0.0000  ,  0.0000  ,  0.0000  ,  0.0000  , 100.0000 ,  0.0000  ,  0.0000  ,  0.0000  ,  0.0000
 20.5000  ,  0.2611  ,  0.6118  , -0.0082  ,  1.8759  , -1.8199  ,  0.0668  ,  0.7165  ,  0.2440  ,  1.9691  , -1.8334  ,  0.0000  , 100.0000 ,  0.0000  ,  0.0000  ,  0.0000  ,  0.0000  ,  0.0000  , 100.0000 ,  0.0000  ,  0.0000  ,  0.0000  ,  0.0000
 20.5200  ,  0.2416  ,  0.5849  ,  0.0433  ,  1.8653  , -1.7861  ,  0.0529  ,  0.6887  ,  0.2789  ,  1.9529  , -1.8000  ,  0.0000  , 100.0000 ,  0.0000  ,  0.0000  ,  0.0000  ,  0.0000  ,  0.0000  , 100.0000 ,  0.0000  ,  0.0000  ,  0.0000  ,  0.0000
 20.5400  ,  0.1999  ,  0.5382  ,  0.1236  ,  1.8477  , -1.7384  ,  0.0243  ,  0.6345  ,  0.3265  ,  1.9448  , -1.7190  ,  0.0000  , 100.0000 ,  0.0000  ,  0.0000  ,  0.0000  ,  0.0000  ,  0.0000  , 100.0000 ,  0.0000  ,  0.0000  ,  0.0000  ,  0.0000
 20.5600  ,  0.1803  ,  0.5158  ,  0.1561  ,  1.8260  , -1.7238  ,  0.0134  ,  0.6064  ,  0.3397  ,  1.9296  , -1.6226  ,  0.0000  , 100.0000 ,  0.0000  ,  0.0000  ,  0.0000  ,  0.0000  ,  0.0000  , 100.0000 ,  0.0000  ,  0.0000  ,  0.0000  ,  0.0000
 20.5800  ,  0.1619  ,  0.4964  ,  0.1831  ,  1.8251  , -1.6825  ,  0.0088  ,  0.5825  ,  0.3484  ,  1.9252  , -1.5510  ,  0.0000  , 100.0000 ,  0.0000  ,  0.0000  ,  0.0000  ,  0.0000  ,  0.0000  , 100.0000 ,  0.0000  ,  0.0000  ,  0.0000  ,  0.0000
 20.6000  ,  0.1195  ,  0.4549  ,  0.2452  ,  1.7749  , -1.6833  , -0.0047  ,  0.5299  ,  0.3381  ,  1.8934  , -1.5696  ,  0.0000  , 100.0000 ,  0.0000  ,  0.0000  ,  0.0000  ,  0.0000  ,  0.0000  , 100.0000 ,  0.0000  ,  0.0000  ,  0.0000  ,  0.0000
 20.6200  ,  0.1103  ,  0.4464  ,  0.2564  ,  1.7591  , -1.6446  , -0.0081  ,  0.5190  ,  0.3285  ,  1.8834  , -1.4920  ,  0.0000  , 100.0000 ,  0.0000  ,  0.0000  ,  0.0000  ,  0.0000  ,  0.0000  , 100.0000 ,  0.0000  ,  0.0000  ,  0.0000  ,  0.0000
 20.6400  ,  0.0931  ,  0.4314  ,  0.2804  ,  1.7322  , -1.6839  , -0.0140  ,  0.5017  ,  0.3122  ,  1.8696  , -1.4764  ,  0.0000  , 100.0000 ,  0.0000  ,  0.0000  ,  0.0000  ,  0.0000  ,  0.0000  , 100.0000 ,  0.0000  ,  0.0000  ,  0.0000  ,  0.0000
 20.6600  ,  0.0555  ,  0.3995  ,  0.3175  ,  1.6742  , -1.7434  , -0.0268  ,  0.4676  ,  0.2532  ,  1.8298  , -1.4811  ,  0.0000  , 100.0000 ,  0.0000  ,  0.0000  ,  0.0000  ,  0.0000  ,  0.0000  , 100.0000 ,  0.0000  ,  0.0000  ,  0.0000  ,  0.0000
 20.6800  ,  0.0430  ,  0.3906  ,  0.3273  ,  1.6752  , -1.8126  , -0.0321  ,  0.4582  ,  0.2495  ,  1.8286  , -1.4902  ,  0.0000  , 100.0000 ,  0.0000  ,  0.0000  ,  0.0000  ,  0.0000  ,  0.0000  , 100.0000 ,  0.0000  ,  0.0000  ,  0.0000  ,  0.0000
 20.7000  ,  0.0058  ,  0.3636  ,  0.3562  ,  1.5956  , -1.8866  , -0.0484  ,  0.4308  ,  0.1534  ,  1.7825  , -1.5338  ,  0.0000  , 100.0000 ,  0.0000  ,  0.0000  ,  0.0000  ,  0.0000  ,  0.0000  , 100.0000 ,  0.0000  ,  0.0000  ,  0.0000  ,  0.0000
 20.7200  , -0.0169  ,  0.3506  ,  0.3666  ,  1.5750  , -1.9565  , -0.0625  ,  0.4127  ,  0.1218  ,  1.7689  , -1.5208  ,  0.0000  , 100.0000 ,  0.0000  ,  0.0000  ,  0.0000  ,  0.0000  ,  0.0000  , 100.0000 ,  0.0000  ,  0.0000  ,  0.0000  ,  0.0000
 20.7400  , -0.0370  ,  0.3409  ,  0.3694  ,  1.5367  , -2.0094  , -0.0737  ,  0.3942  ,  0.0758  ,  1.7439  , -1.4988  ,  0.0000  , 100.0000 ,  0.0000  ,  0.0000  ,  0.0000  ,  0.0000  ,  0.0000  , 100.0000 ,  0.0000  ,  0.0000  ,  0.0000  ,  0.0000
 20.7600  , -0.0600  ,  0.3327  ,  0.3769  ,  1.4438  , -2.1250  , -0.0833  ,  0.3733  ,  0.0103  ,  1.7029  , -1.4836  ,  0.0000  , 100.0000 ,  0.0000  ,  0.0000  ,  0.0000  ,  0.0000  ,  0.0000  , 100.0000 ,  0.0000  ,  0.0000  ,  0.0000  ,  0.0000
 20.7800  , -0.0726  ,  0.3302  ,  0.3718  ,  1.4093  , -2.1936  , -0.0863  ,  0.3620  , -0.0194  ,  1.6819  , -1.4929  ,  0.0000  , 100.0000 ,  0.0000  ,  0.0000  ,  0.0000  ,  0.0000  ,  0.0000  , 100.0000 ,  0.0000  ,  0.0000  ,  0.0000  ,  0.0000
 20.8000  , -0.0880  ,  0.3278  ,  0.3586  ,  1.3403  , -2.2388  , -0.0885  ,  0.3467  , -0.0863  ,  1.6322  , -1.5476  ,  0.0000  , 100.0000 ,  0.0000  ,  0.0000  ,  0.0000  ,  0.0000  ,  0.0000  , 100.0000 ,  0.0000  ,  0.0000  ,  0.0000  ,  0.0000
 20.8200  , -0.0973  ,  0.3281  ,  0.3583  ,  1.2877  , -2.2611  , -0.0867  ,  0.3330  , -0.1240  ,  1.5972  , -1.5756  ,  0.0000  , 100.0000 ,  0.0000  ,  0.0000  ,  0.0000  ,  0.0000  ,  0.0000  , 100.0000 ,  0.0000  ,  0.0000  ,  0.0000  ,  0.0000
 20.8400  , -0.0988  ,  0.3316  ,  0.3405  ,  1.2295  , -2.2491  , -0.0794  ,  0.3151  , -0.1643  ,  1.5526  , -1.5787  ,  0.0000  , 100.0000 ,  0.0000  ,  0.0000  ,  0.0000  ,  0.0000  ,  0.0000  , 100.0000 ,  0.0000  ,  0.0000  ,  0.0000  ,  0.0000
 20.8600  , -0.0975  ,  0.3351  ,  0.3200  ,  1.1649  , -2.2894  , -0.0709  ,  0.3001  , -0.2056  ,  1.5032  , -1.5673  ,  0.0000  , 100.0000 ,  0.0000  ,  0.0000  ,  0.0000  ,  0.0000  ,  0.0000  , 100.0000 ,  0.0000  ,  0.0000  ,  0.0000  ,  0.0000
 20.8800  , -0.0948  ,  0.3378  ,  0.3007  ,  1.1085  , -2.3496  , -0.0608  ,  0.2865  , -0.2388  ,  1.4575  , -1.5765  ,  0.0000  , 100.0000 ,  0.0000  ,  0.0000  ,  0.0000  ,  0.0000  ,  0.0000  , 100.0000 ,  0.0000  ,  0.0000  ,  0.0000  ,  0.0000
 20.9000  , -0.0881  ,  0.3405  ,  0.2834  ,  1.0563  , -2.3661  , -0.0463  ,  0.2719  , -0.2697  ,  1.4055  , -1.5945  ,  0.0000  , 100.0000 ,  0.0000  ,  0.0000  ,  0.0000  ,  0.0000  ,  0.0000  , 100.0000 ,  0.0000  ,  0.0000  ,  0.0000  ,  0.0000
 20.9200  , -0.0840  ,  0.3417  ,  0.2727  ,  1.0205  , -2.3932  , -0.0397  ,  0.2656  , -0.2881  ,  1.3780  , -1.6320  ,  0.0000  , 100.0000 ,  0.0000  ,  0.0000  ,  0.0000  ,  0.0000  ,  0.0000  , 100.0000 ,  0.0000  ,  0.0000  ,  0.0000  ,  0.0000
 20.9400  , -0.0766  ,  0.3423  ,  0.2626  ,  0.9787  , -2.3886  , -0.0269  ,  0.2542  , -0.3073  ,  1.3402  , -1.6542  ,  0.0000  , 100.0000 ,  0.0000  ,  0.0000  ,  0.0000  ,  0.0000  ,  0.0000  , 100.0000 ,  0.0000  ,  0.0000  ,  0.0000  ,  0.0000
 20.9600  , -0.0689  ,  0.3426  ,  0.2536  ,  0.9589  , -2.3849  , -0.0128  ,  0.2412  , -0.3254  ,  1.2946  , -1.6437  ,  0.0000  , 100.0000 ,  0.0000  ,  0.0000  ,  0.0000  ,  0.0000  ,  0.0000  , 100.0000 ,  0.0000  ,  0.0000  ,  0.0000  ,  0.0000
 20.9800  , -0.0662  ,  0.3426  ,  0.2509  ,  0.9443  , -2.3652  , -0.0064  ,  0.2350  , -0.3297  ,  1.2782  , -1.6313  ,  0.0000  , 100.0000 ,  0.0000  ,  0.0000  ,  0.0000  ,  0.0000  ,  0.0000  , 100.0000 ,  0.0000  ,  0.0000  ,  0.0000  ,  0.0000
 21.0000  , -0.0644  ,  0.3419  ,  0.2494  ,  0.9317  , -2.3304  ,  0.0007  ,  0.2280  , -0.3356  ,  1.2560  , -1.6155  ,  0.0000  , 100.0000 ,  0.0000  ,  0.0000  ,  0.0000  ,  0.0000  ,  0.0000  , 100.0000 ,  0.0000  ,  0.0000  ,  0.0000  ,  0.0000
 21.0200  , -0.0655  ,  0.3395  ,  0.2541  ,  0.9372  , -2.3296  ,  0.0087  ,  0.2199  , -0.3333  ,  1.2417  , -1.6164  ,  0.0000  , 100.0000 ,  0.0000  ,  0.0000  ,  0.0000  ,  0.0000  ,  0.0000  , 100.0000 ,  0.0000  ,  0.0000  ,  0.0000  ,  0.0000
 21.0400  , -0.0658  ,  0.3385  ,  0.2587  ,  0.9432  , -2.3301  ,  0.0133  ,  0.2173  , -0.3315  ,  1.2349  , -1.6180  ,  0.0000  , 100.0000 ,  0.0000  ,  0.0000  ,  0.0000  ,  0.0000  ,  0.0000  , 100.0000 ,  0.0000  ,  0.0000  ,  0.0000  ,  0.0000
 21.0600  , -0.0663  ,  0.3383  ,  0.2669  ,  0.9651  , -2.3300  ,  0.0183  ,  0.2174  , -0.3237  ,  1.2368  , -1.6204  ,  0.0000  , 100.0000 ,  0.0000  ,  0.0000  ,  0.0000  ,  0.0000  ,  0.0000  , 100.0000 ,  0.0000  ,  0.0000  ,  0.0000  ,  0.0000
 21.0800  , -0.0663  ,  0.3383  ,  0.2669  ,  0.9651  , -2.3395  ,  0.0183  ,  0.2174  , -0.3237  ,  1.2368  , -1.6260  ,  0.0000  , 100.0000 ,  0.0000  ,  0.0000  ,  0.0000  ,  0.0000  ,  0.0000  , 100.0000 ,  0.0000  ,  0.0000  ,  0.0000  ,  0.0000
 21.1000  , -0.0674  ,  0.3414  ,  0.2744  ,  1.0226  , -2.3437  ,  0.0233  ,  0.2240  , -0.3038  ,  1.2700  , -1.6283  ,  0.0000  , 100.0000 ,  0.0000  ,  0.0000  ,  0.0000  ,  0.0000  ,  0.0000  , 100.0000 ,  0.0000  ,  0.0000  ,  0.0000  ,  0.0000
 21.1200  , -0.0672  ,  0.3425  ,  0.2761  ,  1.0390  , -2.3457  ,  0.0240  ,  0.2260  , -0.2992  ,  1.2774  , -1.6310  ,  0.0000  , 100.0000 ,  0.0000  ,  0.0000  ,  0.0000  ,  0.0000  ,  0.0000  , 100.0000 ,  0.0000  ,  0.0000  ,  0.0000  ,  0.0000
 21.1400  , -0.0663  ,  0.3481  ,  0.2759  ,  1.0893  , -2.3400  ,  0.0262  ,  0.2348  , -0.2821  ,  1.3081  , -1.6374  ,  0.0000  , 100.0000 ,  0.0000  ,  0.0000  ,  0.0000  ,  0.0000  ,  0.0000  , 100.0000 ,  0.0000  ,  0.0000  ,  0.0000  ,  0.0000
 21.1600  , -0.0645  ,  0.3528  ,  0.2677  ,  1.1300  , -2.3317  ,  0.0271  ,  0.2424  , -0.2686  ,  1.3390  , -1.6480  ,  0.0000  , 100.0000 ,  0.0000  ,  0.0000  ,  0.0000  ,  0.0000  ,  0.0000  , 100.0000 ,  0.0000  ,  0.0000  ,  0.0000  ,  0.0000
 21.1800  , -0.0632  ,  0.3551  ,  0.2659  ,  1.1415  , -2.3207  ,  0.0272  ,  0.2464  , -0.2636  ,  1.3514  , -1.6592  ,  0.0000  , 100.0000 ,  0.0000  ,  0.0000  ,  0.0000  ,  0.0000  ,  0.0000  , 100.0000 ,  0.0000  ,  0.0000  ,  0.0000  ,  0.0000
 21.2000  , -0.0573  ,  0.3639  ,  0.2594  ,  1.2193  , -2.2825  ,  0.0257  ,  0.2604  , -0.2371  ,  1.4072  , -1.6733  ,  0.0000  , 100.0000 ,  0.0000  ,  0.0000  ,  0.0000  ,  0.0000  ,  0.0000  , 100.0000 ,  0.0000  ,  0.0000  ,  0.0000  ,  0.0000
 21.2200  , -0.0550  ,  0.3671  ,  0.2511  ,  1.2279  , -2.2658  ,  0.0244  ,  0.2652  , -0.2258  ,  1.4355  , -1.6725  ,  0.0000  , 100.0000 ,  0.0000  ,  0.0000  ,  0.0000  ,  0.0000  ,  0.0000  , 100.0000 ,  0.0000  ,  0.0000  ,  0.0000  ,  0.0000
 21.2400  , -0.0497  ,  0.3740  ,  0.2408  ,  1.2839  , -2.2697  ,  0.0218  ,  0.2742  , -0.2051  ,  1.4747  , -1.6688  ,  0.0000  , 100.0000 ,  0.0000  ,  0.0000  ,  0.0000  ,  0.0000  ,  0.0000  , 100.0000 ,  0.0000  ,  0.0000  ,  0.0000  ,  0.0000
 21.2600  , -0.0476  ,  0.3767  ,  0.2359  ,  1.3084  , -2.2762  ,  0.0208  ,  0.2777  , -0.1907  ,  1.4977  , -1.6710  ,  0.0000  , 100.0000 ,  0.0000  ,  0.0000  ,  0.0000  ,  0.0000  ,  0.0000  , 100.0000 ,  0.0000  ,  0.0000  ,  0.0000  ,  0.0000
 21.2800  , -0.0360  ,  0.3883  ,  0.2075  ,  1.3918  , -2.2911  ,  0.0176  ,  0.2931  , -0.1497  ,  1.5579  , -1.6847  ,  0.0000  , 100.0000 ,  0.0000  ,  0.0000  ,  0.0000  ,  0.0000  ,  0.0000  , 100.0000 ,  0.0000  ,  0.0000  ,  0.0000  ,  0.0000
 21.3000  , -0.0318  ,  0.3917  ,  0.1986  ,  1.4200  , -2.3050  ,  0.0162  ,  0.2980  , -0.1346  ,  1.5811  , -1.7084  ,  0.0000  , 100.0000 ,  0.0000  ,  0.0000  ,  0.0000  ,  0.0000  ,  0.0000  , 100.0000 ,  0.0000  ,  0.0000  ,  0.0000  ,  0.0000
 21.3200  , -0.0226  ,  0.3978  ,  0.1791  ,  1.4806  , -2.3093  ,  0.0123  ,  0.3076  , -0.0999  ,  1.6308  , -1.7147  ,  0.0000  , 100.0000 ,  0.0000  ,  0.0000  ,  0.0000  ,  0.0000  ,  0.0000  , 100.0000 ,  0.0000  ,  0.0000  ,  0.0000  ,  0.0000
 21.3400  , -0.0154  ,  0.4026  ,  0.1655  ,  1.5094  , -2.3210  ,  0.0098  ,  0.3136  , -0.0813  ,  1.6570  , -1.7246  ,  0.0000  , 100.0000 ,  0.0000  ,  0.0000  ,  0.0000  ,  0.0000  ,  0.0000  , 100.0000 ,  0.0000  ,  0.0000  ,  0.0000  ,  0.0000
 21.3600  , -0.0116  ,  0.4050  ,  0.1589  ,  1.5209  , -2.3222  ,  0.0085  ,  0.3167  , -0.0671  ,  1.6748  , -1.7227  ,  0.0000  , 100.0000 ,  0.0000  ,  0.0000  ,  0.0000  ,  0.0000  ,  0.0000  , 100.0000 ,  0.0000  ,  0.0000  ,  0.0000  ,  0.0000
 21.3800  ,  0.0027  ,  0.4113  ,  0.1208  ,  1.5991  , -2.3380  ,  0.0043  ,  0.3278  , -0.0270  ,  1.7266  , -1.7245  ,  0.0000  , 100.0000 ,  0.0000  ,  0.0000  ,  0.0000  ,  0.0000  ,  0.0000  , 100.0000 ,  0.0000  ,  0.0000  ,  0.0000  ,  0.0000
 21.4000  ,  0.0098  ,  0.4141  ,  0.1018  ,  1.6396  , -2.3274  ,  0.0009  ,  0.3343  , -0.0016  ,  1.7557  , -1.7468  ,  0.0000  , 100.0000 ,  0.0000  ,  0.0000  ,  0.0000  ,  0.0000  ,  0.0000  , 100.0000 ,  0.0000  ,  0.0000  ,  0.0000  ,  0.0000
 21.4200  ,  0.0161  ,  0.4165  ,  0.0732  ,  1.6962  , -2.3115  , -0.0035  ,  0.3410  ,  0.0300  ,  1.7942  , -1.7523  ,  0.0000  , 100.0000 ,  0.0000  ,  0.0000  ,  0.0000  ,  0.0000  ,  0.0000  , 100.0000 ,  0.0000  ,  0.0000  ,  0.0000  ,  0.0000
 21.4400  ,  0.0196  ,  0.4172  ,  0.0600  ,  1.7224  , -2.2598  , -0.0093  ,  0.3460  ,  0.0507  ,  1.8171  , -1.7768  ,  0.0000  , 100.0000 ,  0.0000  ,  0.0000  ,  0.0000  ,  0.0000  ,  0.0000  , 100.0000 ,  0.0000  ,  0.0000  ,  0.0000  ,  0.0000
 21.4600  ,  0.0258  ,  0.4170  ,  0.0310  ,  1.7763  , -2.2532  , -0.0172  ,  0.3529  ,  0.0946  ,  1.8614  , -1.7819  ,  0.0000  , 100.0000 ,  0.0000  ,  0.0000  ,  0.0000  ,  0.0000  ,  0.0000  , 100.0000 ,  0.0000  ,  0.0000  ,  0.0000  ,  0.0000
 21.4800  ,  0.0297  ,  0.4163  ,  0.0184  ,  1.7956  , -2.2318  , -0.0211  ,  0.3565  ,  0.1145  ,  1.8809  , -1.7964  ,  0.0000  , 100.0000 ,  0.0000  ,  0.0000  ,  0.0000  ,  0.0000  ,  0.0000  , 100.0000 ,  0.0000  ,  0.0000  ,  0.0000  ,  0.0000
 21.5000  ,  0.0415  ,  0.4114  , -0.0193  ,  1.8474  , -2.2339  , -0.0265  ,  0.3645  ,  0.1552  ,  1.9196  , -1.7981  ,  0.0000  , 100.0000 ,  0.0000  ,  0.0000  ,  0.0000  ,  0.0000  ,  0.0000  , 100.0000 ,  0.0000  ,  0.0000  ,  0.0000  ,  0.0000
 21.5200  ,  0.0451  ,  0.4097  , -0.0306  ,  1.8660  , -2.2441  , -0.0279  ,  0.3668  ,  0.1743  ,  1.9375  , -1.7928  ,  0.0000  , 100.0000 ,  0.0000  ,  0.0000  ,  0.0000  ,  0.0000  ,  0.0000  , 100.0000 ,  0.0000  ,  0.0000  ,  0.0000  ,  0.0000
 21.5400  ,  0.0491  ,  0.4062  , -0.0392  ,  1.8809  , -2.2421  , -0.0301  ,  0.3681  ,  0.1888  ,  1.9500  , -1.7832  ,  0.0000  , 100.0000 ,  0.0000  ,  0.0000  ,  0.0000  ,  0.0000  ,  0.0000  , 100.0000 ,  0.0000  ,  0.0000  ,  0.0000  ,  0.0000
 21.5600  ,  0.0580  ,  0.3961  , -0.0694  ,  1.9355  , -2.2439  , -0.0372  ,  0.3708  ,  0.2358  ,  1.9904  , -1.7854  ,  0.0000  , 100.0000 ,  0.0000  ,  0.0000  ,  0.0000  ,  0.0000  ,  0.0000  , 100.0000 ,  0.0000  ,  0.0000  ,  0.0000  ,  0.0000
 21.5800  ,  0.0580  ,  0.3961  , -0.0694  ,  1.9355  , -2.2447  , -0.0372  ,  0.3708  ,  0.2358  ,  1.9904  , -1.7934  ,  0.0000  , 100.0000 ,  0.0000  ,  0.0000  ,  0.0000  ,  0.0000  ,  0.0000  , 100.0000 ,  0.0000  ,  0.0000  ,  0.0000  ,  0.0000
 21.6000  ,  0.0604  ,  0.3899  , -0.0836  ,  1.9629  , -2.2402  , -0.0423  ,  0.3710  ,  0.2620  ,  2.0129  , -1.8150  ,  0.0000  , 100.0000 ,  0.0000  ,  0.0000  ,  0.0000  ,  0.0000  ,  0.0000  , 100.0000 ,  0.0000  ,  0.0000  ,  0.0000  ,  0.0000
 21.6200  ,  0.0631  ,  0.3781  , -0.1023  ,  1.9952  , -2.2374  , -0.0504  ,  0.3712  ,  0.3091  ,  2.0497  , -1.8350  ,  0.0000  , 100.0000 ,  0.0000  ,  0.0000  ,  0.0000  ,  0.0000  ,  0.0000  , 100.0000 ,  0.0000  ,  0.0000  ,  0.0000  ,  0.0000
 21.6400  ,  0.0626  ,  0.3714  , -0.1093  ,  2.0134  , -2.2388  , -0.0544  ,  0.3694  ,  0.3286  ,  2.0641  , -1.8522  ,  0.0000  , 100.0000 ,  0.0000  ,  0.0000  ,  0.0000  ,  0.0000  ,  0.0000  , 100.0000 ,  0.0000  ,  0.0000  ,  0.0000  ,  0.0000
 21.6600  ,  0.0620  ,  0.3637  , -0.1202  ,  2.0385  , -2.2410  , -0.0590  ,  0.3673  ,  0.3634  ,  2.0901  , -1.8655  ,  0.0000  , 100.0000 ,  0.0000  ,  0.0000  ,  0.0000  ,  0.0000  ,  0.0000  , 100.0000 ,  0.0000  ,  0.0000  ,  0.0000  ,  0.0000
 21.6800  ,  0.0668  ,  0.3588  , -0.1304  ,  2.0525  , -2.2766  , -0.0614  ,  0.3699  ,  0.3830  ,  2.1034  , -1.9018  ,  0.0000  , 100.0000 ,  0.0000  ,  0.0000  ,  0.0000  ,  0.0000  ,  0.0000  , 100.0000 ,  0.0000  ,  0.0000  ,  0.0000  ,  0.0000
 21.7000  ,  0.0680  ,  0.3576  , -0.1314  ,  2.0540  , -2.3377  , -0.0620  ,  0.3705  ,  0.3887  ,  2.1074  , -1.9599  ,  0.0000  , 100.0000 ,  0.0000  ,  0.0000  ,  0.0000  ,  0.0000  ,  0.0000  , 100.0000 ,  0.0000  ,  0.0000  ,  0.0000  ,  0.0000
 21.7200  ,  0.0744  ,  0.3536  , -0.1486  ,  2.0737  , -2.3820  , -0.0682  ,  0.3757  ,  0.4191  ,  2.1299  , -1.9873  ,  0.0000  , 100.0000 ,  0.0000  ,  0.0000  ,  0.0000  ,  0.0000  ,  0.0000  , 100.0000 ,  0.0000  ,  0.0000  ,  0.0000  ,  0.0000
 21.7400  ,  0.0789  ,  0.3554  , -0.1553  ,  2.0762  , -2.4397  , -0.0686  ,  0.3813  ,  0.4208  ,  2.1306  , -2.0334  ,  0.0000  , 100.0000 ,  0.0000  ,  0.0000  ,  0.0000  ,  0.0000  ,  0.0000  , 100.0000 ,  0.0000  ,  0.0000  ,  0.0000  ,  0.0000
 21.7600  ,  0.0905  ,  0.3612  , -0.1722  ,  2.0814  , -2.4644  , -0.0710  ,  0.3961  ,  0.4360  ,  2.1404  , -2.0665  ,  0.0000  , 100.0000 ,  0.0000  ,  0.0000  ,  0.0000  ,  0.0000  ,  0.0000  , 100.0000 ,  0.0000  ,  0.0000  ,  0.0000  ,  0.0000
 21.7800  ,  0.0962  ,  0.3650  , -0.1806  ,  2.0818  , -2.4708  , -0.0731  ,  0.4036  ,  0.4399  ,  2.1426  , -2.0820  ,  0.0000  , 100.0000 ,  0.0000  ,  0.0000  ,  0.0000  ,  0.0000  ,  0.0000  , 100.0000 ,  0.0000  ,  0.0000  ,  0.0000  ,  0.0000
 21.8000  ,  0.1031  ,  0.3700  , -0.1923  ,  2.0816  , -2.4702  , -0.0756  ,  0.4130  ,  0.4454  ,  2.1454  , -2.0862  ,  0.0000  , 100.0000 ,  0.0000  ,  0.0000  ,  0.0000  ,  0.0000  ,  0.0000  , 100.0000 ,  0.0000  ,  0.0000  ,  0.0000  ,  0.0000
 21.8200  ,  0.1087  ,  0.3747  , -0.1980  ,  2.0762  , -2.4750  , -0.0777  ,  0.4215  ,  0.4485  ,  2.1460  , -2.0968  ,  0.0000  , 100.0000 ,  0.0000  ,  0.0000  ,  0.0000  ,  0.0000  ,  0.0000  , 100.0000 ,  0.0000  ,  0.0000  ,  0.0000  ,  0.0000
 21.8400  ,  0.1146  ,  0.3815  , -0.2071  ,  2.0751  , -2.5073  , -0.0810  ,  0.4316  ,  0.4493  ,  2.1465  , -2.1469  ,  0.0000  , 100.0000 ,  0.0000  ,  0.0000  ,  0.0000  ,  0.0000  ,  0.0000  , 100.0000 ,  0.0000  ,  0.0000  ,  0.0000  ,  0.0000
 21.8600  ,  0.1228  ,  0.3919  , -0.2198  ,  2.0735  , -2.5229  , -0.0856  ,  0.4471  ,  0.4479  ,  2.1453  , -2.1630  ,  0.0000  , 100.0000 ,  0.0000  ,  0.0000  ,  0.0000  ,  0.0000  ,  0.0000  , 100.0000 ,  0.0000  ,  0.0000  ,  0.0000  ,  0.0000
 21.8800  ,  0.1265  ,  0.3962  , -0.2245  ,  2.0726  , -2.5328  , -0.0871  ,  0.4542  ,  0.4484  ,  2.1430  , -2.1759  ,  0.0000  , 100.0000 ,  0.0000  ,  0.0000  ,  0.0000  ,  0.0000  ,  0.0000  , 100.0000 ,  0.0000  ,  0.0000  ,  0.0000  ,  0.0000
 21.9000  ,  0.1311  ,  0.4018  , -0.2292  ,  2.0735  , -2.5590  , -0.0893  ,  0.4633  ,  0.4458  ,  2.1414  , -2.1934  ,  0.0000  , 100.0000 ,  0.0000  ,  0.0000  ,  0.0000  ,  0.0000  ,  0.0000  , 100.0000 ,  0.0000  ,  0.0000  ,  0.0000  ,  0.0000
 21.9200  ,  0.1373  ,  0.4118  , -0.2376  ,  2.0723  , -2.5710  , -0.0934  ,  0.4776  ,  0.4401  ,  2.1389  , -2.1921  ,  0.0000  , 100.0000 ,  0.0000  ,  0.0000  ,  0.0000  ,  0.0000  ,  0.0000  , 100.0000 ,  0.0000  ,  0.0000  ,  0.0000  ,  0.0000
 21.9400  ,  0.1373  ,  0.4118  , -0.2376  ,  2.0723  , -2.5684  , -0.0934  ,  0.4776  ,  0.4401  ,  2.1389  , -2.1969  ,  0.0000  , 100.0000 ,  0.0000  ,  0.0000  ,  0.0000  ,  0.0000  ,  0.0000  , 100.0000 ,  0.0000  ,  0.0000  ,  0.0000  ,  0.0000
 21.9600  ,  0.1435  ,  0.4272  , -0.2449  ,  2.0719  , -2.5622  , -0.0986  ,  0.4948  ,  0.4327  ,  2.1384  , -2.1993  ,  0.0000  , 100.0000 ,  0.0000  ,  0.0000  ,  0.0000  ,  0.0000  ,  0.0000  , 100.0000 ,  0.0000  ,  0.0000  ,  0.0000  ,  0.0000
 21.9800  ,  0.1446  ,  0.4301  , -0.2465  ,  2.0716  , -2.5628  , -0.0994  ,  0.4978  ,  0.4305  ,  2.1384  , -2.2209  ,  0.0000  , 100.0000 ,  0.0000  ,  0.0000  ,  0.0000  ,  0.0000  ,  0.0000  , 100.0000 ,  0.0000  ,  0.0000  ,  0.0000  ,  0.0000
 22.0000  ,  0.1454  ,  0.4322  , -0.2474  ,  2.0714  , -2.5621  , -0.0999  ,  0.5000  ,  0.4286  ,  2.1387  , -2.2269  ,  0.0000  , 100.0000 ,  0.0000  ,  0.0000  ,  0.0000  ,  0.0000  ,  0.0000  , 100.0000 ,  0.0000  ,  0.0000  ,  0.0000  ,  0.0000
 22.0200  ,  0.1481  ,  0.4425  , -0.2521  ,  2.0744  , -2.5630  , -0.1037  ,  0.5128  ,  0.4230  ,  2.1398  , -2.2260  ,  0.0000  , 100.0000 ,  0.0000  ,  0.0000  ,  0.0000  ,  0.0000  ,  0.0000  , 100.0000 ,  0.0000  ,  0.0000  ,  0.0000  ,  0.0000
 22.0400  ,  0.1482  ,  0.4435  , -0.2523  ,  2.0746  , -2.5694  , -0.1040  ,  0.5143  ,  0.4220  ,  2.1396  , -2.2208  ,  0.0000  , 100.0000 ,  0.0000  ,  0.0000  ,  0.0000  ,  0.0000  ,  0.0000  , 100.0000 ,  0.0000  ,  0.0000  ,  0.0000  ,  0.0000
 22.0600  ,  0.1486  ,  0.4463  , -0.2528  ,  2.0751  , -2.5693  , -0.1049  ,  0.5182  ,  0.4188  ,  2.1393  , -2.2207  ,  0.0000  , 100.0000 ,  0.0000  ,  0.0000  ,  0.0000  ,  0.0000  ,  0.0000  , 100.0000 ,  0.0000  ,  0.0000  ,  0.0000  ,  0.0000
 22.0800  ,  0.1516  ,  0.4521  , -0.2560  ,  2.0743  , -2.5679  , -0.1059  ,  0.5256  ,  0.4139  ,  2.1362  , -2.2222  ,  0.0000  , 100.0000 ,  0.0000  ,  0.0000  ,  0.0000  ,  0.0000  ,  0.0000  , 100.0000 ,  0.0000  ,  0.0000  ,  0.0000  ,  0.0000
 22.1000  ,  0.1531  ,  0.4543  , -0.2601  ,  2.0732  , -2.5591  , -0.1064  ,  0.5287  ,  0.4110  ,  2.1351  , -2.2267  ,  0.0000  , 100.0000 ,  0.0000  ,  0.0000  ,  0.0000  ,  0.0000  ,  0.0000  , 100.0000 ,  0.0000  ,  0.0000  ,  0.0000  ,  0.0000
 22.1200  ,  0.1564  ,  0.4583  , -0.2674  ,  2.0689  , -2.5583  , -0.1077  ,  0.5355  ,  0.4036  ,  2.1300  , -2.2264  ,  0.0000  , 100.0000 ,  0.0000  ,  0.0000  ,  0.0000  ,  0.0000  ,  0.0000  , 100.0000 ,  0.0000  ,  0.0000  ,  0.0000  ,  0.0000
 22.1400  ,  0.1573  ,  0.4593  , -0.2704  ,  2.0670  , -2.5486  , -0.1077  ,  0.5374  ,  0.4013  ,  2.1280  , -2.2273  ,  0.0000  , 100.0000 ,  0.0000  ,  0.0000  ,  0.0000  ,  0.0000  ,  0.0000  , 100.0000 ,  0.0000  ,  0.0000  ,  0.0000  ,  0.0000
 22.1600  ,  0.1583  ,  0.4603  , -0.2777  ,  2.0653  , -2.5470  , -0.1076  ,  0.5397  ,  0.3969  ,  2.1242  , -2.2383  ,  0.0000  , 100.0000 ,  0.0000  ,  0.0000  ,  0.0000  ,  0.0000  ,  0.0000  , 100.0000 ,  0.0000  ,  0.0000  ,  0.0000  ,  0.0000
 22.1800  ,  0.1590  ,  0.4601  , -0.2918  ,  2.0544  , -2.5520  , -0.1068  ,  0.5418  ,  0.3872  ,  2.1131  , -2.2529  ,  0.0000  , 100.0000 ,  0.0000  ,  0.0000  ,  0.0000  ,  0.0000  ,  0.0000  , 100.0000 ,  0.0000  ,  0.0000  ,  0.0000  ,  0.0000
 22.2000  ,  0.1589  ,  0.4602  , -0.2990  ,  2.0495  , -2.5611  , -0.1069  ,  0.5423  ,  0.3843  ,  2.1091  , -2.3132  ,  0.0000  , 100.0000 ,  0.0000  ,  0.0000  ,  0.0000  ,  0.0000  ,  0.0000  , 100.0000 ,  0.0000  ,  0.0000  ,  0.0000  ,  0.0000
 22.2200  ,  0.1589  ,  0.4595  , -0.3337  ,  2.0266  , -2.5648  , -0.1075  ,  0.5440  ,  0.3683  ,  2.0860  , -2.3613  ,  0.0000  , 100.0000 ,  0.0000  ,  0.0000  ,  0.0000  ,  0.0000  ,  0.0000  , 100.0000 ,  0.0000  ,  0.0000  ,  0.0000  ,  0.0000
 22.2400  ,  0.1593  ,  0.4573  , -0.3500  ,  2.0130  , -2.5633  , -0.1080  ,  0.5451  ,  0.3601  ,  2.0722  , -2.3876  ,  0.0000  , 100.0000 ,  0.0000  ,  0.0000  ,  0.0000  ,  0.0000  ,  0.0000  , 100.0000 ,  0.0000  ,  0.0000  ,  0.0000  ,  0.0000
 22.2600  ,  0.1596  ,  0.4551  , -0.3773  ,  1.9900  , -2.5579  , -0.1084  ,  0.5462  ,  0.3468  ,  2.0475  , -2.3975  ,  0.0000  , 100.0000 ,  0.0000  ,  0.0000  ,  0.0000  ,  0.0000  ,  0.0000  , 100.0000 ,  0.0000  ,  0.0000  ,  0.0000  ,  0.0000
 22.2800  ,  0.1614  ,  0.4479  , -0.4224  ,  1.9494  , -2.5581  , -0.1089  ,  0.5430  ,  0.3273  ,  2.0086  , -2.3852  ,  0.0000  , 100.0000 ,  0.0000  ,  0.0000  ,  0.0000  ,  0.0000  ,  0.0000  , 100.0000 ,  0.0000  ,  0.0000  ,  0.0000  ,  0.0000
 22.3000  ,  0.1633  ,  0.4431  , -0.4423  ,  1.9306  , -2.5633  , -0.1085  ,  0.5400  ,  0.3213  ,  1.9910  , -2.3745  ,  0.0000  , 100.0000 ,  0.0000  ,  0.0000  ,  0.0000  ,  0.0000  ,  0.0000  , 100.0000 ,  0.0000  ,  0.0000  ,  0.0000  ,  0.0000
 22.3200  ,  0.1662  ,  0.4316  , -0.4962  ,  1.8774  , -2.5696  , -0.1087  ,  0.5286  ,  0.2996  ,  1.9251  , -2.3737  ,  0.0000  , 100.0000 ,  0.0000  ,  0.0000  ,  0.0000  ,  0.0000  ,  0.0000  , 100.0000 ,  0.0000  ,  0.0000  ,  0.0000  ,  0.0000
 22.3400  ,  0.1665  ,  0.4271  , -0.5205  ,  1.8527  , -2.5659  , -0.1094  ,  0.5219  ,  0.2893  ,  1.8990  , -2.3774  ,  0.0000  , 100.0000 ,  0.0000  ,  0.0000  ,  0.0000  ,  0.0000  ,  0.0000  , 100.0000 ,  0.0000  ,  0.0000  ,  0.0000  ,  0.0000
 22.3600  ,  0.1668  ,  0.4239  , -0.5501  ,  1.8262  , -2.5485  , -0.1099  ,  0.5169  ,  0.2791  ,  1.8684  , -2.3934  ,  0.0000  , 100.0000 ,  0.0000  ,  0.0000  ,  0.0000  ,  0.0000  ,  0.0000  , 100.0000 ,  0.0000  ,  0.0000  ,  0.0000  ,  0.0000
 22.3800  ,  0.1668  ,  0.4120  , -0.5962  ,  1.7719  , -2.5387  , -0.1120  ,  0.5019  ,  0.2623  ,  1.8072  , -2.4093  ,  0.0000  , 100.0000 ,  0.0000  ,  0.0000  ,  0.0000  ,  0.0000  ,  0.0000  , 100.0000 ,  0.0000  ,  0.0000  ,  0.0000  ,  0.0000
 22.4000  ,  0.1649  ,  0.4025  , -0.6154  ,  1.7444  , -2.5298  , -0.1149  ,  0.4917  ,  0.2588  ,  1.7834  , -2.4468  ,  0.0000  , 100.0000 ,  0.0000  ,  0.0000  ,  0.0000  ,  0.0000  ,  0.0000  , 100.0000 ,  0.0000  ,  0.0000  ,  0.0000  ,  0.0000
 22.4200  ,  0.1627  ,  0.3925  , -0.6398  ,  1.7066  , -2.5367  , -0.1181  ,  0.4804  ,  0.2470  ,  1.7268  , -2.4557  ,  0.0000  , 100.0000 ,  0.0000  ,  0.0000  ,  0.0000  ,  0.0000  ,  0.0000  , 100.0000 ,  0.0000  ,  0.0000  ,  0.0000  ,  0.0000
 22.4400  ,  0.1601  ,  0.3768  , -0.6759  ,  1.6516  , -2.5395  , -0.1235  ,  0.4606  ,  0.2407  ,  1.6771  , -2.4607  ,  0.0000  , 100.0000 ,  0.0000  ,  0.0000  ,  0.0000  ,  0.0000  ,  0.0000  , 100.0000 ,  0.0000  ,  0.0000  ,  0.0000  ,  0.0000
 22.4600  ,  0.1598  ,  0.3751  , -0.6816  ,  1.6432  , -2.5313  , -0.1241  ,  0.4583  ,  0.2389  ,  1.6682  , -2.4582  ,  0.0000  , 100.0000 ,  0.0000  ,  0.0000  ,  0.0000  ,  0.0000  ,  0.0000  , 100.0000 ,  0.0000  ,  0.0000  ,  0.0000  ,  0.0000
 22.4800  ,  0.1565  ,  0.3516  , -0.7349  ,  1.5587  , -2.5206  , -0.1291  ,  0.4301  ,  0.2259  ,  1.5847  , -2.4486  ,  0.0000  , 100.0000 ,  0.0000  ,  0.0000  ,  0.0000  ,  0.0000  ,  0.0000  , 100.0000 ,  0.0000  ,  0.0000  ,  0.0000  ,  0.0000
 22.5000  ,  0.1564  ,  0.3426  , -0.7466  ,  1.5352  , -2.5121  , -0.1288  ,  0.4194  ,  0.2290  ,  1.5682  , -2.4386  ,  0.0000  , 100.0000 ,  0.0000  ,  0.0000  ,  0.0000  ,  0.0000  ,  0.0000  , 100.0000 ,  0.0000  ,  0.0000  ,  0.0000  ,  0.0000
 22.5200  ,  0.1562  ,  0.3343  , -0.7641  ,  1.5043  , -2.5126  , -0.1285  ,  0.4093  ,  0.2253  ,  1.5321  , -2.4321  ,  0.0000  , 100.0000 ,  0.0000  ,  0.0000  ,  0.0000  ,  0.0000  ,  0.0000  , 100.0000 ,  0.0000  ,  0.0000  ,  0.0000  ,  0.0000
 22.5400  ,  0.1606  ,  0.3122  , -0.7985  ,  1.4362  , -2.4944  , -0.1245  ,  0.3854  ,  0.2266  ,  1.4716  , -2.4354  ,  0.0000  , 100.0000 ,  0.0000  ,  0.0000  ,  0.0000  ,  0.0000  ,  0.0000  , 100.0000 ,  0.0000  ,  0.0000  ,  0.0000  ,  0.0000
 22.5600  ,  0.1621  ,  0.3052  , -0.8172  ,  1.4056  , -2.4888  , -0.1231  ,  0.3777  ,  0.2257  ,  1.4470  , -2.4445  ,  0.0000  , 100.0000 ,  0.0000  ,  0.0000  ,  0.0000  ,  0.0000  ,  0.0000  , 100.0000 ,  0.0000  ,  0.0000  ,  0.0000  ,  0.0000
 22.5800  ,  0.1651  ,  0.2859  , -0.8523  ,  1.3354  , -2.4822  , -0.1202  ,  0.3521  ,  0.2291  ,  1.3820  , -2.4505  ,  0.0000  , 100.0000 ,  0.0000  ,  0.0000  ,  0.0000  ,  0.0000  ,  0.0000  , 100.0000 ,  0.0000  ,  0.0000  ,  0.0000  ,  0.0000
 22.6000  ,  0.1686  ,  0.2787  , -0.8678  ,  1.3070  , -2.4672  , -0.1191  ,  0.3430  ,  0.2333  ,  1.3650  , -2.4553  ,  0.0000  , 100.0000 ,  0.0000  ,  0.0000  ,  0.0000  ,  0.0000  ,  0.0000  , 100.0000 ,  0.0000  ,  0.0000  ,  0.0000  ,  0.0000
 22.6200  ,  0.1729  ,  0.2694  , -0.8920  ,  1.2652  , -2.4344  , -0.1178  ,  0.3310  ,  0.2366  ,  1.3404  , -2.4379  ,  0.0000  , 100.0000 ,  0.0000  ,  0.0000  ,  0.0000  ,  0.0000  ,  0.0000  , 100.0000 ,  0.0000  ,  0.0000  ,  0.0000  ,  0.0000
 22.6400  ,  0.1826  ,  0.2504  , -0.9279  ,  1.1927  , -2.4114  , -0.1110  ,  0.3153  ,  0.2404  ,  1.2825  , -2.4275  ,  0.0000  , 100.0000 ,  0.0000  ,  0.0000  ,  0.0000  ,  0.0000  ,  0.0000  , 100.0000 ,  0.0000  ,  0.0000  ,  0.0000  ,  0.0000
 22.6600  ,  0.1858  ,  0.2427  , -0.9378  ,  1.1689  , -2.4122  , -0.1076  ,  0.3092  ,  0.2449  ,  1.2690  , -2.4226  ,  0.0000  , 100.0000 ,  0.0000  ,  0.0000  ,  0.0000  ,  0.0000  ,  0.0000  , 100.0000 ,  0.0000  ,  0.0000  ,  0.0000  ,  0.0000
 22.6800  ,  0.1906  ,  0.2304  , -0.9601  ,  1.1270  , -2.4119  , -0.1022  ,  0.2991  ,  0.2425  ,  1.2256  , -2.4234  ,  0.0000  , 100.0000 ,  0.0000  ,  0.0000  ,  0.0000  ,  0.0000  ,  0.0000  , 100.0000 ,  0.0000  ,  0.0000  ,  0.0000  ,  0.0000
 22.7000  ,  0.1944  ,  0.2236  , -0.9718  ,  1.1022  , -2.4079  , -0.0982  ,  0.2937  ,  0.2458  ,  1.2086  , -2.4307  ,  0.0000  , 100.0000 ,  0.0000  ,  0.0000  ,  0.0000  ,  0.0000  ,  0.0000  , 100.0000 ,  0.0000  ,  0.0000  ,  0.0000  ,  0.0000
 22.7200  ,  0.1976  ,  0.2176  , -0.9841  ,  1.0772  , -2.3809  , -0.0947  ,  0.2889  ,  0.2481  ,  1.1908  , -2.4345  ,  0.0000  , 100.0000 ,  0.0000  ,  0.0000  ,  0.0000  ,  0.0000  ,  0.0000  , 100.0000 ,  0.0000  ,  0.0000  ,  0.0000  ,  0.0000
 22.7400  ,  0.2031  ,  0.2048  , -1.0052  ,  1.0144  , -2.3517  , -0.0881  ,  0.2808  ,  0.2554  ,  1.1631  , -2.4229  ,  0.0000  , 100.0000 ,  0.0000  ,  0.0000  ,  0.0000  ,  0.0000  ,  0.0000  , 100.0000 ,  0.0000  ,  0.0000  ,  0.0000  ,  0.0000
 22.7600  ,  0.2044  ,  0.1971  , -1.0131  ,  0.9888  , -2.3517  , -0.0848  ,  0.2774  ,  0.2577  ,  1.1481  , -2.4229  ,  0.0000  , 100.0000 ,  0.0000  ,  0.0000  ,  0.0000  ,  0.0000  ,  0.0000  , 100.0000 ,  0.0000  ,  0.0000  ,  0.0000  ,  0.0000
 22.7800  ,  0.2050  ,  0.1916  , -1.0203  ,  0.9670  , -2.3530  , -0.0827  ,  0.2750  ,  0.2587  ,  1.1334  , -2.4154  ,  0.0000  , 100.0000 ,  0.0000  ,  0.0000  ,  0.0000  ,  0.0000  ,  0.0000  , 100.0000 ,  0.0000  ,  0.0000  ,  0.0000  ,  0.0000
 22.8000  ,  0.2055  ,  0.1872  , -1.0241  ,  0.9527  , -2.3452  , -0.0825  ,  0.2726  ,  0.2609  ,  1.1269  , -2.4070  ,  0.0000  , 100.0000 ,  0.0000  ,  0.0000  ,  0.0000  ,  0.0000  ,  0.0000  , 100.0000 ,  0.0000  ,  0.0000  ,  0.0000  ,  0.0000
 22.8200  ,  0.2062  ,  0.1821  , -1.0218  ,  0.9463  , -2.3452  , -0.0823  ,  0.2697  ,  0.2601  ,  1.1145  , -2.4078  ,  0.0000  , 100.0000 ,  0.0000  ,  0.0000  ,  0.0000  ,  0.0000  ,  0.0000  , 100.0000 ,  0.0000  ,  0.0000  ,  0.0000  ,  0.0000
 22.8400  ,  0.2080  ,  0.1786  , -1.0277  ,  0.9303  , -2.3346  , -0.0833  ,  0.2659  ,  0.2647  ,  1.1117  , -2.4064  ,  0.0000  , 100.0000 ,  0.0000  ,  0.0000  ,  0.0000  ,  0.0000  ,  0.0000  , 100.0000 ,  0.0000  ,  0.0000  ,  0.0000  ,  0.0000
 22.8600  ,  0.2092  ,  0.1763  , -1.0295  ,  0.9215  , -2.3320  , -0.0836  ,  0.2640  ,  0.2671  ,  1.1106  , -2.4059  ,  0.0000  , 100.0000 ,  0.0000  ,  0.0000  ,  0.0000  ,  0.0000  ,  0.0000  , 100.0000 ,  0.0000  ,  0.0000  ,  0.0000  ,  0.0000
 22.8800  ,  0.2105  ,  0.1736  , -1.0355  ,  0.9144  , -2.3290  , -0.0835  ,  0.2624  ,  0.2685  ,  1.1203  , -2.4044  ,  0.0000  , 100.0000 ,  0.0000  ,  0.0000  ,  0.0000  ,  0.0000  ,  0.0000  , 100.0000 ,  0.0000  ,  0.0000  ,  0.0000  ,  0.0000
 22.9000  ,  0.2110  ,  0.1727  , -1.0333  ,  0.9117  , -2.3327  , -0.0845  ,  0.2617  ,  0.2695  ,  1.1228  , -2.4026  ,  0.0000  , 100.0000 ,  0.0000  ,  0.0000  ,  0.0000  ,  0.0000  ,  0.0000  , 100.0000 ,  0.0000  ,  0.0000  ,  0.0000  ,  0.0000
 22.9200  ,  0.2120  ,  0.1717  , -1.0247  ,  0.9100  , -2.3407  , -0.0870  ,  0.2615  ,  0.2704  ,  1.1319  , -2.4013  ,  0.0000  , 100.0000 ,  0.0000  ,  0.0000  ,  0.0000  ,  0.0000  ,  0.0000  , 100.0000 ,  0.0000  ,  0.0000  ,  0.0000  ,  0.0000
 22.9400  ,  0.2122  ,  0.1716  , -1.0219  ,  0.9103  , -2.3502  , -0.0877  ,  0.2617  ,  0.2708  ,  1.1295  , -2.4005  ,  0.0000  , 100.0000 ,  0.0000  ,  0.0000  ,  0.0000  ,  0.0000  ,  0.0000  , 100.0000 ,  0.0000  ,  0.0000  ,  0.0000  ,  0.0000
 22.9600  ,  0.2137  ,  0.1717  , -1.0067  ,  0.9302  , -2.3483  , -0.0888  ,  0.2619  ,  0.2709  ,  1.1370  , -2.4002  ,  0.0000  , 100.0000 ,  0.0000  ,  0.0000  ,  0.0000  ,  0.0000  ,  0.0000  , 100.0000 ,  0.0000  ,  0.0000  ,  0.0000  ,  0.0000
 22.9800  ,  0.2160  ,  0.1720  , -1.0035  ,  0.9308  , -2.3464  , -0.0891  ,  0.2619  ,  0.2711  ,  1.1417  , -2.4005  ,  0.0000  , 100.0000 ,  0.0000  ,  0.0000  ,  0.0000  ,  0.0000  ,  0.0000  , 100.0000 ,  0.0000  ,  0.0000  ,  0.0000  ,  0.0000
 23.0000  ,  0.2193  ,  0.1725  , -0.9971  ,  0.9330  , -2.3471  , -0.0885  ,  0.2624  ,  0.2708  ,  1.1513  , -2.4004  ,  0.0000  , 100.0000 ,  0.0000  ,  0.0000  ,  0.0000  ,  0.0000  ,  0.0000  , 100.0000 ,  0.0000  ,  0.0000  ,  0.0000  ,  0.0000
 23.0200  ,  0.2228  ,  0.1731  , -0.9967  ,  0.9166  , -2.3557  , -0.0866  ,  0.2635  ,  0.2683  ,  1.1611  , -2.3985  ,  0.0000  , 100.0000 ,  0.0000  ,  0.0000  ,  0.0000  ,  0.0000  ,  0.0000  , 100.0000 ,  0.0000  ,  0.0000  ,  0.0000  ,  0.0000
 23.0400  ,  0.2275  ,  0.1737  , -0.9869  ,  0.9236  , -2.3633  , -0.0820  ,  0.2686  ,  0.2615  ,  1.1677  , -2.3963  ,  0.0000  , 100.0000 ,  0.0000  ,  0.0000  ,  0.0000  ,  0.0000  ,  0.0000  , 100.0000 ,  0.0000  ,  0.0000  ,  0.0000  ,  0.0000
 23.0600  ,  0.2291  ,  0.1740  , -0.9812  ,  0.9277  , -2.3714  , -0.0800  ,  0.2703  ,  0.2590  ,  1.1722  , -2.3971  ,  0.0000  , 100.0000 ,  0.0000  ,  0.0000  ,  0.0000  ,  0.0000  ,  0.0000  , 100.0000 ,  0.0000  ,  0.0000  ,  0.0000  ,  0.0000
 23.0800  ,  0.2337  ,  0.1758  , -0.9590  ,  0.9469  , -2.3738  , -0.0738  ,  0.2749  ,  0.2517  ,  1.1853  , -2.3968  ,  0.0000  , 100.0000 ,  0.0000  ,  0.0000  ,  0.0000  ,  0.0000  ,  0.0000  , 100.0000 ,  0.0000  ,  0.0000  ,  0.0000  ,  0.0000
 23.1000  ,  0.2353  ,  0.1766  , -0.9555  ,  0.9512  , -2.3798  , -0.0723  ,  0.2764  ,  0.2498  ,  1.1887  , -2.3970  ,  0.0000  , 100.0000 ,  0.0000  ,  0.0000  ,  0.0000  ,  0.0000  ,  0.0000  , 100.0000 ,  0.0000  ,  0.0000  ,  0.0000  ,  0.0000
 23.1200  ,  0.2369  ,  0.1774  , -0.9503  ,  0.9568  , -2.4005  , -0.0707  ,  0.2779  ,  0.2481  ,  1.1988  , -2.4020  ,  0.0000  , 100.0000 ,  0.0000  ,  0.0000  ,  0.0000  ,  0.0000  ,  0.0000  , 100.0000 ,  0.0000  ,  0.0000  ,  0.0000  ,  0.0000
 23.1400  ,  0.2408  ,  0.1814  , -0.9376  ,  0.9850  , -2.4199  , -0.0669  ,  0.2846  ,  0.2409  ,  1.2266  , -2.4101  ,  0.0000  , 100.0000 ,  0.0000  ,  0.0000  ,  0.0000  ,  0.0000  ,  0.0000  , 100.0000 ,  0.0000  ,  0.0000  ,  0.0000  ,  0.0000
 23.1600  ,  0.2427  ,  0.1841  , -0.9312  ,  0.9951  , -2.4265  , -0.0661  ,  0.2873  ,  0.2388  ,  1.2385  , -2.4113  ,  0.0000  , 100.0000 ,  0.0000  ,  0.0000  ,  0.0000  ,  0.0000  ,  0.0000  , 100.0000 ,  0.0000  ,  0.0000  ,  0.0000  ,  0.0000
 23.1800  ,  0.2455  ,  0.1880  , -0.9097  ,  1.0179  , -2.4399  , -0.0650  ,  0.2912  ,  0.2375  ,  1.2700  , -2.4114  ,  0.0000  , 100.0000 ,  0.0000  ,  0.0000  ,  0.0000  ,  0.0000  ,  0.0000  , 100.0000 ,  0.0000  ,  0.0000  ,  0.0000  ,  0.0000
 23.2000  ,  0.2476  ,  0.1928  , -0.8983  ,  1.0341  , -2.4487  , -0.0629  ,  0.2963  ,  0.2334  ,  1.2872  , -2.4099  ,  0.0000  , 100.0000 ,  0.0000  ,  0.0000  ,  0.0000  ,  0.0000  ,  0.0000  , 100.0000 ,  0.0000  ,  0.0000  ,  0.0000  ,  0.0000
 23.2200  ,  0.2489  ,  0.1958  , -0.8863  ,  1.0501  , -2.4914  , -0.0616  ,  0.2994  ,  0.2354  ,  1.3083  , -2.4074  ,  0.0000  , 100.0000 ,  0.0000  ,  0.0000  ,  0.0000  ,  0.0000  ,  0.0000  , 100.0000 ,  0.0000  ,  0.0000  ,  0.0000  ,  0.0000
 23.2400  ,  0.2514  ,  0.2016  , -0.8733  ,  1.0694  , -2.5108  , -0.0601  ,  0.3051  ,  0.2319  ,  1.3333  , -2.4081  ,  0.0000  , 100.0000 ,  0.0000  ,  0.0000  ,  0.0000  ,  0.0000  ,  0.0000  , 100.0000 ,  0.0000  ,  0.0000  ,  0.0000  ,  0.0000
 23.2600  ,  0.2577  ,  0.2181  , -0.8169  ,  1.1368  , -2.5378  , -0.0566  ,  0.3196  ,  0.2238  ,  1.4069  , -2.4120  ,  0.0000  , 100.0000 ,  0.0000  ,  0.0000  ,  0.0000  ,  0.0000  ,  0.0000  , 100.0000 ,  0.0000  ,  0.0000  ,  0.0000  ,  0.0000
 23.2800  ,  0.2594  ,  0.2230  , -0.7889  ,  1.1596  , -2.5584  , -0.0556  ,  0.3238  ,  0.2236  ,  1.4337  , -2.4160  ,  0.0000  , 100.0000 ,  0.0000  ,  0.0000  ,  0.0000  ,  0.0000  ,  0.0000  , 100.0000 ,  0.0000  ,  0.0000  ,  0.0000  ,  0.0000
 23.3000  ,  0.2631  ,  0.2322  , -0.7753  ,  1.1830  , -2.5818  , -0.0535  ,  0.3318  ,  0.2182  ,  1.4618  , -2.4225  ,  0.0000  , 100.0000 ,  0.0000  ,  0.0000  ,  0.0000  ,  0.0000  ,  0.0000  , 100.0000 ,  0.0000  ,  0.0000  ,  0.0000  ,  0.0000
 23.3200  ,  0.2699  ,  0.2498  , -0.7292  ,  1.2421  , -2.5991  , -0.0490  ,  0.3473  ,  0.2087  ,  1.5207  , -2.4235  ,  0.0000  , 100.0000 ,  0.0000  ,  0.0000  ,  0.0000  ,  0.0000  ,  0.0000  , 100.0000 ,  0.0000  ,  0.0000  ,  0.0000  ,  0.0000
 23.3400  ,  0.2726  ,  0.2577  , -0.7200  ,  1.2601  , -2.6652  , -0.0468  ,  0.3545  ,  0.2040  ,  1.5412  , -2.4362  ,  0.0000  , 100.0000 ,  0.0000  ,  0.0000  ,  0.0000  ,  0.0000  ,  0.0000  , 100.0000 ,  0.0000  ,  0.0000  ,  0.0000  ,  0.0000
 23.3600  ,  0.2813  ,  0.2861  , -0.6808  ,  1.3319  , -2.6957  , -0.0390  ,  0.3774  ,  0.1884  ,  1.5910  , -2.4467  ,  0.0000  , 100.0000 ,  0.0000  ,  0.0000  ,  0.0000  ,  0.0000  ,  0.0000  , 100.0000 ,  0.0000  ,  0.0000  ,  0.0000  ,  0.0000
 23.3800  ,  0.2853  ,  0.3005  , -0.6570  ,  1.3697  , -2.7236  , -0.0348  ,  0.3885  ,  0.1825  ,  1.6298  , -2.4570  ,  0.0000  , 100.0000 ,  0.0000  ,  0.0000  ,  0.0000  ,  0.0000  ,  0.0000  , 100.0000 ,  0.0000  ,  0.0000  ,  0.0000  ,  0.0000
 23.4000  ,  0.2928  ,  0.3220  , -0.6424  ,  1.4084  , -2.7810  , -0.0268  ,  0.4054  ,  0.1700  ,  1.6538  , -2.4793  ,  0.0000  , 100.0000 ,  0.0000  ,  0.0000  ,  0.0000  ,  0.0000  ,  0.0000  , 100.0000 ,  0.0000  ,  0.0000  ,  0.0000  ,  0.0000
 23.4200  ,  0.3023  ,  0.3497  , -0.6157  ,  1.4673  , -2.8059  , -0.0161  ,  0.4261  ,  0.1586  ,  1.7040  , -2.4891  ,  0.0000  , 100.0000 ,  0.0000  ,  0.0000  ,  0.0000  ,  0.0000  ,  0.0000  , 100.0000 ,  0.0000  ,  0.0000  ,  0.0000  ,  0.0000
 23.4400  ,  0.3112  ,  0.3758  , -0.5938  ,  1.5150  , -2.8706  , -0.0064  ,  0.4436  ,  0.1478  ,  1.7406  , -2.5165  ,  0.0000  , 100.0000 ,  0.0000  ,  0.0000  ,  0.0000  ,  0.0000  ,  0.0000  , 100.0000 ,  0.0000  ,  0.0000  ,  0.0000  ,  0.0000
 23.4600  ,  0.3239  ,  0.4165  , -0.5761  ,  1.5743  , -2.8881  ,  0.0061  ,  0.4685  ,  0.1318  ,  1.7772  , -2.5240  ,  0.0000  , 100.0000 ,  0.0000  ,  0.0000  ,  0.0000  ,  0.0000  ,  0.0000  , 100.0000 ,  0.0000  ,  0.0000  ,  0.0000  ,  0.0000
 23.4800  ,  0.3291  ,  0.4347  , -0.5615  ,  1.6035  , -2.9057  ,  0.0125  ,  0.4803  ,  0.1249  ,  1.8039  , -2.5303  ,  0.0000  , 100.0000 ,  0.0000  ,  0.0000  ,  0.0000  ,  0.0000  ,  0.0000  , 100.0000 ,  0.0000  ,  0.0000  ,  0.0000  ,  0.0000
 23.5000  ,  0.3371  ,  0.4633  , -0.5446  ,  1.6452  , -2.9462  ,  0.0221  ,  0.4981  ,  0.1136  ,  1.8283  , -2.5534  ,  0.0000  , 100.0000 ,  0.0000  ,  0.0000  ,  0.0000  ,  0.0000  ,  0.0000  , 100.0000 ,  0.0000  ,  0.0000  ,  0.0000  ,  0.0000
 23.5200  ,  0.3500  ,  0.5089  , -0.5200  ,  1.7055  , -2.9576  ,  0.0402  ,  0.5271  ,  0.0947  ,  1.8683  , -2.5625  ,  0.0000  , 100.0000 ,  0.0000  ,  0.0000  ,  0.0000  ,  0.0000  ,  0.0000  , 100.0000 ,  0.0000  ,  0.0000  ,  0.0000  ,  0.0000
 23.5400  ,  0.3567  ,  0.5319  , -0.5033  ,  1.7373  , -3.0244  ,  0.0511  ,  0.5421  ,  0.0839  ,  1.8849  , -2.5916  ,  0.0000  , 100.0000 ,  0.0000  ,  0.0000  ,  0.0000  ,  0.0000  ,  0.0000  , 100.0000 ,  0.0000  ,  0.0000  ,  0.0000  ,  0.0000
 23.5600  ,  0.3651  ,  0.5612  , -0.4759  ,  1.7803  , -3.0473  ,  0.0662  ,  0.5617  ,  0.0700  ,  1.9132  , -2.6017  ,  0.0000  , 100.0000 ,  0.0000  ,  0.0000  ,  0.0000  ,  0.0000  ,  0.0000  , 100.0000 ,  0.0000  ,  0.0000  ,  0.0000  ,  0.0000
 23.5800  ,  0.3708  ,  0.5810  , -0.4622  ,  1.8046  , -3.0697  ,  0.0771  ,  0.5751  ,  0.0597  ,  1.9295  , -2.6125  ,  0.0000  , 100.0000 ,  0.0000  ,  0.0000  ,  0.0000  ,  0.0000  ,  0.0000  , 100.0000 ,  0.0000  ,  0.0000  ,  0.0000  ,  0.0000
 23.6000  ,  0.3777  ,  0.6091  , -0.4429  ,  1.8377  , -3.1235  ,  0.0917  ,  0.5945  ,  0.0450  ,  1.9519  , -2.6422  ,  0.0000  , 100.0000 ,  0.0000  ,  0.0000  ,  0.0000  ,  0.0000  ,  0.0000  , 100.0000 ,  0.0000  ,  0.0000  ,  0.0000  ,  0.0000
 23.6200  ,  0.3837  ,  0.6435  , -0.4235  ,  1.8740  , -3.1254  ,  0.1092  ,  0.6196  ,  0.0255  ,  1.9758  , -2.6487  ,  0.0000  , 100.0000 ,  0.0000  ,  0.0000  ,  0.0000  ,  0.0000  ,  0.0000  , 100.0000 ,  0.0000  ,  0.0000  ,  0.0000  ,  0.0000
 23.6400  ,  0.3862  ,  0.6692  , -0.4034  ,  1.9012  , -3.1604  ,  0.1226  ,  0.6402  ,  0.0093  ,  1.9915  , -2.6778  ,  0.0000  , 100.0000 ,  0.0000  ,  0.0000  ,  0.0000  ,  0.0000  ,  0.0000  , 100.0000 ,  0.0000  ,  0.0000  ,  0.0000  ,  0.0000
 23.6600  ,  0.3882  ,  0.6979  , -0.3842  ,  1.9276  , -3.1707  ,  0.1399  ,  0.6631  , -0.0101  ,  2.0111  , -2.6863  ,  0.0000  , 100.0000 ,  0.0000  ,  0.0000  ,  0.0000  ,  0.0000  ,  0.0000  , 100.0000 ,  0.0000  ,  0.0000  ,  0.0000  ,  0.0000
 23.6800  ,  0.3889  ,  0.7138  , -0.3732  ,  1.9434  , -3.1934  ,  0.1505  ,  0.6757  , -0.0257  ,  2.0127  , -2.7057  ,  0.0000  , 100.0000 ,  0.0000  ,  0.0000  ,  0.0000  ,  0.0000  ,  0.0000  , 100.0000 ,  0.0000  ,  0.0000  ,  0.0000  ,  0.0000
 23.7000  ,  0.3885  ,  0.7500  , -0.3461  ,  1.9748  , -3.2220  ,  0.1754  ,  0.7070  , -0.0549  ,  2.0331  , -2.7328  ,  0.0000  , 100.0000 ,  0.0000  ,  0.0000  ,  0.0000  ,  0.0000  ,  0.0000  , 100.0000 ,  0.0000  ,  0.0000  ,  0.0000  ,  0.0000
 23.7200  ,  0.3883  ,  0.7534  , -0.3403  ,  1.9794  , -3.2198  ,  0.1780  ,  0.7101  , -0.0579  ,  2.0353  , -2.7358  ,  0.0000  , 100.0000 ,  0.0000  ,  0.0000  ,  0.0000  ,  0.0000  ,  0.0000  , 100.0000 ,  0.0000  ,  0.0000  ,  0.0000  ,  0.0000
 23.7400  ,  0.3790  ,  0.7882  , -0.3162  ,  1.9988  , -3.2248  ,  0.1985  ,  0.7371  , -0.0842  ,  2.0552  , -2.7483  ,  0.0000  , 100.0000 ,  0.0000  ,  0.0000  ,  0.0000  ,  0.0000  ,  0.0000  , 100.0000 ,  0.0000  ,  0.0000  ,  0.0000  ,  0.0000
 23.7600  ,  0.3732  ,  0.7980  , -0.3087  ,  2.0048  , -3.2233  ,  0.2053  ,  0.7460  , -0.0934  ,  2.0578  , -2.7523  ,  0.0000  , 100.0000 ,  0.0000  ,  0.0000  ,  0.0000  ,  0.0000  ,  0.0000  , 100.0000 ,  0.0000  ,  0.0000  ,  0.0000  ,  0.0000
 23.7800  ,  0.3662  ,  0.8089  , -0.2929  ,  2.0145  , -3.2421  ,  0.2137  ,  0.7562  , -0.1046  ,  2.0648  , -2.7546  ,  0.0000  , 100.0000 ,  0.0000  ,  0.0000  ,  0.0000  ,  0.0000  ,  0.0000  , 100.0000 ,  0.0000  ,  0.0000  ,  0.0000  ,  0.0000
 23.8000  ,  0.3535  ,  0.8271  , -0.2756  ,  2.0262  , -3.2492  ,  0.2234  ,  0.7732  , -0.1224  ,  2.0698  , -2.7506  ,  0.0000  , 100.0000 ,  0.0000  ,  0.0000  ,  0.0000  ,  0.0000  ,  0.0000  , 100.0000 ,  0.0000  ,  0.0000  ,  0.0000  ,  0.0000
 23.8200  ,  0.3418  ,  0.8356  , -0.2660  ,  2.0317  , -3.2505  ,  0.2282  ,  0.7798  , -0.1307  ,  2.0715  , -2.7464  ,  0.0000  , 100.0000 ,  0.0000  ,  0.0000  ,  0.0000  ,  0.0000  ,  0.0000  , 100.0000 ,  0.0000  ,  0.0000  ,  0.0000  ,  0.0000
 23.8400  ,  0.3369  ,  0.8389  , -0.2612  ,  2.0341  , -3.2423  ,  0.2303  ,  0.7825  , -0.1348  ,  2.0729  , -2.7449  ,  0.0000  , 100.0000 ,  0.0000  ,  0.0000  ,  0.0000  ,  0.0000  ,  0.0000  , 100.0000 ,  0.0000  ,  0.0000  ,  0.0000  ,  0.0000
 23.8600  ,  0.3158  ,  0.8471  , -0.2451  ,  2.0402  , -3.2367  ,  0.2353  ,  0.7893  , -0.1471  ,  2.0753  , -2.7442  ,  0.0000  , 100.0000 ,  0.0000  ,  0.0000  ,  0.0000  ,  0.0000  ,  0.0000  , 100.0000 ,  0.0000  ,  0.0000  ,  0.0000  ,  0.0000
 23.8800  ,  0.3092  ,  0.8491  , -0.2385  ,  2.0475  , -3.2314  ,  0.2367  ,  0.7911  , -0.1527  ,  2.0779  , -2.7408  ,  0.0000  , 100.0000 ,  0.0000  ,  0.0000  ,  0.0000  ,  0.0000  ,  0.0000  , 100.0000 ,  0.0000  ,  0.0000  ,  0.0000  ,  0.0000
 23.9000  ,  0.2901  ,  0.8501  , -0.2272  ,  2.0511  , -3.2327  ,  0.2358  ,  0.7936  , -0.1592  ,  2.0782  , -2.7410  ,  0.0000  , 100.0000 ,  0.0000  ,  0.0000  ,  0.0000  ,  0.0000  ,  0.0000  , 100.0000 ,  0.0000  ,  0.0000  ,  0.0000  ,  0.0000
 23.9200  ,  0.2794  ,  0.8494  , -0.2215  ,  2.0529  , -3.2334  ,  0.2340  ,  0.7925  , -0.1602  ,  2.0784  , -2.7409  ,  0.0000  , 100.0000 ,  0.0000  ,  0.0000  ,  0.0000  ,  0.0000  ,  0.0000  , 100.0000 ,  0.0000  ,  0.0000  ,  0.0000  ,  0.0000
 23.9400  ,  0.2723  ,  0.8489  , -0.2223  ,  2.0470  , -3.2350  ,  0.2322  ,  0.7914  , -0.1638  ,  2.0785  , -2.7368  ,  0.0000  , 100.0000 ,  0.0000  ,  0.0000  ,  0.0000  ,  0.0000  ,  0.0000  , 100.0000 ,  0.0000  ,  0.0000  ,  0.0000  ,  0.0000
 23.9600  ,  0.2574  ,  0.8464  , -0.2176  ,  2.0489  , -3.2340  ,  0.2309  ,  0.7880  , -0.1645  ,  2.0781  , -2.7303  ,  0.0000  , 100.0000 ,  0.0000  ,  0.0000  ,  0.0000  ,  0.0000  ,  0.0000  , 100.0000 ,  0.0000  ,  0.0000  ,  0.0000  ,  0.0000
 23.9800  ,  0.2500  ,  0.8442  , -0.2149  ,  2.0495  , -3.2203  ,  0.2299  ,  0.7857  , -0.1660  ,  2.0772  , -2.7176  ,  0.0000  , 100.0000 ,  0.0000  ,  0.0000  ,  0.0000  ,  0.0000  ,  0.0000  , 100.0000 ,  0.0000  ,  0.0000  ,  0.0000  ,  0.0000
 24.0000  ,  0.2385  ,  0.8395  , -0.2124  ,  2.0479  , -3.2139  ,  0.2282  ,  0.7820  , -0.1683  ,  2.0787  , -2.7136  ,  0.0000  , 100.0000 ,  0.0000  ,  0.0000  ,  0.0000  ,  0.0000  ,  0.0000  , 100.0000 ,  0.0000  ,  0.0000  ,  0.0000  ,  0.0000
 24.0200  ,  0.2339  ,  0.8371  , -0.2107  ,  2.0482  , -3.2091  ,  0.2265  ,  0.7800  , -0.1683  ,  2.0784  , -2.7113  ,  0.0000  , 100.0000 ,  0.0000  ,  0.0000  ,  0.0000  ,  0.0000  ,  0.0000  , 100.0000 ,  0.0000  ,  0.0000  ,  0.0000  ,  0.0000
 24.0400  ,  0.2274  ,  0.8336  , -0.2102  ,  2.0481  , -3.2046  ,  0.2241  ,  0.7770  , -0.1693  ,  2.0775  , -2.7025  ,  0.0000  , 100.0000 ,  0.0000  ,  0.0000  ,  0.0000  ,  0.0000  ,  0.0000  , 100.0000 ,  0.0000  ,  0.0000  ,  0.0000  ,  0.0000
 24.0600  ,  0.2181  ,  0.8276  , -0.2099  ,  2.0475  , -3.2011  ,  0.2201  ,  0.7717  , -0.1712  ,  2.0752  , -2.6926  ,  0.0000  , 100.0000 ,  0.0000  ,  0.0000  ,  0.0000  ,  0.0000  ,  0.0000  , 100.0000 ,  0.0000  ,  0.0000  ,  0.0000  ,  0.0000
 24.0800  ,  0.2150  ,  0.8255  , -0.2100  ,  2.0493  , -3.1861  ,  0.2187  ,  0.7699  , -0.1718  ,  2.0763  , -2.6609  ,  0.0000  , 100.0000 ,  0.0000  ,  0.0000  ,  0.0000  ,  0.0000  ,  0.0000  , 100.0000 ,  0.0000  ,  0.0000  ,  0.0000  ,  0.0000
 24.1000  ,  0.2061  ,  0.8174  , -0.2128  ,  2.0451  , -3.1781  ,  0.2148  ,  0.7616  , -0.1787  ,  2.0681  , -2.6444  ,  0.0000  , 100.0000 ,  0.0000  ,  0.0000  ,  0.0000  ,  0.0000  ,  0.0000  , 100.0000 ,  0.0000  ,  0.0000  ,  0.0000  ,  0.0000
 24.1200  ,  0.2013  ,  0.8115  , -0.2127  ,  2.0425  , -3.1492  ,  0.2117  ,  0.7557  , -0.1813  ,  2.0637  , -2.6107  ,  0.0000  , 100.0000 ,  0.0000  ,  0.0000  ,  0.0000  ,  0.0000  ,  0.0000  , 100.0000 ,  0.0000  ,  0.0000  ,  0.0000  ,  0.0000
 24.1400  ,  0.1928  ,  0.8008  , -0.2152  ,  2.0402  , -3.1386  ,  0.2052  ,  0.7438  , -0.1903  ,  2.0558  , -2.5971  ,  0.0000  , 100.0000 ,  0.0000  ,  0.0000  ,  0.0000  ,  0.0000  ,  0.0000  , 100.0000 ,  0.0000  ,  0.0000  ,  0.0000  ,  0.0000
 24.1600  ,  0.1881  ,  0.7944  , -0.2179  ,  2.0351  , -3.1239  ,  0.2007  ,  0.7359  , -0.1972  ,  2.0482  , -2.5762  ,  0.0000  , 100.0000 ,  0.0000  ,  0.0000  ,  0.0000  ,  0.0000  ,  0.0000  , 100.0000 ,  0.0000  ,  0.0000  ,  0.0000  ,  0.0000
 24.1800  ,  0.1854  ,  0.7909  , -0.2218  ,  2.0304  , -3.0951  ,  0.1982  ,  0.7314  , -0.2034  ,  2.0423  , -2.5342  ,  0.0000  , 100.0000 ,  0.0000  ,  0.0000  ,  0.0000  ,  0.0000  ,  0.0000  , 100.0000 ,  0.0000  ,  0.0000  ,  0.0000  ,  0.0000
 24.2000  ,  0.1742  ,  0.7764  , -0.2330  ,  2.0047  , -3.0790  ,  0.1891  ,  0.7105  , -0.2232  ,  2.0227  , -2.4860  ,  0.0000  , 100.0000 ,  0.0000  ,  0.0000  ,  0.0000  ,  0.0000  ,  0.0000  , 100.0000 ,  0.0000  ,  0.0000  ,  0.0000  ,  0.0000
 24.2200  ,  0.1742  ,  0.7764  , -0.2330  ,  2.0047  , -3.0816  ,  0.1891  ,  0.7105  , -0.2232  ,  2.0227  , -2.4698  ,  0.0000  , 100.0000 ,  0.0000  ,  0.0000  ,  0.0000  ,  0.0000  ,  0.0000  , 100.0000 ,  0.0000  ,  0.0000  ,  0.0000  ,  0.0000
 24.2400  ,  0.1471  ,  0.7471  , -0.2417  ,  1.9724  , -3.0804  ,  0.1707  ,  0.6617  , -0.2514  ,  1.9876  , -2.4366  ,  0.0000  , 100.0000 ,  0.0000  ,  0.0000  ,  0.0000  ,  0.0000  ,  0.0000  , 100.0000 ,  0.0000  ,  0.0000  ,  0.0000  ,  0.0000
 24.2600  ,  0.1414  ,  0.7408  , -0.2411  ,  1.9669  , -3.0451  ,  0.1672  ,  0.6507  , -0.2577  ,  1.9794  , -2.3803  ,  0.0000  , 100.0000 ,  0.0000  ,  0.0000  ,  0.0000  ,  0.0000  ,  0.0000  , 100.0000 ,  0.0000  ,  0.0000  ,  0.0000  ,  0.0000
 24.2800  ,  0.1215  ,  0.7185  , -0.2643  ,  1.9183  , -3.0082  ,  0.1548  ,  0.6119  , -0.2971  ,  1.9409  , -2.3402  ,  0.0000  , 100.0000 ,  0.0000  ,  0.0000  ,  0.0000  ,  0.0000  ,  0.0000  , 100.0000 ,  0.0000  ,  0.0000  ,  0.0000  ,  0.0000
 24.3000  ,  0.1135  ,  0.7091  , -0.2690  ,  1.9000  , -2.9819  ,  0.1496  ,  0.5960  , -0.3148  ,  1.9201  , -2.3256  ,  0.0000  , 100.0000 ,  0.0000  ,  0.0000  ,  0.0000  ,  0.0000  ,  0.0000  , 100.0000 ,  0.0000  ,  0.0000  ,  0.0000  ,  0.0000
 24.3200  ,  0.0949  ,  0.6910  , -0.2761  ,  1.8608  , -2.9861  ,  0.1376  ,  0.5628  , -0.3407  ,  1.8828  , -2.3402  ,  0.0000  , 100.0000 ,  0.0000  ,  0.0000  ,  0.0000  ,  0.0000  ,  0.0000  , 100.0000 ,  0.0000  ,  0.0000  ,  0.0000  ,  0.0000
 24.3400  ,  0.0815  ,  0.6784  , -0.2874  ,  1.8266  , -2.9578  ,  0.1301  ,  0.5402  , -0.3689  ,  1.8471  , -2.3247  ,  0.0000  , 100.0000 ,  0.0000  ,  0.0000  ,  0.0000  ,  0.0000  ,  0.0000  , 100.0000 ,  0.0000  ,  0.0000  ,  0.0000  ,  0.0000
 24.3600  ,  0.0755  ,  0.6727  , -0.2907  ,  1.8100  , -2.9519  ,  0.1274  ,  0.5300  , -0.3787  ,  1.8330  , -2.3177  ,  0.0000  , 100.0000 ,  0.0000  ,  0.0000  ,  0.0000  ,  0.0000  ,  0.0000  , 100.0000 ,  0.0000  ,  0.0000  ,  0.0000  ,  0.0000
 24.3800  ,  0.0588  ,  0.6545  , -0.3069  ,  1.7399  , -2.9419  ,  0.1202  ,  0.4994  , -0.4200  ,  1.7772  , -2.3015  ,  0.0000  , 100.0000 ,  0.0000  ,  0.0000  ,  0.0000  ,  0.0000  ,  0.0000  , 100.0000 ,  0.0000  ,  0.0000  ,  0.0000  ,  0.0000
 24.4000  ,  0.0508  ,  0.6390  , -0.3129  ,  1.7026  , -2.9160  ,  0.1174  ,  0.4757  , -0.4370  ,  1.7561  , -2.2772  ,  0.0000  , 100.0000 ,  0.0000  ,  0.0000  ,  0.0000  ,  0.0000  ,  0.0000  , 100.0000 ,  0.0000  ,  0.0000  ,  0.0000  ,  0.0000
 24.4200  ,  0.0471  ,  0.6321  , -0.3230  ,  1.6645  , -2.8540  ,  0.1160  ,  0.4655  , -0.4574  ,  1.7280  , -2.2641  ,  0.0000  , 100.0000 ,  0.0000  ,  0.0000  ,  0.0000  ,  0.0000  ,  0.0000  , 100.0000 ,  0.0000  ,  0.0000  ,  0.0000  ,  0.0000
 24.4400  ,  0.0368  ,  0.6038  , -0.3292  ,  1.5783  , -2.8622  ,  0.1111  ,  0.4265  , -0.4828  ,  1.6693  , -2.2696  ,  0.0000  , 100.0000 ,  0.0000  ,  0.0000  ,  0.0000  ,  0.0000  ,  0.0000  , 100.0000 ,  0.0000  ,  0.0000  ,  0.0000  ,  0.0000
 24.4600  ,  0.0300  ,  0.5858  , -0.3283  ,  1.5257  , -2.8579  ,  0.1087  ,  0.4036  , -0.5017  ,  1.6280  , -2.2604  ,  0.0000  , 100.0000 ,  0.0000  ,  0.0000  ,  0.0000  ,  0.0000  ,  0.0000  , 100.0000 ,  0.0000  ,  0.0000  ,  0.0000  ,  0.0000
 24.4800  ,  0.0223  ,  0.5664  , -0.3372  ,  1.4295  , -2.8826  ,  0.1045  ,  0.3738  , -0.5341  ,  1.5636  , -2.2452  ,  0.0000  , 100.0000 ,  0.0000  ,  0.0000  ,  0.0000  ,  0.0000  ,  0.0000  , 100.0000 ,  0.0000  ,  0.0000  ,  0.0000  ,  0.0000
 24.5000  ,  0.0206  ,  0.5625  , -0.3417  ,  1.4031  , -2.8826  ,  0.1035  ,  0.3670  , -0.5442  ,  1.5453  , -2.2452  ,  0.0000  , 100.0000 ,  0.0000  ,  0.0000  ,  0.0000  ,  0.0000  ,  0.0000  , 100.0000 ,  0.0000  ,  0.0000  ,  0.0000  ,  0.0000
 24.5200  ,  0.0188  ,  0.5574  , -0.3500  ,  1.3617  , -2.8704  ,  0.1020  ,  0.3556  , -0.5567  ,  1.5199  , -2.2452  ,  0.0000  , 100.0000 ,  0.0000  ,  0.0000  ,  0.0000  ,  0.0000  ,  0.0000  , 100.0000 ,  0.0000  ,  0.0000  ,  0.0000  ,  0.0000
 24.5400  ,  0.0124  ,  0.5489  , -0.3637  ,  1.2896  , -2.8375  ,  0.1001  ,  0.3339  , -0.5842  ,  1.4661  , -2.2320  ,  0.0000  , 100.0000 ,  0.0000  ,  0.0000  ,  0.0000  ,  0.0000  ,  0.0000  , 100.0000 ,  0.0000  ,  0.0000  ,  0.0000  ,  0.0000
 24.5600  ,  0.0104  ,  0.5472  , -0.3685  ,  1.2677  , -2.8220  ,  0.0998  ,  0.3289  , -0.5914  ,  1.4529  , -2.2343  ,  0.0000  , 100.0000 ,  0.0000  ,  0.0000  ,  0.0000  ,  0.0000  ,  0.0000  , 100.0000 ,  0.0000  ,  0.0000  ,  0.0000  ,  0.0000
 24.5800  ,  0.0079  ,  0.5453  , -0.3752  ,  1.2376  , -2.8156  ,  0.0994  ,  0.3231  , -0.6081  ,  1.4288  , -2.2411  ,  0.0000  , 100.0000 ,  0.0000  ,  0.0000  ,  0.0000  ,  0.0000  ,  0.0000  , 100.0000 ,  0.0000  ,  0.0000  ,  0.0000  ,  0.0000
 24.6000  ,  0.0046  ,  0.5432  , -0.3888  ,  1.1755  , -2.8057  ,  0.0982  ,  0.3086  , -0.6277  ,  1.3934  , -2.2511  ,  0.0000  , 100.0000 ,  0.0000  ,  0.0000  ,  0.0000  ,  0.0000  ,  0.0000  , 100.0000 ,  0.0000  ,  0.0000  ,  0.0000  ,  0.0000
 24.6200  ,  0.0036  ,  0.5418  , -0.3938  ,  1.1478  , -2.7865  ,  0.0986  ,  0.3024  , -0.6397  ,  1.3737  , -2.2532  ,  0.0000  , 100.0000 ,  0.0000  ,  0.0000  ,  0.0000  ,  0.0000  ,  0.0000  , 100.0000 ,  0.0000  ,  0.0000  ,  0.0000  ,  0.0000
 24.6400  ,  0.0002  ,  0.5388  , -0.4018  ,  1.0876  , -2.7832  ,  0.0978  ,  0.2900  , -0.6653  ,  1.3336  , -2.2528  ,  0.0000  , 100.0000 ,  0.0000  ,  0.0000  ,  0.0000  ,  0.0000  ,  0.0000  , 100.0000 ,  0.0000  ,  0.0000  ,  0.0000  ,  0.0000
 24.6600  , -0.0010  ,  0.5379  , -0.4030  ,  1.0718  , -2.7702  ,  0.0971  ,  0.2869  , -0.6701  ,  1.3253  , -2.2535  ,  0.0000  , 100.0000 ,  0.0000  ,  0.0000  ,  0.0000  ,  0.0000  ,  0.0000  , 100.0000 ,  0.0000  ,  0.0000  ,  0.0000  ,  0.0000
 24.6800  , -0.0024  ,  0.5357  , -0.4039  ,  1.0496  , -2.7618  ,  0.0963  ,  0.2816  , -0.6851  ,  1.2999  , -2.2587  ,  0.0000  , 100.0000 ,  0.0000  ,  0.0000  ,  0.0000  ,  0.0000  ,  0.0000  , 100.0000 ,  0.0000  ,  0.0000  ,  0.0000  ,  0.0000
 24.7000  , -0.0030  ,  0.5316  , -0.4039  ,  1.0117  , -2.7604  ,  0.0959  ,  0.2752  , -0.7002  ,  1.2785  , -2.2647  ,  0.0000  , 100.0000 ,  0.0000  ,  0.0000  ,  0.0000  ,  0.0000  ,  0.0000  , 100.0000 ,  0.0000  ,  0.0000  ,  0.0000  ,  0.0000
 24.7200  , -0.0016  ,  0.5270  , -0.4027  ,  0.9864  , -2.7555  ,  0.0940  ,  0.2713  , -0.7082  ,  1.2672  , -2.2768  ,  0.0000  , 100.0000 ,  0.0000  ,  0.0000  ,  0.0000  ,  0.0000  ,  0.0000  , 100.0000 ,  0.0000  ,  0.0000  ,  0.0000  ,  0.0000
 24.7400  , -0.0011  ,  0.5254  , -0.3959  ,  0.9712  , -2.7526  ,  0.0933  ,  0.2700  , -0.7041  ,  1.2657  , -2.2750  ,  0.0000  , 100.0000 ,  0.0000  ,  0.0000  ,  0.0000  ,  0.0000  ,  0.0000  , 100.0000 ,  0.0000  ,  0.0000  ,  0.0000  ,  0.0000
 24.7600  ,  0.0028  ,  0.5184  , -0.3952  ,  0.9406  , -2.7464  ,  0.0912  ,  0.2658  , -0.7125  ,  1.2540  , -2.2664  ,  0.0000  , 100.0000 ,  0.0000  ,  0.0000  ,  0.0000  ,  0.0000  ,  0.0000  , 100.0000 ,  0.0000  ,  0.0000  ,  0.0000  ,  0.0000
 24.7800  ,  0.0052  ,  0.5145  , -0.3947  ,  0.9278  , -2.7438  ,  0.0904  ,  0.2630  , -0.7145  ,  1.2487  , -2.2503  ,  0.0000  , 100.0000 ,  0.0000  ,  0.0000  ,  0.0000  ,  0.0000  ,  0.0000  , 100.0000 ,  0.0000  ,  0.0000  ,  0.0000  ,  0.0000
 24.8000  ,  0.0081  ,  0.5101  , -0.4021  ,  0.9134  , -2.7432  ,  0.0895  ,  0.2595  , -0.7127  ,  1.2436  , -2.2468  ,  0.0000  , 100.0000 ,  0.0000  ,  0.0000  ,  0.0000  ,  0.0000  ,  0.0000  , 100.0000 ,  0.0000  ,  0.0000  ,  0.0000  ,  0.0000
 24.8200  ,  0.0102  ,  0.5058  , -0.4002  ,  0.9045  , -2.7450  ,  0.0901  ,  0.2557  , -0.7121  ,  1.2384  , -2.2506  ,  0.0000  , 100.0000 ,  0.0000  ,  0.0000  ,  0.0000  ,  0.0000  ,  0.0000  , 100.0000 ,  0.0000  ,  0.0000  ,  0.0000  ,  0.0000
 24.8400  ,  0.0132  ,  0.5007  , -0.3980  ,  0.8980  , -2.7428  ,  0.0920  ,  0.2498  , -0.7085  ,  1.2311  , -2.2556  ,  0.0000  , 100.0000 ,  0.0000  ,  0.0000  ,  0.0000  ,  0.0000  ,  0.0000  , 100.0000 ,  0.0000  ,  0.0000  ,  0.0000  ,  0.0000
 24.8600  ,  0.0144  ,  0.4988  , -0.3968  ,  0.8961  , -2.7428  ,  0.0930  ,  0.2472  , -0.7063  ,  1.2281  , -2.2556  ,  0.0000  , 100.0000 ,  0.0000  ,  0.0000  ,  0.0000  ,  0.0000  ,  0.0000  , 100.0000 ,  0.0000  ,  0.0000  ,  0.0000  ,  0.0000
 24.8800  ,  0.0162  ,  0.4964  , -0.3942  ,  0.8942  , -2.7424  ,  0.0945  ,  0.2432  , -0.7026  ,  1.2239  , -2.2555  ,  0.0000  , 100.0000 ,  0.0000  ,  0.0000  ,  0.0000  ,  0.0000  ,  0.0000  , 100.0000 ,  0.0000  ,  0.0000  ,  0.0000  ,  0.0000
 24.9000  ,  0.0185  ,  0.4941  , -0.3919  ,  0.8962  , -2.7470  ,  0.0967  ,  0.2391  , -0.6917  ,  1.2302  , -2.2557  ,  0.0000  , 100.0000 ,  0.0000  ,  0.0000  ,  0.0000  ,  0.0000  ,  0.0000  , 100.0000 ,  0.0000  ,  0.0000  ,  0.0000  ,  0.0000
 24.9200  ,  0.0216  ,  0.4917  , -0.3887  ,  0.8948  , -2.7490  ,  0.1003  ,  0.2357  , -0.6887  ,  1.2256  , -2.2579  ,  0.0000  , 100.0000 ,  0.0000  ,  0.0000  ,  0.0000  ,  0.0000  ,  0.0000  , 100.0000 ,  0.0000  ,  0.0000  ,  0.0000  ,  0.0000
 24.9400  ,  0.0265  ,  0.4892  , -0.3852  ,  0.8929  , -2.7486  ,  0.1053  ,  0.2307  , -0.6830  ,  1.2206  , -2.2607  ,  0.0000  , 100.0000 ,  0.0000  ,  0.0000  ,  0.0000  ,  0.0000  ,  0.0000  , 100.0000 ,  0.0000  ,  0.0000  ,  0.0000  ,  0.0000
 24.9600  ,  0.0280  ,  0.4886  , -0.3838  ,  0.8930  , -2.7487  ,  0.1069  ,  0.2292  , -0.6783  ,  1.2201  , -2.2623  ,  0.0000  , 100.0000 ,  0.0000  ,  0.0000  ,  0.0000  ,  0.0000  ,  0.0000  , 100.0000 ,  0.0000  ,  0.0000  ,  0.0000  ,  0.0000
 24.9800  ,  0.0307  ,  0.4874  , -0.3762  ,  0.8997  , -2.7476  ,  0.1092  ,  0.2271  , -0.6728  ,  1.2207  , -2.2733  ,  0.0000  , 100.0000 ,  0.0000  ,  0.0000  ,  0.0000  ,  0.0000  ,  0.0000  , 100.0000 ,  0.0000  ,  0.0000  ,  0.0000  ,  0.0000
 25.0000  ,  0.0340  ,  0.4861  , -0.3696  ,  0.9048  , -2.7443  ,  0.1122  ,  0.2245  , -0.6632  ,  1.2246  , -2.2770  ,  0.0000  , 100.0000 ,  0.0000  ,  0.0000  ,  0.0000  ,  0.0000  ,  0.0000  , 100.0000 ,  0.0000  ,  0.0000  ,  0.0000  ,  0.0000
 25.0200  ,  0.0360  ,  0.4858  , -0.3638  ,  0.9120  , -2.7437  ,  0.1141  ,  0.2226  , -0.6537  ,  1.2302  , -2.2742  ,  0.0000  , 100.0000 ,  0.0000  ,  0.0000  ,  0.0000  ,  0.0000  ,  0.0000  , 100.0000 ,  0.0000  ,  0.0000  ,  0.0000  ,  0.0000
 25.0400  ,  0.0375  ,  0.4858  , -0.3648  ,  0.9227  , -2.7523  ,  0.1162  ,  0.2216  , -0.6464  ,  1.2283  , -2.2652  ,  0.0000  , 100.0000 ,  0.0000  ,  0.0000  ,  0.0000  ,  0.0000  ,  0.0000  , 100.0000 ,  0.0000  ,  0.0000  ,  0.0000  ,  0.0000
 25.0600  ,  0.0402  ,  0.4861  , -0.3496  ,  0.9513  , -2.7541  ,  0.1218  ,  0.2206  , -0.6273  ,  1.2467  , -2.2642  ,  0.0000  , 100.0000 ,  0.0000  ,  0.0000  ,  0.0000  ,  0.0000  ,  0.0000  , 100.0000 ,  0.0000  ,  0.0000  ,  0.0000  ,  0.0000
 25.0800  ,  0.0401  ,  0.4869  , -0.3421  ,  0.9685  , -2.7558  ,  0.1246  ,  0.2208  , -0.6180  ,  1.2573  , -2.2686  ,  0.0000  , 100.0000 ,  0.0000  ,  0.0000  ,  0.0000  ,  0.0000  ,  0.0000  , 100.0000 ,  0.0000  ,  0.0000  ,  0.0000  ,  0.0000
 25.1000  ,  0.0397  ,  0.4891  , -0.3190  ,  1.0217  , -2.7522  ,  0.1304  ,  0.2218  , -0.5941  ,  1.2829  , -2.2795  ,  0.0000  , 100.0000 ,  0.0000  ,  0.0000  ,  0.0000  ,  0.0000  ,  0.0000  , 100.0000 ,  0.0000  ,  0.0000  ,  0.0000  ,  0.0000
 25.1200  ,  0.0394  ,  0.4906  , -0.3110  ,  1.0466  , -2.7530  ,  0.1334  ,  0.2227  , -0.5787  ,  1.3016  , -2.2777  ,  0.0000  , 100.0000 ,  0.0000  ,  0.0000  ,  0.0000  ,  0.0000  ,  0.0000  , 100.0000 ,  0.0000  ,  0.0000  ,  0.0000  ,  0.0000
 25.1400  ,  0.0393  ,  0.4909  , -0.3069  ,  1.0576  , -2.7585  ,  0.1340  ,  0.2228  , -0.5744  ,  1.3067  , -2.2756  ,  0.0000  , 100.0000 ,  0.0000  ,  0.0000  ,  0.0000  ,  0.0000  ,  0.0000  , 100.0000 ,  0.0000  ,  0.0000  ,  0.0000  ,  0.0000
 25.1600  ,  0.0370  ,  0.4941  , -0.2875  ,  1.1266  , -2.7638  ,  0.1419  ,  0.2263  , -0.5318  ,  1.3593  , -2.2760  ,  0.0000  , 100.0000 ,  0.0000  ,  0.0000  ,  0.0000  ,  0.0000  ,  0.0000  , 100.0000 ,  0.0000  ,  0.0000  ,  0.0000  ,  0.0000
 25.1800  ,  0.0340  ,  0.4952  , -0.2693  ,  1.1853  , -2.7640  ,  0.1461  ,  0.2280  , -0.4986  ,  1.3977  , -2.2909  ,  0.0000  , 100.0000 ,  0.0000  ,  0.0000  ,  0.0000  ,  0.0000  ,  0.0000  , 100.0000 ,  0.0000  ,  0.0000  ,  0.0000  ,  0.0000
 25.2000  ,  0.0337  ,  0.4959  , -0.2603  ,  1.2199  , -2.7620  ,  0.1486  ,  0.2314  , -0.4798  ,  1.4223  , -2.3038  ,  0.0000  , 100.0000 ,  0.0000  ,  0.0000  ,  0.0000  ,  0.0000  ,  0.0000  , 100.0000 ,  0.0000  ,  0.0000  ,  0.0000  ,  0.0000
 25.2200  ,  0.0340  ,  0.4967  , -0.2479  ,  1.2706  , -2.7632  ,  0.1513  ,  0.2360  , -0.4540  ,  1.4559  , -2.3212  ,  0.0000  , 100.0000 ,  0.0000  ,  0.0000  ,  0.0000  ,  0.0000  ,  0.0000  , 100.0000 ,  0.0000  ,  0.0000  ,  0.0000  ,  0.0000
 25.2400  ,  0.0362  ,  0.4981  , -0.2400  ,  1.3286  , -2.7840  ,  0.1535  ,  0.2437  , -0.4296  ,  1.4937  , -2.3448  ,  0.0000  , 100.0000 ,  0.0000  ,  0.0000  ,  0.0000  ,  0.0000  ,  0.0000  , 100.0000 ,  0.0000  ,  0.0000  ,  0.0000  ,  0.0000
 25.2600  ,  0.0400  ,  0.4992  , -0.2287  ,  1.3975  , -2.7992  ,  0.1556  ,  0.2530  , -0.3927  ,  1.5424  , -2.3523  ,  0.0000  , 100.0000 ,  0.0000  ,  0.0000  ,  0.0000  ,  0.0000  ,  0.0000  , 100.0000 ,  0.0000  ,  0.0000  ,  0.0000  ,  0.0000
 25.2800  ,  0.0465  ,  0.4994  , -0.2252  ,  1.4370  , -2.8068  ,  0.1581  ,  0.2632  , -0.3672  ,  1.5784  , -2.3681  ,  0.0000  , 100.0000 ,  0.0000  ,  0.0000  ,  0.0000  ,  0.0000  ,  0.0000  , 100.0000 ,  0.0000  ,  0.0000  ,  0.0000  ,  0.0000
 25.3000  ,  0.0465  ,  0.4994  , -0.2252  ,  1.4370  , -2.8106  ,  0.1581  ,  0.2632  , -0.3672  ,  1.5784  , -2.3848  ,  0.0000  , 100.0000 ,  0.0000  ,  0.0000  ,  0.0000  ,  0.0000  ,  0.0000  , 100.0000 ,  0.0000  ,  0.0000  ,  0.0000  ,  0.0000
 25.3200  ,  0.0701  ,  0.5015  , -0.2224  ,  1.5273  , -2.8204  ,  0.1639  ,  0.2915  , -0.3083  ,  1.6611  , -2.4136  ,  0.0000  , 100.0000 ,  0.0000  ,  0.0000  ,  0.0000  ,  0.0000  ,  0.0000  , 100.0000 ,  0.0000  ,  0.0000  ,  0.0000  ,  0.0000
 25.3400  ,  0.0826  ,  0.5031  , -0.2260  ,  1.5636  , -2.8333  ,  0.1652  ,  0.3101  , -0.2919  ,  1.6933  , -2.4486  ,  0.0000  , 100.0000 ,  0.0000  ,  0.0000  ,  0.0000  ,  0.0000  ,  0.0000  , 100.0000 ,  0.0000  ,  0.0000  ,  0.0000  ,  0.0000
 25.3600  ,  0.0946  ,  0.5045  , -0.2280  ,  1.6220  , -2.8475  ,  0.1663  ,  0.3276  , -0.2692  ,  1.7292  , -2.4757  ,  0.0000  , 100.0000 ,  0.0000  ,  0.0000  ,  0.0000  ,  0.0000  ,  0.0000  , 100.0000 ,  0.0000  ,  0.0000  ,  0.0000  ,  0.0000
 25.3800  ,  0.1133  ,  0.5096  , -0.2401  ,  1.6577  , -2.8533  ,  0.1681  ,  0.3543  , -0.2510  ,  1.7664  , -2.5072  ,  0.0000  , 100.0000 ,  0.0000  ,  0.0000  ,  0.0000  ,  0.0000  ,  0.0000  , 100.0000 ,  0.0000  ,  0.0000  ,  0.0000  ,  0.0000
 25.4000  ,  0.1195  ,  0.5112  , -0.2435  ,  1.6803  , -2.8569  ,  0.1686  ,  0.3626  , -0.2422  ,  1.7806  , -2.5408  ,  0.0000  , 100.0000 ,  0.0000  ,  0.0000  ,  0.0000  ,  0.0000  ,  0.0000  , 100.0000 ,  0.0000  ,  0.0000  ,  0.0000  ,  0.0000
 25.4200  ,  0.1359  ,  0.5187  , -0.2565  ,  1.7264  , -2.8586  ,  0.1703  ,  0.3933  , -0.2149  ,  1.8249  , -2.5573  ,  0.0000  , 100.0000 ,  0.0000  ,  0.0000  ,  0.0000  ,  0.0000  ,  0.0000  , 100.0000 ,  0.0000  ,  0.0000  ,  0.0000  ,  0.0000
 25.4400  ,  0.1537  ,  0.5281  , -0.2719  ,  1.7755  , -2.8815  ,  0.1712  ,  0.4285  , -0.1965  ,  1.8590  , -2.5837  ,  0.0000  , 100.0000 ,  0.0000  ,  0.0000  ,  0.0000  ,  0.0000  ,  0.0000  , 100.0000 ,  0.0000  ,  0.0000  ,  0.0000  ,  0.0000
 25.4600  ,  0.1673  ,  0.5349  , -0.2839  ,  1.8180  , -2.8961  ,  0.1712  ,  0.4530  , -0.1730  ,  1.8908  , -2.5970  ,  0.0000  , 100.0000 ,  0.0000  ,  0.0000  ,  0.0000  ,  0.0000  ,  0.0000  , 100.0000 ,  0.0000  ,  0.0000  ,  0.0000  ,  0.0000
 25.4800  ,  0.1892  ,  0.5425  , -0.3031  ,  1.8487  , -2.9375  ,  0.1754  ,  0.4851  , -0.1597  ,  1.9145  , -2.6340  ,  0.0000  , 100.0000 ,  0.0000  ,  0.0000  ,  0.0000  ,  0.0000  ,  0.0000  , 100.0000 ,  0.0000  ,  0.0000  ,  0.0000  ,  0.0000
 25.5000  ,  0.2153  ,  0.5512  , -0.3264  ,  1.8787  , -2.9627  ,  0.1814  ,  0.5174  , -0.1383  ,  1.9418  , -2.6735  ,  0.0000  , 100.0000 ,  0.0000  ,  0.0000  ,  0.0000  ,  0.0000  ,  0.0000  , 100.0000 ,  0.0000  ,  0.0000  ,  0.0000  ,  0.0000
 25.5200  ,  0.2255  ,  0.5544  , -0.3357  ,  1.8952  , -2.9713  ,  0.1839  ,  0.5286  , -0.1306  ,  1.9513  , -2.6836  ,  0.0000  , 100.0000 ,  0.0000  ,  0.0000  ,  0.0000  ,  0.0000  ,  0.0000  , 100.0000 ,  0.0000  ,  0.0000  ,  0.0000  ,  0.0000
 25.5400  ,  0.2536  ,  0.5640  , -0.3629  ,  1.9344  , -2.9787  ,  0.1913  ,  0.5661  , -0.1076  ,  1.9798  , -2.6900  ,  0.0000  , 100.0000 ,  0.0000  ,  0.0000  ,  0.0000  ,  0.0000  ,  0.0000  , 100.0000 ,  0.0000  ,  0.0000  ,  0.0000  ,  0.0000
 25.5600  ,  0.2629  ,  0.5668  , -0.3726  ,  1.9501  , -3.0233  ,  0.1934  ,  0.5773  , -0.0968  ,  1.9909  , -2.7084  ,  0.0000  , 100.0000 ,  0.0000  ,  0.0000  ,  0.0000  ,  0.0000  ,  0.0000  , 100.0000 ,  0.0000  ,  0.0000  ,  0.0000  ,  0.0000
 25.5800  ,  0.2904  ,  0.5806  , -0.4024  ,  1.9754  , -3.0352  ,  0.1954  ,  0.6123  , -0.0766  ,  2.0126  , -2.7153  ,  0.0000  , 100.0000 ,  0.0000  ,  0.0000  ,  0.0000  ,  0.0000  ,  0.0000  , 100.0000 ,  0.0000  ,  0.0000  ,  0.0000  ,  0.0000
 25.6000  ,  0.3032  ,  0.5882  , -0.4169  ,  1.9866  , -3.0642  ,  0.1936  ,  0.6328  , -0.0689  ,  2.0216  , -2.7425  ,  0.0000  , 100.0000 ,  0.0000  ,  0.0000  ,  0.0000  ,  0.0000  ,  0.0000  , 100.0000 ,  0.0000  ,  0.0000  ,  0.0000  ,  0.0000
 25.6200  ,  0.3164  ,  0.5953  , -0.4329  ,  2.0010  , -3.0630  ,  0.1916  ,  0.6512  , -0.0556  ,  2.0284  , -2.7559  ,  0.0000  , 100.0000 ,  0.0000  ,  0.0000  ,  0.0000  ,  0.0000  ,  0.0000  , 100.0000 ,  0.0000  ,  0.0000  ,  0.0000  ,  0.0000
 25.6400  ,  0.3267  ,  0.6022  , -0.4459  ,  2.0094  , -3.0575  ,  0.1897  ,  0.6677  , -0.0486  ,  2.0353  , -2.7700  ,  0.0000  , 100.0000 ,  0.0000  ,  0.0000  ,  0.0000  ,  0.0000  ,  0.0000  , 100.0000 ,  0.0000  ,  0.0000  ,  0.0000  ,  0.0000
 25.6600  ,  0.3377  ,  0.6091  , -0.4609  ,  2.0213  , -3.0658  ,  0.1875  ,  0.6840  , -0.0370  ,  2.0443  , -2.8004  ,  0.0000  , 100.0000 ,  0.0000  ,  0.0000  ,  0.0000  ,  0.0000  ,  0.0000  , 100.0000 ,  0.0000  ,  0.0000  ,  0.0000  ,  0.0000
 25.6800  ,  0.3552  ,  0.6202  , -0.4805  ,  2.0292  , -3.0728  ,  0.1822  ,  0.7122  , -0.0296  ,  2.0505  , -2.8037  ,  0.0000  , 100.0000 ,  0.0000  ,  0.0000  ,  0.0000  ,  0.0000  ,  0.0000  , 100.0000 ,  0.0000  ,  0.0000  ,  0.0000  ,  0.0000
 25.7000  ,  0.3673  ,  0.6268  , -0.4963  ,  2.0339  , -3.0768  ,  0.1788  ,  0.7299  , -0.0218  ,  2.0555  , -2.8070  ,  0.0000  , 100.0000 ,  0.0000  ,  0.0000  ,  0.0000  ,  0.0000  ,  0.0000  , 100.0000 ,  0.0000  ,  0.0000  ,  0.0000  ,  0.0000
 25.7200  ,  0.3739  ,  0.6301  , -0.5056  ,  2.0364  , -3.0799  ,  0.1769  ,  0.7390  , -0.0200  ,  2.0568  , -2.8071  ,  0.0000  , 100.0000 ,  0.0000  ,  0.0000  ,  0.0000  ,  0.0000  ,  0.0000  , 100.0000 ,  0.0000  ,  0.0000  ,  0.0000  ,  0.0000
 25.7400  ,  0.3898  ,  0.6368  , -0.5281  ,  2.0395  , -3.0840  ,  0.1721  ,  0.7588  , -0.0101  ,  2.0609  , -2.8079  ,  0.0000  , 100.0000 ,  0.0000  ,  0.0000  ,  0.0000  ,  0.0000  ,  0.0000  , 100.0000 ,  0.0000  ,  0.0000  ,  0.0000  ,  0.0000
 25.7600  ,  0.3986  ,  0.6400  , -0.5414  ,  2.0420  , -3.0860  ,  0.1692  ,  0.7690  , -0.0003  ,  2.0694  , -2.8143  ,  0.0000  , 100.0000 ,  0.0000  ,  0.0000  ,  0.0000  ,  0.0000  ,  0.0000  , 100.0000 ,  0.0000  ,  0.0000  ,  0.0000  ,  0.0000
 25.7800  ,  0.4145  ,  0.6470  , -0.5677  ,  2.0414  , -3.0869  ,  0.1589  ,  0.7910  ,  0.0057  ,  2.0712  , -2.8204  ,  0.0000  , 100.0000 ,  0.0000  ,  0.0000  ,  0.0000  ,  0.0000  ,  0.0000  , 100.0000 ,  0.0000  ,  0.0000  ,  0.0000  ,  0.0000
 25.8000  ,  0.4179  ,  0.6486  , -0.5731  ,  2.0410  , -3.0876  ,  0.1565  ,  0.7953  ,  0.0067  ,  2.0714  , -2.8234  ,  0.0000  , 100.0000 ,  0.0000  ,  0.0000  ,  0.0000  ,  0.0000  ,  0.0000  , 100.0000 ,  0.0000  ,  0.0000  ,  0.0000  ,  0.0000
 25.8200  ,  0.4300  ,  0.6538  , -0.5964  ,  2.0378  , -3.0923  ,  0.1460  ,  0.8095  ,  0.0133  ,  2.0753  , -2.8243  ,  0.0000  , 100.0000 ,  0.0000  ,  0.0000  ,  0.0000  ,  0.0000  ,  0.0000  , 100.0000 ,  0.0000  ,  0.0000  ,  0.0000  ,  0.0000
 25.8400  ,  0.4324  ,  0.6547  , -0.6018  ,  2.0372  , -3.0943  ,  0.1427  ,  0.8123  ,  0.0150  ,  2.0756  , -2.8257  ,  0.0000  , 100.0000 ,  0.0000  ,  0.0000  ,  0.0000  ,  0.0000  ,  0.0000  , 100.0000 ,  0.0000  ,  0.0000  ,  0.0000  ,  0.0000
 25.8600  ,  0.4359  ,  0.6558  , -0.6102  ,  2.0357  , -3.0953  ,  0.1380  ,  0.8160  ,  0.0174  ,  2.0760  , -2.8321  ,  0.0000  , 100.0000 ,  0.0000  ,  0.0000  ,  0.0000  ,  0.0000  ,  0.0000  , 100.0000 ,  0.0000  ,  0.0000  ,  0.0000  ,  0.0000
 25.8800  ,  0.4412  ,  0.6563  , -0.6212  ,  2.0330  , -3.0934  ,  0.1323  ,  0.8237  ,  0.0151  ,  2.0716  , -2.8348  ,  0.0000  , 100.0000 ,  0.0000  ,  0.0000  ,  0.0000  ,  0.0000  ,  0.0000  , 100.0000 ,  0.0000  ,  0.0000  ,  0.0000  ,  0.0000
 25.9000  ,  0.4449  ,  0.6560  , -0.6284  ,  2.0344  , -3.0791  ,  0.1288  ,  0.8268  ,  0.0155  ,  2.0716  , -2.8369  ,  0.0000  , 100.0000 ,  0.0000  ,  0.0000  ,  0.0000  ,  0.0000  ,  0.0000  , 100.0000 ,  0.0000  ,  0.0000  ,  0.0000  ,  0.0000
 25.9200  ,  0.4488  ,  0.6554  , -0.6365  ,  2.0311  , -3.0748  ,  0.1252  ,  0.8289  ,  0.0160  ,  2.0718  , -2.8371  ,  0.0000  , 100.0000 ,  0.0000  ,  0.0000  ,  0.0000  ,  0.0000  ,  0.0000  , 100.0000 ,  0.0000  ,  0.0000  ,  0.0000  ,  0.0000
 25.9400  ,  0.4488  ,  0.6554  , -0.6365  ,  2.0311  , -3.0746  ,  0.1252  ,  0.8289  ,  0.0160  ,  2.0718  , -2.8369  ,  0.0000  , 100.0000 ,  0.0000  ,  0.0000  ,  0.0000  ,  0.0000  ,  0.0000  , 100.0000 ,  0.0000  ,  0.0000  ,  0.0000  ,  0.0000
 25.9600  ,  0.4557  ,  0.6520  , -0.6504  ,  2.0245  , -3.0766  ,  0.1180  ,  0.8336  ,  0.0166  ,  2.0755  , -2.8358  ,  0.0000  , 100.0000 ,  0.0000  ,  0.0000  ,  0.0000  ,  0.0000  ,  0.0000  , 100.0000 ,  0.0000  ,  0.0000  ,  0.0000  ,  0.0000
 25.9800  ,  0.4586  ,  0.6501  , -0.6547  ,  2.0221  , -3.0772  ,  0.1151  ,  0.8357  ,  0.0162  ,  2.0750  , -2.8352  ,  0.0000  , 100.0000 ,  0.0000  ,  0.0000  ,  0.0000  ,  0.0000  ,  0.0000  , 100.0000 ,  0.0000  ,  0.0000  ,  0.0000  ,  0.0000
 26.0000  ,  0.4608  ,  0.6484  , -0.6580  ,  2.0198  , -3.0770  ,  0.1138  ,  0.8372  ,  0.0153  ,  2.0744  , -2.8352  ,  0.0000  , 100.0000 ,  0.0000  ,  0.0000  ,  0.0000  ,  0.0000  ,  0.0000  , 100.0000 ,  0.0000  ,  0.0000  ,  0.0000  ,  0.0000
 26.0200  ,  0.4630  ,  0.6466  , -0.6623  ,  2.0209  , -3.0738  ,  0.1125  ,  0.8386  ,  0.0177  ,  2.0792  , -2.8354  ,  0.0000  , 100.0000 ,  0.0000  ,  0.0000  ,  0.0000  ,  0.0000  ,  0.0000  , 100.0000 ,  0.0000  ,  0.0000  ,  0.0000  ,  0.0000
 26.0400  ,  0.4657  ,  0.6447  , -0.6665  ,  2.0183  , -3.0538  ,  0.1080  ,  0.8406  ,  0.0180  ,  2.0781  , -2.8309  ,  0.0000  , 100.0000 ,  0.0000  ,  0.0000  ,  0.0000  ,  0.0000  ,  0.0000  , 100.0000 ,  0.0000  ,  0.0000  ,  0.0000  ,  0.0000
 26.0600  ,  0.4674  ,  0.6434  , -0.6704  ,  2.0158  , -3.0459  ,  0.1050  ,  0.8419  ,  0.0171  ,  2.0763  , -2.8245  ,  0.0000  , 100.0000 ,  0.0000  ,  0.0000  ,  0.0000  ,  0.0000  ,  0.0000  , 100.0000 ,  0.0000  ,  0.0000  ,  0.0000  ,  0.0000
 26.0800  ,  0.4677  ,  0.6385  , -0.6768  ,  2.0139  , -3.0387  ,  0.1032  ,  0.8404  ,  0.0130  ,  2.0718  , -2.8169  ,  0.0000  , 100.0000 ,  0.0000  ,  0.0000  ,  0.0000  ,  0.0000  ,  0.0000  , 100.0000 ,  0.0000  ,  0.0000  ,  0.0000  ,  0.0000
 26.1000  ,  0.4679  ,  0.6363  , -0.6821  ,  2.0099  , -3.0278  ,  0.1016  ,  0.8376  ,  0.0124  ,  2.0681  , -2.8047  ,  0.0000  , 100.0000 ,  0.0000  ,  0.0000  ,  0.0000  ,  0.0000  ,  0.0000  , 100.0000 ,  0.0000  ,  0.0000  ,  0.0000  ,  0.0000
 26.1200  ,  0.4681  ,  0.6345  , -0.6869  ,  2.0064  , -3.0227  ,  0.1003  ,  0.8353  ,  0.0114  ,  2.0644  , -2.7863  ,  0.0000  , 100.0000 ,  0.0000  ,  0.0000  ,  0.0000  ,  0.0000  ,  0.0000  , 100.0000 ,  0.0000  ,  0.0000  ,  0.0000  ,  0.0000
 26.1400  ,  0.4660  ,  0.6256  , -0.7017  ,  1.9949  , -3.0175  ,  0.0953  ,  0.8290  ,  0.0045  ,  2.0474  , -2.7665  ,  0.0000  , 100.0000 ,  0.0000  ,  0.0000  ,  0.0000  ,  0.0000  ,  0.0000  , 100.0000 ,  0.0000  ,  0.0000  ,  0.0000  ,  0.0000
 26.1600  ,  0.4619  ,  0.6161  , -0.7183  ,  1.9829  , -3.0103  ,  0.0893  ,  0.8186  ,  0.0001  ,  2.0293  , -2.7420  ,  0.0000  , 100.0000 ,  0.0000  ,  0.0000  ,  0.0000  ,  0.0000  ,  0.0000  , 100.0000 ,  0.0000  ,  0.0000  ,  0.0000  ,  0.0000
 26.1800  ,  0.4619  ,  0.6161  , -0.7183  ,  1.9829  , -2.9868  ,  0.0893  ,  0.8186  ,  0.0001  ,  2.0293  , -2.7037  ,  0.0000  , 100.0000 ,  0.0000  ,  0.0000  ,  0.0000  ,  0.0000  ,  0.0000  , 100.0000 ,  0.0000  ,  0.0000  ,  0.0000  ,  0.0000
 26.2000  ,  0.4554  ,  0.6043  , -0.7361  ,  1.9649  , -2.9761  ,  0.0809  ,  0.8052  , -0.0032  ,  2.0085  , -2.6894  ,  0.0000  , 100.0000 ,  0.0000  ,  0.0000  ,  0.0000  ,  0.0000  ,  0.0000  , 100.0000 ,  0.0000  ,  0.0000  ,  0.0000  ,  0.0000
 26.2200  ,  0.4499  ,  0.5948  , -0.7509  ,  1.9500  , -2.9689  ,  0.0740  ,  0.7928  , -0.0089  ,  1.9850  , -2.6755  ,  0.0000  , 100.0000 ,  0.0000  ,  0.0000  ,  0.0000  ,  0.0000  ,  0.0000  , 100.0000 ,  0.0000  ,  0.0000  ,  0.0000  ,  0.0000
 26.2400  ,  0.4412  ,  0.5794  , -0.7806  ,  1.9166  , -2.9309  ,  0.0627  ,  0.7702  , -0.0164  ,  1.9431  , -2.6687  ,  0.0000  , 100.0000 ,  0.0000  ,  0.0000  ,  0.0000  ,  0.0000  ,  0.0000  , 100.0000 ,  0.0000  ,  0.0000  ,  0.0000  ,  0.0000
 26.2600  ,  0.4357  ,  0.5711  , -0.7837  ,  1.9075  , -2.9266  ,  0.0564  ,  0.7612  , -0.0130  ,  1.9337  , -2.6748  ,  0.0000  , 100.0000 ,  0.0000  ,  0.0000  ,  0.0000  ,  0.0000  ,  0.0000  , 100.0000 ,  0.0000  ,  0.0000  ,  0.0000  ,  0.0000
 26.2800  ,  0.4288  ,  0.5605  , -0.7963  ,  1.8885  , -2.8890  ,  0.0485  ,  0.7496  , -0.0096  ,  1.9258  , -2.6690  ,  0.0000  , 100.0000 ,  0.0000  ,  0.0000  ,  0.0000  ,  0.0000  ,  0.0000  , 100.0000 ,  0.0000  ,  0.0000  ,  0.0000  ,  0.0000
 26.3000  ,  0.4088  ,  0.5293  , -0.8153  ,  1.8450  , -2.8600  ,  0.0259  ,  0.7188  , -0.0051  ,  1.8693  , -2.6171  ,  0.0000  , 100.0000 ,  0.0000  ,  0.0000  ,  0.0000  ,  0.0000  ,  0.0000  , 100.0000 ,  0.0000  ,  0.0000  ,  0.0000  ,  0.0000
 26.3200  ,  0.4051  ,  0.5234  , -0.8282  ,  1.8275  , -2.8462  ,  0.0215  ,  0.7128  , -0.0083  ,  1.8481  , -2.5761  ,  0.0000  , 100.0000 ,  0.0000  ,  0.0000  ,  0.0000  ,  0.0000  ,  0.0000  , 100.0000 ,  0.0000  ,  0.0000  ,  0.0000  ,  0.0000
 26.3400  ,  0.3909  ,  0.5064  , -0.8319  ,  1.8057  , -2.8002  ,  0.0073  ,  0.6923  ,  0.0014  ,  1.8210  , -2.5287  ,  0.0000  , 100.0000 ,  0.0000  ,  0.0000  ,  0.0000  ,  0.0000  ,  0.0000  , 100.0000 ,  0.0000  ,  0.0000  ,  0.0000  ,  0.0000
 26.3600  ,  0.3702  ,  0.4783  , -0.8505  ,  1.7602  , -2.7664  , -0.0130  ,  0.6584  ,  0.0086  ,  1.7627  , -2.5174  ,  0.0000  , 100.0000 ,  0.0000  ,  0.0000  ,  0.0000  ,  0.0000  ,  0.0000  , 100.0000 ,  0.0000  ,  0.0000  ,  0.0000  ,  0.0000
 26.3800  ,  0.3565  ,  0.4567  , -0.8677  ,  1.7185  , -2.7563  , -0.0257  ,  0.6324  ,  0.0099  ,  1.7006  , -2.5502  ,  0.0000  , 100.0000 ,  0.0000  ,  0.0000  ,  0.0000  ,  0.0000  ,  0.0000  , 100.0000 ,  0.0000  ,  0.0000  ,  0.0000  ,  0.0000
 26.4000  ,  0.3479  ,  0.4424  , -0.8751  ,  1.6946  , -2.7189  , -0.0340  ,  0.6153  ,  0.0187  ,  1.6760  , -2.5804  ,  0.0000  , 100.0000 ,  0.0000  ,  0.0000  ,  0.0000  ,  0.0000  ,  0.0000  , 100.0000 ,  0.0000  ,  0.0000  ,  0.0000  ,  0.0000
 26.4200  ,  0.3238  ,  0.4076  , -0.8960  ,  1.6302  , -2.7010  , -0.0558  ,  0.5715  ,  0.0358  ,  1.5920  , -2.6071  ,  0.0000  , 100.0000 ,  0.0000  ,  0.0000  ,  0.0000  ,  0.0000  ,  0.0000  , 100.0000 ,  0.0000  ,  0.0000  ,  0.0000  ,  0.0000
 26.4400  ,  0.3185  ,  0.4009  , -0.9064  ,  1.6094  , -2.6361  , -0.0603  ,  0.5627  ,  0.0394  ,  1.5695  , -2.6361  ,  0.0000  , 100.0000 ,  0.0000  ,  0.0000  ,  0.0000  ,  0.0000  ,  0.0000  , 100.0000 ,  0.0000  ,  0.0000  ,  0.0000  ,  0.0000
 26.4600  ,  0.2994  ,  0.3728  , -0.9259  ,  1.5459  , -2.6141  , -0.0759  ,  0.5229  ,  0.0641  ,  1.4862  , -2.6289  ,  0.0000  , 100.0000 ,  0.0000  ,  0.0000  ,  0.0000  ,  0.0000  ,  0.0000  , 100.0000 ,  0.0000  ,  0.0000  ,  0.0000  ,  0.0000
 26.4800  ,  0.2918  ,  0.3609  , -0.9465  ,  1.5056  , -2.6027  , -0.0820  ,  0.5055  ,  0.0752  ,  1.4415  , -2.6191  ,  0.0000  , 100.0000 ,  0.0000  ,  0.0000  ,  0.0000  ,  0.0000  ,  0.0000  , 100.0000 ,  0.0000  ,  0.0000  ,  0.0000  ,  0.0000
 26.5000  ,  0.2719  ,  0.3323  , -0.9537  ,  1.4482  , -2.5734  , -0.0913  ,  0.4695  ,  0.1084  ,  1.3792  , -2.5870  ,  0.0000  , 100.0000 ,  0.0000  ,  0.0000  ,  0.0000  ,  0.0000  ,  0.0000  , 100.0000 ,  0.0000  ,  0.0000  ,  0.0000  ,  0.0000
 26.5200  ,  0.2665  ,  0.3245  , -0.9675  ,  1.4174  , -2.5614  , -0.0939  ,  0.4595  ,  0.1157  ,  1.3398  , -2.5849  ,  0.0000  , 100.0000 ,  0.0000  ,  0.0000  ,  0.0000  ,  0.0000  ,  0.0000  , 100.0000 ,  0.0000  ,  0.0000  ,  0.0000  ,  0.0000
 26.5400  ,  0.2577  ,  0.3010  , -0.9790  ,  1.3649  , -2.5484  , -0.0950  ,  0.4340  ,  0.1448  ,  1.2730  , -2.6040  ,  0.0000  , 100.0000 ,  0.0000  ,  0.0000  ,  0.0000  ,  0.0000  ,  0.0000  , 100.0000 ,  0.0000  ,  0.0000  ,  0.0000  ,  0.0000
 26.5600  ,  0.2530  ,  0.2752  , -0.9977  ,  1.3004  , -2.5021  , -0.0906  ,  0.4122  ,  0.1689  ,  1.2095  , -2.6381  ,  0.0000  , 100.0000 ,  0.0000  ,  0.0000  ,  0.0000  ,  0.0000  ,  0.0000  , 100.0000 ,  0.0000  ,  0.0000  ,  0.0000  ,  0.0000
 26.5800  ,  0.2520  ,  0.2668  , -1.0068  ,  1.2751  , -2.4868  , -0.0884  ,  0.4058  ,  0.1764  ,  1.1891  , -2.6575  ,  0.0000  , 100.0000 ,  0.0000  ,  0.0000  ,  0.0000  ,  0.0000  ,  0.0000  , 100.0000 ,  0.0000  ,  0.0000  ,  0.0000  ,  0.0000
 26.6000  ,  0.2538  ,  0.2313  , -1.0451  ,  1.1709  , -2.4636  , -0.0755  ,  0.3924  ,  0.1935  ,  1.0923  , -2.6681  ,  0.0000  , 100.0000 ,  0.0000  ,  0.0000  ,  0.0000  ,  0.0000  ,  0.0000  , 100.0000 ,  0.0000  ,  0.0000  ,  0.0000  ,  0.0000
 26.6200  ,  0.2524  ,  0.2208  , -1.0503  ,  1.1450  , -2.4581  , -0.0718  ,  0.3900  ,  0.1975  ,  1.0686  , -2.6577  ,  0.0000  , 100.0000 ,  0.0000  ,  0.0000  ,  0.0000  ,  0.0000  ,  0.0000  , 100.0000 ,  0.0000  ,  0.0000  ,  0.0000  ,  0.0000
 26.6400  ,  0.2509  ,  0.2102  , -1.0614  ,  1.1106  , -2.4497  , -0.0681  ,  0.3875  ,  0.2021  ,  1.0349  , -2.6453  ,  0.0000  , 100.0000 ,  0.0000  ,  0.0000  ,  0.0000  ,  0.0000  ,  0.0000  , 100.0000 ,  0.0000  ,  0.0000  ,  0.0000  ,  0.0000
 26.6600  ,  0.2489  ,  0.1953  , -1.0748  ,  1.0642  , -2.4112  , -0.0635  ,  0.3840  ,  0.2096  ,  0.9937  , -2.6484  ,  0.0000  , 100.0000 ,  0.0000  ,  0.0000  ,  0.0000  ,  0.0000  ,  0.0000  , 100.0000 ,  0.0000  ,  0.0000  ,  0.0000  ,  0.0000
 26.6800  ,  0.2476  ,  0.1864  , -1.0821  ,  1.0448  , -2.3954  , -0.0609  ,  0.3819  ,  0.2131  ,  0.9707  , -2.6546  ,  0.0000  , 100.0000 ,  0.0000  ,  0.0000  ,  0.0000  ,  0.0000  ,  0.0000  , 100.0000 ,  0.0000  ,  0.0000  ,  0.0000  ,  0.0000
 26.7000  ,  0.2437  ,  0.1745  , -1.0913  ,  1.0044  , -2.3625  , -0.0591  ,  0.3786  ,  0.2212  ,  0.9415  , -2.6735  ,  0.0000  , 100.0000 ,  0.0000  ,  0.0000  ,  0.0000  ,  0.0000  ,  0.0000  , 100.0000 ,  0.0000  ,  0.0000  ,  0.0000  ,  0.0000
 26.7200  ,  0.2418  ,  0.1696  , -1.0963  ,  0.9849  , -2.3638  , -0.0586  ,  0.3772  ,  0.2257  ,  0.9241  , -2.6742  ,  0.0000  , 100.0000 ,  0.0000  ,  0.0000  ,  0.0000  ,  0.0000  ,  0.0000  , 100.0000 ,  0.0000  ,  0.0000  ,  0.0000  ,  0.0000
 26.7400  ,  0.2392  ,  0.1642  , -1.1011  ,  0.9634  , -2.3690  , -0.0585  ,  0.3758  ,  0.2305  ,  0.9095  , -2.6692  ,  0.0000  , 100.0000 ,  0.0000  ,  0.0000  ,  0.0000  ,  0.0000  ,  0.0000  , 100.0000 ,  0.0000  ,  0.0000  ,  0.0000  ,  0.0000
 26.7600  ,  0.2352  ,  0.1579  , -1.1034  ,  0.9251  , -2.3579  , -0.0591  ,  0.3758  ,  0.2391  ,  0.8949  , -2.6641  ,  0.0000  , 100.0000 ,  0.0000  ,  0.0000  ,  0.0000  ,  0.0000  ,  0.0000  , 100.0000 ,  0.0000  ,  0.0000  ,  0.0000  ,  0.0000
 26.7800  ,  0.2343  ,  0.1567  , -1.1038  ,  0.9201  , -2.3421  , -0.0593  ,  0.3760  ,  0.2401  ,  0.8895  , -2.6641  ,  0.0000  , 100.0000 ,  0.0000  ,  0.0000  ,  0.0000  ,  0.0000  ,  0.0000  , 100.0000 ,  0.0000  ,  0.0000  ,  0.0000  ,  0.0000
 26.8000  ,  0.2331  ,  0.1549  , -1.1079  ,  0.9074  , -2.3352  , -0.0597  ,  0.3763  ,  0.2418  ,  0.8808  , -2.6656  ,  0.0000  , 100.0000 ,  0.0000  ,  0.0000  ,  0.0000  ,  0.0000  ,  0.0000  , 100.0000 ,  0.0000  ,  0.0000  ,  0.0000  ,  0.0000
 26.8200  ,  0.2281  ,  0.1507  , -1.0929  ,  0.8857  , -2.3397  , -0.0618  ,  0.3761  ,  0.2447  ,  0.8768  , -2.6659  ,  0.0000  , 100.0000 ,  0.0000  ,  0.0000  ,  0.0000  ,  0.0000  ,  0.0000  , 100.0000 ,  0.0000  ,  0.0000  ,  0.0000  ,  0.0000
 26.8400  ,  0.2276  ,  0.1497  , -1.0924  ,  0.8819  , -2.3456  , -0.0619  ,  0.3764  ,  0.2451  ,  0.8756  , -2.6665  ,  0.0000  , 100.0000 ,  0.0000  ,  0.0000  ,  0.0000  ,  0.0000  ,  0.0000  , 100.0000 ,  0.0000  ,  0.0000  ,  0.0000  ,  0.0000
 26.8600  ,  0.2273  ,  0.1474  , -1.0909  ,  0.8746  , -2.3452  , -0.0617  ,  0.3770  ,  0.2461  ,  0.8736  , -2.6668  ,  0.0000  , 100.0000 ,  0.0000  ,  0.0000  ,  0.0000  ,  0.0000  ,  0.0000  , 100.0000 ,  0.0000  ,  0.0000  ,  0.0000  ,  0.0000
 26.8800  ,  0.2284  ,  0.1452  , -1.0892  ,  0.8817  , -2.3452  , -0.0607  ,  0.3776  ,  0.2442  ,  0.8829  , -2.6668  ,  0.0000  , 100.0000 ,  0.0000  ,  0.0000  ,  0.0000  ,  0.0000  ,  0.0000  , 100.0000 ,  0.0000  ,  0.0000  ,  0.0000  ,  0.0000
 26.9000  ,  0.2295  ,  0.1447  , -1.0852  ,  0.8787  , -2.3419  , -0.0589  ,  0.3802  ,  0.2413  ,  0.8836  , -2.6664  ,  0.0000  , 100.0000 ,  0.0000  ,  0.0000  ,  0.0000  ,  0.0000  ,  0.0000  , 100.0000 ,  0.0000  ,  0.0000  ,  0.0000  ,  0.0000
 26.9200  ,  0.2304  ,  0.1448  , -1.0814  ,  0.8784  , -2.3432  , -0.0576  ,  0.3812  ,  0.2404  ,  0.8858  , -2.6645  ,  0.0000  , 100.0000 ,  0.0000  ,  0.0000  ,  0.0000  ,  0.0000  ,  0.0000  , 100.0000 ,  0.0000  ,  0.0000  ,  0.0000  ,  0.0000
 26.9400  ,  0.2313  ,  0.1449  , -1.0734  ,  0.8685  , -2.3496  , -0.0562  ,  0.3820  ,  0.2416  ,  0.8854  , -2.6594  ,  0.0000  , 100.0000 ,  0.0000  ,  0.0000  ,  0.0000  ,  0.0000  ,  0.0000  , 100.0000 ,  0.0000  ,  0.0000  ,  0.0000  ,  0.0000
 26.9600  ,  0.2338  ,  0.1448  , -1.0690  ,  0.8688  , -2.3504  , -0.0534  ,  0.3833  ,  0.2394  ,  0.8884  , -2.6596  ,  0.0000  , 100.0000 ,  0.0000  ,  0.0000  ,  0.0000  ,  0.0000  ,  0.0000  , 100.0000 ,  0.0000  ,  0.0000  ,  0.0000  ,  0.0000
 26.9800  ,  0.2349  ,  0.1447  , -1.0645  ,  0.8699  , -2.3594  , -0.0521  ,  0.3840  ,  0.2383  ,  0.8922  , -2.6569  ,  0.0000  , 100.0000 ,  0.0000  ,  0.0000  ,  0.0000  ,  0.0000  ,  0.0000  , 100.0000 ,  0.0000  ,  0.0000  ,  0.0000  ,  0.0000
 27.0000  ,  0.2392  ,  0.1436  , -1.0491  ,  0.8784  , -2.3630  , -0.0483  ,  0.3868  ,  0.2338  ,  0.8988  , -2.6543  ,  0.0000  , 100.0000 ,  0.0000  ,  0.0000  ,  0.0000  ,  0.0000  ,  0.0000  , 100.0000 ,  0.0000  ,  0.0000  ,  0.0000  ,  0.0000
 27.0200  ,  0.2419  ,  0.1445  , -1.0459  ,  0.8811  , -2.3664  , -0.0464  ,  0.3880  ,  0.2316  ,  0.9044  , -2.6490  ,  0.0000  , 100.0000 ,  0.0000  ,  0.0000  ,  0.0000  ,  0.0000  ,  0.0000  , 100.0000 ,  0.0000  ,  0.0000  ,  0.0000  ,  0.0000
 27.0400  ,  0.2437  ,  0.1451  , -1.0428  ,  0.8836  , -2.3825  , -0.0452  ,  0.3888  ,  0.2301  ,  0.9095  , -2.6273  ,  0.0000  , 100.0000 ,  0.0000  ,  0.0000  ,  0.0000  ,  0.0000  ,  0.0000  , 100.0000 ,  0.0000  ,  0.0000  ,  0.0000  ,  0.0000
 27.0600  ,  0.2475  ,  0.1488  , -1.0249  ,  0.8994  , -2.3907  , -0.0406  ,  0.3922  ,  0.2244  ,  0.9320  , -2.6168  ,  0.0000  , 100.0000 ,  0.0000  ,  0.0000  ,  0.0000  ,  0.0000  ,  0.0000  , 100.0000 ,  0.0000  ,  0.0000  ,  0.0000  ,  0.0000
 27.0800  ,  0.2489  ,  0.1525  , -1.0090  ,  0.9026  , -2.4021  , -0.0385  ,  0.3945  ,  0.2193  ,  0.9539  , -2.6031  ,  0.0000  , 100.0000 ,  0.0000  ,  0.0000  ,  0.0000  ,  0.0000  ,  0.0000  , 100.0000 ,  0.0000  ,  0.0000  ,  0.0000  ,  0.0000
 27.1000  ,  0.2500  ,  0.1569  , -0.9831  ,  0.9239  , -2.4137  , -0.0368  ,  0.3968  ,  0.2168  ,  0.9800  , -2.6005  ,  0.0000  , 100.0000 ,  0.0000  ,  0.0000  ,  0.0000  ,  0.0000  ,  0.0000  , 100.0000 ,  0.0000  ,  0.0000  ,  0.0000  ,  0.0000
 27.1200  ,  0.2516  ,  0.1624  , -0.9713  ,  0.9397  , -2.4221  , -0.0365  ,  0.3990  ,  0.2152  ,  1.0032  , -2.5993  ,  0.0000  , 100.0000 ,  0.0000  ,  0.0000  ,  0.0000  ,  0.0000  ,  0.0000  , 100.0000 ,  0.0000  ,  0.0000  ,  0.0000  ,  0.0000
 27.1400  ,  0.2556  ,  0.1719  , -0.9331  ,  0.9863  , -2.4579  , -0.0358  ,  0.4030  ,  0.2185  ,  1.0398  , -2.5881  ,  0.0000  , 100.0000 ,  0.0000  ,  0.0000  ,  0.0000  ,  0.0000  ,  0.0000  , 100.0000 ,  0.0000  ,  0.0000  ,  0.0000  ,  0.0000
 27.1600  ,  0.2581  ,  0.1760  , -0.9192  ,  1.0021  , -2.4774  , -0.0355  ,  0.4050  ,  0.2181  ,  1.0577  , -2.5828  ,  0.0000  , 100.0000 ,  0.0000  ,  0.0000  ,  0.0000  ,  0.0000  ,  0.0000  , 100.0000 ,  0.0000  ,  0.0000  ,  0.0000  ,  0.0000
 27.1800  ,  0.2606  ,  0.1801  , -0.9005  ,  1.0211  , -2.5210  , -0.0351  ,  0.4069  ,  0.2191  ,  1.0846  , -2.5683  ,  0.0000  , 100.0000 ,  0.0000  ,  0.0000  ,  0.0000  ,  0.0000  ,  0.0000  , 100.0000 ,  0.0000  ,  0.0000  ,  0.0000  ,  0.0000
 27.2000  ,  0.2650  ,  0.1886  , -0.8791  ,  1.0494  , -2.5210  , -0.0351  ,  0.4108  ,  0.2183  ,  1.1219  , -2.5683  ,  0.0000  , 100.0000 ,  0.0000  ,  0.0000  ,  0.0000  ,  0.0000  ,  0.0000  , 100.0000 ,  0.0000  ,  0.0000  ,  0.0000  ,  0.0000
 27.2200  ,  0.2680  ,  0.1943  , -0.8641  ,  1.0720  , -2.5670  , -0.0352  ,  0.4135  ,  0.2190  ,  1.1600  , -2.5646  ,  0.0000  , 100.0000 ,  0.0000  ,  0.0000  ,  0.0000  ,  0.0000  ,  0.0000  , 100.0000 ,  0.0000  ,  0.0000  ,  0.0000  ,  0.0000
 27.2400  ,  0.2752  ,  0.2134  , -0.8130  ,  1.1373  , -2.5999  , -0.0386  ,  0.4200  ,  0.2209  ,  1.2544  , -2.5651  ,  0.0000  , 100.0000 ,  0.0000  ,  0.0000  ,  0.0000  ,  0.0000  ,  0.0000  , 100.0000 ,  0.0000  ,  0.0000  ,  0.0000  ,  0.0000
 27.2600  ,  0.2794  ,  0.2246  , -0.7970  ,  1.1658  , -2.6183  , -0.0414  ,  0.4239  ,  0.2205  ,  1.2975  , -2.5669  ,  0.0000  , 100.0000 ,  0.0000  ,  0.0000  ,  0.0000  ,  0.0000  ,  0.0000  , 100.0000 ,  0.0000  ,  0.0000  ,  0.0000  ,  0.0000
 27.2800  ,  0.2876  ,  0.2442  , -0.7569  ,  1.2298  , -2.6769  , -0.0449  ,  0.4316  ,  0.2207  ,  1.3709  , -2.5668  ,  0.0000  , 100.0000 ,  0.0000  ,  0.0000  ,  0.0000  ,  0.0000  ,  0.0000  , 100.0000 ,  0.0000  ,  0.0000  ,  0.0000  ,  0.0000
 27.3000  ,  0.2899  ,  0.2494  , -0.7411  ,  1.2494  , -2.6968  , -0.0457  ,  0.4338  ,  0.2210  ,  1.3981  , -2.5681  ,  0.0000  , 100.0000 ,  0.0000  ,  0.0000  ,  0.0000  ,  0.0000  ,  0.0000  , 100.0000 ,  0.0000  ,  0.0000  ,  0.0000  ,  0.0000
 27.3200  ,  0.2933  ,  0.2572  , -0.7192  ,  1.2774  , -2.7274  , -0.0468  ,  0.4370  ,  0.2208  ,  1.4310  , -2.5732  ,  0.0000  , 100.0000 ,  0.0000  ,  0.0000  ,  0.0000  ,  0.0000  ,  0.0000  , 100.0000 ,  0.0000  ,  0.0000  ,  0.0000  ,  0.0000
 27.3400  ,  0.3059  ,  0.2784  , -0.6977  ,  1.3169  , -2.7397  , -0.0448  ,  0.4492  ,  0.2116  ,  1.5041  , -2.5744  ,  0.0000  , 100.0000 ,  0.0000  ,  0.0000  ,  0.0000  ,  0.0000  ,  0.0000  , 100.0000 ,  0.0000  ,  0.0000  ,  0.0000  ,  0.0000
 27.3600  ,  0.3136  ,  0.2922  , -0.6709  ,  1.3558  , -2.7815  , -0.0425  ,  0.4585  ,  0.2072  ,  1.5551  , -2.5765  ,  0.0000  , 100.0000 ,  0.0000  ,  0.0000  ,  0.0000  ,  0.0000  ,  0.0000  , 100.0000 ,  0.0000  ,  0.0000  ,  0.0000  ,  0.0000
 27.3800  ,  0.3269  ,  0.3198  , -0.6429  ,  1.4130  , -2.7989  , -0.0347  ,  0.4810  ,  0.1918  ,  1.6195  , -2.5747  ,  0.0000  , 100.0000 ,  0.0000  ,  0.0000  ,  0.0000  ,  0.0000  ,  0.0000  , 100.0000 ,  0.0000  ,  0.0000  ,  0.0000  ,  0.0000
 27.4000  ,  0.3322  ,  0.3320  , -0.6259  ,  1.4417  , -2.8022  , -0.0306  ,  0.4912  ,  0.1856  ,  1.6516  , -2.5735  ,  0.0000  , 100.0000 ,  0.0000  ,  0.0000  ,  0.0000  ,  0.0000  ,  0.0000  , 100.0000 ,  0.0000  ,  0.0000  ,  0.0000  ,  0.0000
 27.4200  ,  0.3355  ,  0.3399  , -0.5996  ,  1.4756  , -2.8851  , -0.0278  ,  0.4980  ,  0.1831  ,  1.6811  , -2.5882  ,  0.0000  , 100.0000 ,  0.0000  ,  0.0000  ,  0.0000  ,  0.0000  ,  0.0000  , 100.0000 ,  0.0000  ,  0.0000  ,  0.0000  ,  0.0000
 27.4400  ,  0.3605  ,  0.3810  , -0.5835  ,  1.5340  , -2.9410  , -0.0094  ,  0.5244  ,  0.1630  ,  1.7451  , -2.6078  ,  0.0000  , 100.0000 ,  0.0000  ,  0.0000  ,  0.0000  ,  0.0000  ,  0.0000  , 100.0000 ,  0.0000  ,  0.0000  ,  0.0000  ,  0.0000
 27.4600  ,  0.3653  ,  0.3908  , -0.5777  ,  1.5489  , -2.9511  , -0.0044  ,  0.5310  ,  0.1579  ,  1.7603  , -2.6111  ,  0.0000  , 100.0000 ,  0.0000  ,  0.0000  ,  0.0000  ,  0.0000  ,  0.0000  , 100.0000 ,  0.0000  ,  0.0000  ,  0.0000  ,  0.0000
 27.4800  ,  0.3809  ,  0.4306  , -0.5513  ,  1.6095  , -2.9433  ,  0.0154  ,  0.5569  ,  0.1389  ,  1.8179  , -2.6095  ,  0.0000  , 100.0000 ,  0.0000  ,  0.0000  ,  0.0000  ,  0.0000  ,  0.0000  , 100.0000 ,  0.0000  ,  0.0000  ,  0.0000  ,  0.0000
 27.5000  ,  0.3842  ,  0.4408  , -0.5404  ,  1.6278  , -3.0030  ,  0.0205  ,  0.5635  ,  0.1338  ,  1.8321  , -2.6404  ,  0.0000  , 100.0000 ,  0.0000  ,  0.0000  ,  0.0000  ,  0.0000  ,  0.0000  , 100.0000 ,  0.0000  ,  0.0000  ,  0.0000  ,  0.0000
 27.5200  ,  0.3968  ,  0.4783  , -0.5083  ,  1.6865  , -3.0250  ,  0.0402  ,  0.5874  ,  0.1156  ,  1.8865  , -2.6452  ,  0.0000  , 100.0000 ,  0.0000  ,  0.0000  ,  0.0000  ,  0.0000  ,  0.0000  , 100.0000 ,  0.0000  ,  0.0000  ,  0.0000  ,  0.0000
 27.5400  ,  0.4022  ,  0.4990  , -0.4981  ,  1.7194  , -3.0903  ,  0.0515  ,  0.6001  ,  0.1005  ,  1.8906  , -2.6688  ,  0.0000  , 100.0000 ,  0.0000  ,  0.0000  ,  0.0000  ,  0.0000  ,  0.0000  , 100.0000 ,  0.0000  ,  0.0000  ,  0.0000  ,  0.0000
 27.5600  ,  0.4064  ,  0.5218  , -0.4759  ,  1.7569  , -3.1091  ,  0.0648  ,  0.6140  ,  0.0896  ,  1.9246  , -2.6860  ,  0.0000  , 100.0000 ,  0.0000  ,  0.0000  ,  0.0000  ,  0.0000  ,  0.0000  , 100.0000 ,  0.0000  ,  0.0000  ,  0.0000  ,  0.0000
 27.5800  ,  0.4095  ,  0.5384  , -0.4644  ,  1.7801  , -3.1251  ,  0.0751  ,  0.6245  ,  0.0811  ,  1.9471  , -2.7038  ,  0.0000  , 100.0000 ,  0.0000  ,  0.0000  ,  0.0000  ,  0.0000  ,  0.0000  , 100.0000 ,  0.0000  ,  0.0000  ,  0.0000  ,  0.0000
 27.6000  ,  0.4137  ,  0.5618  , -0.4484  ,  1.8121  , -3.1711  ,  0.0906  ,  0.6399  ,  0.0672  ,  1.9698  , -2.7358  ,  0.0000  , 100.0000 ,  0.0000  ,  0.0000  ,  0.0000  ,  0.0000  ,  0.0000  , 100.0000 ,  0.0000  ,  0.0000  ,  0.0000  ,  0.0000
 27.6200  ,  0.4168  ,  0.5964  , -0.4295  ,  1.8506  , -3.1817  ,  0.1114  ,  0.6643  ,  0.0469  ,  2.0003  , -2.7426  ,  0.0000  , 100.0000 ,  0.0000  ,  0.0000  ,  0.0000  ,  0.0000  ,  0.0000  , 100.0000 ,  0.0000  ,  0.0000  ,  0.0000  ,  0.0000
 27.6400  ,  0.4174  ,  0.6176  , -0.4220  ,  1.8718  , -3.2284  ,  0.1230  ,  0.6795  ,  0.0342  ,  2.0130  , -2.7621  ,  0.0000  , 100.0000 ,  0.0000  ,  0.0000  ,  0.0000  ,  0.0000  ,  0.0000  , 100.0000 ,  0.0000  ,  0.0000  ,  0.0000  ,  0.0000
 27.6600  ,  0.4169  ,  0.6462  , -0.4042  ,  1.9061  , -3.2314  ,  0.1380  ,  0.6997  ,  0.0182  ,  2.0375  , -2.7553  ,  0.0000  , 100.0000 ,  0.0000  ,  0.0000  ,  0.0000  ,  0.0000  ,  0.0000  , 100.0000 ,  0.0000  ,  0.0000  ,  0.0000  ,  0.0000
 27.6800  ,  0.4159  ,  0.6675  , -0.3894  ,  1.9379  , -3.2877  ,  0.1499  ,  0.7142  ,  0.0060  ,  2.0557  , -2.7897  ,  0.0000  , 100.0000 ,  0.0000  ,  0.0000  ,  0.0000  ,  0.0000  ,  0.0000  , 100.0000 ,  0.0000  ,  0.0000  ,  0.0000  ,  0.0000
 27.7000  ,  0.4129  ,  0.7012  , -0.3658  ,  1.9791  , -3.2858  ,  0.1701  ,  0.7381  , -0.0168  ,  2.0803  , -2.8056  ,  0.0000  , 100.0000 ,  0.0000  ,  0.0000  ,  0.0000  ,  0.0000  ,  0.0000  , 100.0000 ,  0.0000  ,  0.0000  ,  0.0000  ,  0.0000
 27.7200  ,  0.4113  ,  0.7133  , -0.3607  ,  1.9903  , -3.2865  ,  0.1769  ,  0.7473  , -0.0257  ,  2.0844  , -2.8085  ,  0.0000  , 100.0000 ,  0.0000  ,  0.0000  ,  0.0000  ,  0.0000  ,  0.0000  , 100.0000 ,  0.0000  ,  0.0000  ,  0.0000  ,  0.0000
 27.7400  ,  0.4086  ,  0.7275  , -0.3538  ,  2.0034  , -3.2940  ,  0.1845  ,  0.7574  , -0.0380  ,  2.0928  , -2.8081  ,  0.0000  , 100.0000 ,  0.0000  ,  0.0000  ,  0.0000  ,  0.0000  ,  0.0000  , 100.0000 ,  0.0000  ,  0.0000  ,  0.0000  ,  0.0000
 27.7600  ,  0.4008  ,  0.7551  , -0.3337  ,  2.0340  , -3.3007  ,  0.1979  ,  0.7751  , -0.0560  ,  2.1096  , -2.7826  ,  0.0000  , 100.0000 ,  0.0000  ,  0.0000  ,  0.0000  ,  0.0000  ,  0.0000  , 100.0000 ,  0.0000  ,  0.0000  ,  0.0000  ,  0.0000
 27.7800  ,  0.3952  ,  0.7669  , -0.3266  ,  2.0447  , -3.3048  ,  0.2033  ,  0.7829  , -0.0645  ,  2.1139  , -2.7715  ,  0.0000  , 100.0000 ,  0.0000  ,  0.0000  ,  0.0000  ,  0.0000  ,  0.0000  , 100.0000 ,  0.0000  ,  0.0000  ,  0.0000  ,  0.0000
 27.8000  ,  0.3888  ,  0.7794  , -0.3159  ,  2.0555  , -3.3055  ,  0.2097  ,  0.7912  , -0.0752  ,  2.1228  , -2.7800  ,  0.0000  , 100.0000 ,  0.0000  ,  0.0000  ,  0.0000  ,  0.0000  ,  0.0000  , 100.0000 ,  0.0000  ,  0.0000  ,  0.0000  ,  0.0000
 27.8200  ,  0.3801  ,  0.7952  , -0.3119  ,  2.0666  , -3.3070  ,  0.2131  ,  0.8018  , -0.0857  ,  2.1263  , -2.7872  ,  0.0000  , 100.0000 ,  0.0000  ,  0.0000  ,  0.0000  ,  0.0000  ,  0.0000  , 100.0000 ,  0.0000  ,  0.0000  ,  0.0000  ,  0.0000
 27.8400  ,  0.3709  ,  0.8114  , -0.3113  ,  2.0764  , -3.3124  ,  0.2151  ,  0.8150  , -0.0985  ,  2.1291  , -2.7968  ,  0.0000  , 100.0000 ,  0.0000  ,  0.0000  ,  0.0000  ,  0.0000  ,  0.0000  , 100.0000 ,  0.0000  ,  0.0000  ,  0.0000  ,  0.0000
 27.8600  ,  0.3649  ,  0.8212  , -0.3134  ,  2.0880  , -3.3160  ,  0.2160  ,  0.8239  , -0.1107  ,  2.1295  , -2.7953  ,  0.0000  , 100.0000 ,  0.0000  ,  0.0000  ,  0.0000  ,  0.0000  ,  0.0000  , 100.0000 ,  0.0000  ,  0.0000  ,  0.0000  ,  0.0000
 27.8800  ,  0.3610  ,  0.8286  , -0.3159  ,  2.0902  , -3.3100  ,  0.2183  ,  0.8302  , -0.1178  ,  2.1286  , -2.7872  ,  0.0000  , 100.0000 ,  0.0000  ,  0.0000  ,  0.0000  ,  0.0000  ,  0.0000  , 100.0000 ,  0.0000  ,  0.0000  ,  0.0000  ,  0.0000
 27.9000  ,  0.3526  ,  0.8431  , -0.3309  ,  2.0944  , -3.2976  ,  0.2240  ,  0.8430  , -0.1389  ,  2.1234  , -2.7781  ,  0.0000  , 100.0000 ,  0.0000  ,  0.0000  ,  0.0000  ,  0.0000  ,  0.0000  , 100.0000 ,  0.0000  ,  0.0000  ,  0.0000  ,  0.0000
 27.9200  ,  0.3495  ,  0.8482  , -0.3388  ,  2.0947  , -3.2688  ,  0.2271  ,  0.8472  , -0.1486  ,  2.1200  , -2.7689  ,  0.0000  , 100.0000 ,  0.0000  ,  0.0000  ,  0.0000  ,  0.0000  ,  0.0000  , 100.0000 ,  0.0000  ,  0.0000  ,  0.0000  ,  0.0000
 27.9400  ,  0.3433  ,  0.8590  , -0.3569  ,  2.0867  , -3.2659  ,  0.2277  ,  0.8557  , -0.1616  ,  2.1176  , -2.7705  ,  0.0000  , 100.0000 ,  0.0000  ,  0.0000  ,  0.0000  ,  0.0000  ,  0.0000  , 100.0000 ,  0.0000  ,  0.0000  ,  0.0000  ,  0.0000
 27.9600  ,  0.3412  ,  0.8625  , -0.3648  ,  2.0859  , -3.2754  ,  0.2273  ,  0.8585  , -0.1664  ,  2.1152  , -2.7729  ,  0.0000  , 100.0000 ,  0.0000  ,  0.0000  ,  0.0000  ,  0.0000  ,  0.0000  , 100.0000 ,  0.0000  ,  0.0000  ,  0.0000  ,  0.0000
 27.9800  ,  0.3374  ,  0.8693  , -0.3754  ,  2.0853  , -3.2787  ,  0.2239  ,  0.8627  , -0.1697  ,  2.1137  , -2.7737  ,  0.0000  , 100.0000 ,  0.0000  ,  0.0000  ,  0.0000  ,  0.0000  ,  0.0000  , 100.0000 ,  0.0000  ,  0.0000  ,  0.0000  ,  0.0000
 28.0000  ,  0.3323  ,  0.8763  , -0.3905  ,  2.0867  , -3.2745  ,  0.2187  ,  0.8672  , -0.1750  ,  2.1133  , -2.7725  ,  0.0000  , 100.0000 ,  0.0000  ,  0.0000  ,  0.0000  ,  0.0000  ,  0.0000  , 100.0000 ,  0.0000  ,  0.0000  ,  0.0000  ,  0.0000
 28.0200  ,  0.3293  ,  0.8791  , -0.3990  ,  2.0848  , -3.2621  ,  0.2152  ,  0.8690  , -0.1761  ,  2.1115  , -2.7656  ,  0.0000  , 100.0000 ,  0.0000  ,  0.0000  ,  0.0000  ,  0.0000  ,  0.0000  , 100.0000 ,  0.0000  ,  0.0000  ,  0.0000  ,  0.0000
 28.0400  ,  0.3237  ,  0.8811  , -0.4117  ,  2.0803  , -3.2542  ,  0.2109  ,  0.8719  , -0.1802  ,  2.1073  , -2.7601  ,  0.0000  , 100.0000 ,  0.0000  ,  0.0000  ,  0.0000  ,  0.0000  ,  0.0000  , 100.0000 ,  0.0000  ,  0.0000  ,  0.0000  ,  0.0000
 28.0600  ,  0.3221  ,  0.8812  , -0.4139  ,  2.0775  , -3.2494  ,  0.2099  ,  0.8726  , -0.1828  ,  2.1078  , -2.7538  ,  0.0000  , 100.0000 ,  0.0000  ,  0.0000  ,  0.0000  ,  0.0000  ,  0.0000  , 100.0000 ,  0.0000  ,  0.0000  ,  0.0000  ,  0.0000
 28.0800  ,  0.3191  ,  0.8816  , -0.4180  ,  2.0760  , -3.2399  ,  0.2065  ,  0.8722  , -0.1814  ,  2.1068  , -2.7495  ,  0.0000  , 100.0000 ,  0.0000  ,  0.0000  ,  0.0000  ,  0.0000  ,  0.0000  , 100.0000 ,  0.0000  ,  0.0000  ,  0.0000  ,  0.0000
 28.1000  ,  0.3144  ,  0.8805  , -0.4249  ,  2.0736  , -3.2392  ,  0.2014  ,  0.8712  , -0.1818  ,  2.1037  , -2.7470  ,  0.0000  , 100.0000 ,  0.0000  ,  0.0000  ,  0.0000  ,  0.0000  ,  0.0000  , 100.0000 ,  0.0000  ,  0.0000  ,  0.0000  ,  0.0000
 28.1200  ,  0.3128  ,  0.8793  , -0.4262  ,  2.0731  , -3.2340  ,  0.1999  ,  0.8707  , -0.1815  ,  2.1031  , -2.7383  ,  0.0000  , 100.0000 ,  0.0000  ,  0.0000  ,  0.0000  ,  0.0000  ,  0.0000  , 100.0000 ,  0.0000  ,  0.0000  ,  0.0000  ,  0.0000
 28.1400  ,  0.3097  ,  0.8756  , -0.4290  ,  2.0729  , -3.2318  ,  0.1963  ,  0.8690  , -0.1815  ,  2.1021  , -2.7389  ,  0.0000  , 100.0000 ,  0.0000  ,  0.0000  ,  0.0000  ,  0.0000  ,  0.0000  , 100.0000 ,  0.0000  ,  0.0000  ,  0.0000  ,  0.0000
 28.1600  ,  0.3087  ,  0.8740  , -0.4298  ,  2.0722  , -3.2269  ,  0.1948  ,  0.8682  , -0.1817  ,  2.1012  , -2.7400  ,  0.0000  , 100.0000 ,  0.0000  ,  0.0000  ,  0.0000  ,  0.0000  ,  0.0000  , 100.0000 ,  0.0000  ,  0.0000  ,  0.0000  ,  0.0000
 28.1800  ,  0.3075  ,  0.8710  , -0.4316  ,  2.0701  , -3.2269  ,  0.1926  ,  0.8661  , -0.1813  ,  2.0997  , -2.7400  ,  0.0000  , 100.0000 ,  0.0000  ,  0.0000  ,  0.0000  ,  0.0000  ,  0.0000  , 100.0000 ,  0.0000  ,  0.0000  ,  0.0000  ,  0.0000
 28.2000  ,  0.3062  ,  0.8666  , -0.4329  ,  2.0681  , -3.2053  ,  0.1900  ,  0.8623  , -0.1800  ,  2.1008  , -2.7092  ,  0.0000  , 100.0000 ,  0.0000  ,  0.0000  ,  0.0000  ,  0.0000  ,  0.0000  , 100.0000 ,  0.0000  ,  0.0000  ,  0.0000  ,  0.0000
 28.2200  ,  0.3052  ,  0.8633  , -0.4335  ,  2.0653  , -3.1989  ,  0.1886  ,  0.8592  , -0.1801  ,  2.0989  , -2.7065  ,  0.0000  , 100.0000 ,  0.0000  ,  0.0000  ,  0.0000  ,  0.0000  ,  0.0000  , 100.0000 ,  0.0000  ,  0.0000  ,  0.0000  ,  0.0000
 28.2400  ,  0.3003  ,  0.8550  , -0.4311  ,  2.0584  , -3.1919  ,  0.1850  ,  0.8525  , -0.1798  ,  2.0949  , -2.7084  ,  0.0000  , 100.0000 ,  0.0000  ,  0.0000  ,  0.0000  ,  0.0000  ,  0.0000  , 100.0000 ,  0.0000  ,  0.0000  ,  0.0000  ,  0.0000
 28.2600  ,  0.2983  ,  0.8525  , -0.4297  ,  2.0565  , -3.1638  ,  0.1839  ,  0.8507  , -0.1800  ,  2.0935  , -2.7270  ,  0.0000  , 100.0000 ,  0.0000  ,  0.0000  ,  0.0000  ,  0.0000  ,  0.0000  , 100.0000 ,  0.0000  ,  0.0000  ,  0.0000  ,  0.0000
 28.2800  ,  0.2922  ,  0.8420  , -0.4270  ,  2.0471  , -3.1212  ,  0.1816  ,  0.8421  , -0.1770  ,  2.0905  , -2.7377  ,  0.0000  , 100.0000 ,  0.0000  ,  0.0000  ,  0.0000  ,  0.0000  ,  0.0000  , 100.0000 ,  0.0000  ,  0.0000  ,  0.0000  ,  0.0000
 28.3000  ,  0.2906  ,  0.8389  , -0.4281  ,  2.0407  , -3.0983  ,  0.1812  ,  0.8394  , -0.1746  ,  2.0894  , -2.7337  ,  0.0000  , 100.0000 ,  0.0000  ,  0.0000  ,  0.0000  ,  0.0000  ,  0.0000  , 100.0000 ,  0.0000  ,  0.0000  ,  0.0000  ,  0.0000
 28.3200  ,  0.2819  ,  0.8266  , -0.4288  ,  2.0223  , -3.0738  ,  0.1786  ,  0.8311  , -0.1607  ,  2.0891  , -2.7282  ,  0.0000  , 100.0000 ,  0.0000  ,  0.0000  ,  0.0000  ,  0.0000  ,  0.0000  , 100.0000 ,  0.0000  ,  0.0000  ,  0.0000  ,  0.0000
 28.3400  ,  0.2755  ,  0.8178  , -0.4270  ,  2.0122  , -3.0230  ,  0.1781  ,  0.8257  , -0.1507  ,  2.0884  , -2.7287  ,  0.0000  , 100.0000 ,  0.0000  ,  0.0000  ,  0.0000  ,  0.0000  ,  0.0000  , 100.0000 ,  0.0000  ,  0.0000  ,  0.0000  ,  0.0000
 28.3600  ,  0.2722  ,  0.8133  , -0.4285  ,  2.0041  , -3.0104  ,  0.1778  ,  0.8230  , -0.1423  ,  2.0880  , -2.7321  ,  0.0000  , 100.0000 ,  0.0000  ,  0.0000  ,  0.0000  ,  0.0000  ,  0.0000  , 100.0000 ,  0.0000  ,  0.0000  ,  0.0000  ,  0.0000
 28.3800  ,  0.2584  ,  0.7936  , -0.4322  ,  1.9747  , -2.9980  ,  0.1787  ,  0.8145  , -0.1029  ,  2.0861  , -2.7286  ,  0.0000  , 100.0000 ,  0.0000  ,  0.0000  ,  0.0000  ,  0.0000  ,  0.0000  , 100.0000 ,  0.0000  ,  0.0000  ,  0.0000  ,  0.0000
 28.4000  ,  0.2544  ,  0.7878  , -0.4437  ,  1.9609  , -2.9535  ,  0.1791  ,  0.8121  , -0.0848  ,  2.0832  , -2.7070  ,  0.0000  , 100.0000 ,  0.0000  ,  0.0000  ,  0.0000  ,  0.0000  ,  0.0000  , 100.0000 ,  0.0000  ,  0.0000  ,  0.0000  ,  0.0000
 28.4200  ,  0.2463  ,  0.7788  , -0.4399  ,  1.9530  , -2.9466  ,  0.1793  ,  0.8099  , -0.0647  ,  2.0816  , -2.7002  ,  0.0000  , 100.0000 ,  0.0000  ,  0.0000  ,  0.0000  ,  0.0000  ,  0.0000  , 100.0000 ,  0.0000  ,  0.0000  ,  0.0000  ,  0.0000
 28.4400  ,  0.2248  ,  0.7564  , -0.4498  ,  1.9133  , -2.7948  ,  0.1816  ,  0.8050  , -0.0004  ,  2.0715  , -2.6575  ,  0.0000  , 100.0000 ,  0.0000  ,  0.0000  ,  0.0000  ,  0.0000  ,  0.0000  , 100.0000 ,  0.0000  ,  0.0000  ,  0.0000  ,  0.0000
 28.4600  ,  0.2202  ,  0.7517  , -0.4529  ,  1.9037  , -2.7229  ,  0.1824  ,  0.8042  ,  0.0158  ,  2.0678  , -2.6451  ,  0.0000  , 100.0000 ,  0.0000  ,  0.0000  ,  0.0000  ,  0.0000  ,  0.0000  , 100.0000 ,  0.0000  ,  0.0000  ,  0.0000  ,  0.0000
 28.4800  ,  0.1961  ,  0.7253  , -0.4620  ,  1.8604  , -2.5982  ,  0.1906  ,  0.8040  ,  0.0882  ,  2.0514  , -2.6052  ,  0.0000  , 100.0000 ,  0.0000  ,  0.0000  ,  0.0000  ,  0.0000  ,  0.0000  , 100.0000 ,  0.0000  ,  0.0000  ,  0.0000  ,  0.0000
 28.5000  ,  0.1838  ,  0.7103  , -0.4574  ,  1.8460  , -2.5820  ,  0.1958  ,  0.8054  ,  0.1150  ,  2.0376  , -2.5875  ,  0.0000  , 100.0000 ,  0.0000  ,  0.0000  ,  0.0000  ,  0.0000  ,  0.0000  , 100.0000 ,  0.0000  ,  0.0000  ,  0.0000  ,  0.0000
 28.5200  ,  0.1612  ,  0.6806  , -0.4506  ,  1.8153  , -2.5827  ,  0.2061  ,  0.8098  ,  0.1530  ,  2.0076  , -2.5642  ,  0.0000  , 100.0000 ,  0.0000  ,  0.0000  ,  0.0000  ,  0.0000  ,  0.0000  , 100.0000 ,  0.0000  ,  0.0000  ,  0.0000  ,  0.0000
 28.5400  ,  0.1545  ,  0.6719  , -0.4575  ,  1.7976  , -2.5205  ,  0.2092  ,  0.8113  ,  0.1804  ,  1.9897  , -2.4974  ,  0.0000  , 100.0000 ,  0.0000  ,  0.0000  ,  0.0000  ,  0.0000  ,  0.0000  , 100.0000 ,  0.0000  ,  0.0000  ,  0.0000  ,  0.0000
 28.5600  ,  0.1283  ,  0.6437  , -0.4399  ,  1.7794  , -2.5113  ,  0.2180  ,  0.8172  ,  0.2088  ,  1.9598  , -2.4916  ,  0.0000  , 100.0000 ,  0.0000  ,  0.0000  ,  0.0000  ,  0.0000  ,  0.0000  , 100.0000 ,  0.0000  ,  0.0000  ,  0.0000  ,  0.0000
 28.5800  ,  0.0840  ,  0.6048  , -0.4037  ,  1.7649  , -2.5304  ,  0.2319  ,  0.8289  ,  0.2482  ,  1.9060  , -2.5055  ,  0.0000  , 100.0000 ,  0.0000  ,  0.0000  ,  0.0000  ,  0.0000  ,  0.0000  , 100.0000 ,  0.0000  ,  0.0000  ,  0.0000  ,  0.0000
 28.6000  ,  0.0631  ,  0.5896  , -0.3905  ,  1.7579  , -2.4877  ,  0.2364  ,  0.8338  ,  0.2690  ,  1.8686  , -2.4732  ,  0.0000  , 100.0000 ,  0.0000  ,  0.0000  ,  0.0000  ,  0.0000  ,  0.0000  , 100.0000 ,  0.0000  ,  0.0000  ,  0.0000  ,  0.0000
 28.6200  ,  0.0314  ,  0.5696  , -0.3718  ,  1.7480  , -2.4779  ,  0.2397  ,  0.8400  ,  0.3061  ,  1.8181  , -2.4535  ,  0.0000  , 100.0000 ,  0.0000  ,  0.0000  ,  0.0000  ,  0.0000  ,  0.0000  , 100.0000 ,  0.0000  ,  0.0000  ,  0.0000  ,  0.0000
 28.6400  ,  0.0056  ,  0.5565  , -0.3546  ,  1.7463  , -2.4659  ,  0.2441  ,  0.8443  ,  0.3322  ,  1.7772  , -2.3963  ,  0.0000  , 100.0000 ,  0.0000  ,  0.0000  ,  0.0000  ,  0.0000  ,  0.0000  , 100.0000 ,  0.0000  ,  0.0000  ,  0.0000  ,  0.0000
 28.6600  , -0.0093  ,  0.5490  , -0.3459  ,  1.7440  , -2.4659  ,  0.2467  ,  0.8469  ,  0.3531  ,  1.7447  , -2.3963  ,  0.0000  , 100.0000 ,  0.0000  ,  0.0000  ,  0.0000  ,  0.0000  ,  0.0000  , 100.0000 ,  0.0000  ,  0.0000  ,  0.0000  ,  0.0000
 28.6800  , -0.0324  ,  0.5361  , -0.3321  ,  1.7352  , -2.4744  ,  0.2515  ,  0.8530  ,  0.3952  ,  1.6713  , -2.3901  ,  0.0000  , 100.0000 ,  0.0000  ,  0.0000  ,  0.0000  ,  0.0000  ,  0.0000  , 100.0000 ,  0.0000  ,  0.0000  ,  0.0000  ,  0.0000
 28.7000  , -0.0369  ,  0.5314  , -0.3303  ,  1.7297  , -2.4617  ,  0.2522  ,  0.8555  ,  0.4133  ,  1.6418  , -2.3464  ,  0.0000  , 100.0000 ,  0.0000  ,  0.0000  ,  0.0000  ,  0.0000  ,  0.0000  , 100.0000 ,  0.0000  ,  0.0000  ,  0.0000  ,  0.0000
 28.7200  , -0.0399  ,  0.5216  , -0.3265  ,  1.7211  , -2.4608  ,  0.2516  ,  0.8606  ,  0.4642  ,  1.5654  , -2.3297  ,  0.0000  , 100.0000 ,  0.0000  ,  0.0000  ,  0.0000  ,  0.0000  ,  0.0000  , 100.0000 ,  0.0000  ,  0.0000  ,  0.0000  ,  0.0000
 28.7400  , -0.0372  ,  0.5182  , -0.3269  ,  1.7163  , -2.4517  ,  0.2464  ,  0.8635  ,  0.4810  ,  1.5430  , -2.2527  ,  0.0000  , 100.0000 ,  0.0000  ,  0.0000  ,  0.0000  ,  0.0000  ,  0.0000  , 100.0000 ,  0.0000  ,  0.0000  ,  0.0000  ,  0.0000
 28.7600  , -0.0302  ,  0.5095  , -0.3248  ,  1.7037  , -2.4537  ,  0.2296  ,  0.8707  ,  0.5346  ,  1.4738  , -2.2565  ,  0.0000  , 100.0000 ,  0.0000  ,  0.0000  ,  0.0000  ,  0.0000  ,  0.0000  , 100.0000 ,  0.0000  ,  0.0000  ,  0.0000  ,  0.0000
 28.7800  , -0.0282  ,  0.5069  , -0.3228  ,  1.6998  , -2.4592  ,  0.2236  ,  0.8728  ,  0.5577  ,  1.4442  , -2.2672  ,  0.0000  , 100.0000 ,  0.0000  ,  0.0000  ,  0.0000  ,  0.0000  ,  0.0000  , 100.0000 ,  0.0000  ,  0.0000  ,  0.0000  ,  0.0000
 28.8000  , -0.0264  ,  0.5051  , -0.3174  ,  1.6961  , -2.4711  ,  0.2153  ,  0.8773  ,  0.5790  ,  1.4088  , -2.2582  ,  0.0000  , 100.0000 ,  0.0000  ,  0.0000  ,  0.0000  ,  0.0000  ,  0.0000  , 100.0000 ,  0.0000  ,  0.0000  ,  0.0000  ,  0.0000
 28.8200  , -0.0244  ,  0.5031  , -0.3133  ,  1.6928  , -2.4763  ,  0.2034  ,  0.8842  ,  0.6075  ,  1.3672  , -2.2473  ,  0.0000  , 100.0000 ,  0.0000  ,  0.0000  ,  0.0000  ,  0.0000  ,  0.0000  , 100.0000 ,  0.0000  ,  0.0000  ,  0.0000  ,  0.0000
 28.8400  , -0.0256  ,  0.5020  , -0.3057  ,  1.6914  , -2.4762  ,  0.1970  ,  0.8948  ,  0.6291  ,  1.3199  , -2.2459  ,  0.0000  , 100.0000 ,  0.0000  ,  0.0000  ,  0.0000  ,  0.0000  ,  0.0000  , 100.0000 ,  0.0000  ,  0.0000  ,  0.0000  ,  0.0000
 28.8600  , -0.0275  ,  0.5014  , -0.3005  ,  1.6915  , -2.4799  ,  0.1937  ,  0.9032  ,  0.6383  ,  1.2979  , -2.2486  ,  0.0000  , 100.0000 ,  0.0000  ,  0.0000  ,  0.0000  ,  0.0000  ,  0.0000  , 100.0000 ,  0.0000  ,  0.0000  ,  0.0000  ,  0.0000
 28.8800  , -0.0340  ,  0.5013  , -0.2855  ,  1.6925  , -2.4777  ,  0.1807  ,  0.9219  ,  0.6658  ,  1.2231  , -2.2479  ,  0.0000  , 100.0000 ,  0.0000  ,  0.0000  ,  0.0000  ,  0.0000  ,  0.0000  , 100.0000 ,  0.0000  ,  0.0000  ,  0.0000  ,  0.0000
 28.9000  , -0.0381  ,  0.5002  , -0.2794  ,  1.6939  , -2.4763  ,  0.1725  ,  0.9301  ,  0.6769  ,  1.1931  , -2.2037  ,  0.0000  , 100.0000 ,  0.0000  ,  0.0000  ,  0.0000  ,  0.0000  ,  0.0000  , 100.0000 ,  0.0000  ,  0.0000  ,  0.0000  ,  0.0000
 28.9200  , -0.0445  ,  0.4981  , -0.2674  ,  1.6876  , -2.4762  ,  0.1594  ,  0.9411  ,  0.7009  ,  1.1421  , -2.1721  ,  0.0000  , 100.0000 ,  0.0000  ,  0.0000  ,  0.0000  ,  0.0000  ,  0.0000  , 100.0000 ,  0.0000  ,  0.0000  ,  0.0000  ,  0.0000
 28.9400  , -0.0450  ,  0.4964  , -0.2644  ,  1.6857  , -2.4797  ,  0.1538  ,  0.9475  ,  0.7130  ,  1.1114  , -2.0856  ,  0.0000  , 100.0000 ,  0.0000  ,  0.0000  ,  0.0000  ,  0.0000  ,  0.0000  , 100.0000 ,  0.0000  ,  0.0000  ,  0.0000  ,  0.0000
 28.9600  , -0.0453  ,  0.4956  , -0.2629  ,  1.6841  , -2.4790  ,  0.1509  ,  0.9505  ,  0.7189  ,  1.0970  , -2.0627  ,  0.0000  , 100.0000 ,  0.0000  ,  0.0000  ,  0.0000  ,  0.0000  ,  0.0000  , 100.0000 ,  0.0000  ,  0.0000  ,  0.0000  ,  0.0000
 28.9800  , -0.0442  ,  0.4917  , -0.2605  ,  1.6771  , -2.4738  ,  0.1453  ,  0.9622  ,  0.7415  ,  1.0398  , -2.0479  ,  0.0000  , 100.0000 ,  0.0000  ,  0.0000  ,  0.0000  ,  0.0000  ,  0.0000  , 100.0000 ,  0.0000  ,  0.0000  ,  0.0000  ,  0.0000
 29.0000  , -0.0426  ,  0.4901  , -0.2600  ,  1.6772  , -2.4537  ,  0.1442  ,  0.9664  ,  0.7493  ,  1.0094  , -2.0048  ,  0.0000  , 100.0000 ,  0.0000  ,  0.0000  ,  0.0000  ,  0.0000  ,  0.0000  , 100.0000 ,  0.0000  ,  0.0000  ,  0.0000  ,  0.0000
 29.0200  , -0.0385  ,  0.4870  , -0.2641  ,  1.6669  , -2.4433  ,  0.1427  ,  0.9733  ,  0.7687  ,  0.9831  , -1.9074  ,  0.0000  , 100.0000 ,  0.0000  ,  0.0000  ,  0.0000  ,  0.0000  ,  0.0000  , 100.0000 ,  0.0000  ,  0.0000  ,  0.0000  ,  0.0000
 29.0400  , -0.0379  ,  0.4831  , -0.2649  ,  1.6624  , -2.4433  ,  0.1380  ,  0.9776  ,  0.7786  ,  0.9756  , -1.9074  ,  0.0000  , 100.0000 ,  0.0000  ,  0.0000  ,  0.0000  ,  0.0000  ,  0.0000  , 100.0000 ,  0.0000  ,  0.0000  ,  0.0000  ,  0.0000
 29.0600  , -0.0380  ,  0.4785  , -0.2667  ,  1.6524  , -2.4476  ,  0.1329  ,  0.9812  ,  0.7943  ,  0.9731  , -1.8053  ,  0.0000  , 100.0000 ,  0.0000  ,  0.0000  ,  0.0000  ,  0.0000  ,  0.0000  , 100.0000 ,  0.0000  ,  0.0000  ,  0.0000  ,  0.0000
 29.0800  , -0.0404  ,  0.4736  , -0.2658  ,  1.6505  , -2.4440  ,  0.1287  ,  0.9826  ,  0.8099  ,  0.9823  , -1.7817  ,  0.0000  , 100.0000 ,  0.0000  ,  0.0000  ,  0.0000  ,  0.0000  ,  0.0000  , 100.0000 ,  0.0000  ,  0.0000  ,  0.0000  ,  0.0000
 29.1000  , -0.0430  ,  0.4701  , -0.2663  ,  1.6490  , -2.4239  ,  0.1241  ,  0.9822  ,  0.8211  ,  0.9944  , -1.7372  ,  0.0000  , 100.0000 ,  0.0000  ,  0.0000  ,  0.0000  ,  0.0000  ,  0.0000  , 100.0000 ,  0.0000  ,  0.0000  ,  0.0000  ,  0.0000
 29.1200  , -0.0524  ,  0.4617  , -0.2621  ,  1.6460  , -2.4201  ,  0.1086  ,  0.9780  ,  0.8581  ,  1.0541  , -1.7149  ,  0.0000  , 100.0000 ,  0.0000  ,  0.0000  ,  0.0000  ,  0.0000  ,  0.0000  , 100.0000 ,  0.0000  ,  0.0000  ,  0.0000  ,  0.0000
 29.1400  , -0.0577  ,  0.4581  , -0.2601  ,  1.6488  , -2.4204  ,  0.1002  ,  0.9757  ,  0.8671  ,  1.0733  , -1.6173  ,  0.0000  , 100.0000 ,  0.0000  ,  0.0000  ,  0.0000  ,  0.0000  ,  0.0000  , 100.0000 ,  0.0000  ,  0.0000  ,  0.0000  ,  0.0000
 29.1600  , -0.0624  ,  0.4548  , -0.2594  ,  1.6515  , -2.4213  ,  0.0925  ,  0.9737  ,  0.8827  ,  1.1065  , -1.5894  ,  0.0000  , 100.0000 ,  0.0000  ,  0.0000  ,  0.0000  ,  0.0000  ,  0.0000  , 100.0000 ,  0.0000  ,  0.0000  ,  0.0000  ,  0.0000
 29.1800  , -0.0656  ,  0.4526  , -0.2598  ,  1.6536  , -2.4231  ,  0.0873  ,  0.9725  ,  0.8944  ,  1.1330  , -1.5951  ,  0.0000  , 100.0000 ,  0.0000  ,  0.0000  ,  0.0000  ,  0.0000  ,  0.0000  , 100.0000 ,  0.0000  ,  0.0000  ,  0.0000  ,  0.0000
 29.2000  , -0.0691  ,  0.4406  , -0.2615  ,  1.6578  , -2.4208  ,  0.0666  ,  0.9523  ,  0.9491  ,  1.2622  , -1.4986  ,  0.0000  , 100.0000 ,  0.0000  ,  0.0000  ,  0.0000  ,  0.0000  ,  0.0000  , 100.0000 ,  0.0000  ,  0.0000  ,  0.0000  ,  0.0000
 29.2200  , -0.0690  ,  0.4381  , -0.2624  ,  1.6582  , -2.4173  ,  0.0628  ,  0.9475  ,  0.9631  ,  1.2973  , -1.4928  ,  0.0000  , 100.0000 ,  0.0000  ,  0.0000  ,  0.0000  ,  0.0000  ,  0.0000  , 100.0000 ,  0.0000  ,  0.0000  ,  0.0000  ,  0.0000
 29.2400  , -0.0682  ,  0.4346  , -0.2648  ,  1.6591  , -2.4152  ,  0.0566  ,  0.9382  ,  0.9852  ,  1.3535  , -1.4791  ,  0.0000  , 100.0000 ,  0.0000  ,  0.0000  ,  0.0000  ,  0.0000  ,  0.0000  , 100.0000 ,  0.0000  ,  0.0000  ,  0.0000  ,  0.0000
 29.2600  , -0.0657  ,  0.4301  , -0.2664  ,  1.6544  , -2.4151  ,  0.0491  ,  0.9273  ,  1.0152  ,  1.4464  , -1.4729  ,  0.0000  , 100.0000 ,  0.0000  ,  0.0000  ,  0.0000  ,  0.0000  ,  0.0000  , 100.0000 ,  0.0000  ,  0.0000  ,  0.0000  ,  0.0000
 29.2800  , -0.0645  ,  0.4286  , -0.2670  ,  1.6546  , -2.4162  ,  0.0473  ,  0.9254  ,  1.0236  ,  1.4748  , -1.4521  ,  0.0000  , 100.0000 ,  0.0000  ,  0.0000  ,  0.0000  ,  0.0000  ,  0.0000  , 100.0000 ,  0.0000  ,  0.0000  ,  0.0000  ,  0.0000
 29.3000  , -0.0622  ,  0.4241  , -0.2665  ,  1.6560  , -2.4178  ,  0.0474  ,  0.9279  ,  1.0449  ,  1.5624  , -1.4450  ,  0.0000  , 100.0000 ,  0.0000  ,  0.0000  ,  0.0000  ,  0.0000  ,  0.0000  , 100.0000 ,  0.0000  ,  0.0000  ,  0.0000  ,  0.0000
 29.3200  , -0.0618  ,  0.4226  , -0.2648  ,  1.6633  , -2.4222  ,  0.0491  ,  0.9313  ,  1.0503  ,  1.5798  , -1.4209  ,  0.0000  , 100.0000 ,  0.0000  ,  0.0000  ,  0.0000  ,  0.0000  ,  0.0000  , 100.0000 ,  0.0000  ,  0.0000  ,  0.0000  ,  0.0000
 29.3400  , -0.0652  ,  0.4207  , -0.2604  ,  1.6678  , -2.4219  ,  0.0494  ,  0.9387  ,  1.0624  ,  1.6408  , -1.4115  ,  0.0000  , 100.0000 ,  0.0000  ,  0.0000  ,  0.0000  ,  0.0000  ,  0.0000  , 100.0000 ,  0.0000  ,  0.0000  ,  0.0000  ,  0.0000
 29.3600  , -0.0652  ,  0.4207  , -0.2604  ,  1.6678  , -2.4225  ,  0.0494  ,  0.9387  ,  1.0624  ,  1.6408  , -1.3767  ,  0.0000  , 100.0000 ,  0.0000  ,  0.0000  ,  0.0000  ,  0.0000  ,  0.0000  , 100.0000 ,  0.0000  ,  0.0000  ,  0.0000  ,  0.0000
 29.3800  , -0.0698  ,  0.4197  , -0.2547  ,  1.6743  , -2.4232  ,  0.0475  ,  0.9446  ,  1.0751  ,  1.7101  , -1.3431  ,  0.0000  , 100.0000 ,  0.0000  ,  0.0000  ,  0.0000  ,  0.0000  ,  0.0000  , 100.0000 ,  0.0000  ,  0.0000  ,  0.0000  ,  0.0000
 29.4000  , -0.0750  ,  0.4195  , -0.2494  ,  1.6786  , -2.4269  ,  0.0436  ,  0.9492  ,  1.0887  ,  1.7313  , -1.2817  ,  0.0000  , 100.0000 ,  0.0000  ,  0.0000  ,  0.0000  ,  0.0000  ,  0.0000  , 100.0000 ,  0.0000  ,  0.0000  ,  0.0000  ,  0.0000
 29.4200  , -0.0796  ,  0.4197  , -0.2436  ,  1.6841  , -2.4279  ,  0.0428  ,  0.9558  ,  1.0978  ,  1.8111  , -1.2808  ,  0.0000  , 100.0000 ,  0.0000  ,  0.0000  ,  0.0000  ,  0.0000  ,  0.0000  , 100.0000 ,  0.0000  ,  0.0000  ,  0.0000  ,  0.0000
 29.4400  , -0.0817  ,  0.4205  , -0.2416  ,  1.6861  , -2.4288  ,  0.0476  ,  0.9612  ,  1.0984  ,  1.8492  , -1.2901  ,  0.0000  , 100.0000 ,  0.0000  ,  0.0000  ,  0.0000  ,  0.0000  ,  0.0000  , 100.0000 ,  0.0000  ,  0.0000  ,  0.0000  ,  0.0000
 29.4600  , -0.0826  ,  0.4208  , -0.2404  ,  1.6873  , -2.4286  ,  0.0498  ,  0.9637  ,  1.1025  ,  1.8783  , -1.6777  ,  0.0000  , 100.0000 ,  0.0000  ,  0.0000  ,  0.0000  ,  0.0000  ,  0.0000  , 100.0000 ,  0.0000  ,  0.0000  ,  0.0000  ,  0.0000
 29.4800  , -0.0847  ,  0.4212  , -0.2367  ,  1.6976  , -2.4289  ,  0.0555  ,  0.9659  ,  1.1026  ,  1.9657  , -3.0432  ,  0.0000  , 100.0000 ,  0.0000  ,  0.0000  ,  0.0000  ,  0.0000  ,  0.0000  , 100.0000 ,  0.0000  ,  0.0000  ,  0.0000  ,  0.0000
 29.5000  , -0.0850  ,  0.4212  , -0.2351  ,  1.6976  , -2.4342  ,  0.0565  ,  0.9655  ,  1.1013  ,  1.9918  , -3.6401  ,  0.0000  , 100.0000 ,  0.0000  ,  0.0000  ,  0.0000  ,  0.0000  ,  0.0000  , 100.0000 ,  0.0000  ,  0.0000  ,  0.0000  ,  0.0000
 29.5200  , -0.0892  ,  0.4182  , -0.2208  ,  1.6947  , -2.4375  ,  0.0648  ,  0.9649  ,  1.0885  ,  2.0768  , -3.6620  ,  0.0000  , 100.0000 ,  0.0000  ,  0.0000  ,  0.0000  ,  0.0000  ,  0.0000  , 100.0000 ,  0.0000  ,  0.0000  ,  0.0000  ,  0.0000
 29.5400  , -0.0919  ,  0.4170  , -0.2123  ,  1.6964  , -2.4432  ,  0.0709  ,  0.9654  ,  1.0782  ,  2.1093  , -3.7186  ,  0.0000  , 100.0000 ,  0.0000  ,  0.0000  ,  0.0000  ,  0.0000  ,  0.0000  , 100.0000 ,  0.0000  ,  0.0000  ,  0.0000  ,  0.0000
 29.5600  , -0.0934  ,  0.4164  , -0.2054  ,  1.6974  , -2.4592  ,  0.0743  ,  0.9656  ,  1.0716  ,  2.1273  , -3.6979  ,  0.0000  , 100.0000 ,  0.0000  ,  0.0000  ,  0.0000  ,  0.0000  ,  0.0000  , 100.0000 ,  0.0000  ,  0.0000  ,  0.0000  ,  0.0000
 29.5800  , -0.0954  ,  0.4151  , -0.1892  ,  1.6987  , -2.4777  ,  0.0826  ,  0.9693  ,  1.0503  ,  2.1736  , -3.7150  ,  0.0000  , 100.0000 ,  0.0000  ,  0.0000  ,  0.0000  ,  0.0000  ,  0.0000  , 100.0000 ,  0.0000  ,  0.0000  ,  0.0000  ,  0.0000
 29.6000  , -0.0971  ,  0.4128  , -0.1517  ,  1.7021  , -2.4870  ,  0.0935  ,  0.9767  ,  1.0122  ,  2.2312  , -3.7189  ,  0.0000  , 100.0000 ,  0.0000  ,  0.0000  ,  0.0000  ,  0.0000  ,  0.0000  , 100.0000 ,  0.0000  ,  0.0000  ,  0.0000  ,  0.0000
 29.6200  , -0.0979  ,  0.4106  , -0.1002  ,  1.7036  , -2.4901  ,  0.0997  ,  0.9823  ,  0.9821  ,  2.2656  , -3.7186  ,  0.0000  , 100.0000 ,  0.0000  ,  0.0000  ,  0.0000  ,  0.0000  ,  0.0000  , 100.0000 ,  0.0000  ,  0.0000  ,  0.0000  ,  0.0000
 29.6400  , -0.0927  ,  0.4111  , -0.0681  ,  1.6979  , -2.5025  ,  0.1032  ,  0.9868  ,  0.9609  ,  2.2856  , -3.6937  ,  0.0000  , 100.0000 ,  0.0000  ,  0.0000  ,  0.0000  ,  0.0000  ,  0.0000  , 100.0000 ,  0.0000  ,  0.0000  ,  0.0000  ,  0.0000
 29.6600  , -0.0885  ,  0.4116  , -0.0307  ,  1.6927  , -2.5292  ,  0.1060  ,  0.9904  ,  0.9522  ,  2.2882  , -3.6297  ,  0.0000  , 100.0000 ,  0.0000  ,  0.0000  ,  0.0000  ,  0.0000  ,  0.0000  , 100.0000 ,  0.0000  ,  0.0000  ,  0.0000  ,  0.0000
 29.6800  , -0.0775  ,  0.4141  ,  0.0322  ,  1.6742  , -2.5733  ,  0.1087  ,  0.9926  ,  0.9321  ,  2.3007  , -3.5887  ,  0.0000  , 100.0000 ,  0.0000  ,  0.0000  ,  0.0000  ,  0.0000  ,  0.0000  , 100.0000 ,  0.0000  ,  0.0000  ,  0.0000  ,  0.0000
 29.7000  , -0.0680  ,  0.4170  ,  0.0662  ,  1.6581  , -2.6059  ,  0.1130  ,  0.9931  ,  0.9201  ,  2.3049  , -3.6157  ,  0.0000  , 100.0000 ,  0.0000  ,  0.0000  ,  0.0000  ,  0.0000  ,  0.0000  , 100.0000 ,  0.0000  ,  0.0000  ,  0.0000  ,  0.0000
 29.7200  , -0.0452  ,  0.4248  ,  0.1548  ,  1.6094  , -2.6185  ,  0.1258  ,  0.9926  ,  0.9032  ,  2.3035  , -3.6154  ,  0.0000  , 100.0000 ,  0.0000  ,  0.0000  ,  0.0000  ,  0.0000  ,  0.0000  , 100.0000 ,  0.0000  ,  0.0000  ,  0.0000  ,  0.0000
 29.7400  , -0.0295  ,  0.4318  ,  0.1686  ,  1.5870  , -2.6329  ,  0.1324  ,  0.9914  ,  0.8969  ,  2.3030  , -3.5779  ,  0.0000  , 100.0000 ,  0.0000  ,  0.0000  ,  0.0000  ,  0.0000  ,  0.0000  , 100.0000 ,  0.0000  ,  0.0000  ,  0.0000  ,  0.0000
 29.7600  ,  0.0259  ,  0.4593  ,  0.2400  ,  1.4968  , -2.6129  ,  0.1551  ,  0.9827  ,  0.8800  ,  2.2990  , -3.5516  ,  0.0000  , 100.0000 ,  0.0000  ,  0.0000  ,  0.0000  ,  0.0000  ,  0.0000  , 100.0000 ,  0.0000  ,  0.0000  ,  0.0000  ,  0.0000
 29.7800  ,  0.0393  ,  0.4663  ,  0.2553  ,  1.4749  , -2.5999  ,  0.1604  ,  0.9797  ,  0.8807  ,  2.2955  , -3.5426  ,  0.0000  , 100.0000 ,  0.0000  ,  0.0000  ,  0.0000  ,  0.0000  ,  0.0000  , 100.0000 ,  0.0000  ,  0.0000  ,  0.0000  ,  0.0000
 29.8000  ,  0.0657  ,  0.4841  ,  0.2798  ,  1.4316  , -2.5932  ,  0.1678  ,  0.9755  ,  0.8774  ,  2.2937  , -3.4887  ,  0.0000  , 100.0000 ,  0.0000  ,  0.0000  ,  0.0000  ,  0.0000  ,  0.0000  , 100.0000 ,  0.0000  ,  0.0000  ,  0.0000  ,  0.0000
 29.8200  ,  0.1132  ,  0.5177  ,  0.3239  ,  1.3477  , -2.6203  ,  0.1793  ,  0.9686  ,  0.8753  ,  2.2889  , -3.4681  ,  0.0000  , 100.0000 ,  0.0000  ,  0.0000  ,  0.0000  ,  0.0000  ,  0.0000  , 100.0000 ,  0.0000  ,  0.0000  ,  0.0000  ,  0.0000
 29.8400  ,  0.1750  ,  0.5664  ,  0.3347  ,  1.2441  , -2.6272  ,  0.1879  ,  0.9648  ,  0.8733  ,  2.2853  , -3.4653  ,  0.0000  , 100.0000 ,  0.0000  ,  0.0000  ,  0.0000  ,  0.0000  ,  0.0000  , 100.0000 ,  0.0000  ,  0.0000  ,  0.0000  ,  0.0000
 29.8600  ,  0.2333  ,  0.6152  ,  0.3329  ,  1.1416  , -2.5716  ,  0.1911  ,  0.9648  ,  0.8740  ,  2.2792  , -3.4555  ,  0.0000  , 100.0000 ,  0.0000  ,  0.0000  ,  0.0000  ,  0.0000  ,  0.0000  , 100.0000 ,  0.0000  ,  0.0000  ,  0.0000  ,  0.0000
 29.8800  ,  0.2609  ,  0.6359  ,  0.3314  ,  1.0951  , -2.5297  ,  0.1915  ,  0.9657  ,  0.8747  ,  2.2762  , -3.4418  ,  0.0000  , 100.0000 ,  0.0000  ,  0.0000  ,  0.0000  ,  0.0000  ,  0.0000  , 100.0000 ,  0.0000  ,  0.0000  ,  0.0000  ,  0.0000
 29.9000  ,  0.3125  ,  0.6729  ,  0.3296  ,  1.0103  , -2.4719  ,  0.1924  ,  0.9684  ,  0.8755  ,  2.2701  , -3.4272  ,  0.0000  , 100.0000 ,  0.0000  ,  0.0000  ,  0.0000  ,  0.0000  ,  0.0000  , 100.0000 ,  0.0000  ,  0.0000  ,  0.0000  ,  0.0000
 29.9200  ,  0.3687  ,  0.7047  ,  0.3581  ,  0.9257  , -2.4219  ,  0.1933  ,  0.9724  ,  0.8766  ,  2.2616  , -3.4208  ,  0.0000  , 100.0000 ,  0.0000  ,  0.0000  ,  0.0000  ,  0.0000  ,  0.0000  , 100.0000 ,  0.0000  ,  0.0000  ,  0.0000  ,  0.0000
 29.9400  ,  0.4169  ,  0.7339  ,  0.3379  ,  0.8583  , -2.3794  ,  0.1887  ,  0.9733  ,  0.8795  ,  2.2586  , -3.4221  ,  0.0000  , 100.0000 ,  0.0000  ,  0.0000  ,  0.0000  ,  0.0000  ,  0.0000  , 100.0000 ,  0.0000  ,  0.0000  ,  0.0000  ,  0.0000
 29.9600  ,  0.4426  ,  0.7461  ,  0.3481  ,  0.8302  , -2.3435  ,  0.1854  ,  0.9738  ,  0.8847  ,  2.2555  , -3.4250  ,  0.0000  , 100.0000 ,  0.0000  ,  0.0000  ,  0.0000  ,  0.0000  ,  0.0000  , 100.0000 ,  0.0000  ,  0.0000  ,  0.0000  ,  0.0000
 29.9800  ,  0.4959  ,  0.7799  ,  0.3367  ,  0.7801  , -2.2844  ,  0.1676  ,  0.9720  ,  0.8989  ,  2.2508  , -3.4207  ,  0.0000  , 100.0000 ,  0.0000  ,  0.0000  ,  0.0000  ,  0.0000  ,  0.0000  , 100.0000 ,  0.0000  ,  0.0000  ,  0.0000  ,  0.0000
 30.0000  ,  0.5327  ,  0.7963  ,  0.3221  ,  0.7688  , -2.2170  ,  0.1594  ,  0.9710  ,  0.9080  ,  2.2467  , -3.4157  ,  0.0000  , 100.0000 ,  0.0000  ,  0.0000  ,  0.0000  ,  0.0000  ,  0.0000  , 100.0000 ,  0.0000  ,  0.0000  ,  0.0000  ,  0.0000
 30.0200  ,  0.5890  ,  0.8192  ,  0.3061  ,  0.7561  , -2.1916  ,  0.1458  ,  0.9692  ,  0.9228  ,  2.2425  , -3.4163  ,  0.0000  , 100.0000 ,  0.0000  ,  0.0000  ,  0.0000  ,  0.0000  ,  0.0000  , 100.0000 ,  0.0000  ,  0.0000  ,  0.0000  ,  0.0000
 30.0400  ,  0.6094  ,  0.8273  ,  0.2991  ,  0.7669  , -2.2251  ,  0.1376  ,  0.9680  ,  0.9332  ,  2.2409  , -3.4283  ,  0.0000  , 100.0000 ,  0.0000  ,  0.0000  ,  0.0000  ,  0.0000  ,  0.0000  , 100.0000 ,  0.0000  ,  0.0000  ,  0.0000  ,  0.0000
 30.0600  ,  0.6203  ,  0.8313  ,  0.2880  ,  0.7983  , -2.2266  ,  0.1323  ,  0.9671  ,  0.9391  ,  2.2399  , -3.4532  ,  0.0000  , 100.0000 ,  0.0000  ,  0.0000  ,  0.0000  ,  0.0000  ,  0.0000  , 100.0000 ,  0.0000  ,  0.0000  ,  0.0000  ,  0.0000
 30.0800  ,  0.6611  ,  0.8469  ,  0.2526  ,  0.8549  , -2.2144  ,  0.1137  ,  0.9683  ,  0.9586  ,  2.2390  , -3.4614  ,  0.0000  , 100.0000 ,  0.0000  ,  0.0000  ,  0.0000  ,  0.0000  ,  0.0000  , 100.0000 ,  0.0000  ,  0.0000  ,  0.0000  ,  0.0000
 30.1000  ,  0.6745  ,  0.8520  ,  0.2358  ,  0.8961  , -2.1933  ,  0.1079  ,  0.9697  ,  0.9658  ,  2.2400  , -3.4729  ,  0.0000  , 100.0000 ,  0.0000  ,  0.0000  ,  0.0000  ,  0.0000  ,  0.0000  , 100.0000 ,  0.0000  ,  0.0000  ,  0.0000  ,  0.0000
 30.1200  ,  0.6803  ,  0.8553  ,  0.2129  ,  0.9708  , -2.1755  ,  0.1011  ,  0.9714  ,  0.9728  ,  2.2442  , -3.5156  ,  0.0000  , 100.0000 ,  0.0000  ,  0.0000  ,  0.0000  ,  0.0000  ,  0.0000  , 100.0000 ,  0.0000  ,  0.0000  ,  0.0000  ,  0.0000
 30.1400  ,  0.6659  ,  0.8527  ,  0.2131  ,  1.0874  , -2.2322  ,  0.0931  ,  0.9736  ,  0.9819  ,  2.2511  , -3.5478  ,  0.0000  , 100.0000 ,  0.0000  ,  0.0000  ,  0.0000  ,  0.0000  ,  0.0000  , 100.0000 ,  0.0000  ,  0.0000  ,  0.0000  ,  0.0000
 30.1600  ,  0.6611  ,  0.8525  ,  0.2099  ,  1.1451  , -2.3220  ,  0.0904  ,  0.9744  ,  0.9853  ,  2.2551  , -3.5806  ,  0.0000  , 100.0000 ,  0.0000  ,  0.0000  ,  0.0000  ,  0.0000  ,  0.0000  , 100.0000 ,  0.0000  ,  0.0000  ,  0.0000  ,  0.0000
 30.1800  ,  0.6292  ,  0.8413  ,  0.2292  ,  1.2894  , -2.3220  ,  0.0791  ,  0.9743  ,  0.9947  ,  2.2633  , -3.5806  ,  0.0000  , 100.0000 ,  0.0000  ,  0.0000  ,  0.0000  ,  0.0000  ,  0.0000  , 100.0000 ,  0.0000  ,  0.0000  ,  0.0000  ,  0.0000
 30.2000  ,  0.5640  ,  0.8152  ,  0.2747  ,  1.5616  , -2.8055  ,  0.0577  ,  0.9701  ,  1.0096  ,  2.2925  , -3.6332  ,  0.0000  , 100.0000 ,  0.0000  ,  0.0000  ,  0.0000  ,  0.0000  ,  0.0000  , 100.0000 ,  0.0000  ,  0.0000  ,  0.0000  ,  0.0000
 30.2200  ,  0.5473  ,  0.8073  ,  0.2809  ,  1.6495  , -3.2732  ,  0.0527  ,  0.9685  ,  1.0131  ,  2.3016  , -3.6524  ,  0.0000  , 100.0000 ,  0.0000  ,  0.0000  ,  0.0000  ,  0.0000  ,  0.0000  , 100.0000 ,  0.0000  ,  0.0000  ,  0.0000  ,  0.0000
 30.2400  ,  0.5171  ,  0.7873  ,  0.3026  ,  1.7442  , -3.6011  ,  0.0422  ,  0.9618  ,  1.0199  ,  2.3117  , -3.6578  ,  0.0000  , 100.0000 ,  0.0000  ,  0.0000  ,  0.0000  ,  0.0000  ,  0.0000  , 100.0000 ,  0.0000  ,  0.0000  ,  0.0000  ,  0.0000
 30.2600  ,  0.4744  ,  0.7562  ,  0.3192  ,  1.9310  , -3.7051  ,  0.0271  ,  0.9520  ,  1.0240  ,  2.3390  , -3.6627  ,  0.0000  , 100.0000 ,  0.0000  ,  0.0000  ,  0.0000  ,  0.0000  ,  0.0000  , 100.0000 ,  0.0000  ,  0.0000  ,  0.0000  ,  0.0000
 30.2800  ,  0.4655  ,  0.7492  ,  0.3200  ,  1.9700  , -3.9442  ,  0.0238  ,  0.9499  ,  1.0251  ,  2.3449  , -3.6901  ,  0.0000  , 100.0000 ,  0.0000  ,  0.0000  ,  0.0000  ,  0.0000  ,  0.0000  , 100.0000 ,  0.0000  ,  0.0000  ,  0.0000  ,  0.0000
 30.3000  ,  0.4512  ,  0.7311  ,  0.3018  ,  2.1056  , -3.9018  ,  0.0210  ,  0.9463  ,  1.0251  ,  2.3610  , -3.6897  ,  0.0000  , 100.0000 ,  0.0000  ,  0.0000  ,  0.0000  ,  0.0000  ,  0.0000  , 100.0000 ,  0.0000  ,  0.0000  ,  0.0000  ,  0.0000
 30.3200  ,  0.4497  ,  0.7277  ,  0.3040  ,  2.1350  , -4.0516  ,  0.0214  ,  0.9459  ,  1.0207  ,  2.3590  , -3.7070  ,  0.0000  , 100.0000 ,  0.0000  ,  0.0000  ,  0.0000  ,  0.0000  ,  0.0000  , 100.0000 ,  0.0000  ,  0.0000  ,  0.0000  ,  0.0000
 30.3400  ,  0.4499  ,  0.7252  ,  0.2852  ,  2.1913  , -4.0939  ,  0.0228  ,  0.9465  ,  1.0201  ,  2.3646  , -3.7157  ,  0.0000  , 100.0000 ,  0.0000  ,  0.0000  ,  0.0000  ,  0.0000  ,  0.0000  , 100.0000 ,  0.0000  ,  0.0000  ,  0.0000  ,  0.0000
 30.3600  ,  0.4511  ,  0.7256  ,  0.2616  ,  2.2434  , -4.1677  ,  0.0206  ,  0.9480  ,  1.0220  ,  2.3694  , -3.7052  ,  0.0000  , 100.0000 ,  0.0000  ,  0.0000  ,  0.0000  ,  0.0000  ,  0.0000  , 100.0000 ,  0.0000  ,  0.0000  ,  0.0000  ,  0.0000
 30.3800  ,  0.4525  ,  0.7276  ,  0.2470  ,  2.2657  , -4.1677  ,  0.0167  ,  0.9495  ,  1.0243  ,  2.3704  , -3.7052  ,  0.0000  , 100.0000 ,  0.0000  ,  0.0000  ,  0.0000  ,  0.0000  ,  0.0000  , 100.0000 ,  0.0000  ,  0.0000  ,  0.0000  ,  0.0000
 30.4000  ,  0.4543  ,  0.7307  ,  0.2290  ,  2.2798  , -4.1535  ,  0.0118  ,  0.9513  ,  1.0244  ,  2.3715  , -3.7012  ,  0.0000  , 100.0000 ,  0.0000  ,  0.0000  ,  0.0000  ,  0.0000  ,  0.0000  , 100.0000 ,  0.0000  ,  0.0000  ,  0.0000  ,  0.0000
 30.4200  ,  0.4557  ,  0.7338  ,  0.2175  ,  2.2905  , -4.1192  ,  0.0079  ,  0.9526  ,  1.0264  ,  2.3707  , -3.7005  ,  0.0000  , 100.0000 ,  0.0000  ,  0.0000  ,  0.0000  ,  0.0000  ,  0.0000  , 100.0000 ,  0.0000  ,  0.0000  ,  0.0000  ,  0.0000
 30.4400  ,  0.4564  ,  0.7367  ,  0.2028  ,  2.3021  , -4.0914  ,  0.0012  ,  0.9537  ,  1.0320  ,  2.3690  , -3.6995  ,  0.0000  , 100.0000 ,  0.0000  ,  0.0000  ,  0.0000  ,  0.0000  ,  0.0000  , 100.0000 ,  0.0000  ,  0.0000  ,  0.0000  ,  0.0000
 30.4600  ,  0.4562  ,  0.7371  ,  0.2034  ,  2.3004  , -4.0375  , -0.0013  ,  0.9537  ,  1.0347  ,  2.3663  , -3.6899  ,  0.0000  , 100.0000 ,  0.0000  ,  0.0000  ,  0.0000  ,  0.0000  ,  0.0000  , 100.0000 ,  0.0000  ,  0.0000  ,  0.0000  ,  0.0000
 30.4800  ,  0.4509  ,  0.7362  ,  0.2026  ,  2.2944  , -4.0585  , -0.0081  ,  0.9555  ,  1.0419  ,  2.3630  , -3.6848  ,  0.0000  , 100.0000 ,  0.0000  ,  0.0000  ,  0.0000  ,  0.0000  ,  0.0000  , 100.0000 ,  0.0000  ,  0.0000  ,  0.0000  ,  0.0000
 30.5000  ,  0.4477  ,  0.7359  ,  0.2030  ,  2.2873  , -4.0755  , -0.0123  ,  0.9568  ,  1.0456  ,  2.3609  , -3.6817  ,  0.0000  , 100.0000 ,  0.0000  ,  0.0000  ,  0.0000  ,  0.0000  ,  0.0000  , 100.0000 ,  0.0000  ,  0.0000  ,  0.0000  ,  0.0000
 30.5200  ,  0.4449  ,  0.7358  ,  0.2038  ,  2.2789  , -4.0557  , -0.0159  ,  0.9579  ,  1.0480  ,  2.3545  , -3.6684  ,  0.0000  , 100.0000 ,  0.0000  ,  0.0000  ,  0.0000  ,  0.0000  ,  0.0000  , 100.0000 ,  0.0000  ,  0.0000  ,  0.0000  ,  0.0000
 30.5400  ,  0.4405  ,  0.7362  ,  0.2109  ,  2.2586  , -4.0063  , -0.0230  ,  0.9563  ,  1.0554  ,  2.3535  , -3.6691  ,  0.0000  , 100.0000 ,  0.0000  ,  0.0000  ,  0.0000  ,  0.0000  ,  0.0000  , 100.0000 ,  0.0000  ,  0.0000  ,  0.0000  ,  0.0000
 30.5600  ,  0.4371  ,  0.7364  ,  0.2153  ,  2.2516  , -3.9308  , -0.0254  ,  0.9556  ,  1.0586  ,  2.3538  , -3.6789  ,  0.0000  , 100.0000 ,  0.0000  ,  0.0000  ,  0.0000  ,  0.0000  ,  0.0000  , 100.0000 ,  0.0000  ,  0.0000  ,  0.0000  ,  0.0000
 30.5800  ,  0.4347  ,  0.7365  ,  0.2185  ,  2.2470  , -3.9243  , -0.0269  ,  0.9552  ,  1.0604  ,  2.3541  , -3.6783  ,  0.0000  , 100.0000 ,  0.0000  ,  0.0000  ,  0.0000  ,  0.0000  ,  0.0000  , 100.0000 ,  0.0000  ,  0.0000  ,  0.0000  ,  0.0000
 30.6000  ,  0.4308  ,  0.7356  ,  0.2258  ,  2.2371  , -3.9440  , -0.0302  ,  0.9539  ,  1.0648  ,  2.3523  , -3.6770  ,  0.0000  , 100.0000 ,  0.0000  ,  0.0000  ,  0.0000  ,  0.0000  ,  0.0000  , 100.0000 ,  0.0000  ,  0.0000  ,  0.0000  ,  0.0000
 30.6200  ,  0.4267  ,  0.7334  ,  0.2338  ,  2.2274  , -3.9566  , -0.0334  ,  0.9521  ,  1.0692  ,  2.3526  , -3.6782  ,  0.0000  , 100.0000 ,  0.0000  ,  0.0000  ,  0.0000  ,  0.0000  ,  0.0000  , 100.0000 ,  0.0000  ,  0.0000  ,  0.0000  ,  0.0000
 30.6400  ,  0.4236  ,  0.7324  ,  0.2382  ,  2.2241  , -3.9611  , -0.0348  ,  0.9513  ,  1.0709  ,  2.3526  , -3.6835  ,  0.0000  , 100.0000 ,  0.0000  ,  0.0000  ,  0.0000  ,  0.0000  ,  0.0000  , 100.0000 ,  0.0000  ,  0.0000  ,  0.0000  ,  0.0000
 30.6600  ,  0.4215  ,  0.7320  ,  0.2433  ,  2.2205  , -3.9654  , -0.0355  ,  0.9506  ,  1.0731  ,  2.3502  , -3.6996  ,  0.0000  , 100.0000 ,  0.0000  ,  0.0000  ,  0.0000  ,  0.0000  ,  0.0000  , 100.0000 ,  0.0000  ,  0.0000  ,  0.0000  ,  0.0000
 30.6800  ,  0.4211  ,  0.7324  ,  0.2462  ,  2.2162  , -3.9630  , -0.0349  ,  0.9500  ,  1.0749  ,  2.3484  , -3.7034  ,  0.0000  , 100.0000 ,  0.0000  ,  0.0000  ,  0.0000  ,  0.0000  ,  0.0000  , 100.0000 ,  0.0000  ,  0.0000  ,  0.0000  ,  0.0000
 30.7000  ,  0.4215  ,  0.7320  ,  0.2474  ,  2.2140  , -3.9578  , -0.0326  ,  0.9504  ,  1.0749  ,  2.3456  , -3.6972  ,  0.0000  , 100.0000 ,  0.0000  ,  0.0000  ,  0.0000  ,  0.0000  ,  0.0000  , 100.0000 ,  0.0000  ,  0.0000  ,  0.0000  ,  0.0000
 30.7200  ,  0.4219  ,  0.7315  ,  0.2474  ,  2.2129  , -3.9457  , -0.0303  ,  0.9508  ,  1.0750  ,  2.3431  , -3.6688  ,  0.0000  , 100.0000 ,  0.0000  ,  0.0000  ,  0.0000  ,  0.0000  ,  0.0000  , 100.0000 ,  0.0000  ,  0.0000  ,  0.0000  ,  0.0000
 30.7400  ,  0.4199  ,  0.7296  ,  0.2515  ,  2.2106  , -3.9526  , -0.0318  ,  0.9489  ,  1.0776  ,  2.3381  , -3.6541  ,  0.0000  , 100.0000 ,  0.0000  ,  0.0000  ,  0.0000  ,  0.0000  ,  0.0000  , 100.0000 ,  0.0000  ,  0.0000  ,  0.0000  ,  0.0000
 30.7600  ,  0.4191  ,  0.7290  ,  0.2538  ,  2.2094  , -3.9746  , -0.0324  ,  0.9483  ,  1.0787  ,  2.3358  , -3.6604  ,  0.0000  , 100.0000 ,  0.0000  ,  0.0000  ,  0.0000  ,  0.0000  ,  0.0000  , 100.0000 ,  0.0000  ,  0.0000  ,  0.0000  ,  0.0000
 30.7800  ,  0.4185  ,  0.7278  ,  0.2561  ,  2.2082  , -3.9740  , -0.0317  ,  0.9469  ,  1.0793  ,  2.3339  , -3.6613  ,  0.0000  , 100.0000 ,  0.0000  ,  0.0000  ,  0.0000  ,  0.0000  ,  0.0000  , 100.0000 ,  0.0000  ,  0.0000  ,  0.0000  ,  0.0000
 30.8000  ,  0.4182  ,  0.7253  ,  0.2624  ,  2.2060  , -3.9613  , -0.0292  ,  0.9452  ,  1.0821  ,  2.3281  , -3.6541  ,  0.0000  , 100.0000 ,  0.0000  ,  0.0000  ,  0.0000  ,  0.0000  ,  0.0000  , 100.0000 ,  0.0000  ,  0.0000  ,  0.0000  ,  0.0000
 30.8200  ,  0.4189  ,  0.7246  ,  0.2655  ,  2.2016  , -3.9320  , -0.0278  ,  0.9457  ,  1.0826  ,  2.3219  , -3.6152  ,  0.0000  , 100.0000 ,  0.0000  ,  0.0000  ,  0.0000  ,  0.0000  ,  0.0000  , 100.0000 ,  0.0000  ,  0.0000  ,  0.0000  ,  0.0000
 30.8400  ,  0.4189  ,  0.7232  ,  0.2705  ,  2.1921  , -3.9214  , -0.0270  ,  0.9462  ,  1.0834  ,  2.3117  , -3.5990  ,  0.0000  , 100.0000 ,  0.0000  ,  0.0000  ,  0.0000  ,  0.0000  ,  0.0000  , 100.0000 ,  0.0000  ,  0.0000  ,  0.0000  ,  0.0000
 30.8600  ,  0.4177  ,  0.7204  ,  0.2753  ,  2.1790  , -3.8801  , -0.0265  ,  0.9455  ,  1.0838  ,  2.2981  , -3.5281  ,  0.0000  , 100.0000 ,  0.0000  ,  0.0000  ,  0.0000  ,  0.0000  ,  0.0000  , 100.0000 ,  0.0000  ,  0.0000  ,  0.0000  ,  0.0000
 30.8800  ,  0.4166  ,  0.7185  ,  0.2789  ,  2.1726  , -3.8567  , -0.0264  ,  0.9444  ,  1.0840  ,  2.2864  , -3.4632  ,  0.0000  , 100.0000 ,  0.0000  ,  0.0000  ,  0.0000  ,  0.0000  ,  0.0000  , 100.0000 ,  0.0000  ,  0.0000  ,  0.0000  ,  0.0000
 30.9000  ,  0.4160  ,  0.7159  ,  0.2860  ,  2.1605  , -3.8591  , -0.0243  ,  0.9429  ,  1.0839  ,  2.2700  , -3.4501  ,  0.0000  , 100.0000 ,  0.0000  ,  0.0000  ,  0.0000  ,  0.0000  ,  0.0000  , 100.0000 ,  0.0000  ,  0.0000  ,  0.0000  ,  0.0000
 30.9200  ,  0.4162  ,  0.7144  ,  0.2851  ,  2.1631  , -3.8645  , -0.0220  ,  0.9420  ,  1.0856  ,  2.2535  , -3.3730  ,  0.0000  , 100.0000 ,  0.0000  ,  0.0000  ,  0.0000  ,  0.0000  ,  0.0000  , 100.0000 ,  0.0000  ,  0.0000  ,  0.0000  ,  0.0000
 30.9400  ,  0.4167  ,  0.7127  ,  0.2896  ,  2.1571  , -3.8556  , -0.0200  ,  0.9408  ,  1.0869  ,  2.2402  , -3.3197  ,  0.0000  , 100.0000 ,  0.0000  ,  0.0000  ,  0.0000  ,  0.0000  ,  0.0000  , 100.0000 ,  0.0000  ,  0.0000  ,  0.0000  ,  0.0000
 30.9600  ,  0.4185  ,  0.7079  ,  0.2975  ,  2.1495  , -3.8439  , -0.0196  ,  0.9360  ,  1.0913  ,  2.2168  , -3.2452  ,  0.0000  , 100.0000 ,  0.0000  ,  0.0000  ,  0.0000  ,  0.0000  ,  0.0000  , 100.0000 ,  0.0000  ,  0.0000  ,  0.0000  ,  0.0000
 30.9800  ,  0.4188  ,  0.7068  ,  0.2992  ,  2.1487  , -3.8340  , -0.0205  ,  0.9346  ,  1.0924  ,  2.2095  , -3.0458  ,  0.0000  , 100.0000 ,  0.0000  ,  0.0000  ,  0.0000  ,  0.0000  ,  0.0000  , 100.0000 ,  0.0000  ,  0.0000  ,  0.0000  ,  0.0000
 31.0000  ,  0.4179  ,  0.7052  ,  0.3045  ,  2.1499  , -3.8416  , -0.0228  ,  0.9279  ,  1.0973  ,  2.1860  , -3.0098  ,  0.0000  , 100.0000 ,  0.0000  ,  0.0000  ,  0.0000  ,  0.0000  ,  0.0000  , 100.0000 ,  0.0000  ,  0.0000  ,  0.0000  ,  0.0000
 31.0200  ,  0.4175  ,  0.7048  ,  0.3063  ,  2.1506  , -3.8581  , -0.0236  ,  0.9253  ,  1.0984  ,  2.1780  , -3.0025  ,  0.0000  , 100.0000 ,  0.0000  ,  0.0000  ,  0.0000  ,  0.0000  ,  0.0000  , 100.0000 ,  0.0000  ,  0.0000  ,  0.0000  ,  0.0000
 31.0400  ,  0.4180  ,  0.7032  ,  0.3083  ,  2.1515  , -3.8631  , -0.0215  ,  0.9227  ,  1.0977  ,  2.1728  , -3.0212  ,  0.0000  , 100.0000 ,  0.0000  ,  0.0000  ,  0.0000  ,  0.0000  ,  0.0000  , 100.0000 ,  0.0000  ,  0.0000  ,  0.0000  ,  0.0000
 31.0600  ,  0.4201  ,  0.7005  ,  0.3134  ,  2.1533  , -3.8640  , -0.0205  ,  0.9180  ,  1.0999  ,  2.1602  , -3.0558  ,  0.0000  , 100.0000 ,  0.0000  ,  0.0000  ,  0.0000  ,  0.0000  ,  0.0000  , 100.0000 ,  0.0000  ,  0.0000  ,  0.0000  ,  0.0000
 31.0800  ,  0.4208  ,  0.7000  ,  0.3141  ,  2.1546  , -3.8651  , -0.0210  ,  0.9170  ,  1.1006  ,  2.1595  , -3.0344  ,  0.0000  , 100.0000 ,  0.0000  ,  0.0000  ,  0.0000  ,  0.0000  ,  0.0000  , 100.0000 ,  0.0000  ,  0.0000  ,  0.0000  ,  0.0000
 31.1000  ,  0.4206  ,  0.6995  ,  0.3168  ,  2.1577  , -3.8717  , -0.0240  ,  0.9121  ,  1.1029  ,  2.1591  , -3.0397  ,  0.0000  , 100.0000 ,  0.0000  ,  0.0000  ,  0.0000  ,  0.0000  ,  0.0000  , 100.0000 ,  0.0000  ,  0.0000  ,  0.0000  ,  0.0000
 31.1200  ,  0.4201  ,  0.6995  ,  0.3208  ,  2.1542  , -3.8809  , -0.0256  ,  0.9096  ,  1.1036  ,  2.1578  , -3.0436  ,  0.0000  , 100.0000 ,  0.0000  ,  0.0000  ,  0.0000  ,  0.0000  ,  0.0000  , 100.0000 ,  0.0000  ,  0.0000  ,  0.0000  ,  0.0000
 31.1400  ,  0.4200  ,  0.6998  ,  0.3212  ,  2.1546  , -3.8878  , -0.0252  ,  0.9070  ,  1.1038  ,  2.1586  , -3.0824  ,  0.0000  , 100.0000 ,  0.0000  ,  0.0000  ,  0.0000  ,  0.0000  ,  0.0000  , 100.0000 ,  0.0000  ,  0.0000  ,  0.0000  ,  0.0000
 31.1600  ,  0.4200  ,  0.7004  ,  0.3230  ,  2.1548  , -3.8853  , -0.0246  ,  0.9036  ,  1.1043  ,  2.1597  , -3.1106  ,  0.0000  , 100.0000 ,  0.0000  ,  0.0000  ,  0.0000  ,  0.0000  ,  0.0000  , 100.0000 ,  0.0000  ,  0.0000  ,  0.0000  ,  0.0000
 31.1800  ,  0.4201  ,  0.7013  ,  0.3247  ,  2.1548  , -3.8832  , -0.0234  ,  0.9024  ,  1.1043  ,  2.1591  , -3.1078  ,  0.0000  , 100.0000 ,  0.0000  ,  0.0000  ,  0.0000  ,  0.0000  ,  0.0000  , 100.0000 ,  0.0000  ,  0.0000  ,  0.0000  ,  0.0000
 31.2000  ,  0.4197  ,  0.7035  ,  0.3311  ,  2.1470  , -3.8701  , -0.0218  ,  0.9009  ,  1.1045  ,  2.1513  , -3.0354  ,  0.0000  , 100.0000 ,  0.0000  ,  0.0000  ,  0.0000  ,  0.0000  ,  0.0000  , 100.0000 ,  0.0000  ,  0.0000  ,  0.0000  ,  0.0000
 31.2200  ,  0.4195  ,  0.7042  ,  0.3352  ,  2.1429  , -3.8392  , -0.0216  ,  0.9007  ,  1.1056  ,  2.1449  , -2.9084  ,  0.0000  , 100.0000 ,  0.0000  ,  0.0000  ,  0.0000  ,  0.0000  ,  0.0000  , 100.0000 ,  0.0000  ,  0.0000  ,  0.0000  ,  0.0000
 31.2400  ,  0.4211  ,  0.7061  ,  0.3402  ,  2.1338  , -3.8392  , -0.0221  ,  0.9006  ,  1.1072  ,  2.1358  , -2.9084  ,  0.0000  , 100.0000 ,  0.0000  ,  0.0000  ,  0.0000  ,  0.0000  ,  0.0000  , 100.0000 ,  0.0000  ,  0.0000  ,  0.0000  ,  0.0000
 31.2600  ,  0.4217  ,  0.7068  ,  0.3428  ,  2.1290  , -3.8038  , -0.0223  ,  0.9006  ,  1.1090  ,  2.1239  , -2.7631  ,  0.0000  , 100.0000 ,  0.0000  ,  0.0000  ,  0.0000  ,  0.0000  ,  0.0000  , 100.0000 ,  0.0000  ,  0.0000  ,  0.0000  ,  0.0000
 31.2800  ,  0.4226  ,  0.7086  ,  0.3488  ,  2.1064  , -3.7598  , -0.0211  ,  0.9010  ,  1.1111  ,  2.1081  , -2.5934  ,  0.0000  , 100.0000 ,  0.0000  ,  0.0000  ,  0.0000  ,  0.0000  ,  0.0000  , 100.0000 ,  0.0000  ,  0.0000  ,  0.0000  ,  0.0000
 31.3000  ,  0.4233  ,  0.7102  ,  0.3573  ,  2.0865  , -3.4607  , -0.0194  ,  0.9014  ,  1.1133  ,  2.0891  , -1.8326  ,  0.0000  , 100.0000 ,  0.0000  ,  0.0000  ,  0.0000  ,  0.0000  ,  0.0000  , 100.0000 ,  0.0000  ,  0.0000  ,  0.0000  ,  0.0000
 31.3200  ,  0.4264  ,  0.7134  ,  0.3702  ,  2.0472  , -2.9363  , -0.0111  ,  0.9080  ,  1.1149  ,  2.0302  , -1.3470  ,  0.0000  , 100.0000 ,  0.0000  ,  0.0000  ,  0.0000  ,  0.0000  ,  0.0000  , 100.0000 ,  0.0000  ,  0.0000  ,  0.0000  ,  0.0000
 31.3400  ,  0.4306  ,  0.7123  ,  0.3764  ,  2.0275  , -2.7067  , -0.0057  ,  0.9104  ,  1.1146  ,  2.0087  , -1.2885  ,  0.0000  , 100.0000 ,  0.0000  ,  0.0000  ,  0.0000  ,  0.0000  ,  0.0000  , 100.0000 ,  0.0000  ,  0.0000  ,  0.0000  ,  0.0000
 31.3600  ,  0.4381  ,  0.7105  ,  0.3936  ,  1.9650  , -2.4762  ,  0.0041  ,  0.9128  ,  1.1172  ,  1.9588  , -1.3020  ,  0.0000  , 100.0000 ,  0.0000  ,  0.0000  ,  0.0000  ,  0.0000  ,  0.0000  , 100.0000 ,  0.0000  ,  0.0000  ,  0.0000  ,  0.0000
 31.3800  ,  0.4421  ,  0.7096  ,  0.4051  ,  1.9272  , -1.9813  ,  0.0092  ,  0.9127  ,  1.1182  ,  1.9408  , -1.2587  ,  0.0000  , 100.0000 ,  0.0000  ,  0.0000  ,  0.0000  ,  0.0000  ,  0.0000  , 100.0000 ,  0.0000  ,  0.0000  ,  0.0000  ,  0.0000
 31.4000  ,  0.4465  ,  0.7080  ,  0.4283  ,  1.8746  , -1.8999  ,  0.0191  ,  0.9127  ,  1.1250  ,  1.8964  , -1.2688  ,  0.0000  , 100.0000 ,  0.0000  ,  0.0000  ,  0.0000  ,  0.0000  ,  0.0000  , 100.0000 ,  0.0000  ,  0.0000  ,  0.0000  ,  0.0000
 31.4200  ,  0.4471  ,  0.7076  ,  0.4372  ,  1.8536  , -1.8710  ,  0.0215  ,  0.9127  ,  1.1271  ,  1.8846  , -1.2664  ,  0.0000  , 100.0000 ,  0.0000  ,  0.0000  ,  0.0000  ,  0.0000  ,  0.0000  , 100.0000 ,  0.0000  ,  0.0000  ,  0.0000  ,  0.0000
 31.4400  ,  0.4468  ,  0.7088  ,  0.4465  ,  1.8331  , -1.7333  ,  0.0223  ,  0.9145  ,  1.1304  ,  1.8661  , -1.1136  ,  0.0000  , 100.0000 ,  0.0000  ,  0.0000  ,  0.0000  ,  0.0000  ,  0.0000  , 100.0000 ,  0.0000  ,  0.0000  ,  0.0000  ,  0.0000
 31.4600  ,  0.4473  ,  0.7113  ,  0.4547  ,  1.8010  , -1.7076  ,  0.0230  ,  0.9163  ,  1.1380  ,  1.8298  , -1.0516  ,  0.0000  , 100.0000 ,  0.0000  ,  0.0000  ,  0.0000  ,  0.0000  ,  0.0000  , 100.0000 ,  0.0000  ,  0.0000  ,  0.0000  ,  0.0000
 31.4800  ,  0.4482  ,  0.7130  ,  0.4591  ,  1.7863  , -1.7196  ,  0.0229  ,  0.9167  ,  1.1463  ,  1.8119  , -1.0231  ,  0.0000  , 100.0000 ,  0.0000  ,  0.0000  ,  0.0000  ,  0.0000  ,  0.0000  , 100.0000 ,  0.0000  ,  0.0000  ,  0.0000  ,  0.0000
 31.5000  ,  0.4488  ,  0.7156  ,  0.4771  ,  1.7484  , -1.7322  ,  0.0219  ,  0.9163  ,  1.1522  ,  1.8026  , -1.0770  ,  0.0000  , 100.0000 ,  0.0000  ,  0.0000  ,  0.0000  ,  0.0000  ,  0.0000  , 100.0000 ,  0.0000  ,  0.0000  ,  0.0000  ,  0.0000
 31.5200  ,  0.4487  ,  0.7212  ,  0.4829  ,  1.7214  , -1.6708  ,  0.0177  ,  0.9130  ,  1.1662  ,  1.7950  , -1.1031  ,  0.0000  , 100.0000 ,  0.0000  ,  0.0000  ,  0.0000  ,  0.0000  ,  0.0000  , 100.0000 ,  0.0000  ,  0.0000  ,  0.0000  ,  0.0000
 31.5400  ,  0.4467  ,  0.7271  ,  0.4873  ,  1.7032  , -1.5856  ,  0.0082  ,  0.9093  ,  1.1773  ,  1.7955  , -1.0870  ,  0.0000  , 100.0000 ,  0.0000  ,  0.0000  ,  0.0000  ,  0.0000  ,  0.0000  , 100.0000 ,  0.0000  ,  0.0000  ,  0.0000  ,  0.0000
 31.5600  ,  0.4434  ,  0.7309  ,  0.4894  ,  1.6876  , -1.5472  , -0.0003  ,  0.9055  ,  1.1879  ,  1.7925  , -1.0720  ,  0.0000  , 100.0000 ,  0.0000  ,  0.0000  ,  0.0000  ,  0.0000  ,  0.0000  , 100.0000 ,  0.0000  ,  0.0000  ,  0.0000  ,  0.0000
 31.5800  ,  0.4365  ,  0.7323  ,  0.4969  ,  1.6747  , -1.6236  , -0.0102  ,  0.9003  ,  1.1986  ,  1.7918  , -1.0999  ,  0.0000  , 100.0000 ,  0.0000  ,  0.0000  ,  0.0000  ,  0.0000  ,  0.0000  , 100.0000 ,  0.0000  ,  0.0000  ,  0.0000  ,  0.0000
 31.6000  ,  0.4281  ,  0.7326  ,  0.5081  ,  1.6539  , -1.6587  , -0.0191  ,  0.8912  ,  1.2005  ,  1.7932  , -1.1262  ,  0.0000  , 100.0000 ,  0.0000  ,  0.0000  ,  0.0000  ,  0.0000  ,  0.0000  , 100.0000 ,  0.0000  ,  0.0000  ,  0.0000  ,  0.0000
 31.6200  ,  0.4235  ,  0.7339  ,  0.5122  ,  1.6378  , -1.7462  , -0.0231  ,  0.8873  ,  1.2065  ,  1.7853  , -1.1326  ,  0.0000  , 100.0000 ,  0.0000  ,  0.0000  ,  0.0000  ,  0.0000  ,  0.0000  , 100.0000 ,  0.0000  ,  0.0000  ,  0.0000  ,  0.0000
 31.6400  ,  0.4217  ,  0.7353  ,  0.5128  ,  1.6302  , -1.7508  , -0.0239  ,  0.8868  ,  1.2084  ,  1.7779  , -1.0893  ,  0.0000  , 100.0000 ,  0.0000  ,  0.0000  ,  0.0000  ,  0.0000  ,  0.0000  , 100.0000 ,  0.0000  ,  0.0000  ,  0.0000  ,  0.0000
 31.6600  ,  0.4203  ,  0.7434  ,  0.5121  ,  1.5830  , -1.6857  , -0.0230  ,  0.8896  ,  1.2081  ,  1.7545  , -1.0304  ,  0.0000  , 100.0000 ,  0.0000  ,  0.0000  ,  0.0000  ,  0.0000  ,  0.0000  , 100.0000 ,  0.0000  ,  0.0000  ,  0.0000  ,  0.0000
 31.6800  ,  0.4211  ,  0.7484  ,  0.5099  ,  1.5593  , -1.5873  , -0.0214  ,  0.8926  ,  1.2073  ,  1.7286  , -1.0006  ,  0.0000  , 100.0000 ,  0.0000  ,  0.0000  ,  0.0000  ,  0.0000  ,  0.0000  , 100.0000 ,  0.0000  ,  0.0000  ,  0.0000  ,  0.0000
 31.7000  ,  0.4224  ,  0.7502  ,  0.5095  ,  1.5454  , -1.4522  , -0.0206  ,  0.8941  ,  1.2070  ,  1.7136  , -0.9491  ,  0.0000  , 100.0000 ,  0.0000  ,  0.0000  ,  0.0000  ,  0.0000  ,  0.0000  , 100.0000 ,  0.0000  ,  0.0000  ,  0.0000  ,  0.0000
 31.7200  ,  0.4275  ,  0.7554  ,  0.5051  ,  1.4916  , -1.4413  , -0.0166  ,  0.8991  ,  1.2058  ,  1.6648  , -0.9501  ,  0.0000  , 100.0000 ,  0.0000  ,  0.0000  ,  0.0000  ,  0.0000  ,  0.0000  , 100.0000 ,  0.0000  ,  0.0000  ,  0.0000  ,  0.0000
 31.7400  ,  0.4299  ,  0.7571  ,  0.5051  ,  1.4747  , -1.4399  , -0.0142  ,  0.9010  ,  1.2060  ,  1.6425  , -0.9504  ,  0.0000  , 100.0000 ,  0.0000  ,  0.0000  ,  0.0000  ,  0.0000  ,  0.0000  , 100.0000 ,  0.0000  ,  0.0000  ,  0.0000  ,  0.0000
 31.7600  ,  0.4358  ,  0.7622  ,  0.5078  ,  1.4137  , -1.4430  , -0.0060  ,  0.9083  ,  1.2059  ,  1.5816  , -0.9372  ,  0.0000  , 100.0000 ,  0.0000  ,  0.0000  ,  0.0000  ,  0.0000  ,  0.0000  , 100.0000 ,  0.0000  ,  0.0000  ,  0.0000  ,  0.0000
 31.7800  ,  0.4380  ,  0.7643  ,  0.5109  ,  1.3788  , -1.4395  , -0.0025  ,  0.9112  ,  1.2069  ,  1.5516  , -0.9331  ,  0.0000  , 100.0000 ,  0.0000  ,  0.0000  ,  0.0000  ,  0.0000  ,  0.0000  , 100.0000 ,  0.0000  ,  0.0000  ,  0.0000  ,  0.0000
 31.8000  ,  0.4445  ,  0.7735  ,  0.5052  ,  1.3318  , -1.4164  ,  0.0000  ,  0.9163  ,  1.2069  ,  1.5083  , -0.9599  ,  0.0000  , 100.0000 ,  0.0000  ,  0.0000  ,  0.0000  ,  0.0000  ,  0.0000  , 100.0000 ,  0.0000  ,  0.0000  ,  0.0000  ,  0.0000
 31.8200  ,  0.4502  ,  0.7804  ,  0.5013  ,  1.2812  , -1.4135  ,  0.0029  ,  0.9205  ,  1.2084  ,  1.4556  , -0.9749  ,  0.0000  , 100.0000 ,  0.0000  ,  0.0000  ,  0.0000  ,  0.0000  ,  0.0000  , 100.0000 ,  0.0000  ,  0.0000  ,  0.0000  ,  0.0000
 31.8400  ,  0.4559  ,  0.7855  ,  0.4979  ,  1.2420  , -1.4206  ,  0.0066  ,  0.9238  ,  1.2097  ,  1.4182  , -0.9825  ,  0.0000  , 100.0000 ,  0.0000  ,  0.0000  ,  0.0000  ,  0.0000  ,  0.0000  , 100.0000 ,  0.0000  ,  0.0000  ,  0.0000  ,  0.0000
 31.8600  ,  0.4617  ,  0.7929  ,  0.4964  ,  1.1725  , -1.4825  ,  0.0116  ,  0.9295  ,  1.2105  ,  1.3653  , -0.9854  ,  0.0000  , 100.0000 ,  0.0000  ,  0.0000  ,  0.0000  ,  0.0000  ,  0.0000  , 100.0000 ,  0.0000  ,  0.0000  ,  0.0000  ,  0.0000
 31.8800  ,  0.4665  ,  0.8004  ,  0.4923  ,  1.1159  , -1.5194  ,  0.0170  ,  0.9357  ,  1.2113  ,  1.3019  , -1.0021  ,  0.0000  , 100.0000 ,  0.0000  ,  0.0000  ,  0.0000  ,  0.0000  ,  0.0000  , 100.0000 ,  0.0000  ,  0.0000  ,  0.0000  ,  0.0000
 31.9000  ,  0.4715  ,  0.8075  ,  0.4860  ,  1.0753  , -1.5591  ,  0.0203  ,  0.9418  ,  1.2108  ,  1.2658  , -1.0472  ,  0.0000  , 100.0000 ,  0.0000  ,  0.0000  ,  0.0000  ,  0.0000  ,  0.0000  , 100.0000 ,  0.0000  ,  0.0000  ,  0.0000  ,  0.0000
 31.9200  ,  0.4831  ,  0.8200  ,  0.4740  ,  0.9796  , -1.5564  ,  0.0246  ,  0.9527  ,  1.2105  ,  1.1870  , -1.0691  ,  0.0000  , 100.0000 ,  0.0000  ,  0.0000  ,  0.0000  ,  0.0000  ,  0.0000  , 100.0000 ,  0.0000  ,  0.0000  ,  0.0000  ,  0.0000
 31.9400  ,  0.4929  ,  0.8280  ,  0.4624  ,  0.9266  , -1.5598  ,  0.0263  ,  0.9598  ,  1.2098  ,  1.1331  , -1.0986  ,  0.0000  , 100.0000 ,  0.0000  ,  0.0000  ,  0.0000  ,  0.0000  ,  0.0000  , 100.0000 ,  0.0000  ,  0.0000  ,  0.0000  ,  0.0000
 31.9600  ,  0.5037  ,  0.8352  ,  0.4505  ,  0.8674  , -1.6082  ,  0.0283  ,  0.9688  ,  1.2081  ,  1.0810  , -1.1742  ,  0.0000  , 100.0000 ,  0.0000  ,  0.0000  ,  0.0000  ,  0.0000  ,  0.0000  , 100.0000 ,  0.0000  ,  0.0000  ,  0.0000  ,  0.0000
 31.9800  ,  0.5208  ,  0.8445  ,  0.4319  ,  0.7858  , -1.6357  ,  0.0320  ,  0.9848  ,  1.2053  ,  0.9903  , -1.1959  ,  0.0000  , 100.0000 ,  0.0000  ,  0.0000  ,  0.0000  ,  0.0000  ,  0.0000  , 100.0000 ,  0.0000  ,  0.0000  ,  0.0000  ,  0.0000
 32.0000  ,  0.5316  ,  0.8504  ,  0.4191  ,  0.7318  , -1.7061  ,  0.0373  ,  0.9973  ,  1.2009  ,  0.9352  , -1.2650  ,  0.0000  , 100.0000 ,  0.0000  ,  0.0000  ,  0.0000  ,  0.0000  ,  0.0000  , 100.0000 ,  0.0000  ,  0.0000  ,  0.0000  ,  0.0000
 32.0200  ,  0.5478  ,  0.8592  ,  0.3971  ,  0.6335  , -1.7200  ,  0.0453  ,  1.0154  ,  1.1960  ,  0.8271  , -1.3348  ,  0.0000  , 100.0000 ,  0.0000  ,  0.0000  ,  0.0000  ,  0.0000  ,  0.0000  , 100.0000 ,  0.0000  ,  0.0000  ,  0.0000  ,  0.0000
 32.0400  ,  0.5525  ,  0.8620  ,  0.3886  ,  0.6045  , -1.7420  ,  0.0470  ,  1.0204  ,  1.1942  ,  0.8005  , -1.3866  ,  0.0000  , 100.0000 ,  0.0000  ,  0.0000  ,  0.0000  ,  0.0000  ,  0.0000  , 100.0000 ,  0.0000  ,  0.0000  ,  0.0000  ,  0.0000
 32.0600  ,  0.5600  ,  0.8681  ,  0.3630  ,  0.5267  , -1.7597  ,  0.0524  ,  1.0367  ,  1.1897  ,  0.7015  , -1.3967  ,  0.0000  , 100.0000 ,  0.0000  ,  0.0000  ,  0.0000  ,  0.0000  ,  0.0000  , 100.0000 ,  0.0000  ,  0.0000  ,  0.0000  ,  0.0000
 32.0800  ,  0.5613  ,  0.8694  ,  0.3546  ,  0.5020  , -1.8169  ,  0.0544  ,  1.0416  ,  1.1874  ,  0.6724  , -1.3866  ,  0.0000  , 100.0000 ,  0.0000  ,  0.0000  ,  0.0000  ,  0.0000  ,  0.0000  , 100.0000 ,  0.0000  ,  0.0000  ,  0.0000  ,  0.0000
 32.1000  ,  0.5605  ,  0.8707  ,  0.3459  ,  0.4813  , -1.8625  ,  0.0558  ,  1.0453  ,  1.1865  ,  0.6358  , -1.3999  ,  0.0000  , 100.0000 ,  0.0000  ,  0.0000  ,  0.0000  ,  0.0000  ,  0.0000  , 100.0000 ,  0.0000  ,  0.0000  ,  0.0000  ,  0.0000
 32.1200  ,  0.5529  ,  0.8727  ,  0.3322  ,  0.4425  , -1.8792  ,  0.0552  ,  1.0481  ,  1.1898  ,  0.5816  , -1.4059  ,  0.0000  , 100.0000 ,  0.0000  ,  0.0000  ,  0.0000  ,  0.0000  ,  0.0000  , 100.0000 ,  0.0000  ,  0.0000  ,  0.0000  ,  0.0000
 32.1400  ,  0.5518  ,  0.8728  ,  0.3286  ,  0.4311  , -1.8983  ,  0.0541  ,  1.0477  ,  1.1907  ,  0.5694  , -1.4229  ,  0.0000  , 100.0000 ,  0.0000  ,  0.0000  ,  0.0000  ,  0.0000  ,  0.0000  , 100.0000 ,  0.0000  ,  0.0000  ,  0.0000  ,  0.0000
 32.1600  ,  0.5487  ,  0.8729  ,  0.3214  ,  0.4131  , -1.9204  ,  0.0517  ,  1.0463  ,  1.1926  ,  0.5497  , -1.4391  ,  0.0000  , 100.0000 ,  0.0000  ,  0.0000  ,  0.0000  ,  0.0000  ,  0.0000  , 100.0000 ,  0.0000  ,  0.0000  ,  0.0000  ,  0.0000
 32.1800  ,  0.5415  ,  0.8726  ,  0.3177  ,  0.3942  , -1.9266  ,  0.0462  ,  1.0425  ,  1.1969  ,  0.5322  , -1.4448  ,  0.0000  , 100.0000 ,  0.0000  ,  0.0000  ,  0.0000  ,  0.0000  ,  0.0000  , 100.0000 ,  0.0000  ,  0.0000  ,  0.0000  ,  0.0000
 32.2000  ,  0.5366  ,  0.8722  ,  0.3137  ,  0.3898  , -1.9315  ,  0.0415  ,  1.0390  ,  1.1979  ,  0.5286  , -1.4539  ,  0.0000  , 100.0000 ,  0.0000  ,  0.0000  ,  0.0000  ,  0.0000  ,  0.0000  , 100.0000 ,  0.0000  ,  0.0000  ,  0.0000  ,  0.0000
 32.2200  ,  0.5318  ,  0.8718  ,  0.3105  ,  0.3907  , -1.9301  ,  0.0381  ,  1.0368  ,  1.1970  ,  0.5268  , -1.4542  ,  0.0000  , 100.0000 ,  0.0000  ,  0.0000  ,  0.0000  ,  0.0000  ,  0.0000  , 100.0000 ,  0.0000  ,  0.0000  ,  0.0000  ,  0.0000
 32.2400  ,  0.5272  ,  0.8715  ,  0.3068  ,  0.3932  , -1.9275  ,  0.0356  ,  1.0353  ,  1.1988  ,  0.5291  , -1.4508  ,  0.0000  , 100.0000 ,  0.0000  ,  0.0000  ,  0.0000  ,  0.0000  ,  0.0000  , 100.0000 ,  0.0000  ,  0.0000  ,  0.0000  ,  0.0000
 32.2600  ,  0.5251  ,  0.8717  ,  0.3279  ,  0.4052  , -1.9432  ,  0.0325  ,  1.0347  ,  1.1951  ,  0.5302  , -1.4657  ,  0.0000  , 100.0000 ,  0.0000  ,  0.0000  ,  0.0000  ,  0.0000  ,  0.0000  , 100.0000 ,  0.0000  ,  0.0000  ,  0.0000  ,  0.0000
 32.2800  ,  0.5239  ,  0.8719  ,  0.3248  ,  0.4105  , -1.9430  ,  0.0300  ,  1.0345  ,  1.1902  ,  0.5339  , -1.4690  ,  0.0000  , 100.0000 ,  0.0000  ,  0.0000  ,  0.0000  ,  0.0000  ,  0.0000  , 100.0000 ,  0.0000  ,  0.0000  ,  0.0000  ,  0.0000
 32.3000  ,  0.5258  ,  0.8721  ,  0.3235  ,  0.4140  , -1.9558  ,  0.0300  ,  1.0352  ,  1.1857  ,  0.5374  , -1.4843  ,  0.0000  , 100.0000 ,  0.0000  ,  0.0000  ,  0.0000  ,  0.0000  ,  0.0000  , 100.0000 ,  0.0000  ,  0.0000  ,  0.0000  ,  0.0000
 32.3200  ,  0.5267  ,  0.8722  ,  0.3298  ,  0.4207  , -1.9658  ,  0.0300  ,  1.0355  ,  1.1817  ,  0.5458  , -1.4908  ,  0.0000  , 100.0000 ,  0.0000  ,  0.0000  ,  0.0000  ,  0.0000  ,  0.0000  , 100.0000 ,  0.0000  ,  0.0000  ,  0.0000  ,  0.0000
 32.3400  ,  0.5318  ,  0.8739  ,  0.3231  ,  0.4255  , -1.9701  ,  0.0305  ,  1.0378  ,  1.1736  ,  0.5512  , -1.4902  ,  0.0000  , 100.0000 ,  0.0000  ,  0.0000  ,  0.0000  ,  0.0000  ,  0.0000  , 100.0000 ,  0.0000  ,  0.0000  ,  0.0000  ,  0.0000
 32.3600  ,  0.5321  ,  0.8745  ,  0.3192  ,  0.4307  , -1.9761  ,  0.0288  ,  1.0387  ,  1.1664  ,  0.5564  , -1.4958  ,  0.0000  , 100.0000 ,  0.0000  ,  0.0000  ,  0.0000  ,  0.0000  ,  0.0000  , 100.0000 ,  0.0000  ,  0.0000  ,  0.0000  ,  0.0000
 32.3800  ,  0.5324  ,  0.8750  ,  0.3158  ,  0.4372  , -1.9747  ,  0.0275  ,  1.0394  ,  1.1567  ,  0.5671  , -1.4971  ,  0.0000  , 100.0000 ,  0.0000  ,  0.0000  ,  0.0000  ,  0.0000  ,  0.0000  , 100.0000 ,  0.0000  ,  0.0000  ,  0.0000  ,  0.0000
 32.4000  ,  0.5386  ,  0.8763  ,  0.3175  ,  0.4498  , -1.9809  ,  0.0253  ,  1.0416  ,  1.1424  ,  0.5781  , -1.5050  ,  0.0000  , 100.0000 ,  0.0000  ,  0.0000  ,  0.0000  ,  0.0000  ,  0.0000  , 100.0000 ,  0.0000  ,  0.0000  ,  0.0000  ,  0.0000
 32.4200  ,  0.5411  ,  0.8767  ,  0.3147  ,  0.4542  , -1.9953  ,  0.0246  ,  1.0424  ,  1.1361  ,  0.5838  , -1.5180  ,  0.0000  , 100.0000 ,  0.0000  ,  0.0000  ,  0.0000  ,  0.0000  ,  0.0000  , 100.0000 ,  0.0000  ,  0.0000  ,  0.0000  ,  0.0000
 32.4400  ,  0.5465  ,  0.8777  ,  0.3020  ,  0.4567  , -2.0017  ,  0.0248  ,  1.0430  ,  1.1232  ,  0.6039  , -1.5224  ,  0.0000  , 100.0000 ,  0.0000  ,  0.0000  ,  0.0000  ,  0.0000  ,  0.0000  , 100.0000 ,  0.0000  ,  0.0000  ,  0.0000  ,  0.0000
 32.4600  ,  0.5470  ,  0.8769  ,  0.3047  ,  0.4606  , -2.0135  ,  0.0243  ,  1.0428  ,  1.1197  ,  0.6096  , -1.5303  ,  0.0000  , 100.0000 ,  0.0000  ,  0.0000  ,  0.0000  ,  0.0000  ,  0.0000  , 100.0000 ,  0.0000  ,  0.0000  ,  0.0000  ,  0.0000
 32.4800  ,  0.5484  ,  0.8760  ,  0.3036  ,  0.4713  , -2.0277  ,  0.0215  ,  1.0418  ,  1.1111  ,  0.6248  , -1.5406  ,  0.0000  , 100.0000 ,  0.0000  ,  0.0000  ,  0.0000  ,  0.0000  ,  0.0000  , 100.0000 ,  0.0000  ,  0.0000  ,  0.0000  ,  0.0000
 32.5000  ,  0.5488  ,  0.8761  ,  0.3014  ,  0.4737  , -2.0402  ,  0.0204  ,  1.0413  ,  1.1089  ,  0.6293  , -1.5504  ,  0.0000  , 100.0000 ,  0.0000  ,  0.0000  ,  0.0000  ,  0.0000  ,  0.0000  , 100.0000 ,  0.0000  ,  0.0000  ,  0.0000  ,  0.0000
 32.5200  ,  0.5494  ,  0.8770  ,  0.3154  ,  0.4746  , -2.0915  ,  0.0185  ,  1.0404  ,  1.1033  ,  0.6436  , -1.5827  ,  0.0000  , 100.0000 ,  0.0000  ,  0.0000  ,  0.0000  ,  0.0000  ,  0.0000  , 100.0000 ,  0.0000  ,  0.0000  ,  0.0000  ,  0.0000
 32.5400  ,  0.5500  ,  0.8786  ,  0.3035  ,  0.4775  , -2.1288  ,  0.0167  ,  1.0394  ,  1.0985  ,  0.6513  , -1.6032  ,  0.0000  , 100.0000 ,  0.0000  ,  0.0000  ,  0.0000  ,  0.0000  ,  0.0000  , 100.0000 ,  0.0000  ,  0.0000  ,  0.0000  ,  0.0000
 32.5600  ,  0.5508  ,  0.8790  ,  0.2976  ,  0.4780  , -2.1335  ,  0.0154  ,  1.0393  ,  1.0938  ,  0.6539  , -1.6072  ,  0.0000  , 100.0000 ,  0.0000  ,  0.0000  ,  0.0000  ,  0.0000  ,  0.0000  , 100.0000 ,  0.0000  ,  0.0000  ,  0.0000  ,  0.0000
 32.5800  ,  0.5510  ,  0.8791  ,  0.2573  ,  0.4851  , -2.1418  ,  0.0151  ,  1.0392  ,  1.0883  ,  0.6595  , -1.6163  ,  0.0000  , 100.0000 ,  0.0000  ,  0.0000  ,  0.0000  ,  0.0000  ,  0.0000  , 100.0000 ,  0.0000  ,  0.0000  ,  0.0000  ,  0.0000
 32.6000  ,  0.5489  ,  0.8779  ,  0.2506  ,  0.4882  , -2.1723  ,  0.0130  ,  1.0375  ,  1.0827  ,  0.6628  , -1.6405  ,  0.0000  , 100.0000 ,  0.0000  ,  0.0000  ,  0.0000  ,  0.0000  ,  0.0000  , 100.0000 ,  0.0000  ,  0.0000  ,  0.0000  ,  0.0000
 32.6200  ,  0.5468  ,  0.8770  ,  0.2492  ,  0.4910  , -2.2201  ,  0.0117  ,  1.0352  ,  1.0828  ,  0.6668  , -1.6585  ,  0.0000  , 100.0000 ,  0.0000  ,  0.0000  ,  0.0000  ,  0.0000  ,  0.0000  , 100.0000 ,  0.0000  ,  0.0000  ,  0.0000  ,  0.0000
 32.6400  ,  0.5442  ,  0.8760  ,  0.2504  ,  0.4992  , -2.2342  ,  0.0101  ,  1.0326  ,  1.0782  ,  0.6755  , -1.6556  ,  0.0000  , 100.0000 ,  0.0000  ,  0.0000  ,  0.0000  ,  0.0000  ,  0.0000  , 100.0000 ,  0.0000  ,  0.0000  ,  0.0000  ,  0.0000
 32.6600  ,  0.5408  ,  0.8747  ,  0.2458  ,  0.5036  , -2.2340  ,  0.0070  ,  1.0288  ,  1.0737  ,  0.6826  , -1.6571  ,  0.0000  , 100.0000 ,  0.0000  ,  0.0000  ,  0.0000  ,  0.0000  ,  0.0000  , 100.0000 ,  0.0000  ,  0.0000  ,  0.0000  ,  0.0000
 32.6800  ,  0.5395  ,  0.8741  ,  0.2434  ,  0.5058  , -2.2179  ,  0.0055  ,  1.0273  ,  1.0719  ,  0.6863  , -1.6546  ,  0.0000  , 100.0000 ,  0.0000  ,  0.0000  ,  0.0000  ,  0.0000  ,  0.0000  , 100.0000 ,  0.0000  ,  0.0000  ,  0.0000  ,  0.0000
 32.7000  ,  0.5357  ,  0.8724  ,  0.2401  ,  0.5131  , -2.2000  ,  0.0018  ,  1.0236  ,  1.0669  ,  0.6973  , -1.6303  ,  0.0000  , 100.0000 ,  0.0000  ,  0.0000  ,  0.0000  ,  0.0000  ,  0.0000  , 100.0000 ,  0.0000  ,  0.0000  ,  0.0000  ,  0.0000
 32.7200  ,  0.5286  ,  0.8685  ,  0.2344  ,  0.5352  , -2.1833  , -0.0025  ,  1.0166  ,  1.0539  ,  0.7282  , -1.5926  ,  0.0000  , 100.0000 ,  0.0000  ,  0.0000  ,  0.0000  ,  0.0000  ,  0.0000  , 100.0000 ,  0.0000  ,  0.0000  ,  0.0000  ,  0.0000
 32.7400  ,  0.5269  ,  0.8672  ,  0.2355  ,  0.5437  , -2.0956  , -0.0028  ,  1.0148  ,  1.0513  ,  0.7382  , -1.5198  ,  0.0000  , 100.0000 ,  0.0000  ,  0.0000  ,  0.0000  ,  0.0000  ,  0.0000  , 100.0000 ,  0.0000  ,  0.0000  ,  0.0000  ,  0.0000
 32.7600  ,  0.5248  ,  0.8648  ,  0.2410  ,  0.5566  , -2.0260  , -0.0032  ,  1.0106  ,  1.0498  ,  0.7599  , -1.4846  ,  0.0000  , 100.0000 ,  0.0000  ,  0.0000  ,  0.0000  ,  0.0000  ,  0.0000  , 100.0000 ,  0.0000  ,  0.0000  ,  0.0000  ,  0.0000
 32.7800  ,  0.5213  ,  0.8584  ,  0.2526  ,  0.6054  , -1.9679  , -0.0035  ,  0.9989  ,  1.0538  ,  0.8255  , -1.4801  ,  0.0000  , 100.0000 ,  0.0000  ,  0.0000  ,  0.0000  ,  0.0000  ,  0.0000  , 100.0000 ,  0.0000  ,  0.0000  ,  0.0000  ,  0.0000
 32.8000  ,  0.5159  ,  0.8486  ,  0.2852  ,  0.6477  , -1.9709  , -0.0069  ,  0.9838  ,  1.0655  ,  0.8834  , -1.4887  ,  0.0000  , 100.0000 ,  0.0000  ,  0.0000  ,  0.0000  ,  0.0000  ,  0.0000  , 100.0000 ,  0.0000  ,  0.0000  ,  0.0000  ,  0.0000
 32.8200  ,  0.5091  ,  0.8390  ,  0.3153  ,  0.7112  , -1.9800  , -0.0103  ,  0.9682  ,  1.0750  ,  0.9634  , -1.4843  ,  0.0000  , 100.0000 ,  0.0000  ,  0.0000  ,  0.0000  ,  0.0000  ,  0.0000  , 100.0000 ,  0.0000  ,  0.0000  ,  0.0000  ,  0.0000
 32.8400  ,  0.5053  ,  0.8343  ,  0.3281  ,  0.7453  , -1.9843  , -0.0120  ,  0.9605  ,  1.0796  ,  1.0084  , -1.4779  ,  0.0000  , 100.0000 ,  0.0000  ,  0.0000  ,  0.0000  ,  0.0000  ,  0.0000  , 100.0000 ,  0.0000  ,  0.0000  ,  0.0000  ,  0.0000
 32.8600  ,  0.4938  ,  0.8253  ,  0.3454  ,  0.7904  , -1.9725  , -0.0154  ,  0.9445  ,  1.0886  ,  1.0975  , -1.4563  ,  0.0000  , 100.0000 ,  0.0000  ,  0.0000  ,  0.0000  ,  0.0000  ,  0.0000  , 100.0000 ,  0.0000  ,  0.0000  ,  0.0000  ,  0.0000
 32.8800  ,  0.4889  ,  0.8216  ,  0.3566  ,  0.8429  , -1.9577  , -0.0167  ,  0.9381  ,  1.0933  ,  1.1386  , -1.4504  ,  0.0000  , 100.0000 ,  0.0000  ,  0.0000  ,  0.0000  ,  0.0000  ,  0.0000  , 100.0000 ,  0.0000  ,  0.0000  ,  0.0000  ,  0.0000
 32.9000  ,  0.4816  ,  0.8159  ,  0.3862  ,  0.9333  , -1.9475  , -0.0169  ,  0.9212  ,  1.1049  ,  1.2441  , -1.4564  ,  0.0000  , 100.0000 ,  0.0000  ,  0.0000  ,  0.0000  ,  0.0000  ,  0.0000  , 100.0000 ,  0.0000  ,  0.0000  ,  0.0000  ,  0.0000
 32.9200  ,  0.4806  ,  0.8151  ,  0.3885  ,  0.9937  , -1.9442  , -0.0165  ,  0.9168  ,  1.1076  ,  1.3011  , -1.4680  ,  0.0000  , 100.0000 ,  0.0000  ,  0.0000  ,  0.0000  ,  0.0000  ,  0.0000  , 100.0000 ,  0.0000  ,  0.0000  ,  0.0000  ,  0.0000
 32.9400  ,  0.4808  ,  0.8152  ,  0.3885  ,  1.0410  , -1.9472  , -0.0161  ,  0.9150  ,  1.1083  ,  1.3438  , -1.4741  ,  0.0000  , 100.0000 ,  0.0000  ,  0.0000  ,  0.0000  ,  0.0000  ,  0.0000  , 100.0000 ,  0.0000  ,  0.0000  ,  0.0000  ,  0.0000
 32.9600  ,  0.4820  ,  0.8173  ,  0.3850  ,  1.1231  , -1.9590  , -0.0138  ,  0.9174  ,  1.1057  ,  1.4048  , -1.4718  ,  0.0000  , 100.0000 ,  0.0000  ,  0.0000  ,  0.0000  ,  0.0000  ,  0.0000  , 100.0000 ,  0.0000  ,  0.0000  ,  0.0000  ,  0.0000
 32.9800  ,  0.4826  ,  0.8187  ,  0.3812  ,  1.1879  , -2.0096  , -0.0123  ,  0.9193  ,  1.1027  ,  1.4499  , -1.4949  ,  0.0000  , 100.0000 ,  0.0000  ,  0.0000  ,  0.0000  ,  0.0000  ,  0.0000  , 100.0000 ,  0.0000  ,  0.0000  ,  0.0000  ,  0.0000
 33.0000  ,  0.4833  ,  0.8197  ,  0.3797  ,  1.2377  , -2.0382  , -0.0117  ,  0.9231  ,  1.0997  ,  1.4812  , -1.5239  ,  0.0000  , 100.0000 ,  0.0000  ,  0.0000  ,  0.0000  ,  0.0000  ,  0.0000  , 100.0000 ,  0.0000  ,  0.0000  ,  0.0000  ,  0.0000
 33.0200  ,  0.4834  ,  0.8219  ,  0.3765  ,  1.3386  , -2.0750  , -0.0128  ,  0.9286  ,  1.0949  ,  1.5603  , -1.5580  ,  0.0000  , 100.0000 ,  0.0000  ,  0.0000  ,  0.0000  ,  0.0000  ,  0.0000  , 100.0000 ,  0.0000  ,  0.0000  ,  0.0000  ,  0.0000
 33.0400  ,  0.4830  ,  0.8232  ,  0.3746  ,  1.3817  , -2.2264  , -0.0148  ,  0.9306  ,  1.0931  ,  1.5948  , -1.6443  ,  0.0000  , 100.0000 ,  0.0000  ,  0.0000  ,  0.0000  ,  0.0000  ,  0.0000  , 100.0000 ,  0.0000  ,  0.0000  ,  0.0000  ,  0.0000
 33.0600  ,  0.4842  ,  0.8271  ,  0.3667  ,  1.4957  , -2.3032  , -0.0190  ,  0.9411  ,  1.0851  ,  1.6744  , -1.6612  ,  0.0000  , 100.0000 ,  0.0000  ,  0.0000  ,  0.0000  ,  0.0000  ,  0.0000  , 100.0000 ,  0.0000  ,  0.0000  ,  0.0000  ,  0.0000
 33.0800  ,  0.4862  ,  0.8282  ,  0.3636  ,  1.5415  , -2.5850  , -0.0192  ,  0.9475  ,  1.0799  ,  1.7146  , -1.7395  ,  0.0000  , 100.0000 ,  0.0000  ,  0.0000  ,  0.0000  ,  0.0000  ,  0.0000  , 100.0000 ,  0.0000  ,  0.0000  ,  0.0000  ,  0.0000
 33.1000  ,  0.4900  ,  0.8293  ,  0.3578  ,  1.6545  , -2.9788  , -0.0200  ,  0.9579  ,  1.0743  ,  1.7463  , -1.9284  ,  0.0000  , 100.0000 ,  0.0000  ,  0.0000  ,  0.0000  ,  0.0000  ,  0.0000  , 100.0000 ,  0.0000  ,  0.0000  ,  0.0000  ,  0.0000
 33.1200  ,  0.4913  ,  0.8294  ,  0.3552  ,  1.6842  , -3.0870  , -0.0222  ,  0.9597  ,  1.0727  ,  1.7732  , -2.0293  ,  0.0000  , 100.0000 ,  0.0000  ,  0.0000  ,  0.0000  ,  0.0000  ,  0.0000  , 100.0000 ,  0.0000  ,  0.0000  ,  0.0000  ,  0.0000
 33.1400  ,  0.4927  ,  0.8294  ,  0.3518  ,  1.7250  , -3.1582  , -0.0246  ,  0.9617  ,  1.0707  ,  1.8113  , -2.1374  ,  0.0000  , 100.0000 ,  0.0000  ,  0.0000  ,  0.0000  ,  0.0000  ,  0.0000  , 100.0000 ,  0.0000  ,  0.0000  ,  0.0000  ,  0.0000
 33.1600  ,  0.4943  ,  0.8305  ,  0.3474  ,  1.7584  , -3.3483  , -0.0262  ,  0.9638  ,  1.0682  ,  1.8486  , -2.3800  ,  0.0000  , 100.0000 ,  0.0000  ,  0.0000  ,  0.0000  ,  0.0000  ,  0.0000  , 100.0000 ,  0.0000  ,  0.0000  ,  0.0000  ,  0.0000
 33.1800  ,  0.5033  ,  0.8408  ,  0.3216  ,  1.8644  , -3.5538  , -0.0229  ,  0.9771  ,  1.0511  ,  1.9542  , -2.7467  ,  0.0000  , 100.0000 ,  0.0000  ,  0.0000  ,  0.0000  ,  0.0000  ,  0.0000  , 100.0000 ,  0.0000  ,  0.0000  ,  0.0000  ,  0.0000
 33.2000  ,  0.5080  ,  0.8447  ,  0.3084  ,  1.9190  , -3.6201  , -0.0175  ,  0.9843  ,  1.0415  ,  2.0030  , -2.8513  ,  0.0000  , 100.0000 ,  0.0000  ,  0.0000  ,  0.0000  ,  0.0000  ,  0.0000  , 100.0000 ,  0.0000  ,  0.0000  ,  0.0000  ,  0.0000
 33.2200  ,  0.5134  ,  0.8500  ,  0.2926  ,  1.9614  , -3.6802  , -0.0108  ,  0.9927  ,  1.0310  ,  2.0396  , -2.9599  ,  0.0000  , 100.0000 ,  0.0000  ,  0.0000  ,  0.0000  ,  0.0000  ,  0.0000  , 100.0000 ,  0.0000  ,  0.0000  ,  0.0000  ,  0.0000
 33.2400  ,  0.5178  ,  0.8536  ,  0.2829  ,  1.9849  , -3.8288  , -0.0072  ,  0.9984  ,  1.0271  ,  2.0593  , -3.2811  ,  0.0000  , 100.0000 ,  0.0000  ,  0.0000  ,  0.0000  ,  0.0000  ,  0.0000  , 100.0000 ,  0.0000  ,  0.0000  ,  0.0000  ,  0.0000
 33.2600  ,  0.5232  ,  0.8576  ,  0.2716  ,  2.0113  , -3.8652  , -0.0043  ,  1.0047  ,  1.0204  ,  2.0873  , -3.3745  ,  0.0000  , 100.0000 ,  0.0000  ,  0.0000  ,  0.0000  ,  0.0000  ,  0.0000  , 100.0000 ,  0.0000  ,  0.0000  ,  0.0000  ,  0.0000
 33.2800  ,  0.5346  ,  0.8668  ,  0.2485  ,  2.0605  , -3.9335  ,  0.0003  ,  1.0177  ,  1.0076  ,  2.1423  , -3.5178  ,  0.0000  , 100.0000 ,  0.0000  ,  0.0000  ,  0.0000  ,  0.0000  ,  0.0000  , 100.0000 ,  0.0000  ,  0.0000  ,  0.0000  ,  0.0000
 33.3000  ,  0.5395  ,  0.8709  ,  0.2392  ,  2.0784  , -3.9593  ,  0.0018  ,  1.0231  ,  1.0067  ,  2.1526  , -3.5818  ,  0.0000  , 100.0000 ,  0.0000  ,  0.0000  ,  0.0000  ,  0.0000  ,  0.0000  , 100.0000 ,  0.0000  ,  0.0000  ,  0.0000  ,  0.0000
 33.3200  ,  0.5507  ,  0.8788  ,  0.2142  ,  2.1315  , -4.0215  ,  0.0004  ,  1.0343  ,  0.9980  ,  2.2150  , -3.7124  ,  0.0000  , 100.0000 ,  0.0000  ,  0.0000  ,  0.0000  ,  0.0000  ,  0.0000  , 100.0000 ,  0.0000  ,  0.0000  ,  0.0000  ,  0.0000
 33.3400  ,  0.5524  ,  0.8809  ,  0.2080  ,  2.1461  , -4.0419  , -0.0012  ,  1.0374  ,  0.9966  ,  2.2323  , -3.7607  ,  0.0000  , 100.0000 ,  0.0000  ,  0.0000  ,  0.0000  ,  0.0000  ,  0.0000  , 100.0000 ,  0.0000  ,  0.0000  ,  0.0000  ,  0.0000
 33.3600  ,  0.5536  ,  0.8840  ,  0.1993  ,  2.1681  , -4.0536  , -0.0046  ,  1.0418  ,  0.9955  ,  2.2553  , -3.7924  ,  0.0000  , 100.0000 ,  0.0000  ,  0.0000  ,  0.0000  ,  0.0000  ,  0.0000  , 100.0000 ,  0.0000  ,  0.0000  ,  0.0000  ,  0.0000
 33.3800  ,  0.5546  ,  0.8873  ,  0.1828  ,  2.2112  , -4.0746  , -0.0120  ,  1.0471  ,  1.0022  ,  2.2730  , -3.8484  ,  0.0000  , 100.0000 ,  0.0000  ,  0.0000  ,  0.0000  ,  0.0000  ,  0.0000  , 100.0000 ,  0.0000  ,  0.0000  ,  0.0000  ,  0.0000
 33.4000  ,  0.5546  ,  0.8881  ,  0.1744  ,  2.2318  , -4.0808  , -0.0187  ,  1.0495  ,  1.0038  ,  2.2984  , -3.8731  ,  0.0000  , 100.0000 ,  0.0000  ,  0.0000  ,  0.0000  ,  0.0000  ,  0.0000  , 100.0000 ,  0.0000  ,  0.0000  ,  0.0000  ,  0.0000
 33.4200  ,  0.5541  ,  0.8895  ,  0.1711  ,  2.2392  , -4.1012  , -0.0234  ,  1.0497  ,  1.0057  ,  2.3072  , -3.9184  ,  0.0000  , 100.0000 ,  0.0000  ,  0.0000  ,  0.0000  ,  0.0000  ,  0.0000  , 100.0000 ,  0.0000  ,  0.0000  ,  0.0000  ,  0.0000
 33.4400  ,  0.5507  ,  0.8914  ,  0.1623  ,  2.2660  , -4.0983  , -0.0379  ,  1.0484  ,  1.0192  ,  2.3019  , -3.9157  ,  0.0000  , 100.0000 ,  0.0000  ,  0.0000  ,  0.0000  ,  0.0000  ,  0.0000  , 100.0000 ,  0.0000  ,  0.0000  ,  0.0000  ,  0.0000
 33.4600  ,  0.5470  ,  0.8909  ,  0.1628  ,  2.2755  , -4.0983  , -0.0468  ,  1.0464  ,  1.0252  ,  2.3130  , -3.9178  ,  0.0000  , 100.0000 ,  0.0000  ,  0.0000  ,  0.0000  ,  0.0000  ,  0.0000  , 100.0000 ,  0.0000  ,  0.0000  ,  0.0000  ,  0.0000
 33.4800  ,  0.5419  ,  0.8899  ,  0.1647  ,  2.2864  , -4.0906  , -0.0593  ,  1.0416  ,  1.0340  ,  2.3221  , -3.9115  ,  0.0000  , 100.0000 ,  0.0000  ,  0.0000  ,  0.0000  ,  0.0000  ,  0.0000  , 100.0000 ,  0.0000  ,  0.0000  ,  0.0000  ,  0.0000
 33.5000  ,  0.5392  ,  0.8893  ,  0.1652  ,  2.2916  , -4.0947  , -0.0662  ,  1.0386  ,  1.0477  ,  2.3148  , -3.9128  ,  0.0000  , 100.0000 ,  0.0000  ,  0.0000  ,  0.0000  ,  0.0000  ,  0.0000  , 100.0000 ,  0.0000  ,  0.0000  ,  0.0000  ,  0.0000
 33.5200  ,  0.5368  ,  0.8876  ,  0.1674  ,  2.2927  , -4.1027  , -0.0723  ,  1.0356  ,  1.0539  ,  2.3165  , -3.9155  ,  0.0000  , 100.0000 ,  0.0000  ,  0.0000  ,  0.0000  ,  0.0000  ,  0.0000  , 100.0000 ,  0.0000  ,  0.0000  ,  0.0000  ,  0.0000
 33.5400  ,  0.5351  ,  0.8863  ,  0.1701  ,  2.2911  , -4.1044  , -0.0755  ,  1.0333  ,  1.0584  ,  2.3157  , -3.9237  ,  0.0000  , 100.0000 ,  0.0000  ,  0.0000  ,  0.0000  ,  0.0000  ,  0.0000  , 100.0000 ,  0.0000  ,  0.0000  ,  0.0000  ,  0.0000
 33.5600  ,  0.5336  ,  0.8851  ,  0.1711  ,  2.2894  , -4.0954  , -0.0771  ,  1.0314  ,  1.0609  ,  2.3189  , -3.9274  ,  0.0000  , 100.0000 ,  0.0000  ,  0.0000  ,  0.0000  ,  0.0000  ,  0.0000  , 100.0000 ,  0.0000  ,  0.0000  ,  0.0000  ,  0.0000
 33.5800  ,  0.5302  ,  0.8822  ,  0.1780  ,  2.2843  , -4.0806  , -0.0815  ,  1.0267  ,  1.0685  ,  2.3127  , -3.9234  ,  0.0000  , 100.0000 ,  0.0000  ,  0.0000  ,  0.0000  ,  0.0000  ,  0.0000  , 100.0000 ,  0.0000  ,  0.0000  ,  0.0000  ,  0.0000
 33.6000  ,  0.5287  ,  0.8807  ,  0.1819  ,  2.2813  , -4.0714  , -0.0819  ,  1.0246  ,  1.0715  ,  2.3091  , -3.9205  ,  0.0000  , 100.0000 ,  0.0000  ,  0.0000  ,  0.0000  ,  0.0000  ,  0.0000  , 100.0000 ,  0.0000  ,  0.0000  ,  0.0000  ,  0.0000
 33.6200  ,  0.5271  ,  0.8786  ,  0.1866  ,  2.2777  , -4.0721  , -0.0803  ,  1.0225  ,  1.0734  ,  2.3054  , -3.9157  ,  0.0000  , 100.0000 ,  0.0000  ,  0.0000  ,  0.0000  ,  0.0000  ,  0.0000  , 100.0000 ,  0.0000  ,  0.0000  ,  0.0000  ,  0.0000
 33.6400  ,  0.5237  ,  0.8746  ,  0.1933  ,  2.2719  , -4.0767  , -0.0772  ,  1.0189  ,  1.0746  ,  2.3053  , -3.9164  ,  0.0000  , 100.0000 ,  0.0000  ,  0.0000  ,  0.0000  ,  0.0000  ,  0.0000  , 100.0000 ,  0.0000  ,  0.0000  ,  0.0000  ,  0.0000
 33.6600  ,  0.5207  ,  0.8712  ,  0.1998  ,  2.2652  , -4.0817  , -0.0743  ,  1.0163  ,  1.0751  ,  2.2987  , -3.9243  ,  0.0000  , 100.0000 ,  0.0000  ,  0.0000  ,  0.0000  ,  0.0000  ,  0.0000  , 100.0000 ,  0.0000  ,  0.0000  ,  0.0000  ,  0.0000
 33.6800  ,  0.5194  ,  0.8673  ,  0.2040  ,  2.2628  , -4.0753  , -0.0718  ,  1.0136  ,  1.0750  ,  2.2944  , -3.9245  ,  0.0000  , 100.0000 ,  0.0000  ,  0.0000  ,  0.0000  ,  0.0000  ,  0.0000  , 100.0000 ,  0.0000  ,  0.0000  ,  0.0000  ,  0.0000
 33.7000  ,  0.5186  ,  0.8650  ,  0.2068  ,  2.2606  , -4.0710  , -0.0704  ,  1.0120  ,  1.0705  ,  2.3005  , -3.9198  ,  0.0000  , 100.0000 ,  0.0000  ,  0.0000  ,  0.0000  ,  0.0000  ,  0.0000  , 100.0000 ,  0.0000  ,  0.0000  ,  0.0000  ,  0.0000
 33.7200  ,  0.5139  ,  0.8585  ,  0.2157  ,  2.2552  , -4.0662  , -0.0632  ,  1.0048  ,  1.0702  ,  2.2946  , -3.9137  ,  0.0000  , 100.0000 ,  0.0000  ,  0.0000  ,  0.0000  ,  0.0000  ,  0.0000  , 100.0000 ,  0.0000  ,  0.0000  ,  0.0000  ,  0.0000
 33.7400  ,  0.5126  ,  0.8552  ,  0.2209  ,  2.2514  , -4.0660  , -0.0590  ,  1.0015  ,  1.0696  ,  2.2926  , -3.9087  ,  0.0000  , 100.0000 ,  0.0000  ,  0.0000  ,  0.0000  ,  0.0000  ,  0.0000  , 100.0000 ,  0.0000  ,  0.0000  ,  0.0000  ,  0.0000
 33.7600  ,  0.5123  ,  0.8526  ,  0.2245  ,  2.2484  , -4.0680  , -0.0556  ,  0.9995  ,  1.0646  ,  2.2952  , -3.9099  ,  0.0000  , 100.0000 ,  0.0000  ,  0.0000  ,  0.0000  ,  0.0000  ,  0.0000  , 100.0000 ,  0.0000  ,  0.0000  ,  0.0000  ,  0.0000
 33.7800  ,  0.5093  ,  0.8460  ,  0.2315  ,  2.2450  , -4.0667  , -0.0513  ,  0.9937  ,  1.0651  ,  2.2922  , -3.9100  ,  0.0000  , 100.0000 ,  0.0000  ,  0.0000  ,  0.0000  ,  0.0000  ,  0.0000  , 100.0000 ,  0.0000  ,  0.0000  ,  0.0000  ,  0.0000
 33.8000  ,  0.5083  ,  0.8441  ,  0.2343  ,  2.2437  , -4.0559  , -0.0504  ,  0.9920  ,  1.0653  ,  2.2915  , -3.9076  ,  0.0000  , 100.0000 ,  0.0000  ,  0.0000  ,  0.0000  ,  0.0000  ,  0.0000  , 100.0000 ,  0.0000  ,  0.0000  ,  0.0000  ,  0.0000
 33.8200  ,  0.5044  ,  0.8380  ,  0.2423  ,  2.2417  , -4.0516  , -0.0481  ,  0.9872  ,  1.0627  ,  2.2981  , -3.9062  ,  0.0000  , 100.0000 ,  0.0000  ,  0.0000  ,  0.0000  ,  0.0000  ,  0.0000  , 100.0000 ,  0.0000  ,  0.0000  ,  0.0000  ,  0.0000
 33.8400  ,  0.5033  ,  0.8359  ,  0.2451  ,  2.2409  , -4.0435  , -0.0462  ,  0.9850  ,  1.0623  ,  2.2974  , -3.9014  ,  0.0000  , 100.0000 ,  0.0000  ,  0.0000  ,  0.0000  ,  0.0000  ,  0.0000  , 100.0000 ,  0.0000  ,  0.0000  ,  0.0000  ,  0.0000
 33.8600  ,  0.5022  ,  0.8337  ,  0.2484  ,  2.2398  , -4.0430  , -0.0442  ,  0.9826  ,  1.0621  ,  2.2962  , -3.9004  ,  0.0000  , 100.0000 ,  0.0000  ,  0.0000  ,  0.0000  ,  0.0000  ,  0.0000  , 100.0000 ,  0.0000  ,  0.0000  ,  0.0000  ,  0.0000
 33.8800  ,  0.5011  ,  0.8291  ,  0.2558  ,  2.2356  , -4.0447  , -0.0409  ,  0.9784  ,  1.0612  ,  2.2927  , -3.8978  ,  0.0000  , 100.0000 ,  0.0000  ,  0.0000  ,  0.0000  ,  0.0000  ,  0.0000  , 100.0000 ,  0.0000  ,  0.0000  ,  0.0000  ,  0.0000
 33.9000  ,  0.5012  ,  0.8281  ,  0.2547  ,  2.2369  , -4.0447  , -0.0403  ,  0.9776  ,  1.0565  ,  2.2973  , -3.8978  ,  0.0000  , 100.0000 ,  0.0000  ,  0.0000  ,  0.0000  ,  0.0000  ,  0.0000  , 100.0000 ,  0.0000  ,  0.0000  ,  0.0000  ,  0.0000
 33.9200  ,  0.4996  ,  0.8224  ,  0.2624  ,  2.2339  , -4.0382  , -0.0357  ,  0.9720  ,  1.0539  ,  2.2948  , -3.8968  ,  0.0000  , 100.0000 ,  0.0000  ,  0.0000  ,  0.0000  ,  0.0000  ,  0.0000  , 100.0000 ,  0.0000  ,  0.0000  ,  0.0000  ,  0.0000
 33.9400  ,  0.5000  ,  0.8206  ,  0.2646  ,  2.2322  , -4.0291  , -0.0337  ,  0.9705  ,  1.0524  ,  2.2934  , -3.8946  ,  0.0000  , 100.0000 ,  0.0000  ,  0.0000  ,  0.0000  ,  0.0000  ,  0.0000  , 100.0000 ,  0.0000  ,  0.0000  ,  0.0000  ,  0.0000
 33.9600  ,  0.5003  ,  0.8191  ,  0.2649  ,  2.2323  , -4.0291  , -0.0321  ,  0.9692  ,  1.0474  ,  2.2989  , -3.8946  ,  0.0000  , 100.0000 ,  0.0000  ,  0.0000  ,  0.0000  ,  0.0000  ,  0.0000  , 100.0000 ,  0.0000  ,  0.0000  ,  0.0000  ,  0.0000
 33.9800  ,  0.4994  ,  0.8148  ,  0.2696  ,  2.2301  , -4.0206  , -0.0271  ,  0.9666  ,  1.0435  ,  2.2966  , -3.8897  ,  0.0000  , 100.0000 ,  0.0000  ,  0.0000  ,  0.0000  ,  0.0000  ,  0.0000  , 100.0000 ,  0.0000  ,  0.0000  ,  0.0000  ,  0.0000
 34.0000  ,  0.4990  ,  0.8133  ,  0.2721  ,  2.2283  , -4.0163  , -0.0253  ,  0.9656  ,  1.0421  ,  2.2955  , -3.8891  ,  0.0000  , 100.0000 ,  0.0000  ,  0.0000  ,  0.0000  ,  0.0000  ,  0.0000  , 100.0000 ,  0.0000  ,  0.0000  ,  0.0000  ,  0.0000
 34.0200  ,  0.4986  ,  0.8101  ,  0.2744  ,  2.2281  , -4.0123  , -0.0212  ,  0.9636  ,  1.0357  ,  2.2965  , -3.8864  ,  0.0000  , 100.0000 ,  0.0000  ,  0.0000  ,  0.0000  ,  0.0000  ,  0.0000  , 100.0000 ,  0.0000  ,  0.0000  ,  0.0000  ,  0.0000
 34.0400  ,  0.4972  ,  0.8085  ,  0.2770  ,  2.2265  , -3.9956  , -0.0196  ,  0.9621  ,  1.0346  ,  2.2956  , -3.8776  ,  0.0000  , 100.0000 ,  0.0000  ,  0.0000  ,  0.0000  ,  0.0000  ,  0.0000  , 100.0000 ,  0.0000  ,  0.0000  ,  0.0000  ,  0.0000
 34.0600  ,  0.4957  ,  0.8068  ,  0.2806  ,  2.2230  , -3.9901  , -0.0179  ,  0.9604  ,  1.0332  ,  2.2937  , -3.8753  ,  0.0000  , 100.0000 ,  0.0000  ,  0.0000  ,  0.0000  ,  0.0000  ,  0.0000  , 100.0000 ,  0.0000  ,  0.0000  ,  0.0000  ,  0.0000
 34.0800  ,  0.4925  ,  0.8041  ,  0.2849  ,  2.2207  , -3.9844  , -0.0163  ,  0.9586  ,  1.0320  ,  2.2921  , -3.8744  ,  0.0000  , 100.0000 ,  0.0000  ,  0.0000  ,  0.0000  ,  0.0000  ,  0.0000  , 100.0000 ,  0.0000  ,  0.0000  ,  0.0000  ,  0.0000
 34.1000  ,  0.4910  ,  0.8027  ,  0.2867  ,  2.2161  , -3.9673  , -0.0155  ,  0.9577  ,  1.0286  ,  2.2951  , -3.8730  ,  0.0000  , 100.0000 ,  0.0000  ,  0.0000  ,  0.0000  ,  0.0000  ,  0.0000  , 100.0000 ,  0.0000  ,  0.0000  ,  0.0000  ,  0.0000
 34.1200  ,  0.4860  ,  0.7992  ,  0.2920  ,  2.2123  , -3.9633  , -0.0118  ,  0.9550  ,  1.0264  ,  2.2932  , -3.8720  ,  0.0000  , 100.0000 ,  0.0000  ,  0.0000  ,  0.0000  ,  0.0000  ,  0.0000  , 100.0000 ,  0.0000  ,  0.0000  ,  0.0000  ,  0.0000
 34.1400  ,  0.4860  ,  0.7992  ,  0.2920  ,  2.2123  , -3.9558  , -0.0118  ,  0.9550  ,  1.0264  ,  2.2932  , -3.8665  ,  0.0000  , 100.0000 ,  0.0000  ,  0.0000  ,  0.0000  ,  0.0000  ,  0.0000  , 100.0000 ,  0.0000  ,  0.0000  ,  0.0000  ,  0.0000
 34.1600  ,  0.4830  ,  0.7959  ,  0.2942  ,  2.1976  , -3.9387  , -0.0080  ,  0.9544  ,  1.0191  ,  2.2902  , -3.8534  ,  0.0000  , 100.0000 ,  0.0000  ,  0.0000  ,  0.0000  ,  0.0000  ,  0.0000  , 100.0000 ,  0.0000  ,  0.0000  ,  0.0000  ,  0.0000
 34.1800  ,  0.4812  ,  0.7946  ,  0.2942  ,  2.1917  , -3.9059  , -0.0052  ,  0.9527  ,  1.0151  ,  2.2870  , -3.8142  ,  0.0000  , 100.0000 ,  0.0000  ,  0.0000  ,  0.0000  ,  0.0000  ,  0.0000  , 100.0000 ,  0.0000  ,  0.0000  ,  0.0000  ,  0.0000
 34.2000  ,  0.4802  ,  0.7930  ,  0.2926  ,  2.1837  , -3.8868  , -0.0024  ,  0.9508  ,  1.0085  ,  2.2813  , -3.7960  ,  0.0000  , 100.0000 ,  0.0000  ,  0.0000  ,  0.0000  ,  0.0000  ,  0.0000  , 100.0000 ,  0.0000  ,  0.0000  ,  0.0000  ,  0.0000
 34.2200  ,  0.4802  ,  0.7919  ,  0.2914  ,  2.1796  , -3.8430  , -0.0011  ,  0.9497  ,  1.0049  ,  2.2785  , -3.7495  ,  0.0000  , 100.0000 ,  0.0000  ,  0.0000  ,  0.0000  ,  0.0000  ,  0.0000  , 100.0000 ,  0.0000  ,  0.0000  ,  0.0000  ,  0.0000
 34.2400  ,  0.4779  ,  0.7888  ,  0.2889  ,  2.1617  , -3.7734  ,  0.0016  ,  0.9465  ,  0.9962  ,  2.2733  , -3.6798  ,  0.0000  , 100.0000 ,  0.0000  ,  0.0000  ,  0.0000  ,  0.0000  ,  0.0000  , 100.0000 ,  0.0000  ,  0.0000  ,  0.0000  ,  0.0000
 34.2600  ,  0.4718  ,  0.7817  ,  0.2884  ,  2.1521  , -3.7194  ,  0.0062  ,  0.9395  ,  0.9835  ,  2.2647  , -3.6182  ,  0.0000  , 100.0000 ,  0.0000  ,  0.0000  ,  0.0000  ,  0.0000  ,  0.0000  , 100.0000 ,  0.0000  ,  0.0000  ,  0.0000  ,  0.0000
 34.2800  ,  0.4697  ,  0.7783  ,  0.2879  ,  2.1482  , -3.6494  ,  0.0084  ,  0.9360  ,  0.9756  ,  2.2605  , -3.5057  ,  0.0000  , 100.0000 ,  0.0000  ,  0.0000  ,  0.0000  ,  0.0000  ,  0.0000  , 100.0000 ,  0.0000  ,  0.0000  ,  0.0000  ,  0.0000
 34.3000  ,  0.4651  ,  0.7689  ,  0.2795  ,  2.1310  , -3.5977  ,  0.0229  ,  0.9250  ,  0.9364  ,  2.2535  , -3.4378  ,  0.0000  , 100.0000 ,  0.0000  ,  0.0000  ,  0.0000  ,  0.0000  ,  0.0000  , 100.0000 ,  0.0000  ,  0.0000  ,  0.0000  ,  0.0000
 34.3200  ,  0.4639  ,  0.7664  ,  0.2756  ,  2.1280  , -3.5858  ,  0.0274  ,  0.9220  ,  0.9224  ,  2.2510  , -3.4411  ,  0.0000  , 100.0000 ,  0.0000  ,  0.0000  ,  0.0000  ,  0.0000  ,  0.0000  , 100.0000 ,  0.0000  ,  0.0000  ,  0.0000  ,  0.0000
 34.3400  ,  0.4634  ,  0.7618  ,  0.2683  ,  2.1233  , -3.4337  ,  0.0367  ,  0.9179  ,  0.9014  ,  2.2480  , -3.3729  ,  0.0000  , 100.0000 ,  0.0000  ,  0.0000  ,  0.0000  ,  0.0000  ,  0.0000  , 100.0000 ,  0.0000  ,  0.0000  ,  0.0000  ,  0.0000
 34.3600  ,  0.4645  ,  0.7465  ,  0.2519  ,  2.1110  , -3.2771  ,  0.0710  ,  0.9081  ,  0.8399  ,  2.2372  , -3.3668  ,  0.0000  , 100.0000 ,  0.0000  ,  0.0000  ,  0.0000  ,  0.0000  ,  0.0000  , 100.0000 ,  0.0000  ,  0.0000  ,  0.0000  ,  0.0000
 34.3800  ,  0.4646  ,  0.7395  ,  0.2397  ,  2.1052  , -3.2073  ,  0.0927  ,  0.9056  ,  0.8016  ,  2.2297  , -3.3880  ,  0.0000  , 100.0000 ,  0.0000  ,  0.0000  ,  0.0000  ,  0.0000  ,  0.0000  , 100.0000 ,  0.0000  ,  0.0000  ,  0.0000  ,  0.0000
 34.4000  ,  0.4646  ,  0.7338  ,  0.2244  ,  2.0988  , -3.1251  ,  0.1101  ,  0.9034  ,  0.7614  ,  2.2197  , -3.3305  ,  0.0000  , 100.0000 ,  0.0000  ,  0.0000  ,  0.0000  ,  0.0000  ,  0.0000  , 100.0000 ,  0.0000  ,  0.0000  ,  0.0000  ,  0.0000
 34.4200  ,  0.4806  ,  0.7203  ,  0.1951  ,  2.0858  , -3.0801  ,  0.1613  ,  0.9027  ,  0.6900  ,  2.1980  , -3.2493  ,  0.0000  , 100.0000 ,  0.0000  ,  0.0000  ,  0.0000  ,  0.0000  ,  0.0000  , 100.0000 ,  0.0000  ,  0.0000  ,  0.0000  ,  0.0000
 34.4400  ,  0.4980  ,  0.7104  ,  0.1727  ,  2.0730  , -2.8657  ,  0.1994  ,  0.9008  ,  0.6360  ,  2.1792  , -2.8676  ,  0.0000  , 100.0000 ,  0.0000  ,  0.0000  ,  0.0000  ,  0.0000  ,  0.0000  , 100.0000 ,  0.0000  ,  0.0000  ,  0.0000  ,  0.0000
 34.4600  ,  0.5269  ,  0.6965  ,  0.1379  ,  2.0538  , -2.7817  ,  0.2533  ,  0.8973  ,  0.5557  ,  2.1503  , -2.7060  ,  0.0000  , 100.0000 ,  0.0000  ,  0.0000  ,  0.0000  ,  0.0000  ,  0.0000  , 100.0000 ,  0.0000  ,  0.0000  ,  0.0000  ,  0.0000
 34.4800  ,  0.5469  ,  0.6883  ,  0.1155  ,  2.0395  , -2.7075  ,  0.2874  ,  0.8953  ,  0.5118  ,  2.1327  , -2.5606  ,  0.0000  , 100.0000 ,  0.0000  ,  0.0000  ,  0.0000  ,  0.0000  ,  0.0000  , 100.0000 ,  0.0000  ,  0.0000  ,  0.0000  ,  0.0000
 34.5000  ,  0.5928  ,  0.6683  ,  0.0649  ,  1.9886  , -2.4335  ,  0.3700  ,  0.8869  ,  0.4068  ,  2.0799  , -2.2018  ,  0.0000  , 100.0000 ,  0.0000  ,  0.0000  ,  0.0000  ,  0.0000  ,  0.0000  , 100.0000 ,  0.0000  ,  0.0000  ,  0.0000  ,  0.0000
 34.5200  ,  0.6098  ,  0.6603  ,  0.0442  ,  1.9719  , -2.3129  ,  0.4016  ,  0.8824  ,  0.3576  ,  2.0541  , -2.1062  ,  0.0000  , 100.0000 ,  0.0000  ,  0.0000  ,  0.0000  ,  0.0000  ,  0.0000  , 100.0000 ,  0.0000  ,  0.0000  ,  0.0000  ,  0.0000
 34.5400  ,  0.6325  ,  0.6480  ,  0.0173  ,  1.9488  , -2.0973  ,  0.4440  ,  0.8754  ,  0.3060  ,  2.0260  , -1.8566  ,  0.0000  , 100.0000 ,  0.0000  ,  0.0000  ,  0.0000  ,  0.0000  ,  0.0000  , 100.0000 ,  0.0000  ,  0.0000  ,  0.0000  ,  0.0000
 34.5600  ,  0.6540  ,  0.6353  , -0.0123  ,  1.9226  , -2.0743  ,  0.4839  ,  0.8674  ,  0.2498  ,  1.9967  , -1.7824  ,  0.0000  , 100.0000 ,  0.0000  ,  0.0000  ,  0.0000  ,  0.0000  ,  0.0000  , 100.0000 ,  0.0000  ,  0.0000  ,  0.0000  ,  0.0000
 34.5800  ,  0.6921  ,  0.6108  , -0.0522  ,  1.8529  , -2.0372  ,  0.5560  ,  0.8449  ,  0.1562  ,  1.9313  , -1.6680  ,  0.0000  , 100.0000 ,  0.0000  ,  0.0000  ,  0.0000  ,  0.0000  ,  0.0000  , 100.0000 ,  0.0000  ,  0.0000  ,  0.0000  ,  0.0000
 34.6000  ,  0.7160  ,  0.5938  , -0.0753  ,  1.8221  , -1.9639  ,  0.6011  ,  0.8285  ,  0.0989  ,  1.8861  , -1.5508  ,  0.0000  , 100.0000 ,  0.0000  ,  0.0000  ,  0.0000  ,  0.0000  ,  0.0000  , 100.0000 ,  0.0000  ,  0.0000  ,  0.0000  ,  0.0000
 34.6200  ,  0.7376  ,  0.5773  , -0.1114  ,  1.7894  , -1.9064  ,  0.6414  ,  0.8124  ,  0.0429  ,  1.8448  , -1.4961  ,  0.0000  , 100.0000 ,  0.0000  ,  0.0000  ,  0.0000  ,  0.0000  ,  0.0000  , 100.0000 ,  0.0000  ,  0.0000  ,  0.0000  ,  0.0000
 34.6400  ,  0.7476  ,  0.5586  , -0.1211  ,  1.7685  , -1.7822  ,  0.6663  ,  0.7905  ,  0.0170  ,  1.8152  , -1.3747  ,  0.0000  , 100.0000 ,  0.0000  ,  0.0000  ,  0.0000  ,  0.0000  ,  0.0000  , 100.0000 ,  0.0000  ,  0.0000  ,  0.0000  ,  0.0000
 34.6600  ,  0.7518  ,  0.5506  , -0.1274  ,  1.7579  , -1.7647  ,  0.6765  ,  0.7810  , -0.0028  ,  1.7942  , -1.3514  ,  0.0000  , 100.0000 ,  0.0000  ,  0.0000  ,  0.0000  ,  0.0000  ,  0.0000  , 100.0000 ,  0.0000  ,  0.0000  ,  0.0000  ,  0.0000
 34.6800  ,  0.7609  ,  0.5243  , -0.1483  ,  1.7248  , -1.7635  ,  0.6962  ,  0.7466  , -0.0342  ,  1.7495  , -1.3478  ,  0.0000  , 100.0000 ,  0.0000  ,  0.0000  ,  0.0000  ,  0.0000  ,  0.0000  , 100.0000 ,  0.0000  ,  0.0000  ,  0.0000  ,  0.0000
 34.7000  ,  0.7656  ,  0.5084  , -0.1602  ,  1.7125  , -1.7442  ,  0.7059  ,  0.7251  , -0.0516  ,  1.7132  , -1.3015  ,  0.0000  , 100.0000 ,  0.0000  ,  0.0000  ,  0.0000  ,  0.0000  ,  0.0000  , 100.0000 ,  0.0000  ,  0.0000  ,  0.0000  ,  0.0000
 34.7200  ,  0.7708  ,  0.4899  , -0.1771  ,  1.6850  , -1.7292  ,  0.7168  ,  0.7001  , -0.0750  ,  1.6755  , -1.2431  ,  0.0000  , 100.0000 ,  0.0000  ,  0.0000  ,  0.0000  ,  0.0000  ,  0.0000  , 100.0000 ,  0.0000  ,  0.0000  ,  0.0000  ,  0.0000
 34.7400  ,  0.7755  ,  0.4755  , -0.1812  ,  1.6701  , -1.6278  ,  0.7264  ,  0.6795  , -0.0807  ,  1.6562  , -1.1454  ,  0.0000  , 100.0000 ,  0.0000  ,  0.0000  ,  0.0000  ,  0.0000  ,  0.0000  , 100.0000 ,  0.0000  ,  0.0000  ,  0.0000  ,  0.0000
 34.7600  ,  0.7788  ,  0.4643  , -0.1899  ,  1.6354  , -1.5313  ,  0.7335  ,  0.6631  , -0.0963  ,  1.6275  , -1.1277  ,  0.0000  , 100.0000 ,  0.0000  ,  0.0000  ,  0.0000  ,  0.0000  ,  0.0000  , 100.0000 ,  0.0000  ,  0.0000  ,  0.0000  ,  0.0000
 34.7800  ,  0.7789  ,  0.4517  , -0.1969  ,  1.6210  , -1.4853  ,  0.7349  ,  0.6408  , -0.0959  ,  1.6100  , -1.1090  ,  0.0000  , 100.0000 ,  0.0000  ,  0.0000  ,  0.0000  ,  0.0000  ,  0.0000  , 100.0000 ,  0.0000  ,  0.0000  ,  0.0000  ,  0.0000
 34.8000  ,  0.7787  ,  0.4407  , -0.2122  ,  1.6004  , -1.4675  ,  0.7359  ,  0.6217  , -0.1106  ,  1.5788  , -1.0659  ,  0.0000  , 100.0000 ,  0.0000  ,  0.0000  ,  0.0000  ,  0.0000  ,  0.0000  , 100.0000 ,  0.0000  ,  0.0000  ,  0.0000  ,  0.0000
 34.8200  ,  0.7744  ,  0.4182  , -0.2214  ,  1.5687  , -1.4463  ,  0.7438  ,  0.5922  , -0.1260  ,  1.5351  , -1.0361  ,  0.0000  , 100.0000 ,  0.0000  ,  0.0000  ,  0.0000  ,  0.0000  ,  0.0000  , 100.0000 ,  0.0000  ,  0.0000  ,  0.0000  ,  0.0000
 34.8400  ,  0.7760  ,  0.4043  , -0.2310  ,  1.5463  , -1.4011  ,  0.7520  ,  0.5741  , -0.1392  ,  1.5054  , -0.9914  ,  0.0000  , 100.0000 ,  0.0000  ,  0.0000  ,  0.0000  ,  0.0000  ,  0.0000  , 100.0000 ,  0.0000  ,  0.0000  ,  0.0000  ,  0.0000
 34.8600  ,  0.7766  ,  0.3976  , -0.2448  ,  1.5273  , -1.3586  ,  0.7557  ,  0.5652  , -0.1526  ,  1.4836  , -0.9633  ,  0.0000  , 100.0000 ,  0.0000  ,  0.0000  ,  0.0000  ,  0.0000  ,  0.0000  , 100.0000 ,  0.0000  ,  0.0000  ,  0.0000  ,  0.0000
 34.8800  ,  0.7677  ,  0.3760  , -0.2589  ,  1.4914  , -1.3181  ,  0.7572  ,  0.5324  , -0.1677  ,  1.4378  , -0.9397  ,  0.0000  , 100.0000 ,  0.0000  ,  0.0000  ,  0.0000  ,  0.0000  ,  0.0000  , 100.0000 ,  0.0000  ,  0.0000  ,  0.0000  ,  0.0000
 34.9000  ,  0.7668  ,  0.3741  , -0.2644  ,  1.4844  , -1.2833  ,  0.7573  ,  0.5293  , -0.1733  ,  1.4292  , -0.9258  ,  0.0000  , 100.0000 ,  0.0000  ,  0.0000  ,  0.0000  ,  0.0000  ,  0.0000  , 100.0000 ,  0.0000  ,  0.0000  ,  0.0000  ,  0.0000
 34.9200  ,  0.7482  ,  0.3450  , -0.2766  ,  1.4451  , -1.2306  ,  0.7495  ,  0.4883  , -0.1821  ,  1.3791  , -0.8767  ,  0.0000  , 100.0000 ,  0.0000  ,  0.0000  ,  0.0000  ,  0.0000  ,  0.0000  , 100.0000 ,  0.0000  ,  0.0000  ,  0.0000  ,  0.0000
 34.9400  ,  0.7408  ,  0.3359  , -0.2862  ,  1.4274  , -1.2276  ,  0.7447  ,  0.4750  , -0.1835  ,  1.3644  , -0.8528  ,  0.0000  , 100.0000 ,  0.0000  ,  0.0000  ,  0.0000  ,  0.0000  ,  0.0000  , 100.0000 ,  0.0000  ,  0.0000  ,  0.0000  ,  0.0000
 34.9600  ,  0.7369  ,  0.3313  , -0.2880  ,  1.4213  , -1.1867  ,  0.7422  ,  0.4681  , -0.1895  ,  1.3466  , -0.7807  ,  0.0000  , 100.0000 ,  0.0000  ,  0.0000  ,  0.0000  ,  0.0000  ,  0.0000  , 100.0000 ,  0.0000  ,  0.0000  ,  0.0000  ,  0.0000
 34.9800  ,  0.7161  ,  0.3091  , -0.3051  ,  1.3774  , -1.1611  ,  0.7292  ,  0.4319  , -0.1929  ,  1.3036  , -0.7721  ,  0.0000  , 100.0000 ,  0.0000  ,  0.0000  ,  0.0000  ,  0.0000  ,  0.0000  , 100.0000 ,  0.0000  ,  0.0000  ,  0.0000  ,  0.0000
 35.0000  ,  0.7104  ,  0.3036  , -0.3150  ,  1.3619  , -1.1589  ,  0.7259  ,  0.4225  , -0.2065  ,  1.2776  , -0.7812  ,  0.0000  , 100.0000 ,  0.0000  ,  0.0000  ,  0.0000  ,  0.0000  ,  0.0000  , 100.0000 ,  0.0000  ,  0.0000  ,  0.0000  ,  0.0000
 35.0200  ,  0.6832  ,  0.2772  , -0.3139  ,  1.3211  , -1.1001  ,  0.7077  ,  0.3839  , -0.1919  ,  1.2414  , -0.7459  ,  0.0000  , 100.0000 ,  0.0000  ,  0.0000  ,  0.0000  ,  0.0000  ,  0.0000  , 100.0000 ,  0.0000  ,  0.0000  ,  0.0000  ,  0.0000
 35.0400  ,  0.6750  ,  0.2695  , -0.3162  ,  1.3100  , -1.1035  ,  0.7024  ,  0.3724  , -0.1904  ,  1.2273  , -0.7374  ,  0.0000  , 100.0000 ,  0.0000  ,  0.0000  ,  0.0000  ,  0.0000  ,  0.0000  , 100.0000 ,  0.0000  ,  0.0000  ,  0.0000  ,  0.0000
 35.0600  ,  0.6638  ,  0.2593  , -0.3369  ,  1.2743  , -1.0988  ,  0.6955  ,  0.3571  , -0.2033  ,  1.1895  , -0.7219  ,  0.0000  , 100.0000 ,  0.0000  ,  0.0000  ,  0.0000  ,  0.0000  ,  0.0000  , 100.0000 ,  0.0000  ,  0.0000  ,  0.0000  ,  0.0000
 35.0800  ,  0.6360  ,  0.2408  , -0.3369  ,  1.2533  , -1.0556  ,  0.6759  ,  0.3293  , -0.1954  ,  1.1547  , -0.6682  ,  0.0000  , 100.0000 ,  0.0000  ,  0.0000  ,  0.0000  ,  0.0000  ,  0.0000  , 100.0000 ,  0.0000  ,  0.0000  ,  0.0000  ,  0.0000
 35.1000  ,  0.6229  ,  0.2328  , -0.3431  ,  1.2361  , -1.0356  ,  0.6641  ,  0.3169  , -0.1943  ,  1.1364  , -0.6628  ,  0.0000  , 100.0000 ,  0.0000  ,  0.0000  ,  0.0000  ,  0.0000  ,  0.0000  , 100.0000 ,  0.0000  ,  0.0000  ,  0.0000  ,  0.0000
 35.1200  ,  0.6000  ,  0.2195  , -0.3618  ,  1.1938  , -1.0072  ,  0.6450  ,  0.2979  , -0.1975  ,  1.0985  , -0.6517  ,  0.0000  , 100.0000 ,  0.0000  ,  0.0000  ,  0.0000  ,  0.0000  ,  0.0000  , 100.0000 ,  0.0000  ,  0.0000  ,  0.0000  ,  0.0000
 35.1400  ,  0.5830  ,  0.2101  , -0.3583  ,  1.1847  , -1.0089  ,  0.6323  ,  0.2869  , -0.1983  ,  1.0762  , -0.6580  ,  0.0000  , 100.0000 ,  0.0000  ,  0.0000  ,  0.0000  ,  0.0000  ,  0.0000  , 100.0000 ,  0.0000  ,  0.0000  ,  0.0000  ,  0.0000
 35.1600  ,  0.5630  ,  0.1998  , -0.3655  ,  1.1645  , -1.0098  ,  0.6172  ,  0.2752  , -0.1988  ,  1.0467  , -0.6509  ,  0.0000  , 100.0000 ,  0.0000  ,  0.0000  ,  0.0000  ,  0.0000  ,  0.0000  , 100.0000 ,  0.0000  ,  0.0000  ,  0.0000  ,  0.0000
 35.1800  ,  0.5399  ,  0.1889  , -0.3643  ,  1.1479  , -0.9848  ,  0.5993  ,  0.2635  , -0.1960  ,  1.0257  , -0.6194  ,  0.0000  , 100.0000 ,  0.0000  ,  0.0000  ,  0.0000  ,  0.0000  ,  0.0000  , 100.0000 ,  0.0000  ,  0.0000  ,  0.0000  ,  0.0000
 35.2000  ,  0.5114  ,  0.1786  , -0.3743  ,  1.1154  , -0.9827  ,  0.5749  ,  0.2515  , -0.1947  ,  0.9996  , -0.6250  ,  0.0000  , 100.0000 ,  0.0000  ,  0.0000  ,  0.0000  ,  0.0000  ,  0.0000  , 100.0000 ,  0.0000  ,  0.0000  ,  0.0000  ,  0.0000
 35.2200  ,  0.4948  ,  0.1734  , -0.3763  ,  1.1026  , -0.9714  ,  0.5600  ,  0.2450  , -0.1917  ,  0.9813  , -0.6329  ,  0.0000  , 100.0000 ,  0.0000  ,  0.0000  ,  0.0000  ,  0.0000  ,  0.0000  , 100.0000 ,  0.0000  ,  0.0000  ,  0.0000  ,  0.0000
 35.2400  ,  0.4658  ,  0.1666  , -0.3741  ,  1.0837  , -0.9542  ,  0.5336  ,  0.2326  , -0.1808  ,  0.9645  , -0.6383  ,  0.0000  , 100.0000 ,  0.0000  ,  0.0000  ,  0.0000  ,  0.0000  ,  0.0000  , 100.0000 ,  0.0000  ,  0.0000  ,  0.0000  ,  0.0000
 35.2600  ,  0.4552  ,  0.1642  , -0.3819  ,  1.0648  , -0.9592  ,  0.5240  ,  0.2280  , -0.1827  ,  0.9437  , -0.6411  ,  0.0000  , 100.0000 ,  0.0000  ,  0.0000  ,  0.0000  ,  0.0000  ,  0.0000  , 100.0000 ,  0.0000  ,  0.0000  ,  0.0000  ,  0.0000
 35.2800  ,  0.4314  ,  0.1597  , -0.3831  ,  1.0512  , -0.9783  ,  0.5040  ,  0.2217  , -0.1793  ,  0.9294  , -0.6458  ,  0.0000  , 100.0000 ,  0.0000  ,  0.0000  ,  0.0000  ,  0.0000  ,  0.0000  , 100.0000 ,  0.0000  ,  0.0000  ,  0.0000  ,  0.0000
 35.3000  ,  0.3958  ,  0.1524  , -0.3852  ,  1.0240  , -0.9824  ,  0.4709  ,  0.2108  , -0.1711  ,  0.8953  , -0.6515  ,  0.0000  , 100.0000 ,  0.0000  ,  0.0000  ,  0.0000  ,  0.0000  ,  0.0000  , 100.0000 ,  0.0000  ,  0.0000  ,  0.0000  ,  0.0000
 35.3200  ,  0.3840  ,  0.1497  , -0.3879  ,  1.0098  , -0.9796  ,  0.4591  ,  0.2067  , -0.1670  ,  0.8851  , -0.6703  ,  0.0000  , 100.0000 ,  0.0000  ,  0.0000  ,  0.0000  ,  0.0000  ,  0.0000  , 100.0000 ,  0.0000  ,  0.0000  ,  0.0000  ,  0.0000
 35.3400  ,  0.3560  ,  0.1439  , -0.3845  ,  0.9932  , -0.9823  ,  0.4291  ,  0.2001  , -0.1575  ,  0.8731  , -0.6809  ,  0.0000  , 100.0000 ,  0.0000  ,  0.0000  ,  0.0000  ,  0.0000  ,  0.0000  , 100.0000 ,  0.0000  ,  0.0000  ,  0.0000  ,  0.0000
 35.3600  ,  0.3433  ,  0.1418  , -0.3853  ,  0.9903  , -0.9824  ,  0.4148  ,  0.1966  , -0.1496  ,  0.8656  , -0.6838  ,  0.0000  , 100.0000 ,  0.0000  ,  0.0000  ,  0.0000  ,  0.0000  ,  0.0000  , 100.0000 ,  0.0000  ,  0.0000  ,  0.0000  ,  0.0000
 35.3800  ,  0.3272  ,  0.1398  , -0.3882  ,  0.9731  , -0.9806  ,  0.3961  ,  0.1917  , -0.1417  ,  0.8574  , -0.6989  ,  0.0000  , 100.0000 ,  0.0000  ,  0.0000  ,  0.0000  ,  0.0000  ,  0.0000  , 100.0000 ,  0.0000  ,  0.0000  ,  0.0000  ,  0.0000
 35.4000  ,  0.3086  ,  0.1370  , -0.3882  ,  0.9565  , -0.9837  ,  0.3753  ,  0.1870  , -0.1345  ,  0.8468  , -0.7102  ,  0.0000  , 100.0000 ,  0.0000  ,  0.0000  ,  0.0000  ,  0.0000  ,  0.0000  , 100.0000 ,  0.0000  ,  0.0000  ,  0.0000  ,  0.0000
 35.4200  ,  0.2908  ,  0.1342  , -0.3850  ,  0.9361  , -0.9892  ,  0.3560  ,  0.1831  , -0.1278  ,  0.8437  , -0.7059  ,  0.0000  , 100.0000 ,  0.0000  ,  0.0000  ,  0.0000  ,  0.0000  ,  0.0000  , 100.0000 ,  0.0000  ,  0.0000  ,  0.0000  ,  0.0000
 35.4400  ,  0.2708  ,  0.1323  , -0.3821  ,  0.9256  , -0.9995  ,  0.3324  ,  0.1786  , -0.1211  ,  0.8400  , -0.6879  ,  0.0000  , 100.0000 ,  0.0000  ,  0.0000  ,  0.0000  ,  0.0000  ,  0.0000  , 100.0000 ,  0.0000  ,  0.0000  ,  0.0000  ,  0.0000
 35.4600  ,  0.2562  ,  0.1306  , -0.3838  ,  0.9061  , -1.0021  ,  0.3141  ,  0.1741  , -0.1173  ,  0.8332  , -0.6841  ,  0.0000  , 100.0000 ,  0.0000  ,  0.0000  ,  0.0000  ,  0.0000  ,  0.0000  , 100.0000 ,  0.0000  ,  0.0000  ,  0.0000  ,  0.0000
 35.4800  ,  0.2510  ,  0.1298  , -0.3850  ,  0.8972  , -1.0003  ,  0.3075  ,  0.1722  , -0.1170  ,  0.8282  , -0.6990  ,  0.0000  , 100.0000 ,  0.0000  ,  0.0000  ,  0.0000  ,  0.0000  ,  0.0000  , 100.0000 ,  0.0000  ,  0.0000  ,  0.0000  ,  0.0000
 35.5000  ,  0.2327  ,  0.1283  , -0.3868  ,  0.8863  , -0.9938  ,  0.2864  ,  0.1664  , -0.1098  ,  0.8186  , -0.7079  ,  0.0000  , 100.0000 ,  0.0000  ,  0.0000  ,  0.0000  ,  0.0000  ,  0.0000  , 100.0000 ,  0.0000  ,  0.0000  ,  0.0000  ,  0.0000
 35.5200  ,  0.2252  ,  0.1278  , -0.3895  ,  0.8729  , -0.9939  ,  0.2780  ,  0.1641  , -0.1092  ,  0.8126  , -0.7113  ,  0.0000  , 100.0000 ,  0.0000  ,  0.0000  ,  0.0000  ,  0.0000  ,  0.0000  , 100.0000 ,  0.0000  ,  0.0000  ,  0.0000  ,  0.0000
 35.5400  ,  0.2156  ,  0.1270  , -0.3871  ,  0.8690  , -1.0017  ,  0.2676  ,  0.1626  , -0.1090  ,  0.8106  , -0.7114  ,  0.0000  , 100.0000 ,  0.0000  ,  0.0000  ,  0.0000  ,  0.0000  ,  0.0000  , 100.0000 ,  0.0000  ,  0.0000  ,  0.0000  ,  0.0000
 35.5600  ,  0.1970  ,  0.1268  , -0.3895  ,  0.8490  , -1.0126  ,  0.2479  ,  0.1585  , -0.1079  ,  0.8040  , -0.6983  ,  0.0000  , 100.0000 ,  0.0000  ,  0.0000  ,  0.0000  ,  0.0000  ,  0.0000  , 100.0000 ,  0.0000  ,  0.0000  ,  0.0000  ,  0.0000
 35.5800  ,  0.1872  ,  0.1272  , -0.3922  ,  0.8337  , -1.0139  ,  0.2379  ,  0.1558  , -0.1107  ,  0.7881  , -0.6926  ,  0.0000  , 100.0000 ,  0.0000  ,  0.0000  ,  0.0000  ,  0.0000  ,  0.0000  , 100.0000 ,  0.0000  ,  0.0000  ,  0.0000  ,  0.0000
 35.6000  ,  0.1758  ,  0.1275  , -0.3912  ,  0.8245  , -1.0064  ,  0.2252  ,  0.1535  , -0.1075  ,  0.7896  , -0.6868  ,  0.0000  , 100.0000 ,  0.0000  ,  0.0000  ,  0.0000  ,  0.0000  ,  0.0000  , 100.0000 ,  0.0000  ,  0.0000  ,  0.0000  ,  0.0000
 35.6200  ,  0.1701  ,  0.1276  , -0.3928  ,  0.8177  , -0.9970  ,  0.2190  ,  0.1523  , -0.1069  ,  0.7805  , -0.6860  ,  0.0000  , 100.0000 ,  0.0000  ,  0.0000  ,  0.0000  ,  0.0000  ,  0.0000  , 100.0000 ,  0.0000  ,  0.0000  ,  0.0000  ,  0.0000
 35.6400  ,  0.1539  ,  0.1292  , -0.3911  ,  0.8122  , -1.0014  ,  0.2018  ,  0.1482  , -0.0978  ,  0.7809  , -0.6883  ,  0.0000  , 100.0000 ,  0.0000  ,  0.0000  ,  0.0000  ,  0.0000  ,  0.0000  , 100.0000 ,  0.0000  ,  0.0000  ,  0.0000  ,  0.0000
 35.6600  ,  0.1490  ,  0.1295  , -0.3903  ,  0.8096  , -1.0174  ,  0.1966  ,  0.1469  , -0.0950  ,  0.7781  , -0.6976  ,  0.0000  , 100.0000 ,  0.0000  ,  0.0000  ,  0.0000  ,  0.0000  ,  0.0000  , 100.0000 ,  0.0000  ,  0.0000  ,  0.0000  ,  0.0000
 35.6800  ,  0.1352  ,  0.1300  , -0.3841  ,  0.7838  , -1.0205  ,  0.1816  ,  0.1430  , -0.0855  ,  0.7674  , -0.7018  ,  0.0000  , 100.0000 ,  0.0000  ,  0.0000  ,  0.0000  ,  0.0000  ,  0.0000  , 100.0000 ,  0.0000  ,  0.0000  ,  0.0000  ,  0.0000
 35.7000  ,  0.1285  ,  0.1311  , -0.3831  ,  0.7754  , -1.0219  ,  0.1739  ,  0.1412  , -0.0796  ,  0.7654  , -0.7004  ,  0.0000  , 100.0000 ,  0.0000  ,  0.0000  ,  0.0000  ,  0.0000  ,  0.0000  , 100.0000 ,  0.0000  ,  0.0000  ,  0.0000  ,  0.0000
 35.7200  ,  0.1227  ,  0.1320  , -0.3826  ,  0.7636  , -1.0171  ,  0.1670  ,  0.1396  , -0.0735  ,  0.7578  , -0.6941  ,  0.0000  , 100.0000 ,  0.0000  ,  0.0000  ,  0.0000  ,  0.0000  ,  0.0000  , 100.0000 ,  0.0000  ,  0.0000  ,  0.0000  ,  0.0000
 35.7400  ,  0.1131  ,  0.1348  , -0.3835  ,  0.7495  , -1.0185  ,  0.1573  ,  0.1384  , -0.0656  ,  0.7466  , -0.6820  ,  0.0000  , 100.0000 ,  0.0000  ,  0.0000  ,  0.0000  ,  0.0000  ,  0.0000  , 100.0000 ,  0.0000  ,  0.0000  ,  0.0000  ,  0.0000
 35.7600  ,  0.1102  ,  0.1356  , -0.3843  ,  0.7438  , -1.0315  ,  0.1544  ,  0.1381  , -0.0655  ,  0.7417  , -0.6838  ,  0.0000  , 100.0000 ,  0.0000  ,  0.0000  ,  0.0000  ,  0.0000  ,  0.0000  , 100.0000 ,  0.0000  ,  0.0000  ,  0.0000  ,  0.0000
 35.7800  ,  0.0954  ,  0.1387  , -0.3786  ,  0.7320  , -1.0461  ,  0.1380  ,  0.1343  , -0.0468  ,  0.7399  , -0.7042  ,  0.0000  , 100.0000 ,  0.0000  ,  0.0000  ,  0.0000  ,  0.0000  ,  0.0000  , 100.0000 ,  0.0000  ,  0.0000  ,  0.0000  ,  0.0000
 35.8000  ,  0.0883  ,  0.1400  , -0.3745  ,  0.7270  , -1.0480  ,  0.1289  ,  0.1318  , -0.0345  ,  0.7409  , -0.7112  ,  0.0000  , 100.0000 ,  0.0000  ,  0.0000  ,  0.0000  ,  0.0000  ,  0.0000  , 100.0000 ,  0.0000  ,  0.0000  ,  0.0000  ,  0.0000
 35.8200  ,  0.0774  ,  0.1421  , -0.3664  ,  0.7074  , -1.0486  ,  0.1151  ,  0.1284  , -0.0105  ,  0.7289  , -0.7239  ,  0.0000  , 100.0000 ,  0.0000  ,  0.0000  ,  0.0000  ,  0.0000  ,  0.0000  , 100.0000 ,  0.0000  ,  0.0000  ,  0.0000  ,  0.0000
 35.8400  ,  0.0723  ,  0.1432  , -0.3628  ,  0.7013  , -1.0562  ,  0.1086  ,  0.1272  ,  0.0012  ,  0.7232  , -0.7360  ,  0.0000  , 100.0000 ,  0.0000  ,  0.0000  ,  0.0000  ,  0.0000  ,  0.0000  , 100.0000 ,  0.0000  ,  0.0000  ,  0.0000  ,  0.0000
 35.8600  ,  0.0637  ,  0.1458  , -0.3561  ,  0.6795  , -1.0644  ,  0.0988  ,  0.1259  ,  0.0220  ,  0.7099  , -0.7421  ,  0.0000  , 100.0000 ,  0.0000  ,  0.0000  ,  0.0000  ,  0.0000  ,  0.0000  , 100.0000 ,  0.0000  ,  0.0000  ,  0.0000  ,  0.0000
 35.8800  ,  0.0606  ,  0.1468  , -0.3498  ,  0.6674  , -1.0758  ,  0.0954  ,  0.1255  ,  0.0246  ,  0.7078  , -0.7421  ,  0.0000  , 100.0000 ,  0.0000  ,  0.0000  ,  0.0000  ,  0.0000  ,  0.0000  , 100.0000 ,  0.0000  ,  0.0000  ,  0.0000  ,  0.0000
 35.9000  ,  0.0570  ,  0.1482  , -0.3453  ,  0.6566  , -1.1086  ,  0.0903  ,  0.1243  ,  0.0380  ,  0.7016  , -0.7387  ,  0.0000  , 100.0000 ,  0.0000  ,  0.0000  ,  0.0000  ,  0.0000  ,  0.0000  , 100.0000 ,  0.0000  ,  0.0000  ,  0.0000  ,  0.0000
 35.9200  ,  0.0506  ,  0.1503  , -0.3317  ,  0.6309  , -1.1181  ,  0.0820  ,  0.1223  ,  0.0686  ,  0.6819  , -0.7420  ,  0.0000  , 100.0000 ,  0.0000  ,  0.0000  ,  0.0000  ,  0.0000  ,  0.0000  , 100.0000 ,  0.0000  ,  0.0000  ,  0.0000  ,  0.0000
 35.9400  ,  0.0456  ,  0.1514  , -0.3209  ,  0.6229  , -1.1520  ,  0.0765  ,  0.1211  ,  0.0836  ,  0.6779  , -0.7590  ,  0.0000  , 100.0000 ,  0.0000  ,  0.0000  ,  0.0000  ,  0.0000  ,  0.0000  , 100.0000 ,  0.0000  ,  0.0000  ,  0.0000  ,  0.0000
 35.9600  ,  0.0359  ,  0.1542  , -0.2894  ,  0.5980  , -1.1649  ,  0.0654  ,  0.1174  ,  0.1324  ,  0.6535  , -0.7659  ,  0.0000  , 100.0000 ,  0.0000  ,  0.0000  ,  0.0000  ,  0.0000  ,  0.0000  , 100.0000 ,  0.0000  ,  0.0000  ,  0.0000  ,  0.0000
 35.9800  ,  0.0331  ,  0.1550  , -0.2720  ,  0.5836  , -1.1781  ,  0.0622  ,  0.1161  ,  0.1550  ,  0.6422  , -0.7743  ,  0.0000  , 100.0000 ,  0.0000  ,  0.0000  ,  0.0000  ,  0.0000  ,  0.0000  , 100.0000 ,  0.0000  ,  0.0000  ,  0.0000  ,  0.0000
 36.0000  ,  0.0259  ,  0.1578  , -0.2425  ,  0.5701  , -1.2207  ,  0.0537  ,  0.1127  ,  0.2010  ,  0.6267  , -0.7942  ,  0.0000  , 100.0000 ,  0.0000  ,  0.0000  ,  0.0000  ,  0.0000  ,  0.0000  , 100.0000 ,  0.0000  ,  0.0000  ,  0.0000  ,  0.0000
 36.0200  ,  0.0211  ,  0.1602  , -0.2184  ,  0.5578  , -1.2612  ,  0.0478  ,  0.1098  ,  0.2369  ,  0.6161  , -0.8092  ,  0.0000  , 100.0000 ,  0.0000  ,  0.0000  ,  0.0000  ,  0.0000  ,  0.0000  , 100.0000 ,  0.0000  ,  0.0000  ,  0.0000  ,  0.0000
 36.0400  ,  0.0169  ,  0.1624  , -0.1762  ,  0.5353  , -1.3007  ,  0.0427  ,  0.1070  ,  0.2862  ,  0.5976  , -0.8334  ,  0.0000  , 100.0000 ,  0.0000  ,  0.0000  ,  0.0000  ,  0.0000  ,  0.0000  , 100.0000 ,  0.0000  ,  0.0000  ,  0.0000  ,  0.0000
 36.0600  ,  0.0117  ,  0.1653  , -0.1590  ,  0.5330  , -1.3215  ,  0.0363  ,  0.1040  ,  0.3236  ,  0.5941  , -0.8506  ,  0.0000  , 100.0000 ,  0.0000  ,  0.0000  ,  0.0000  ,  0.0000  ,  0.0000  , 100.0000 ,  0.0000  ,  0.0000  ,  0.0000  ,  0.0000
 36.0800  ,  0.0096  ,  0.1665  , -0.1372  ,  0.5248  , -1.3529  ,  0.0337  ,  0.1027  ,  0.3427  ,  0.5912  , -0.8791  ,  0.0000  , 100.0000 ,  0.0000  ,  0.0000  ,  0.0000  ,  0.0000  ,  0.0000  , 100.0000 ,  0.0000  ,  0.0000  ,  0.0000  ,  0.0000
 36.1000  ,  0.0041  ,  0.1711  , -0.0751  ,  0.5047  , -1.3863  ,  0.0262  ,  0.0986  ,  0.4245  ,  0.5767  , -0.9017  ,  0.0000  , 100.0000 ,  0.0000  ,  0.0000  ,  0.0000  ,  0.0000  ,  0.0000  , 100.0000 ,  0.0000  ,  0.0000  ,  0.0000  ,  0.0000
 36.1200  ,  0.0019  ,  0.1737  , -0.0445  ,  0.4965  , -1.4005  ,  0.0230  ,  0.0986  ,  0.4497  ,  0.5731  , -0.9119  ,  0.0000  , 100.0000 ,  0.0000  ,  0.0000  ,  0.0000  ,  0.0000  ,  0.0000  , 100.0000 ,  0.0000  ,  0.0000  ,  0.0000  ,  0.0000
 36.1400  ,  0.0005  ,  0.1757  , -0.0310  ,  0.4936  , -1.4163  ,  0.0209  ,  0.0992  ,  0.4695  ,  0.5694  , -0.9224  ,  0.0000  , 100.0000 ,  0.0000  ,  0.0000  ,  0.0000  ,  0.0000  ,  0.0000  , 100.0000 ,  0.0000  ,  0.0000  ,  0.0000  ,  0.0000
 36.1600  , -0.0031  ,  0.1834  ,  0.0290  ,  0.4803  , -1.4727  ,  0.0135  ,  0.1012  ,  0.5347  ,  0.5582  , -0.9739  ,  0.0000  , 100.0000 ,  0.0000  ,  0.0000  ,  0.0000  ,  0.0000  ,  0.0000  , 100.0000 ,  0.0000  ,  0.0000  ,  0.0000  ,  0.0000
 36.1800  , -0.0040  ,  0.1866  ,  0.0598  ,  0.4754  , -1.5087  ,  0.0106  ,  0.1025  ,  0.5670  ,  0.5550  , -1.0122  ,  0.0000  , 100.0000 ,  0.0000  ,  0.0000  ,  0.0000  ,  0.0000  ,  0.0000  , 100.0000 ,  0.0000  ,  0.0000  ,  0.0000  ,  0.0000
 36.2000  , -0.0051  ,  0.1917  ,  0.0664  ,  0.4735  , -1.5283  ,  0.0062  ,  0.1056  ,  0.5801  ,  0.5558  , -1.0300  ,  0.0000  , 100.0000 ,  0.0000  ,  0.0000  ,  0.0000  ,  0.0000  ,  0.0000  , 100.0000 ,  0.0000  ,  0.0000  ,  0.0000  ,  0.0000
 36.2200  , -0.0052  ,  0.1986  ,  0.0991  ,  0.4709  , -1.5189  ,  0.0011  ,  0.1103  ,  0.5990  ,  0.5572  , -1.0251  ,  0.0000  , 100.0000 ,  0.0000  ,  0.0000  ,  0.0000  ,  0.0000  ,  0.0000  , 100.0000 ,  0.0000  ,  0.0000  ,  0.0000  ,  0.0000
 36.2400  , -0.0049  ,  0.2017  ,  0.1047  ,  0.4700  , -1.5422  , -0.0008  ,  0.1126  ,  0.6108  ,  0.5591  , -1.0829  ,  0.0000  , 100.0000 ,  0.0000  ,  0.0000  ,  0.0000  ,  0.0000  ,  0.0000  , 100.0000 ,  0.0000  ,  0.0000  ,  0.0000  ,  0.0000
 36.2600  , -0.0029  ,  0.2091  ,  0.1136  ,  0.4705  , -1.5325  , -0.0041  ,  0.1200  ,  0.6109  ,  0.5680  , -1.1431  ,  0.0000  , 100.0000 ,  0.0000  ,  0.0000  ,  0.0000  ,  0.0000  ,  0.0000  , 100.0000 ,  0.0000  ,  0.0000  ,  0.0000  ,  0.0000
 36.2800  , -0.0024  ,  0.2105  ,  0.1156  ,  0.4692  , -1.5046  , -0.0046  ,  0.1215  ,  0.6062  ,  0.5751  , -1.1348  ,  0.0000  , 100.0000 ,  0.0000  ,  0.0000  ,  0.0000  ,  0.0000  ,  0.0000  , 100.0000 ,  0.0000  ,  0.0000  ,  0.0000  ,  0.0000
 36.3000  , -0.0034  ,  0.2156  ,  0.1007  ,  0.4748  , -1.4834  , -0.0076  ,  0.1342  ,  0.5481  ,  0.6017  , -1.1059  ,  0.0000  , 100.0000 ,  0.0000  ,  0.0000  ,  0.0000  ,  0.0000  ,  0.0000  , 100.0000 ,  0.0000  ,  0.0000  ,  0.0000  ,  0.0000
 36.3200  , -0.0042  ,  0.2208  ,  0.0746  ,  0.4852  , -1.4719  , -0.0087  ,  0.1384  ,  0.5178  ,  0.6197  , -1.0872  ,  0.0000  , 100.0000 ,  0.0000  ,  0.0000  ,  0.0000  ,  0.0000  ,  0.0000  , 100.0000 ,  0.0000  ,  0.0000  ,  0.0000  ,  0.0000
 36.3400  , -0.0043  ,  0.2223  ,  0.0636  ,  0.4888  , -1.3907  , -0.0094  ,  0.1408  ,  0.4978  ,  0.6305  , -1.0670  ,  0.0000  , 100.0000 ,  0.0000  ,  0.0000  ,  0.0000  ,  0.0000  ,  0.0000  , 100.0000 ,  0.0000  ,  0.0000  ,  0.0000  ,  0.0000
 36.3600  , -0.0051  ,  0.2249  ,  0.0301  ,  0.5015  , -1.3621  , -0.0106  ,  0.1457  ,  0.4360  ,  0.6836  , -1.0625  ,  0.0000  , 100.0000 ,  0.0000  ,  0.0000  ,  0.0000  ,  0.0000  ,  0.0000  , 100.0000 ,  0.0000  ,  0.0000  ,  0.0000  ,  0.0000
 36.3800  , -0.0055  ,  0.2257  ,  0.0132  ,  0.5075  , -1.3142  , -0.0109  ,  0.1472  ,  0.4067  ,  0.7167  , -1.0473  ,  0.0000  , 100.0000 ,  0.0000  ,  0.0000  ,  0.0000  ,  0.0000  ,  0.0000  , 100.0000 ,  0.0000  ,  0.0000  ,  0.0000  ,  0.0000
 36.4000  , -0.0072  ,  0.2257  , -0.0082  ,  0.5186  , -1.2598  , -0.0083  ,  0.1518  ,  0.3740  ,  0.7464  , -0.9929  ,  0.0000  , 100.0000 ,  0.0000  ,  0.0000  ,  0.0000  ,  0.0000  ,  0.0000  , 100.0000 ,  0.0000  ,  0.0000  ,  0.0000  ,  0.0000
 36.4200  , -0.0108  ,  0.2243  , -0.0532  ,  0.5498  , -1.2380  , -0.0023  ,  0.1580  ,  0.3094  ,  0.8429  , -0.9741  ,  0.0000  , 100.0000 ,  0.0000  ,  0.0000  ,  0.0000  ,  0.0000  ,  0.0000  , 100.0000 ,  0.0000  ,  0.0000  ,  0.0000  ,  0.0000
 36.4400  , -0.0127  ,  0.2231  , -0.0779  ,  0.5651  , -1.2073  ,  0.0010  ,  0.1598  ,  0.2841  ,  0.9017  , -0.9423  ,  0.0000  , 100.0000 ,  0.0000  ,  0.0000  ,  0.0000  ,  0.0000  ,  0.0000  , 100.0000 ,  0.0000  ,  0.0000  ,  0.0000  ,  0.0000
 36.4600  , -0.0179  ,  0.2210  , -0.1026  ,  0.5885  , -1.1739  ,  0.0105  ,  0.1642  ,  0.2540  ,  0.9862  , -0.9054  ,  0.0000  , 100.0000 ,  0.0000  ,  0.0000  ,  0.0000  ,  0.0000  ,  0.0000  , 100.0000 ,  0.0000  ,  0.0000  ,  0.0000  ,  0.0000
 36.4800  , -0.0223  ,  0.2198  , -0.1236  ,  0.6048  , -1.1294  ,  0.0255  ,  0.1718  ,  0.2336  ,  1.0451  , -0.8482  ,  0.0000  , 100.0000 ,  0.0000  ,  0.0000  ,  0.0000  ,  0.0000  ,  0.0000  , 100.0000 ,  0.0000  ,  0.0000  ,  0.0000  ,  0.0000
 36.5000  , -0.0223  ,  0.2198  , -0.1236  ,  0.6048  , -1.1294  ,  0.0255  ,  0.1718  ,  0.2336  ,  1.0451  , -0.8482  ,  0.0000  , 100.0000 ,  0.0000  ,  0.0000  ,  0.0000  ,  0.0000  ,  0.0000  , 100.0000 ,  0.0000  ,  0.0000  ,  0.0000  ,  0.0000
 36.5200  , -0.0282  ,  0.2186  , -0.1559  ,  0.6294  , -1.1243  ,  0.0445  ,  0.1808  ,  0.2112  ,  1.1521  , -0.8417  ,  0.0000  , 100.0000 ,  0.0000  ,  0.0000  ,  0.0000  ,  0.0000  ,  0.0000  , 100.0000 ,  0.0000  ,  0.0000  ,  0.0000  ,  0.0000
 36.5400  , -0.0354  ,  0.2170  , -0.1663  ,  0.6483  , -1.1043  ,  0.0608  ,  0.1874  ,  0.2027  ,  1.2137  , -0.8264  ,  0.0000  , 100.0000 ,  0.0000  ,  0.0000  ,  0.0000  ,  0.0000  ,  0.0000  , 100.0000 ,  0.0000  ,  0.0000  ,  0.0000  ,  0.0000
 36.5600  , -0.0455  ,  0.2143  , -0.1669  ,  0.6730  , -1.1118  ,  0.0820  ,  0.1953  ,  0.1946  ,  1.2881  , -0.8312  ,  0.0000  , 100.0000 ,  0.0000  ,  0.0000  ,  0.0000  ,  0.0000  ,  0.0000  , 100.0000 ,  0.0000  ,  0.0000  ,  0.0000  ,  0.0000
 36.5800  , -0.0498  ,  0.2132  , -0.1689  ,  0.6834  , -1.0993  ,  0.0909  ,  0.1984  ,  0.1941  ,  1.3358  , -0.8322  ,  0.0000  , 100.0000 ,  0.0000  ,  0.0000  ,  0.0000  ,  0.0000  ,  0.0000  , 100.0000 ,  0.0000  ,  0.0000  ,  0.0000  ,  0.0000
 36.6000  , -0.0543  ,  0.2127  , -0.1675  ,  0.6927  , -1.0896  ,  0.1046  ,  0.2058  ,  0.1890  ,  1.3597  , -0.8205  ,  0.0000  , 100.0000 ,  0.0000  ,  0.0000  ,  0.0000  ,  0.0000  ,  0.0000  , 100.0000 ,  0.0000  ,  0.0000  ,  0.0000  ,  0.0000
 36.6200  , -0.0658  ,  0.2133  , -0.1640  ,  0.7132  , -1.0917  ,  0.1499  ,  0.2306  ,  0.1752  ,  1.4310  , -0.8041  ,  0.0000  , 100.0000 ,  0.0000  ,  0.0000  ,  0.0000  ,  0.0000  ,  0.0000  , 100.0000 ,  0.0000  ,  0.0000  ,  0.0000  ,  0.0000
 36.6400  , -0.0690  ,  0.2142  , -0.1636  ,  0.7156  , -1.1154  ,  0.1657  ,  0.2392  ,  0.1725  ,  1.4695  , -0.8081  ,  0.0000  , 100.0000 ,  0.0000  ,  0.0000  ,  0.0000  ,  0.0000  ,  0.0000  , 100.0000 ,  0.0000  ,  0.0000  ,  0.0000  ,  0.0000
 36.6600  , -0.0802  ,  0.2166  , -0.1577  ,  0.7226  , -1.1336  ,  0.2132  ,  0.2640  ,  0.1631  ,  1.5371  , -0.8342  ,  0.0000  , 100.0000 ,  0.0000  ,  0.0000  ,  0.0000  ,  0.0000  ,  0.0000  , 100.0000 ,  0.0000  ,  0.0000  ,  0.0000  ,  0.0000
 36.6800  , -0.0875  ,  0.2179  , -0.1509  ,  0.7261  , -1.1788  ,  0.2370  ,  0.2777  ,  0.1598  ,  1.5744  , -0.9266  ,  0.0000  , 100.0000 ,  0.0000  ,  0.0000  ,  0.0000  ,  0.0000  ,  0.0000  , 100.0000 ,  0.0000  ,  0.0000  ,  0.0000  ,  0.0000
 36.7000  , -0.1024  ,  0.2206  , -0.1293  ,  0.7220  , -1.1763  ,  0.2784  ,  0.3028  ,  0.1534  ,  1.6428  , -0.9408  ,  0.0000  , 100.0000 ,  0.0000  ,  0.0000  ,  0.0000  ,  0.0000  ,  0.0000  , 100.0000 ,  0.0000  ,  0.0000  ,  0.0000  ,  0.0000
 36.7200  , -0.1117  ,  0.2236  , -0.1240  ,  0.7274  , -1.1738  ,  0.2998  ,  0.3207  ,  0.1436  ,  1.6622  , -0.9518  ,  0.0000  , 100.0000 ,  0.0000  ,  0.0000  ,  0.0000  ,  0.0000  ,  0.0000  , 100.0000 ,  0.0000  ,  0.0000  ,  0.0000  ,  0.0000
 36.7400  , -0.1234  ,  0.2274  , -0.1061  ,  0.7202  , -1.1804  ,  0.3253  ,  0.3410  ,  0.1342  ,  1.6891  , -0.9453  ,  0.0000  , 100.0000 ,  0.0000  ,  0.0000  ,  0.0000  ,  0.0000  ,  0.0000  , 100.0000 ,  0.0000  ,  0.0000  ,  0.0000  ,  0.0000
 36.7600  , -0.1415  ,  0.2368  , -0.0989  ,  0.7222  , -1.2081  ,  0.3647  ,  0.3674  ,  0.1191  ,  1.7246  , -0.9613  ,  0.0000  , 100.0000 ,  0.0000  ,  0.0000  ,  0.0000  ,  0.0000  ,  0.0000  , 100.0000 ,  0.0000  ,  0.0000  ,  0.0000  ,  0.0000
 36.7800  , -0.1446  ,  0.2385  , -0.0974  ,  0.7220  , -1.2182  ,  0.3712  ,  0.3715  ,  0.1167  ,  1.7301  , -0.9574  ,  0.0000  , 100.0000 ,  0.0000  ,  0.0000  ,  0.0000  ,  0.0000  ,  0.0000  , 100.0000 ,  0.0000  ,  0.0000  ,  0.0000  ,  0.0000
 36.8000  , -0.1760  ,  0.2519  , -0.0701  ,  0.7142  , -1.2146  ,  0.4255  ,  0.4003  ,  0.1009  ,  1.7902  , -0.9327  ,  0.0000  , 100.0000 ,  0.0000  ,  0.0000  ,  0.0000  ,  0.0000  ,  0.0000  , 100.0000 ,  0.0000  ,  0.0000  ,  0.0000  ,  0.0000
 36.8200  , -0.1906  ,  0.2580  , -0.0668  ,  0.7226  , -1.2249  ,  0.4438  ,  0.4072  ,  0.0948  ,  1.8015  , -0.9107  ,  0.0000  , 100.0000 ,  0.0000  ,  0.0000  ,  0.0000  ,  0.0000  ,  0.0000  , 100.0000 ,  0.0000  ,  0.0000  ,  0.0000  ,  0.0000
 36.8400  , -0.2063  ,  0.2648  , -0.0517  ,  0.7181  , -1.2269  ,  0.4626  ,  0.4141  ,  0.0906  ,  1.8318  , -0.9155  ,  0.0000  , 100.0000 ,  0.0000  ,  0.0000  ,  0.0000  ,  0.0000  ,  0.0000  , 100.0000 ,  0.0000  ,  0.0000  ,  0.0000  ,  0.0000
 36.8600  , -0.2155  ,  0.2705  , -0.0519  ,  0.7215  , -1.2393  ,  0.4792  ,  0.4174  ,  0.0852  ,  1.8389  , -0.9433  ,  0.0000  , 100.0000 ,  0.0000  ,  0.0000  ,  0.0000  ,  0.0000  ,  0.0000  , 100.0000 ,  0.0000  ,  0.0000  ,  0.0000  ,  0.0000
 36.8800  , -0.2270  ,  0.2776  , -0.0483  ,  0.7234  , -1.2470  ,  0.4983  ,  0.4209  ,  0.0843  ,  1.8523  , -0.9755  ,  0.0000  , 100.0000 ,  0.0000  ,  0.0000  ,  0.0000  ,  0.0000  ,  0.0000  , 100.0000 ,  0.0000  ,  0.0000  ,  0.0000  ,  0.0000
 36.9000  , -0.2423  ,  0.2883  , -0.0426  ,  0.7142  , -1.2552  ,  0.5187  ,  0.4245  ,  0.0802  ,  1.8870  , -1.0183  ,  0.0000  , 100.0000 ,  0.0000  ,  0.0000  ,  0.0000  ,  0.0000  ,  0.0000  , 100.0000 ,  0.0000  ,  0.0000  ,  0.0000  ,  0.0000
 36.9200  , -0.2496  ,  0.2915  , -0.0366  ,  0.7116  , -1.2647  ,  0.5217  ,  0.4240  ,  0.0805  ,  1.9003  , -1.0238  ,  0.0000  , 100.0000 ,  0.0000  ,  0.0000  ,  0.0000  ,  0.0000  ,  0.0000  , 100.0000 ,  0.0000  ,  0.0000  ,  0.0000  ,  0.0000
 36.9400  , -0.2564  ,  0.2941  , -0.0321  ,  0.7119  , -1.2855  ,  0.5230  ,  0.4229  ,  0.0813  ,  1.9174  , -1.0732  ,  0.0000  , 100.0000 ,  0.0000  ,  0.0000  ,  0.0000  ,  0.0000  ,  0.0000  , 100.0000 ,  0.0000  ,  0.0000  ,  0.0000  ,  0.0000
 36.9600  , -0.2698  ,  0.2971  , -0.0192  ,  0.7161  , -1.2961  ,  0.5199  ,  0.4190  ,  0.0847  ,  1.9424  , -1.1093  ,  0.0000  , 100.0000 ,  0.0000  ,  0.0000  ,  0.0000  ,  0.0000  ,  0.0000  , 100.0000 ,  0.0000  ,  0.0000  ,  0.0000  ,  0.0000
 36.9800  , -0.2752  ,  0.2979  , -0.0131  ,  0.7190  , -1.2856  ,  0.5176  ,  0.4170  ,  0.0852  ,  1.9525  , -1.0341  ,  0.0000  , 100.0000 ,  0.0000  ,  0.0000  ,  0.0000  ,  0.0000  ,  0.0000  , 100.0000 ,  0.0000  ,  0.0000  ,  0.0000  ,  0.0000
 37.0000  , -0.2864  ,  0.2995  , -0.0100  ,  0.7315  , -1.2703  ,  0.5098  ,  0.4125  ,  0.0851  ,  1.9640  , -1.0112  ,  0.0000  , 100.0000 ,  0.0000  ,  0.0000  ,  0.0000  ,  0.0000  ,  0.0000  , 100.0000 ,  0.0000  ,  0.0000  ,  0.0000  ,  0.0000
 37.0200  , -0.2950  ,  0.3021  , -0.0143  ,  0.7459  , -1.2289  ,  0.5039  ,  0.4086  ,  0.0858  ,  1.9692  , -1.0963  ,  0.0000  , 100.0000 ,  0.0000  ,  0.0000  ,  0.0000  ,  0.0000  ,  0.0000  , 100.0000 ,  0.0000  ,  0.0000  ,  0.0000  ,  0.0000
 37.0400  , -0.3024  ,  0.3048  , -0.0211  ,  0.7617  , -1.2238  ,  0.4984  ,  0.4046  ,  0.0867  ,  1.9723  , -1.1560  ,  0.0000  , 100.0000 ,  0.0000  ,  0.0000  ,  0.0000  ,  0.0000  ,  0.0000  , 100.0000 ,  0.0000  ,  0.0000  ,  0.0000  ,  0.0000
 37.0600  , -0.3105  ,  0.3080  , -0.0307  ,  0.7819  , -1.2240  ,  0.4912  ,  0.3990  ,  0.0898  ,  1.9750  , -1.2286  ,  0.0000  , 100.0000 ,  0.0000  ,  0.0000  ,  0.0000  ,  0.0000  ,  0.0000  , 100.0000 ,  0.0000  ,  0.0000  ,  0.0000  ,  0.0000
 37.0800  , -0.3120  ,  0.3086  , -0.0343  ,  0.7895  , -1.2164  ,  0.4899  ,  0.3979  ,  0.0901  ,  1.9764  , -1.2286  ,  0.0000  , 100.0000 ,  0.0000  ,  0.0000  ,  0.0000  ,  0.0000  ,  0.0000  , 100.0000 ,  0.0000  ,  0.0000  ,  0.0000  ,  0.0000
 37.1000  , -0.3175  ,  0.3160  , -0.0607  ,  0.8163  , -1.2048  ,  0.4830  ,  0.3983  ,  0.0836  ,  1.9706  , -1.2031  ,  0.0000  , 100.0000 ,  0.0000  ,  0.0000  ,  0.0000  ,  0.0000  ,  0.0000  , 100.0000 ,  0.0000  ,  0.0000  ,  0.0000  ,  0.0000
 37.1200  , -0.3175  ,  0.3160  , -0.0607  ,  0.8163  , -1.1913  ,  0.4830  ,  0.3983  ,  0.0836  ,  1.9706  , -1.2032  ,  0.0000  , 100.0000 ,  0.0000  ,  0.0000  ,  0.0000  ,  0.0000  ,  0.0000  , 100.0000 ,  0.0000  ,  0.0000  ,  0.0000  ,  0.0000
 37.1400  , -0.3279  ,  0.3255  , -0.0909  ,  0.8531  , -1.1859  ,  0.4750  ,  0.3972  ,  0.0790  ,  1.9725  , -1.2352  ,  0.0000  , 100.0000 ,  0.0000  ,  0.0000  ,  0.0000  ,  0.0000  ,  0.0000  , 100.0000 ,  0.0000  ,  0.0000  ,  0.0000  ,  0.0000
 37.1600  , -0.3330  ,  0.3293  , -0.1022  ,  0.8705  , -1.2440  ,  0.4695  ,  0.3948  ,  0.0794  ,  1.9729  , -1.4211  ,  0.0000  , 100.0000 ,  0.0000  ,  0.0000  ,  0.0000  ,  0.0000  ,  0.0000  , 100.0000 ,  0.0000  ,  0.0000  ,  0.0000  ,  0.0000
 37.1800  , -0.3413  ,  0.3337  , -0.1181  ,  0.9032  , -1.2680  ,  0.4607  ,  0.3910  ,  0.0763  ,  1.9697  , -1.4344  ,  0.0000  , 100.0000 ,  0.0000  ,  0.0000  ,  0.0000  ,  0.0000  ,  0.0000  , 100.0000 ,  0.0000  ,  0.0000  ,  0.0000  ,  0.0000
 37.2000  , -0.3471  ,  0.3359  , -0.1287  ,  0.9334  , -1.3191  ,  0.4544  ,  0.3884  ,  0.0663  ,  1.9622  , -1.3317  ,  0.0000  , 100.0000 ,  0.0000  ,  0.0000  ,  0.0000  ,  0.0000  ,  0.0000  , 100.0000 ,  0.0000  ,  0.0000  ,  0.0000  ,  0.0000
 37.2200  , -0.3526  ,  0.3393  , -0.1464  ,  0.9733  , -1.3209  ,  0.4434  ,  0.3840  ,  0.0495  ,  1.9438  , -1.2709  ,  0.0000  , 100.0000 ,  0.0000  ,  0.0000  ,  0.0000  ,  0.0000  ,  0.0000  , 100.0000 ,  0.0000  ,  0.0000  ,  0.0000  ,  0.0000
 37.2400  , -0.3550  ,  0.3410  , -0.1591  ,  1.0004  , -1.3197  ,  0.4380  ,  0.3818  ,  0.0338  ,  1.9258  , -1.2562  ,  0.0000  , 100.0000 ,  0.0000  ,  0.0000  ,  0.0000  ,  0.0000  ,  0.0000  , 100.0000 ,  0.0000  ,  0.0000  ,  0.0000  ,  0.0000
 37.2600  , -0.3611  ,  0.3435  , -0.1817  ,  1.0606  , -1.4098  ,  0.4182  ,  0.3682  ,  0.0055  ,  1.8882  , -1.2717  ,  0.0000  , 100.0000 ,  0.0000  ,  0.0000  ,  0.0000  ,  0.0000  ,  0.0000  , 100.0000 ,  0.0000  ,  0.0000  ,  0.0000  ,  0.0000
 37.2800  , -0.3625  ,  0.3440  , -0.1891  ,  1.0865  , -1.4664  ,  0.4136  ,  0.3650  , -0.0083  ,  1.8680  , -1.3145  ,  0.0000  , 100.0000 ,  0.0000  ,  0.0000  ,  0.0000  ,  0.0000  ,  0.0000  , 100.0000 ,  0.0000  ,  0.0000  ,  0.0000  ,  0.0000
 37.3000  , -0.3580  ,  0.3439  , -0.2059  ,  1.1296  , -1.4953  ,  0.3905  ,  0.3525  , -0.0285  ,  1.8294  , -1.2964  ,  0.0000  , 100.0000 ,  0.0000  ,  0.0000  ,  0.0000  ,  0.0000  ,  0.0000  , 100.0000 ,  0.0000  ,  0.0000  ,  0.0000  ,  0.0000
 37.3200  , -0.3408  ,  0.3421  , -0.2312  ,  1.1881  , -1.4619  ,  0.3514  ,  0.3333  , -0.0574  ,  1.7643  , -1.2549  ,  0.0000  , 100.0000 ,  0.0000  ,  0.0000  ,  0.0000  ,  0.0000  ,  0.0000  , 100.0000 ,  0.0000  ,  0.0000  ,  0.0000  ,  0.0000
 37.3400  , -0.3244  ,  0.3391  , -0.2487  ,  1.2232  , -1.4576  ,  0.3229  ,  0.3200  , -0.0787  ,  1.7212  , -1.2318  ,  0.0000  , 100.0000 ,  0.0000  ,  0.0000  ,  0.0000  ,  0.0000  ,  0.0000  , 100.0000 ,  0.0000  ,  0.0000  ,  0.0000  ,  0.0000
 37.3600  , -0.3244  ,  0.3391  , -0.2487  ,  1.2232  , -1.4938  ,  0.3229  ,  0.3200  , -0.0787  ,  1.7212  , -1.2381  ,  0.0000  , 100.0000 ,  0.0000  ,  0.0000  ,  0.0000  ,  0.0000  ,  0.0000  , 100.0000 ,  0.0000  ,  0.0000  ,  0.0000  ,  0.0000
 37.3800  , -0.2821  ,  0.3275  , -0.2699  ,  1.3251  , -1.5169  ,  0.2579  ,  0.2919  , -0.1123  ,  1.6074  , -1.2596  ,  0.0000  , 100.0000 ,  0.0000  ,  0.0000  ,  0.0000  ,  0.0000  ,  0.0000  , 100.0000 ,  0.0000  ,  0.0000  ,  0.0000  ,  0.0000
 37.4000  , -0.2737  ,  0.3251  , -0.2725  ,  1.3233  , -1.5767  ,  0.1716  ,  0.2648  , -0.1046  ,  1.5535  , -1.3222  ,  0.0000  , 100.0000 ,  0.0000  ,  0.0000  ,  0.0000  ,  0.0000  ,  0.0000  , 100.0000 ,  0.0000  ,  0.0000  ,  0.0000  ,  0.0000
 37.4200  , -0.2068  ,  0.3018  , -0.2802  ,  1.4227  , -1.5981  ,  0.1266  ,  0.2539  , -0.0939  ,  1.5372  , -1.2999  ,  0.0000  , 100.0000 ,  0.0000  ,  0.0000  ,  0.0000  ,  0.0000  ,  0.0000  , 100.0000 ,  0.0000  ,  0.0000  ,  0.0000  ,  0.0000
 37.4400  , -0.1942  ,  0.2965  , -0.2791  ,  1.4415  , -1.6007  ,  0.1036  ,  0.2477  , -0.0871  ,  1.5266  , -1.2775  ,  0.0000  , 100.0000 ,  0.0000  ,  0.0000  ,  0.0000  ,  0.0000  ,  0.0000  , 100.0000 ,  0.0000  ,  0.0000  ,  0.0000  ,  0.0000
 37.4600  , -0.1489  ,  0.2765  , -0.2729  ,  1.5353  , -1.6057  ,  0.0017  ,  0.2199  , -0.0454  ,  1.4979  , -1.2933  ,  0.0000  , 100.0000 ,  0.0000  ,  0.0000  ,  0.0000  ,  0.0000  ,  0.0000  , 100.0000 ,  0.0000  ,  0.0000  ,  0.0000  ,  0.0000
 37.4800  , -0.1217  ,  0.2645  , -0.2648  ,  1.5828  , -1.6382  , -0.0558  ,  0.2027  , -0.0124  ,  1.4839  , -1.3457  ,  0.0000  , 100.0000 ,  0.0000  ,  0.0000  ,  0.0000  ,  0.0000  ,  0.0000  , 100.0000 ,  0.0000  ,  0.0000  ,  0.0000  ,  0.0000
 37.5000  , -0.0932  ,  0.2544  , -0.2534  ,  1.6410  , -1.6904  , -0.1029  ,  0.1880  ,  0.0261  ,  1.4532  , -1.3713  ,  0.0000  , 100.0000 ,  0.0000  ,  0.0000  ,  0.0000  ,  0.0000  ,  0.0000  , 100.0000 ,  0.0000  ,  0.0000  ,  0.0000  ,  0.0000
 37.5200  , -0.0652  ,  0.2487  , -0.2476  ,  1.6765  , -1.6904  , -0.1367  ,  0.1776  ,  0.0627  ,  1.4306  , -1.3713  ,  0.0000  , 100.0000 ,  0.0000  ,  0.0000  ,  0.0000  ,  0.0000  ,  0.0000  , 100.0000 ,  0.0000  ,  0.0000  ,  0.0000  ,  0.0000
 37.5400  , -0.0133  ,  0.2467  , -0.2428  ,  1.7130  , -1.7358  , -0.1864  ,  0.1593  ,  0.1265  ,  1.4066  , -1.3671  ,  0.0000  , 100.0000 ,  0.0000  ,  0.0000  ,  0.0000  ,  0.0000  ,  0.0000  , 100.0000 ,  0.0000  ,  0.0000  ,  0.0000  ,  0.0000
 37.5600  ,  0.0044  ,  0.2458  , -0.2379  ,  1.7402  , -1.7358  , -0.2009  ,  0.1528  ,  0.1542  ,  1.3915  , -1.3671  ,  0.0000  , 100.0000 ,  0.0000  ,  0.0000  ,  0.0000  ,  0.0000  ,  0.0000  , 100.0000 ,  0.0000  ,  0.0000  ,  0.0000  ,  0.0000
 37.5800  ,  0.0448  ,  0.2507  , -0.2440  ,  1.7537  , -1.7537  , -0.2282  ,  0.1398  ,  0.1982  ,  1.3852  , -1.3916  ,  0.0000  , 100.0000 ,  0.0000  ,  0.0000  ,  0.0000  ,  0.0000  ,  0.0000  , 100.0000 ,  0.0000  ,  0.0000  ,  0.0000  ,  0.0000
 37.6000  ,  0.1094  ,  0.2586  , -0.2485  ,  1.7867  , -1.8220  , -0.2665  ,  0.1227  ,  0.2810  ,  1.3716  , -1.4663  ,  0.0000  , 100.0000 ,  0.0000  ,  0.0000  ,  0.0000  ,  0.0000  ,  0.0000  , 100.0000 ,  0.0000  ,  0.0000  ,  0.0000  ,  0.0000
 37.6200  ,  0.1291  ,  0.2609  , -0.2493  ,  1.7968  , -1.8167  , -0.2770  ,  0.1181  ,  0.3057  ,  1.3660  , -1.4799  ,  0.0000  , 100.0000 ,  0.0000  ,  0.0000  ,  0.0000  ,  0.0000  ,  0.0000  , 100.0000 ,  0.0000  ,  0.0000  ,  0.0000  ,  0.0000
 37.6400  ,  0.1447  ,  0.2623  , -0.2443  ,  1.8185  , -1.7945  , -0.2846  ,  0.1142  ,  0.3415  ,  1.3455  , -1.4752  ,  0.0000  , 100.0000 ,  0.0000  ,  0.0000  ,  0.0000  ,  0.0000  ,  0.0000  , 100.0000 ,  0.0000  ,  0.0000  ,  0.0000  ,  0.0000
 37.6600  ,  0.2038  ,  0.2723  , -0.2473  ,  1.8512  , -1.7818  , -0.3224  ,  0.0942  ,  0.4126  ,  1.3518  , -1.4825  ,  0.0000  , 100.0000 ,  0.0000  ,  0.0000  ,  0.0000  ,  0.0000  ,  0.0000  , 100.0000 ,  0.0000  ,  0.0000  ,  0.0000  ,  0.0000
 37.6800  ,  0.2264  ,  0.2767  , -0.2529  ,  1.8528  , -1.8168  , -0.3369  ,  0.0873  ,  0.4295  ,  1.3620  , -1.5325  ,  0.0000  , 100.0000 ,  0.0000  ,  0.0000  ,  0.0000  ,  0.0000  ,  0.0000  , 100.0000 ,  0.0000  ,  0.0000  ,  0.0000  ,  0.0000
 37.7000  ,  0.2915  ,  0.2836  , -0.2580  ,  1.8773  , -1.8583  , -0.3756  ,  0.0655  ,  0.4974  ,  1.3753  , -1.5486  ,  0.0000  , 100.0000 ,  0.0000  ,  0.0000  ,  0.0000  ,  0.0000  ,  0.0000  , 100.0000 ,  0.0000  ,  0.0000  ,  0.0000  ,  0.0000
 37.7200  ,  0.2988  ,  0.2839  , -0.2567  ,  1.8839  , -1.9236  , -0.3798  ,  0.0629  ,  0.5008  ,  1.3795  , -1.5546  ,  0.0000  , 100.0000 ,  0.0000  ,  0.0000  ,  0.0000  ,  0.0000  ,  0.0000  , 100.0000 ,  0.0000  ,  0.0000  ,  0.0000  ,  0.0000
 37.7400  ,  0.3419  ,  0.2876  , -0.2508  ,  1.9220  , -1.8803  , -0.4071  ,  0.0449  ,  0.5487  ,  1.3870  , -1.5257  ,  0.0000  , 100.0000 ,  0.0000  ,  0.0000  ,  0.0000  ,  0.0000  ,  0.0000  , 100.0000 ,  0.0000  ,  0.0000  ,  0.0000  ,  0.0000
 37.7600  ,  0.3517  ,  0.2884  , -0.2473  ,  1.9380  , -1.8534  , -0.4128  ,  0.0406  ,  0.5653  ,  1.3806  , -1.5259  ,  0.0000  , 100.0000 ,  0.0000  ,  0.0000  ,  0.0000  ,  0.0000  ,  0.0000  , 100.0000 ,  0.0000  ,  0.0000  ,  0.0000  ,  0.0000
 37.7800  ,  0.3592  ,  0.2882  , -0.2463  ,  1.9448  , -1.8482  , -0.4193  ,  0.0333  ,  0.5765  ,  1.3839  , -1.5378  ,  0.0000  , 100.0000 ,  0.0000  ,  0.0000  ,  0.0000  ,  0.0000  ,  0.0000  , 100.0000 ,  0.0000  ,  0.0000  ,  0.0000  ,  0.0000
 37.8000  ,  0.3718  ,  0.2830  , -0.2335  ,  1.9808  , -1.8715  , -0.4348  ,  0.0167  ,  0.5964  ,  1.3908  , -1.5500  ,  0.0000  , 100.0000 ,  0.0000  ,  0.0000  ,  0.0000  ,  0.0000  ,  0.0000  , 100.0000 ,  0.0000  ,  0.0000  ,  0.0000  ,  0.0000
 37.8200  ,  0.3731  ,  0.2808  , -0.2297  ,  1.9906  , -1.9650  , -0.4383  ,  0.0133  ,  0.5999  ,  1.3927  , -1.5724  ,  0.0000  , 100.0000 ,  0.0000  ,  0.0000  ,  0.0000  ,  0.0000  ,  0.0000  , 100.0000 ,  0.0000  ,  0.0000  ,  0.0000  ,  0.0000
 37.8400  ,  0.3761  ,  0.2772  , -0.2223  ,  2.0128  , -1.9870  , -0.4455  ,  0.0013  ,  0.6100  ,  1.3978  , -1.5678  ,  0.0000  , 100.0000 ,  0.0000  ,  0.0000  ,  0.0000  ,  0.0000  ,  0.0000  , 100.0000 ,  0.0000  ,  0.0000  ,  0.0000  ,  0.0000
 37.8600  ,  0.3772  ,  0.2759  , -0.2213  ,  2.0267  , -1.9953  , -0.4480  ,  0.0042  ,  0.6077  ,  1.4021  , -1.5601  ,  0.0000  , 100.0000 ,  0.0000  ,  0.0000  ,  0.0000  ,  0.0000  ,  0.0000  , 100.0000 ,  0.0000  ,  0.0000  ,  0.0000  ,  0.0000
 37.8800  ,  0.3778  ,  0.2744  , -0.2195  ,  2.0339  , -1.9879  , -0.4499  ,  0.0093  ,  0.6070  ,  1.4069  , -1.5541  ,  0.0000  , 100.0000 ,  0.0000  ,  0.0000  ,  0.0000  ,  0.0000  ,  0.0000  , 100.0000 ,  0.0000  ,  0.0000  ,  0.0000  ,  0.0000
 37.9000  ,  0.3767  ,  0.2717  , -0.2186  ,  2.0427  , -1.9631  , -0.4495  ,  0.0154  ,  0.5994  ,  1.4145  , -1.5586  ,  0.0000  , 100.0000 ,  0.0000  ,  0.0000  ,  0.0000  ,  0.0000  ,  0.0000  , 100.0000 ,  0.0000  ,  0.0000  ,  0.0000  ,  0.0000
 37.9200  ,  0.3758  ,  0.2709  , -0.2186  ,  2.0441  , -1.9672  , -0.4488  ,  0.0167  ,  0.5955  ,  1.4174  , -1.5568  ,  0.0000  , 100.0000 ,  0.0000  ,  0.0000  ,  0.0000  ,  0.0000  ,  0.0000  , 100.0000 ,  0.0000  ,  0.0000  ,  0.0000  ,  0.0000
 37.9400  ,  0.3713  ,  0.2659  , -0.2289  ,  2.0664  , -1.9796  , -0.4432  ,  0.0184  ,  0.5750  ,  1.4331  , -1.5510  ,  0.0000  , 100.0000 ,  0.0000  ,  0.0000  ,  0.0000  ,  0.0000  ,  0.0000  , 100.0000 ,  0.0000  ,  0.0000  ,  0.0000  ,  0.0000
 37.9600  ,  0.3707  ,  0.2653  , -0.2298  ,  2.0655  , -1.9898  , -0.4425  ,  0.0185  ,  0.5711  ,  1.4352  , -1.5331  ,  0.0000  , 100.0000 ,  0.0000  ,  0.0000  ,  0.0000  ,  0.0000  ,  0.0000  , 100.0000 ,  0.0000  ,  0.0000  ,  0.0000  ,  0.0000
 37.9800  ,  0.3638  ,  0.2599  , -0.2346  ,  2.0580  , -1.9900  , -0.4368  ,  0.0190  ,  0.5484  ,  1.4435  , -1.5192  ,  0.0000  , 100.0000 ,  0.0000  ,  0.0000  ,  0.0000  ,  0.0000  ,  0.0000  , 100.0000 ,  0.0000  ,  0.0000  ,  0.0000  ,  0.0000
 38.0000  ,  0.3586  ,  0.2564  , -0.2358  ,  2.0561  , -1.9869  , -0.4330  ,  0.0187  ,  0.5337  ,  1.4503  , -1.5163  ,  0.0000  , 100.0000 ,  0.0000  ,  0.0000  ,  0.0000  ,  0.0000  ,  0.0000  , 100.0000 ,  0.0000  ,  0.0000  ,  0.0000  ,  0.0000
 38.0200  ,  0.3514  ,  0.2519  , -0.2426  ,  2.0415  , -1.9832  , -0.4281  ,  0.0181  ,  0.5057  ,  1.4640  , -1.5151  ,  0.0000  , 100.0000 ,  0.0000  ,  0.0000  ,  0.0000  ,  0.0000  ,  0.0000  , 100.0000 ,  0.0000  ,  0.0000  ,  0.0000  ,  0.0000
 38.0400  ,  0.3460  ,  0.2499  , -0.2419  ,  2.0393  , -1.9828  , -0.4255  ,  0.0179  ,  0.4979  ,  1.4667  , -1.5108  ,  0.0000  , 100.0000 ,  0.0000  ,  0.0000  ,  0.0000  ,  0.0000  ,  0.0000  , 100.0000 ,  0.0000  ,  0.0000  ,  0.0000  ,  0.0000
 38.0600  ,  0.3363  ,  0.2462  , -0.2380  ,  2.0180  , -1.9564  , -0.4210  ,  0.0176  ,  0.4751  ,  1.4770  , -1.4940  ,  0.0000  , 100.0000 ,  0.0000  ,  0.0000  ,  0.0000  ,  0.0000  ,  0.0000  , 100.0000 ,  0.0000  ,  0.0000  ,  0.0000  ,  0.0000
 38.0800  ,  0.3168  ,  0.2424  , -0.2416  ,  2.0025  , -1.8919  , -0.4148  ,  0.0180  ,  0.4403  ,  1.4907  , -1.4672  ,  0.0000  , 100.0000 ,  0.0000  ,  0.0000  ,  0.0000  ,  0.0000  ,  0.0000  , 100.0000 ,  0.0000  ,  0.0000  ,  0.0000  ,  0.0000
 38.1000  ,  0.3039  ,  0.2395  , -0.2451  ,  1.9905  , -1.8381  , -0.4103  ,  0.0177  ,  0.4215  ,  1.4973  , -1.4647  ,  0.0000  , 100.0000 ,  0.0000  ,  0.0000  ,  0.0000  ,  0.0000  ,  0.0000  , 100.0000 ,  0.0000  ,  0.0000  ,  0.0000  ,  0.0000
 38.1200  ,  0.2843  ,  0.2348  , -0.2423  ,  1.9482  , -1.8270  , -0.4030  ,  0.0169  ,  0.3844  ,  1.5151  , -1.4757  ,  0.0000  , 100.0000 ,  0.0000  ,  0.0000  ,  0.0000  ,  0.0000  ,  0.0000  , 100.0000 ,  0.0000  ,  0.0000  ,  0.0000  ,  0.0000
 38.1400  ,  0.2650  ,  0.2319  , -0.2419  ,  1.9397  , -1.7562  , -0.3949  ,  0.0133  ,  0.3627  ,  1.5229  , -1.4764  ,  0.0000  , 100.0000 ,  0.0000  ,  0.0000  ,  0.0000  ,  0.0000  ,  0.0000  , 100.0000 ,  0.0000  ,  0.0000  ,  0.0000  ,  0.0000
 38.1600  ,  0.2473  ,  0.2291  , -0.2511  ,  1.9109  , -1.6871  , -0.3871  ,  0.0100  ,  0.3349  ,  1.5397  , -1.4507  ,  0.0000  , 100.0000 ,  0.0000  ,  0.0000  ,  0.0000  ,  0.0000  ,  0.0000  , 100.0000 ,  0.0000  ,  0.0000  ,  0.0000  ,  0.0000
 38.1800  ,  0.2106  ,  0.2251  , -0.2599  ,  1.8804  , -1.6213  , -0.3675  ,  0.0011  ,  0.2936  ,  1.5579  , -1.4289  ,  0.0000  , 100.0000 ,  0.0000  ,  0.0000  ,  0.0000  ,  0.0000  ,  0.0000  , 100.0000 ,  0.0000  ,  0.0000  ,  0.0000  ,  0.0000
 38.2000  ,  0.1786  ,  0.2216  , -0.2675  ,  1.8514  , -1.5250  , -0.3486  ,  0.0068  ,  0.2624  ,  1.5772  , -1.4213  ,  0.0000  , 100.0000 ,  0.0000  ,  0.0000  ,  0.0000  ,  0.0000  ,  0.0000  , 100.0000 ,  0.0000  ,  0.0000  ,  0.0000  ,  0.0000
 38.2200  ,  0.1547  ,  0.2189  , -0.2828  ,  1.8030  , -1.5340  , -0.3338  ,  0.0124  ,  0.2304  ,  1.6165  , -1.4339  ,  0.0000  , 100.0000 ,  0.0000  ,  0.0000  ,  0.0000  ,  0.0000  ,  0.0000  , 100.0000 ,  0.0000  ,  0.0000  ,  0.0000  ,  0.0000
 38.2400  ,  0.1139  ,  0.2124  , -0.2814  ,  1.7731  , -1.5752  , -0.3033  ,  0.0293  ,  0.1995  ,  1.6351  , -1.4409  ,  0.0000  , 100.0000 ,  0.0000  ,  0.0000  ,  0.0000  ,  0.0000  ,  0.0000  , 100.0000 ,  0.0000  ,  0.0000  ,  0.0000  ,  0.0000
 38.2600  ,  0.1058  ,  0.2111  , -0.2815  ,  1.7589  , -1.5602  , -0.2971  ,  0.0325  ,  0.1931  ,  1.6406  , -1.4271  ,  0.0000  , 100.0000 ,  0.0000  ,  0.0000  ,  0.0000  ,  0.0000  ,  0.0000  , 100.0000 ,  0.0000  ,  0.0000  ,  0.0000  ,  0.0000
 38.2800  ,  0.0573  ,  0.2050  , -0.2864  ,  1.7018  , -1.5762  , -0.2442  ,  0.0602  ,  0.1518  ,  1.6778  , -1.4164  ,  0.0000  , 100.0000 ,  0.0000  ,  0.0000  ,  0.0000  ,  0.0000  ,  0.0000  , 100.0000 ,  0.0000  ,  0.0000  ,  0.0000  ,  0.0000
 38.3000  ,  0.0336  ,  0.2041  , -0.2882  ,  1.6703  , -1.6150  , -0.2148  ,  0.0755  ,  0.1347  ,  1.6851  , -1.4220  ,  0.0000  , 100.0000 ,  0.0000  ,  0.0000  ,  0.0000  ,  0.0000  ,  0.0000  , 100.0000 ,  0.0000  ,  0.0000  ,  0.0000  ,  0.0000
 38.3200  , -0.0022  ,  0.2050  , -0.2923  ,  1.6179  , -1.6451  , -0.1679  ,  0.0984  ,  0.1112  ,  1.7353  , -1.4460  ,  0.0000  , 100.0000 ,  0.0000  ,  0.0000  ,  0.0000  ,  0.0000  ,  0.0000  , 100.0000 ,  0.0000  ,  0.0000  ,  0.0000  ,  0.0000
 38.3400  , -0.0206  ,  0.2083  , -0.2994  ,  1.5673  , -1.6623  , -0.1399  ,  0.1120  ,  0.1009  ,  1.7657  , -1.4674  ,  0.0000  , 100.0000 ,  0.0000  ,  0.0000  ,  0.0000  ,  0.0000  ,  0.0000  , 100.0000 ,  0.0000  ,  0.0000  ,  0.0000  ,  0.0000
 38.3600  , -0.0477  ,  0.2146  , -0.3043  ,  1.5112  , -1.6466  , -0.1001  ,  0.1313  ,  0.0886  ,  1.7983  , -1.4511  ,  0.0000  , 100.0000 ,  0.0000  ,  0.0000  ,  0.0000  ,  0.0000  ,  0.0000  , 100.0000 ,  0.0000  ,  0.0000  ,  0.0000  ,  0.0000
 38.3800  , -0.0635  ,  0.2189  , -0.3042  ,  1.4723  , -1.6530  , -0.0774  ,  0.1424  ,  0.0841  ,  1.8246  , -1.4336  ,  0.0000  , 100.0000 ,  0.0000  ,  0.0000  ,  0.0000  ,  0.0000  ,  0.0000  , 100.0000 ,  0.0000  ,  0.0000  ,  0.0000  ,  0.0000
 38.4000  , -0.0888  ,  0.2250  , -0.2987  ,  1.4595  , -1.6540  , -0.0506  ,  0.1573  ,  0.0771  ,  1.8439  , -1.4617  ,  0.0000  , 100.0000 ,  0.0000  ,  0.0000  ,  0.0000  ,  0.0000  ,  0.0000  , 100.0000 ,  0.0000  ,  0.0000  ,  0.0000  ,  0.0000
 38.4200  , -0.1229  ,  0.2319  , -0.2891  ,  1.4310  , -1.6555  , -0.0165  ,  0.1754  ,  0.0714  ,  1.8753  , -1.4942  ,  0.0000  , 100.0000 ,  0.0000  ,  0.0000  ,  0.0000  ,  0.0000  ,  0.0000  , 100.0000 ,  0.0000  ,  0.0000  ,  0.0000  ,  0.0000
 38.4400  , -0.1542  ,  0.2377  , -0.2792  ,  1.3953  , -1.6680  ,  0.0152  ,  0.1925  ,  0.0703  ,  1.9124  , -1.5450  ,  0.0000  , 100.0000 ,  0.0000  ,  0.0000  ,  0.0000  ,  0.0000  ,  0.0000  , 100.0000 ,  0.0000  ,  0.0000  ,  0.0000  ,  0.0000
 38.4600  , -0.2067  ,  0.2482  , -0.2593  ,  1.4014  , -1.6882  ,  0.0718  ,  0.2269  ,  0.0573  ,  1.9168  , -1.5443  ,  0.0000  , 100.0000 ,  0.0000  ,  0.0000  ,  0.0000  ,  0.0000  ,  0.0000  , 100.0000 ,  0.0000  ,  0.0000  ,  0.0000  ,  0.0000
 38.4800  , -0.2470  ,  0.2565  , -0.2369  ,  1.3808  , -1.7132  ,  0.1192  ,  0.2563  ,  0.0487  ,  1.9366  , -1.5360  ,  0.0000  , 100.0000 ,  0.0000  ,  0.0000  ,  0.0000  ,  0.0000  ,  0.0000  , 100.0000 ,  0.0000  ,  0.0000  ,  0.0000  ,  0.0000
 38.5000  , -0.2754  ,  0.2672  , -0.2262  ,  1.3791  , -1.7108  ,  0.1583  ,  0.2762  ,  0.0406  ,  1.9419  , -1.5301  ,  0.0000  , 100.0000 ,  0.0000  ,  0.0000  ,  0.0000  ,  0.0000  ,  0.0000  , 100.0000 ,  0.0000  ,  0.0000  ,  0.0000  ,  0.0000
 38.5200  , -0.3165  ,  0.2818  , -0.2058  ,  1.3604  , -1.7036  ,  0.2158  ,  0.3028  ,  0.0371  ,  1.9642  , -1.5638  ,  0.0000  , 100.0000 ,  0.0000  ,  0.0000  ,  0.0000  ,  0.0000  ,  0.0000  , 100.0000 ,  0.0000  ,  0.0000  ,  0.0000  ,  0.0000
 38.5400  , -0.3438  ,  0.2914  , -0.1924  ,  1.3522  , -1.6945  ,  0.2562  ,  0.3225  ,  0.0327  ,  1.9770  , -1.6369  ,  0.0000  , 100.0000 ,  0.0000  ,  0.0000  ,  0.0000  ,  0.0000  ,  0.0000  , 100.0000 ,  0.0000  ,  0.0000  ,  0.0000  ,  0.0000
 38.5600  , -0.3681  ,  0.3013  , -0.1763  ,  1.3294  , -1.6912  ,  0.2987  ,  0.3473  ,  0.0264  ,  1.9887  , -1.6811  ,  0.0000  , 100.0000 ,  0.0000  ,  0.0000  ,  0.0000  ,  0.0000  ,  0.0000  , 100.0000 ,  0.0000  ,  0.0000  ,  0.0000  ,  0.0000
 38.5800  , -0.3778  ,  0.3051  , -0.1687  ,  1.3198  , -1.6910  ,  0.3153  ,  0.3569  ,  0.0290  ,  2.0000  , -1.6737  ,  0.0000  , 100.0000 ,  0.0000  ,  0.0000  ,  0.0000  ,  0.0000  ,  0.0000  , 100.0000 ,  0.0000  ,  0.0000  ,  0.0000  ,  0.0000
 38.6000  , -0.3881  ,  0.3084  , -0.1645  ,  1.3210  , -1.7088  ,  0.3329  ,  0.3670  ,  0.0244  ,  2.0003  , -1.5783  ,  0.0000  , 100.0000 ,  0.0000  ,  0.0000  ,  0.0000  ,  0.0000  ,  0.0000  , 100.0000 ,  0.0000  ,  0.0000  ,  0.0000  ,  0.0000
 38.6200  , -0.4077  ,  0.3142  , -0.1427  ,  1.2984  , -1.7128  ,  0.3647  ,  0.3843  ,  0.0272  ,  2.0196  , -1.5251  ,  0.0000  , 100.0000 ,  0.0000  ,  0.0000  ,  0.0000  ,  0.0000  ,  0.0000  , 100.0000 ,  0.0000  ,  0.0000  ,  0.0000  ,  0.0000
 38.6400  , -0.4318  ,  0.3207  , -0.1304  ,  1.3087  , -1.7070  ,  0.3842  ,  0.3947  ,  0.0246  ,  2.0248  , -1.5042  ,  0.0000  , 100.0000 ,  0.0000  ,  0.0000  ,  0.0000  ,  0.0000  ,  0.0000  , 100.0000 ,  0.0000  ,  0.0000  ,  0.0000  ,  0.0000
 38.6600  , -0.4653  ,  0.3290  , -0.1103  ,  1.3183  , -1.6923  ,  0.4048  ,  0.4069  ,  0.0258  ,  2.0425  , -1.5251  ,  0.0000  , 100.0000 ,  0.0000  ,  0.0000  ,  0.0000  ,  0.0000  ,  0.0000  , 100.0000 ,  0.0000  ,  0.0000  ,  0.0000  ,  0.0000
 38.6800  , -0.4720  ,  0.3305  , -0.1043  ,  1.3193  , -1.6896  ,  0.4083  ,  0.4092  ,  0.0263  ,  2.0457  , -1.5303  ,  0.0000  , 100.0000 ,  0.0000  ,  0.0000  ,  0.0000  ,  0.0000  ,  0.0000  , 100.0000 ,  0.0000  ,  0.0000  ,  0.0000  ,  0.0000
 38.7000  , -0.4822  ,  0.3331  , -0.0963  ,  1.3234  , -1.7004  ,  0.4142  ,  0.4128  ,  0.0272  ,  2.0519  , -1.5245  ,  0.0000  , 100.0000 ,  0.0000  ,  0.0000  ,  0.0000  ,  0.0000  ,  0.0000  , 100.0000 ,  0.0000  ,  0.0000  ,  0.0000  ,  0.0000
 38.7200  , -0.5009  ,  0.3376  , -0.0839  ,  1.3394  , -1.7067  ,  0.4250  ,  0.4190  ,  0.0257  ,  2.0563  , -1.5059  ,  0.0000  , 100.0000 ,  0.0000  ,  0.0000  ,  0.0000  ,  0.0000  ,  0.0000  , 100.0000 ,  0.0000  ,  0.0000  ,  0.0000  ,  0.0000
 38.7400  , -0.5089  ,  0.3409  , -0.0806  ,  1.3468  , -1.7042  ,  0.4278  ,  0.4209  ,  0.0243  ,  2.0574  , -1.5065  ,  0.0000  , 100.0000 ,  0.0000  ,  0.0000  ,  0.0000  ,  0.0000  ,  0.0000  , 100.0000 ,  0.0000  ,  0.0000  ,  0.0000  ,  0.0000
 38.7600  , -0.5238  ,  0.3478  , -0.0718  ,  1.3615  , -1.7039  ,  0.4352  ,  0.4244  ,  0.0186  ,  2.0590  , -1.4860  ,  0.0000  , 100.0000 ,  0.0000  ,  0.0000  ,  0.0000  ,  0.0000  ,  0.0000  , 100.0000 ,  0.0000  ,  0.0000  ,  0.0000  ,  0.0000
 38.7800  , -0.5274  ,  0.3498  , -0.0687  ,  1.3662  , -1.7044  ,  0.4377  ,  0.4252  ,  0.0166  ,  2.0569  , -1.4716  ,  0.0000  , 100.0000 ,  0.0000  ,  0.0000  ,  0.0000  ,  0.0000  ,  0.0000  , 100.0000 ,  0.0000  ,  0.0000  ,  0.0000  ,  0.0000
 38.8000  , -0.5327  ,  0.3538  , -0.0668  ,  1.3830  , -1.7066  ,  0.4414  ,  0.4259  ,  0.0094  ,  2.0520  , -1.4694  ,  0.0000  , 100.0000 ,  0.0000  ,  0.0000  ,  0.0000  ,  0.0000  ,  0.0000  , 100.0000 ,  0.0000  ,  0.0000  ,  0.0000  ,  0.0000
 38.8200  , -0.5340  ,  0.3547  , -0.0646  ,  1.3882  , -1.7108  ,  0.4422  ,  0.4259  ,  0.0052  ,  2.0481  , -1.4898  ,  0.0000  , 100.0000 ,  0.0000  ,  0.0000  ,  0.0000  ,  0.0000  ,  0.0000  , 100.0000 ,  0.0000  ,  0.0000  ,  0.0000  ,  0.0000
 38.8400  , -0.5346  ,  0.3565  , -0.0646  ,  1.3920  , -1.7113  ,  0.4427  ,  0.4252  ,  0.0034  ,  2.0462  , -1.5013  ,  0.0000  , 100.0000 ,  0.0000  ,  0.0000  ,  0.0000  ,  0.0000  ,  0.0000  , 100.0000 ,  0.0000  ,  0.0000  ,  0.0000  ,  0.0000
 38.8600  , -0.5354  ,  0.3585  , -0.0675  ,  1.3975  , -1.7106  ,  0.4432  ,  0.4242  ,  0.0006  ,  2.0441  , -1.5066  ,  0.0000  , 100.0000 ,  0.0000  ,  0.0000  ,  0.0000  ,  0.0000  ,  0.0000  , 100.0000 ,  0.0000  ,  0.0000  ,  0.0000  ,  0.0000
 38.8800  , -0.5330  ,  0.3626  , -0.0680  ,  1.4148  , -1.7037  ,  0.4444  ,  0.4205  , -0.0115  ,  2.0238  , -1.4992  ,  0.0000  , 100.0000 ,  0.0000  ,  0.0000  ,  0.0000  ,  0.0000  ,  0.0000  , 100.0000 ,  0.0000  ,  0.0000  ,  0.0000  ,  0.0000
 38.9000  , -0.5314  ,  0.3640  , -0.0695  ,  1.4176  , -1.7037  ,  0.4434  ,  0.4197  , -0.0143  ,  2.0183  , -1.4992  ,  0.0000  , 100.0000 ,  0.0000  ,  0.0000  ,  0.0000  ,  0.0000  ,  0.0000  , 100.0000 ,  0.0000  ,  0.0000  ,  0.0000  ,  0.0000
 38.9200  , -0.5299  ,  0.3652  , -0.0742  ,  1.4281  , -1.7026  ,  0.4426  ,  0.4189  , -0.0181  ,  2.0145  , -1.4915  ,  0.0000  , 100.0000 ,  0.0000  ,  0.0000  ,  0.0000  ,  0.0000  ,  0.0000  , 100.0000 ,  0.0000  ,  0.0000  ,  0.0000  ,  0.0000
 38.9400  , -0.5288  ,  0.3670  , -0.0765  ,  1.4362  , -1.7127  ,  0.4376  ,  0.4160  , -0.0252  ,  1.9995  , -1.4954  ,  0.0000  , 100.0000 ,  0.0000  ,  0.0000  ,  0.0000  ,  0.0000  ,  0.0000  , 100.0000 ,  0.0000  ,  0.0000  ,  0.0000  ,  0.0000
 38.9600  , -0.5285  ,  0.3678  , -0.0778  ,  1.4451  , -1.7127  ,  0.4338  ,  0.4142  , -0.0326  ,  1.9855  , -1.4954  ,  0.0000  , 100.0000 ,  0.0000  ,  0.0000  ,  0.0000  ,  0.0000  ,  0.0000  , 100.0000 ,  0.0000  ,  0.0000  ,  0.0000  ,  0.0000
 38.9800  , -0.5277  ,  0.3692  , -0.0828  ,  1.4577  , -1.7208  ,  0.4221  ,  0.4085  , -0.0446  ,  1.9676  , -1.4713  ,  0.0000  , 100.0000 ,  0.0000  ,  0.0000  ,  0.0000  ,  0.0000  ,  0.0000  , 100.0000 ,  0.0000  ,  0.0000  ,  0.0000  ,  0.0000
 39.0000  , -0.5264  ,  0.3699  , -0.0857  ,  1.4661  , -1.7117  ,  0.4162  ,  0.4052  , -0.0548  ,  1.9485  , -1.4765  ,  0.0000  , 100.0000 ,  0.0000  ,  0.0000  ,  0.0000  ,  0.0000  ,  0.0000  , 100.0000 ,  0.0000  ,  0.0000  ,  0.0000  ,  0.0000
 39.0200  , -0.5248  ,  0.3701  , -0.0880  ,  1.4723  , -1.7060  ,  0.4092  ,  0.4013  , -0.0640  ,  1.9302  , -1.4857  ,  0.0000  , 100.0000 ,  0.0000  ,  0.0000  ,  0.0000  ,  0.0000  ,  0.0000  , 100.0000 ,  0.0000  ,  0.0000  ,  0.0000  ,  0.0000
 39.0400  , -0.5207  ,  0.3693  , -0.0943  ,  1.4921  , -1.6984  ,  0.3926  ,  0.3918  , -0.0909  ,  1.8774  , -1.4977  ,  0.0000  , 100.0000 ,  0.0000  ,  0.0000  ,  0.0000  ,  0.0000  ,  0.0000  , 100.0000 ,  0.0000  ,  0.0000  ,  0.0000  ,  0.0000
 39.0600  , -0.5185  ,  0.3686  , -0.0954  ,  1.4931  , -1.6936  ,  0.3852  ,  0.3882  , -0.0903  ,  1.8735  , -1.4955  ,  0.0000  , 100.0000 ,  0.0000  ,  0.0000  ,  0.0000  ,  0.0000  ,  0.0000  , 100.0000 ,  0.0000  ,  0.0000  ,  0.0000  ,  0.0000
 39.0800  , -0.5143  ,  0.3672  , -0.0997  ,  1.5034  , -1.7103  ,  0.3713  ,  0.3812  , -0.0988  ,  1.8508  , -1.4779  ,  0.0000  , 100.0000 ,  0.0000  ,  0.0000  ,  0.0000  ,  0.0000  ,  0.0000  , 100.0000 ,  0.0000  ,  0.0000  ,  0.0000  ,  0.0000
 39.1000  , -0.5076  ,  0.3649  , -0.1059  ,  1.5178  , -1.7188  ,  0.3518  ,  0.3720  , -0.1131  ,  1.8134  , -1.4749  ,  0.0000  , 100.0000 ,  0.0000  ,  0.0000  ,  0.0000  ,  0.0000  ,  0.0000  , 100.0000 ,  0.0000  ,  0.0000  ,  0.0000  ,  0.0000
 39.1200  , -0.4835  ,  0.3560  , -0.1200  ,  1.5382  , -1.6953  ,  0.2945  ,  0.3474  , -0.1261  ,  1.7435  , -1.4379  ,  0.0000  , 100.0000 ,  0.0000  ,  0.0000  ,  0.0000  ,  0.0000  ,  0.0000  , 100.0000 ,  0.0000  ,  0.0000  ,  0.0000  ,  0.0000
 39.1400  , -0.4760  ,  0.3530  , -0.1246  ,  1.5492  , -1.6792  ,  0.2787  ,  0.3406  , -0.1255  ,  1.7287  , -1.4175  ,  0.0000  , 100.0000 ,  0.0000  ,  0.0000  ,  0.0000  ,  0.0000  ,  0.0000  , 100.0000 ,  0.0000  ,  0.0000  ,  0.0000  ,  0.0000
 39.1600  , -0.4492  ,  0.3435  , -0.1390  ,  1.5798  , -1.6763  ,  0.2284  ,  0.3190  , -0.1372  ,  1.6492  , -1.4063  ,  0.0000  , 100.0000 ,  0.0000  ,  0.0000  ,  0.0000  ,  0.0000  ,  0.0000  , 100.0000 ,  0.0000  ,  0.0000  ,  0.0000  ,  0.0000
 39.1800  , -0.4384  ,  0.3396  , -0.1462  ,  1.5994  , -1.6803  ,  0.2098  ,  0.3105  , -0.1423  ,  1.6181  , -1.4021  ,  0.0000  , 100.0000 ,  0.0000  ,  0.0000  ,  0.0000  ,  0.0000  ,  0.0000  , 100.0000 ,  0.0000  ,  0.0000  ,  0.0000  ,  0.0000
 39.2000  , -0.4057  ,  0.3301  , -0.1574  ,  1.5958  , -1.6778  ,  0.1687  ,  0.2940  , -0.1302  ,  1.5920  , -1.3863  ,  0.0000  , 100.0000 ,  0.0000  ,  0.0000  ,  0.0000  ,  0.0000  ,  0.0000  , 100.0000 ,  0.0000  ,  0.0000  ,  0.0000  ,  0.0000
 39.2200  , -0.3491  ,  0.3126  , -0.1783  ,  1.6156  , -1.6681  ,  0.0987  ,  0.2705  , -0.1126  ,  1.5466  , -1.3750  ,  0.0000  , 100.0000 ,  0.0000  ,  0.0000  ,  0.0000  ,  0.0000  ,  0.0000  , 100.0000 ,  0.0000  ,  0.0000  ,  0.0000  ,  0.0000
 39.2400  , -0.3314  ,  0.3066  , -0.1838  ,  1.6203  , -1.6324  ,  0.0772  ,  0.2636  , -0.1083  ,  1.5281  , -1.3814  ,  0.0000  , 100.0000 ,  0.0000  ,  0.0000  ,  0.0000  ,  0.0000  ,  0.0000  , 100.0000 ,  0.0000  ,  0.0000  ,  0.0000  ,  0.0000
 39.2600  , -0.2699  ,  0.2833  , -0.2004  ,  1.6624  , -1.6315  , -0.0012  ,  0.2369  , -0.0793  ,  1.4849  , -1.3953  ,  0.0000  , 100.0000 ,  0.0000  ,  0.0000  ,  0.0000  ,  0.0000  ,  0.0000  , 100.0000 ,  0.0000  ,  0.0000  ,  0.0000  ,  0.0000
 39.2800  , -0.2553  ,  0.2768  , -0.2036  ,  1.6839  , -1.6420  , -0.0194  ,  0.2297  , -0.0742  ,  1.4514  , -1.4114  ,  0.0000  , 100.0000 ,  0.0000  ,  0.0000  ,  0.0000  ,  0.0000  ,  0.0000  , 100.0000 ,  0.0000  ,  0.0000  ,  0.0000  ,  0.0000
 39.3000  , -0.2215  ,  0.2641  , -0.2097  ,  1.7007  , -1.6536  , -0.0608  ,  0.2146  , -0.0496  ,  1.4463  , -1.4036  ,  0.0000  , 100.0000 ,  0.0000  ,  0.0000  ,  0.0000  ,  0.0000  ,  0.0000  , 100.0000 ,  0.0000  ,  0.0000  ,  0.0000  ,  0.0000
 39.3200  , -0.1658  ,  0.2469  , -0.2201  ,  1.7435  , -1.6586  , -0.1234  ,  0.1877  , -0.0065  ,  1.4014  , -1.3983  ,  0.0000  , 100.0000 ,  0.0000  ,  0.0000  ,  0.0000  ,  0.0000  ,  0.0000  , 100.0000 ,  0.0000  ,  0.0000  ,  0.0000  ,  0.0000
 39.3400  , -0.1500  ,  0.2421  , -0.2213  ,  1.7774  , -1.6588  , -0.1403  ,  0.1794  ,  0.0088  ,  1.3733  , -1.3951  ,  0.0000  , 100.0000 ,  0.0000  ,  0.0000  ,  0.0000  ,  0.0000  ,  0.0000  , 100.0000 ,  0.0000  ,  0.0000  ,  0.0000  ,  0.0000
 39.3600  , -0.1064  ,  0.2389  , -0.2330  ,  1.7957  , -1.6559  , -0.1764  ,  0.1621  ,  0.0442  ,  1.3594  , -1.4196  ,  0.0000  , 100.0000 ,  0.0000  ,  0.0000  ,  0.0000  ,  0.0000  ,  0.0000  , 100.0000 ,  0.0000  ,  0.0000  ,  0.0000  ,  0.0000
 39.3800  , -0.0852  ,  0.2367  , -0.2323  ,  1.8314  , -1.6811  , -0.1934  ,  0.1528  ,  0.0725  ,  1.3244  , -1.4599  ,  0.0000  , 100.0000 ,  0.0000  ,  0.0000  ,  0.0000  ,  0.0000  ,  0.0000  , 100.0000 ,  0.0000  ,  0.0000  ,  0.0000  ,  0.0000
 39.4000  , -0.0166  ,  0.2384  , -0.2471  ,  1.8715  , -1.7224  , -0.2409  ,  0.1295  ,  0.1409  ,  1.2950  , -1.4651  ,  0.0000  , 100.0000 ,  0.0000  ,  0.0000  ,  0.0000  ,  0.0000  ,  0.0000  , 100.0000 ,  0.0000  ,  0.0000  ,  0.0000  ,  0.0000
 39.4200  ,  0.0057  ,  0.2400  , -0.2547  ,  1.8673  , -1.7224  , -0.2551  ,  0.1227  ,  0.1582  ,  1.2989  , -1.4651  ,  0.0000  , 100.0000 ,  0.0000  ,  0.0000  ,  0.0000  ,  0.0000  ,  0.0000  , 100.0000 ,  0.0000  ,  0.0000  ,  0.0000  ,  0.0000
 39.4400  ,  0.0876  ,  0.2439  , -0.2685  ,  1.9111  , -1.7861  , -0.3047  ,  0.0961  ,  0.2476  ,  1.2868  , -1.4955  ,  0.0000  , 100.0000 ,  0.0000  ,  0.0000  ,  0.0000  ,  0.0000  ,  0.0000  , 100.0000 ,  0.0000  ,  0.0000  ,  0.0000  ,  0.0000
 39.4600  ,  0.1171  ,  0.2467  , -0.2744  ,  1.9221  , -1.7721  , -0.3231  ,  0.0873  ,  0.2709  ,  1.2970  , -1.5128  ,  0.0000  , 100.0000 ,  0.0000  ,  0.0000  ,  0.0000  ,  0.0000  ,  0.0000  , 100.0000 ,  0.0000  ,  0.0000  ,  0.0000  ,  0.0000
 39.4800  ,  0.1424  ,  0.2482  , -0.2765  ,  1.9398  , -1.7844  , -0.3382  ,  0.0791  ,  0.3049  ,  1.2908  , -1.5743  ,  0.0000  , 100.0000 ,  0.0000  ,  0.0000  ,  0.0000  ,  0.0000  ,  0.0000  , 100.0000 ,  0.0000  ,  0.0000  ,  0.0000  ,  0.0000
 39.5000  ,  0.2252  ,  0.2532  , -0.2882  ,  1.9631  , -1.8058  , -0.3837  ,  0.0518  ,  0.3888  ,  1.3135  , -1.5847  ,  0.0000  , 100.0000 ,  0.0000  ,  0.0000  ,  0.0000  ,  0.0000  ,  0.0000  , 100.0000 ,  0.0000  ,  0.0000  ,  0.0000  ,  0.0000
 39.5200  ,  0.2588  ,  0.2580  , -0.2965  ,  1.9645  , -1.8606  , -0.4008  ,  0.0424  ,  0.4115  ,  1.3257  , -1.5691  ,  0.0000  , 100.0000 ,  0.0000  ,  0.0000  ,  0.0000  ,  0.0000  ,  0.0000  , 100.0000 ,  0.0000  ,  0.0000  ,  0.0000  ,  0.0000
 39.5400  ,  0.3076  ,  0.2622  , -0.2980  ,  1.9891  , -1.8997  , -0.4239  ,  0.0279  ,  0.4638  ,  1.3310  , -1.5727  ,  0.0000  , 100.0000 ,  0.0000  ,  0.0000  ,  0.0000  ,  0.0000  ,  0.0000  , 100.0000 ,  0.0000  ,  0.0000  ,  0.0000  ,  0.0000
 39.5600  ,  0.3450  ,  0.2671  , -0.3057  ,  1.9913  , -1.9073  , -0.4407  ,  0.0163  ,  0.4908  ,  1.3465  , -1.5962  ,  0.0000  , 100.0000 ,  0.0000  ,  0.0000  ,  0.0000  ,  0.0000  ,  0.0000  , 100.0000 ,  0.0000  ,  0.0000  ,  0.0000  ,  0.0000
 39.5800  ,  0.3690  ,  0.2693  , -0.3049  ,  1.9965  , -1.9092  , -0.4507  ,  0.0087  ,  0.5049  ,  1.3561  , -1.6057  ,  0.0000  , 100.0000 ,  0.0000  ,  0.0000  ,  0.0000  ,  0.0000  ,  0.0000  , 100.0000 ,  0.0000  ,  0.0000  ,  0.0000  ,  0.0000
 39.6000  ,  0.4222  ,  0.2724  , -0.3102  ,  2.0062  , -1.9175  , -0.4702  ,  0.0067  ,  0.5407  ,  1.3831  , -1.6179  ,  0.0000  , 100.0000 ,  0.0000  ,  0.0000  ,  0.0000  ,  0.0000  ,  0.0000  , 100.0000 ,  0.0000  ,  0.0000  ,  0.0000  ,  0.0000
 39.6200  ,  0.4440  ,  0.2721  , -0.3120  ,  2.0084  , -1.9380  , -0.4766  ,  0.0118  ,  0.5524  ,  1.3952  , -1.6170  ,  0.0000  , 100.0000 ,  0.0000  ,  0.0000  ,  0.0000  ,  0.0000  ,  0.0000  , 100.0000 ,  0.0000  ,  0.0000  ,  0.0000  ,  0.0000
 39.6400  ,  0.4670  ,  0.2705  , -0.3099  ,  2.0215  , -1.9862  , -0.4824  ,  0.0178  ,  0.5586  ,  1.4167  , -1.6166  ,  0.0000  , 100.0000 ,  0.0000  ,  0.0000  ,  0.0000  ,  0.0000  ,  0.0000  , 100.0000 ,  0.0000  ,  0.0000  ,  0.0000  ,  0.0000
 39.6600  ,  0.4750  ,  0.2694  , -0.3070  ,  2.0269  , -2.0354  , -0.4839  ,  0.0200  ,  0.5623  ,  1.4255  , -1.6166  ,  0.0000  , 100.0000 ,  0.0000  ,  0.0000  ,  0.0000  ,  0.0000  ,  0.0000  , 100.0000 ,  0.0000  ,  0.0000  ,  0.0000  ,  0.0000
 39.6800  ,  0.4785  ,  0.2689  , -0.3056  ,  2.0292  , -2.0330  , -0.4845  ,  0.0210  ,  0.5634  ,  1.4306  , -1.6217  ,  0.0000  , 100.0000 ,  0.0000  ,  0.0000  ,  0.0000  ,  0.0000  ,  0.0000  , 100.0000 ,  0.0000  ,  0.0000  ,  0.0000  ,  0.0000
 39.7000  ,  0.4852  ,  0.2674  , -0.3010  ,  2.0367  , -1.9858  , -0.4857  ,  0.0221  ,  0.5616  ,  1.4434  , -1.6263  ,  0.0000  , 100.0000 ,  0.0000  ,  0.0000  ,  0.0000  ,  0.0000  ,  0.0000  , 100.0000 ,  0.0000  ,  0.0000  ,  0.0000  ,  0.0000
 39.7200  ,  0.4875  ,  0.2658  , -0.2990  ,  2.0411  , -1.9071  , -0.4834  ,  0.0212  ,  0.5537  ,  1.4489  , -1.6230  ,  0.0000  , 100.0000 ,  0.0000  ,  0.0000  ,  0.0000  ,  0.0000  ,  0.0000  , 100.0000 ,  0.0000  ,  0.0000  ,  0.0000  ,  0.0000
 39.7400  ,  0.4881  ,  0.2637  , -0.2958  ,  2.0412  , -1.9933  , -0.4789  ,  0.0190  ,  0.5440  ,  1.4554  , -1.5984  ,  0.0000  , 100.0000 ,  0.0000  ,  0.0000  ,  0.0000  ,  0.0000  ,  0.0000  , 100.0000 ,  0.0000  ,  0.0000  ,  0.0000  ,  0.0000
 39.7600  ,  0.4852  ,  0.2625  , -0.2931  ,  2.0417  , -2.0327  , -0.4763  ,  0.0172  ,  0.5376  ,  1.4578  , -1.5984  ,  0.0000  , 100.0000 ,  0.0000  ,  0.0000  ,  0.0000  ,  0.0000  ,  0.0000  , 100.0000 ,  0.0000  ,  0.0000  ,  0.0000  ,  0.0000
 39.7800  ,  0.4839  ,  0.2619  , -0.2924  ,  2.0447  , -2.0987  , -0.4750  ,  0.0163  ,  0.5287  ,  1.4673  , -1.5938  ,  0.0000  , 100.0000 ,  0.0000  ,  0.0000  ,  0.0000  ,  0.0000  ,  0.0000  , 100.0000 ,  0.0000  ,  0.0000  ,  0.0000  ,  0.0000
 39.8000  ,  0.4755  ,  0.2598  , -0.2859  ,  2.0444  , -2.0851  , -0.4684  ,  0.0162  ,  0.5156  ,  1.4749  , -1.5903  ,  0.0000  , 100.0000 ,  0.0000  ,  0.0000  ,  0.0000  ,  0.0000  ,  0.0000  , 100.0000 ,  0.0000  ,  0.0000  ,  0.0000  ,  0.0000
 39.8200  ,  0.4724  ,  0.2600  , -0.2844  ,  2.0435  , -2.0524  , -0.4660  ,  0.0162  ,  0.5128  ,  1.4760  , -1.5932  ,  0.0000  , 100.0000 ,  0.0000  ,  0.0000  ,  0.0000  ,  0.0000  ,  0.0000  , 100.0000 ,  0.0000  ,  0.0000  ,  0.0000  ,  0.0000
 39.8400  ,  0.4638  ,  0.2609  , -0.2805  ,  2.0440  , -2.0448  , -0.4601  ,  0.0163  ,  0.5014  ,  1.4843  , -1.5928  ,  0.0000  , 100.0000 ,  0.0000  ,  0.0000  ,  0.0000  ,  0.0000  ,  0.0000  , 100.0000 ,  0.0000  ,  0.0000  ,  0.0000  ,  0.0000
 39.8600  ,  0.4588  ,  0.2618  , -0.2788  ,  2.0431  , -2.0707  , -0.4580  ,  0.0169  ,  0.4963  ,  1.4885  , -1.5886  ,  0.0000  , 100.0000 ,  0.0000  ,  0.0000  ,  0.0000  ,  0.0000  ,  0.0000  , 100.0000 ,  0.0000  ,  0.0000  ,  0.0000  ,  0.0000
 39.8800  ,  0.4495  ,  0.2641  , -0.2748  ,  2.0387  , -2.1520  , -0.4544  ,  0.0185  ,  0.4884  ,  1.4970  , -1.5769  ,  0.0000  , 100.0000 ,  0.0000  ,  0.0000  ,  0.0000  ,  0.0000  ,  0.0000  , 100.0000 ,  0.0000  ,  0.0000  ,  0.0000  ,  0.0000
 39.9000  ,  0.4451  ,  0.2655  , -0.2730  ,  2.0376  , -2.1329  , -0.4530  ,  0.0194  ,  0.4867  ,  1.5000  , -1.5762  ,  0.0000  , 100.0000 ,  0.0000  ,  0.0000  ,  0.0000  ,  0.0000  ,  0.0000  , 100.0000 ,  0.0000  ,  0.0000  ,  0.0000  ,  0.0000
 39.9200  ,  0.4402  ,  0.2684  , -0.2690  ,  2.0351  , -2.1329  , -0.4510  ,  0.0200  ,  0.4810  ,  1.5048  , -1.5762  ,  0.0000  , 100.0000 ,  0.0000  ,  0.0000  ,  0.0000  ,  0.0000  ,  0.0000  , 100.0000 ,  0.0000  ,  0.0000  ,  0.0000  ,  0.0000
 39.9400  ,  0.4363  ,  0.2711  , -0.2678  ,  2.0310  , -2.0681  , -0.4492  ,  0.0205  ,  0.4739  ,  1.5138  , -1.5710  ,  0.0000  , 100.0000 ,  0.0000  ,  0.0000  ,  0.0000  ,  0.0000  ,  0.0000  , 100.0000 ,  0.0000  ,  0.0000  ,  0.0000  ,  0.0000
 39.9600  ,  0.4285  ,  0.2734  , -0.2662  ,  2.0280  , -2.0410  , -0.4474  ,  0.0214  ,  0.4676  ,  1.5221  , -1.5579  ,  0.0000  , 100.0000 ,  0.0000  ,  0.0000  ,  0.0000  ,  0.0000  ,  0.0000  , 100.0000 ,  0.0000  ,  0.0000  ,  0.0000  ,  0.0000
 39.9800  ,  0.4184  ,  0.2755  , -0.2541  ,  2.0035  , -2.0326  , -0.4463  ,  0.0230  ,  0.4586  ,  1.5285  , -1.5405  ,  0.0000  , 100.0000 ,  0.0000  ,  0.0000  ,  0.0000  ,  0.0000  ,  0.0000  , 100.0000 ,  0.0000  ,  0.0000  ,  0.0000  ,  0.0000
 40.0000  ,  0.4102  ,  0.2769  , -0.2546  ,  1.9998  , -2.0439  , -0.4458  ,  0.0243  ,  0.4491  ,  1.5378  , -1.5389  ,  0.0000  , 100.0000 ,  0.0000  ,  0.0000  ,  0.0000  ,  0.0000  ,  0.0000  , 100.0000 ,  0.0000  ,  0.0000  ,  0.0000  ,  0.0000
 40.0200  ,  0.4046  ,  0.2778  , -0.2574  ,  1.9930  , -2.0407  , -0.4456  ,  0.0253  ,  0.4384  ,  1.5465  , -1.5404  ,  0.0000  , 100.0000 ,  0.0000  ,  0.0000  ,  0.0000  ,  0.0000  ,  0.0000  , 100.0000 ,  0.0000  ,  0.0000  ,  0.0000  ,  0.0000
 40.0400  ,  0.3832  ,  0.2788  , -0.2626  ,  1.9691  , -1.9272  , -0.4399  ,  0.0249  ,  0.4059  ,  1.5657  , -1.5556  ,  0.0000  , 100.0000 ,  0.0000  ,  0.0000  ,  0.0000  ,  0.0000  ,  0.0000  , 100.0000 ,  0.0000  ,  0.0000  ,  0.0000  ,  0.0000
 40.0600  ,  0.3710  ,  0.2783  , -0.2630  ,  1.9659  , -1.8560  , -0.4349  ,  0.0233  ,  0.3938  ,  1.5697  , -1.5533  ,  0.0000  , 100.0000 ,  0.0000  ,  0.0000  ,  0.0000  ,  0.0000  ,  0.0000  , 100.0000 ,  0.0000  ,  0.0000  ,  0.0000  ,  0.0000
 40.0800  ,  0.3554  ,  0.2776  , -0.2748  ,  1.9467  , -1.8093  , -0.4283  ,  0.0213  ,  0.3670  ,  1.5835  , -1.5324  ,  0.0000  , 100.0000 ,  0.0000  ,  0.0000  ,  0.0000  ,  0.0000  ,  0.0000  , 100.0000 ,  0.0000  ,  0.0000  ,  0.0000  ,  0.0000
 40.1000  ,  0.3298  ,  0.2720  , -0.2757  ,  1.9369  , -1.7822  , -0.4183  ,  0.0188  ,  0.3499  ,  1.5876  , -1.5016  ,  0.0000  , 100.0000 ,  0.0000  ,  0.0000  ,  0.0000  ,  0.0000  ,  0.0000  , 100.0000 ,  0.0000  ,  0.0000  ,  0.0000  ,  0.0000
 40.1200  ,  0.2800  ,  0.2598  , -0.2886  ,  1.9057  , -1.8080  , -0.3962  ,  0.0124  ,  0.2981  ,  1.6027  , -1.4928  ,  0.0000  , 100.0000 ,  0.0000  ,  0.0000  ,  0.0000  ,  0.0000  ,  0.0000  , 100.0000 ,  0.0000  ,  0.0000  ,  0.0000  ,  0.0000
 40.1400  ,  0.2487  ,  0.2513  , -0.3091  ,  1.8573  , -1.7503  , -0.3804  ,  0.0075  ,  0.2598  ,  1.6264  , -1.4473  ,  0.0000  , 100.0000 ,  0.0000  ,  0.0000  ,  0.0000  ,  0.0000  ,  0.0000  , 100.0000 ,  0.0000  ,  0.0000  ,  0.0000  ,  0.0000
 40.1600  ,  0.2258  ,  0.2473  , -0.3122  ,  1.8417  , -1.7182  , -0.3652  ,  0.0016  ,  0.2423  ,  1.6294  , -1.4438  ,  0.0000  , 100.0000 ,  0.0000  ,  0.0000  ,  0.0000  ,  0.0000  ,  0.0000  , 100.0000 ,  0.0000  ,  0.0000  ,  0.0000  ,  0.0000
 40.1800  ,  0.1702  ,  0.2389  , -0.3270  ,  1.7880  , -1.7271  , -0.3246  ,  0.0158  ,  0.1919  ,  1.6476  , -1.4403  ,  0.0000  , 100.0000 ,  0.0000  ,  0.0000  ,  0.0000  ,  0.0000  ,  0.0000  , 100.0000 ,  0.0000  ,  0.0000  ,  0.0000  ,  0.0000
 40.2000  ,  0.1471  ,  0.2361  , -0.3398  ,  1.7471  , -1.7016  , -0.3058  ,  0.0250  ,  0.1705  ,  1.6564  , -1.3962  ,  0.0000  , 100.0000 ,  0.0000  ,  0.0000  ,  0.0000  ,  0.0000  ,  0.0000  , 100.0000 ,  0.0000  ,  0.0000  ,  0.0000  ,  0.0000
 40.2200  ,  0.0952  ,  0.2311  , -0.3545  ,  1.6795  , -1.6745  , -0.2573  ,  0.0483  ,  0.1210  ,  1.6850  , -1.3909  ,  0.0000  , 100.0000 ,  0.0000  ,  0.0000  ,  0.0000  ,  0.0000  ,  0.0000  , 100.0000 ,  0.0000  ,  0.0000  ,  0.0000  ,  0.0000
 40.2400  ,  0.0890  ,  0.2305  , -0.3571  ,  1.6687  , -1.6765  , -0.2511  ,  0.0510  ,  0.1154  ,  1.6901  , -1.4157  ,  0.0000  , 100.0000 ,  0.0000  ,  0.0000  ,  0.0000  ,  0.0000  ,  0.0000  , 100.0000 ,  0.0000  ,  0.0000  ,  0.0000  ,  0.0000
 40.2600  ,  0.0530  ,  0.2273  , -0.3726  ,  1.6065  , -1.6927  , -0.2040  ,  0.0730  ,  0.0807  ,  1.7135  , -1.4322  ,  0.0000  , 100.0000 ,  0.0000  ,  0.0000  ,  0.0000  ,  0.0000  ,  0.0000  , 100.0000 ,  0.0000  ,  0.0000  ,  0.0000  ,  0.0000
 40.2800  ,  0.0060  ,  0.2269  , -0.3872  ,  1.5120  , -1.6837  , -0.1283  ,  0.1046  ,  0.0370  ,  1.7509  , -1.4293  ,  0.0000  , 100.0000 ,  0.0000  ,  0.0000  ,  0.0000  ,  0.0000  ,  0.0000  , 100.0000 ,  0.0000  ,  0.0000  ,  0.0000  ,  0.0000
 40.3000  , -0.0080  ,  0.2284  , -0.3888  ,  1.4939  , -1.6837  , -0.1042  ,  0.1135  ,  0.0259  ,  1.7562  , -1.4293  ,  0.0000  , 100.0000 ,  0.0000  ,  0.0000  ,  0.0000  ,  0.0000  ,  0.0000  , 100.0000 ,  0.0000  ,  0.0000  ,  0.0000  ,  0.0000
 40.3200  , -0.0197  ,  0.2294  , -0.4022  ,  1.4423  , -1.6492  , -0.0854  ,  0.1198  ,  0.0187  ,  1.7807  , -1.4477  ,  0.0000  , 100.0000 ,  0.0000  ,  0.0000  ,  0.0000  ,  0.0000  ,  0.0000  , 100.0000 ,  0.0000  ,  0.0000  ,  0.0000  ,  0.0000
 40.3400  , -0.0714  ,  0.2401  , -0.3998  ,  1.3902  , -1.6653  , -0.0282  ,  0.1423  , -0.0032  ,  1.8296  , -1.4528  ,  0.0000  , 100.0000 ,  0.0000  ,  0.0000  ,  0.0000  ,  0.0000  ,  0.0000  , 100.0000 ,  0.0000  ,  0.0000  ,  0.0000  ,  0.0000
 40.3600  , -0.1255  ,  0.2517  , -0.3817  ,  1.3886  , -1.6715  ,  0.0174  ,  0.1682  , -0.0215  ,  1.8500  , -1.5067  ,  0.0000  , 100.0000 ,  0.0000  ,  0.0000  ,  0.0000  ,  0.0000  ,  0.0000  , 100.0000 ,  0.0000  ,  0.0000  ,  0.0000  ,  0.0000
 40.3800  , -0.1893  ,  0.2622  , -0.3559  ,  1.3748  , -1.6693  ,  0.0694  ,  0.1946  , -0.0309  ,  1.8881  , -1.5182  ,  0.0000  , 100.0000 ,  0.0000  ,  0.0000  ,  0.0000  ,  0.0000  ,  0.0000  , 100.0000 ,  0.0000  ,  0.0000  ,  0.0000  ,  0.0000
 40.4000  , -0.2248  ,  0.2665  , -0.3371  ,  1.3663  , -1.6613  ,  0.0979  ,  0.2080  , -0.0361  ,  1.9070  , -1.5363  ,  0.0000  , 100.0000 ,  0.0000  ,  0.0000  ,  0.0000  ,  0.0000  ,  0.0000  , 100.0000 ,  0.0000  ,  0.0000  ,  0.0000  ,  0.0000
 40.4200  , -0.2551  ,  0.2706  , -0.3210  ,  1.3721  , -1.6401  ,  0.1290  ,  0.2246  , -0.0437  ,  1.9167  , -1.5417  ,  0.0000  , 100.0000 ,  0.0000  ,  0.0000  ,  0.0000  ,  0.0000  ,  0.0000  , 100.0000 ,  0.0000  ,  0.0000  ,  0.0000  ,  0.0000
 40.4400  , -0.3063  ,  0.2766  , -0.2906  ,  1.3542  , -1.6347  ,  0.1863  ,  0.2541  , -0.0512  ,  1.9446  , -1.5703  ,  0.0000  , 100.0000 ,  0.0000  ,  0.0000  ,  0.0000  ,  0.0000  ,  0.0000  , 100.0000 ,  0.0000  ,  0.0000  ,  0.0000  ,  0.0000
 40.4600  , -0.3473  ,  0.2829  , -0.2657  ,  1.3383  , -1.6543  ,  0.2436  ,  0.2857  , -0.0651  ,  1.9556  , -1.6065  ,  0.0000  , 100.0000 ,  0.0000  ,  0.0000  ,  0.0000  ,  0.0000  ,  0.0000  , 100.0000 ,  0.0000  ,  0.0000  ,  0.0000  ,  0.0000
 40.4800  , -0.3557  ,  0.2840  , -0.2589  ,  1.3298  , -1.6637  ,  0.2554  ,  0.2916  , -0.0627  ,  1.9684  , -1.6233  ,  0.0000  , 100.0000 ,  0.0000  ,  0.0000  ,  0.0000  ,  0.0000  ,  0.0000  , 100.0000 ,  0.0000  ,  0.0000  ,  0.0000  ,  0.0000
 40.5000  , -0.4016  ,  0.2890  , -0.2255  ,  1.3173  , -1.6736  ,  0.3117  ,  0.3214  , -0.0683  ,  1.9871  , -1.6250  ,  0.0000  , 100.0000 ,  0.0000  ,  0.0000  ,  0.0000  ,  0.0000  ,  0.0000  , 100.0000 ,  0.0000  ,  0.0000  ,  0.0000  ,  0.0000
 40.5200  , -0.4327  ,  0.2945  , -0.2050  ,  1.3234  , -1.6818  ,  0.3391  ,  0.3385  , -0.0720  ,  1.9970  , -1.6551  ,  0.0000  , 100.0000 ,  0.0000  ,  0.0000  ,  0.0000  ,  0.0000  ,  0.0000  , 100.0000 ,  0.0000  ,  0.0000  ,  0.0000  ,  0.0000
 40.5400  , -0.4532  ,  0.2981  , -0.1853  ,  1.3156  , -1.6818  ,  0.3558  ,  0.3492  , -0.0672  ,  2.0138  , -1.6201  ,  0.0000  , 100.0000 ,  0.0000  ,  0.0000  ,  0.0000  ,  0.0000  ,  0.0000  , 100.0000 ,  0.0000  ,  0.0000  ,  0.0000  ,  0.0000
 40.5600  , -0.4761  ,  0.3026  , -0.1675  ,  1.3222  , -1.6818  ,  0.3744  ,  0.3600  , -0.0680  ,  2.0209  , -1.6201  ,  0.0000  , 100.0000 ,  0.0000  ,  0.0000  ,  0.0000  ,  0.0000  ,  0.0000  , 100.0000 ,  0.0000  ,  0.0000  ,  0.0000  ,  0.0000
 40.5800  , -0.4936  ,  0.3060  , -0.1552  ,  1.3269  , -1.6928  ,  0.3871  ,  0.3677  , -0.0684  ,  2.0277  , -1.5889  ,  0.0000  , 100.0000 ,  0.0000  ,  0.0000  ,  0.0000  ,  0.0000  ,  0.0000  , 100.0000 ,  0.0000  ,  0.0000  ,  0.0000  ,  0.0000
 40.6000  , -0.5180  ,  0.3112  , -0.1333  ,  1.3402  , -1.7001  ,  0.4015  ,  0.3774  , -0.0684  ,  2.0368  , -1.6010  ,  0.0000  , 100.0000 ,  0.0000  ,  0.0000  ,  0.0000  ,  0.0000  ,  0.0000  , 100.0000 ,  0.0000  ,  0.0000  ,  0.0000  ,  0.0000
 40.6200  , -0.5316  ,  0.3143  , -0.1212  ,  1.3498  , -1.7223  ,  0.4090  ,  0.3817  , -0.0681  ,  2.0413  , -1.6466  ,  0.0000  , 100.0000 ,  0.0000  ,  0.0000  ,  0.0000  ,  0.0000  ,  0.0000  , 100.0000 ,  0.0000  ,  0.0000  ,  0.0000  ,  0.0000
 40.6400  , -0.5487  ,  0.3173  , -0.1040  ,  1.3709  , -1.7293  ,  0.4180  ,  0.3885  , -0.0695  ,  2.0462  , -1.6501  ,  0.0000  , 100.0000 ,  0.0000  ,  0.0000  ,  0.0000  ,  0.0000  ,  0.0000  , 100.0000 ,  0.0000  ,  0.0000  ,  0.0000  ,  0.0000
 40.6600  , -0.5557  ,  0.3181  , -0.0933  ,  1.3772  , -1.7301  ,  0.4213  ,  0.3923  , -0.0704  ,  2.0471  , -1.6313  ,  0.0000  , 100.0000 ,  0.0000  ,  0.0000  ,  0.0000  ,  0.0000  ,  0.0000  , 100.0000 ,  0.0000  ,  0.0000  ,  0.0000  ,  0.0000
 40.6800  , -0.5647  ,  0.3189  , -0.0786  ,  1.3878  , -1.7233  ,  0.4255  ,  0.3973  , -0.0717  ,  2.0461  , -1.5285  ,  0.0000  , 100.0000 ,  0.0000  ,  0.0000  ,  0.0000  ,  0.0000  ,  0.0000  , 100.0000 ,  0.0000  ,  0.0000  ,  0.0000  ,  0.0000
 40.7000  , -0.5695  ,  0.3191  , -0.0745  ,  1.4005  , -1.7189  ,  0.4276  ,  0.4001  , -0.0743  ,  2.0450  , -1.5101  ,  0.0000  , 100.0000 ,  0.0000  ,  0.0000  ,  0.0000  ,  0.0000  ,  0.0000  , 100.0000 ,  0.0000  ,  0.0000  ,  0.0000  ,  0.0000
 40.7200  , -0.5712  ,  0.3193  , -0.0719  ,  1.4044  , -1.7196  ,  0.4297  ,  0.3998  , -0.0749  ,  2.0431  , -1.5252  ,  0.0000  , 100.0000 ,  0.0000  ,  0.0000  ,  0.0000  ,  0.0000  ,  0.0000  , 100.0000 ,  0.0000  ,  0.0000  ,  0.0000  ,  0.0000
 40.7400  , -0.5730  ,  0.3196  , -0.0673  ,  1.4162  , -1.7291  ,  0.4330  ,  0.3989  , -0.0763  ,  2.0351  , -1.5374  ,  0.0000  , 100.0000 ,  0.0000  ,  0.0000  ,  0.0000  ,  0.0000  ,  0.0000  , 100.0000 ,  0.0000  ,  0.0000  ,  0.0000  ,  0.0000
 40.7600  , -0.5726  ,  0.3197  , -0.0672  ,  1.4173  , -1.7284  ,  0.4334  ,  0.3986  , -0.0766  ,  2.0334  , -1.5352  ,  0.0000  , 100.0000 ,  0.0000  ,  0.0000  ,  0.0000  ,  0.0000  ,  0.0000  , 100.0000 ,  0.0000  ,  0.0000  ,  0.0000  ,  0.0000
 40.7800  , -0.5717  ,  0.3199  , -0.0689  ,  1.4287  , -1.7263  ,  0.4346  ,  0.3978  , -0.0784  ,  2.0288  , -1.5305  ,  0.0000  , 100.0000 ,  0.0000  ,  0.0000  ,  0.0000  ,  0.0000  ,  0.0000  , 100.0000 ,  0.0000  ,  0.0000  ,  0.0000  ,  0.0000
 40.8000  , -0.5667  ,  0.3219  , -0.0736  ,  1.4390  , -1.7174  ,  0.4344  ,  0.3951  , -0.0791  ,  2.0174  , -1.5083  ,  0.0000  , 100.0000 ,  0.0000  ,  0.0000  ,  0.0000  ,  0.0000  ,  0.0000  , 100.0000 ,  0.0000  ,  0.0000  ,  0.0000  ,  0.0000
 40.8200  , -0.5656  ,  0.3222  , -0.0747  ,  1.4408  , -1.7148  ,  0.4341  ,  0.3940  , -0.0785  ,  2.0165  , -1.5114  ,  0.0000  , 100.0000 ,  0.0000  ,  0.0000  ,  0.0000  ,  0.0000  ,  0.0000  , 100.0000 ,  0.0000  ,  0.0000  ,  0.0000  ,  0.0000
 40.8400  , -0.5614  ,  0.3233  , -0.0791  ,  1.4518  , -1.7130  ,  0.4330  ,  0.3895  , -0.0770  ,  2.0111  , -1.5373  ,  0.0000  , 100.0000 ,  0.0000  ,  0.0000  ,  0.0000  ,  0.0000  ,  0.0000  , 100.0000 ,  0.0000  ,  0.0000  ,  0.0000  ,  0.0000
 40.8600  , -0.5581  ,  0.3255  , -0.0830  ,  1.4571  , -1.7179  ,  0.4308  ,  0.3883  , -0.0762  ,  2.0075  , -1.5662  ,  0.0000  , 100.0000 ,  0.0000  ,  0.0000  ,  0.0000  ,  0.0000  ,  0.0000  , 100.0000 ,  0.0000  ,  0.0000  ,  0.0000  ,  0.0000
 40.8800  , -0.5545  ,  0.3276  , -0.0865  ,  1.4628  , -1.7184  ,  0.4285  ,  0.3881  , -0.0764  ,  2.0016  , -1.5726  ,  0.0000  , 100.0000 ,  0.0000  ,  0.0000  ,  0.0000  ,  0.0000  ,  0.0000  , 100.0000 ,  0.0000  ,  0.0000  ,  0.0000  ,  0.0000
 40.9000  , -0.5532  ,  0.3283  , -0.0875  ,  1.4655  , -1.7171  ,  0.4278  ,  0.3882  , -0.0768  ,  1.9990  , -1.5725  ,  0.0000  , 100.0000 ,  0.0000  ,  0.0000  ,  0.0000  ,  0.0000  ,  0.0000  , 100.0000 ,  0.0000  ,  0.0000  ,  0.0000  ,  0.0000
 40.9200  , -0.5497  ,  0.3319  , -0.0921  ,  1.4731  , -1.7152  ,  0.4246  ,  0.3895  , -0.0810  ,  1.9863  , -1.5697  ,  0.0000  , 100.0000 ,  0.0000  ,  0.0000  ,  0.0000  ,  0.0000  ,  0.0000  , 100.0000 ,  0.0000  ,  0.0000  ,  0.0000  ,  0.0000
 40.9400  , -0.5488  ,  0.3330  , -0.0940  ,  1.4759  , -1.7107  ,  0.4237  ,  0.3899  , -0.0845  ,  1.9777  , -1.5418  ,  0.0000  , 100.0000 ,  0.0000  ,  0.0000  ,  0.0000  ,  0.0000  ,  0.0000  , 100.0000 ,  0.0000  ,  0.0000  ,  0.0000  ,  0.0000
 40.9600  , -0.5460  ,  0.3341  , -0.0981  ,  1.4824  , -1.7129  ,  0.4185  ,  0.3883  , -0.0929  ,  1.9567  , -1.5262  ,  0.0000  , 100.0000 ,  0.0000  ,  0.0000  ,  0.0000  ,  0.0000  ,  0.0000  , 100.0000 ,  0.0000  ,  0.0000  ,  0.0000  ,  0.0000
 40.9800  , -0.5436  ,  0.3348  , -0.1025  ,  1.4902  , -1.7125  ,  0.4138  ,  0.3864  , -0.1053  ,  1.9299  , -1.4940  ,  0.0000  , 100.0000 ,  0.0000  ,  0.0000  ,  0.0000  ,  0.0000  ,  0.0000  , 100.0000 ,  0.0000  ,  0.0000  ,  0.0000  ,  0.0000
 41.0000  , -0.5423  ,  0.3350  , -0.1051  ,  1.4948  , -1.7048  ,  0.4108  ,  0.3850  , -0.1096  ,  1.9192  , -1.4782  ,  0.0000  , 100.0000 ,  0.0000  ,  0.0000  ,  0.0000  ,  0.0000  ,  0.0000  , 100.0000 ,  0.0000  ,  0.0000  ,  0.0000  ,  0.0000
 41.0200  , -0.5355  ,  0.3363  , -0.1189  ,  1.5099  , -1.6930  ,  0.3961  ,  0.3765  , -0.1310  ,  1.8675  , -1.4694  ,  0.0000  , 100.0000 ,  0.0000  ,  0.0000  ,  0.0000  ,  0.0000  ,  0.0000  , 100.0000 ,  0.0000  ,  0.0000  ,  0.0000  ,  0.0000
 41.0400  , -0.5318  ,  0.3365  , -0.1276  ,  1.5224  , -1.6706  ,  0.3875  ,  0.3716  , -0.1412  ,  1.8466  , -1.4811  ,  0.0000  , 100.0000 ,  0.0000  ,  0.0000  ,  0.0000  ,  0.0000  ,  0.0000  , 100.0000 ,  0.0000  ,  0.0000  ,  0.0000  ,  0.0000
 41.0600  , -0.5274  ,  0.3360  , -0.1332  ,  1.5252  , -1.6711  ,  0.3769  ,  0.3660  , -0.1449  ,  1.8312  , -1.4891  ,  0.0000  , 100.0000 ,  0.0000  ,  0.0000  ,  0.0000  ,  0.0000  ,  0.0000  , 100.0000 ,  0.0000  ,  0.0000  ,  0.0000  ,  0.0000
 41.0800  , -0.5210  ,  0.3353  , -0.1487  ,  1.5466  , -1.6745  ,  0.3622  ,  0.3582  , -0.1616  ,  1.7878  , -1.4757  ,  0.0000  , 100.0000 ,  0.0000  ,  0.0000  ,  0.0000  ,  0.0000  ,  0.0000  , 100.0000 ,  0.0000  ,  0.0000  ,  0.0000  ,  0.0000
 41.1000  , -0.4832  ,  0.3304  , -0.1802  ,  1.5499  , -1.6678  ,  0.3111  ,  0.3362  , -0.1754  ,  1.7187  , -1.4367  ,  0.0000  , 100.0000 ,  0.0000  ,  0.0000  ,  0.0000  ,  0.0000  ,  0.0000  , 100.0000 ,  0.0000  ,  0.0000  ,  0.0000  ,  0.0000
 41.1200  , -0.4721  ,  0.3288  , -0.1900  ,  1.5549  , -1.6459  ,  0.2961  ,  0.3302  , -0.1783  ,  1.6992  , -1.3856  ,  0.0000  , 100.0000 ,  0.0000  ,  0.0000  ,  0.0000  ,  0.0000  ,  0.0000  , 100.0000 ,  0.0000  ,  0.0000  ,  0.0000  ,  0.0000
 41.1400  , -0.4561  ,  0.3262  , -0.2068  ,  1.5745  , -1.6307  ,  0.2753  ,  0.3215  , -0.1913  ,  1.6515  , -1.3990  ,  0.0000  , 100.0000 ,  0.0000  ,  0.0000  ,  0.0000  ,  0.0000  ,  0.0000  , 100.0000 ,  0.0000  ,  0.0000  ,  0.0000  ,  0.0000
 41.1600  , -0.4142  ,  0.3153  , -0.2309  ,  1.5825  , -1.6200  ,  0.2207  ,  0.2966  , -0.1753  ,  1.6155  , -1.4139  ,  0.0000  , 100.0000 ,  0.0000  ,  0.0000  ,  0.0000  ,  0.0000  ,  0.0000  , 100.0000 ,  0.0000  ,  0.0000  ,  0.0000  ,  0.0000
 41.1800  , -0.3828  ,  0.3063  , -0.2468  ,  1.5973  , -1.5984  ,  0.1779  ,  0.2847  , -0.1671  ,  1.5939  , -1.4139  ,  0.0000  , 100.0000 ,  0.0000  ,  0.0000  ,  0.0000  ,  0.0000  ,  0.0000  , 100.0000 ,  0.0000  ,  0.0000  ,  0.0000  ,  0.0000
 41.2000  , -0.3488  ,  0.2951  , -0.2619  ,  1.6236  , -1.5900  ,  0.1319  ,  0.2731  , -0.1643  ,  1.5500  , -1.3993  ,  0.0000  , 100.0000 ,  0.0000  ,  0.0000  ,  0.0000  ,  0.0000  ,  0.0000  , 100.0000 ,  0.0000  ,  0.0000  ,  0.0000  ,  0.0000
 41.2200  , -0.3105  ,  0.2838  , -0.2747  ,  1.6248  , -1.6115  ,  0.0810  ,  0.2618  , -0.1455  ,  1.5469  , -1.3713  ,  0.0000  , 100.0000 ,  0.0000  ,  0.0000  ,  0.0000  ,  0.0000  ,  0.0000  , 100.0000 ,  0.0000  ,  0.0000  ,  0.0000  ,  0.0000
 41.2400  , -0.2897  ,  0.2765  , -0.2793  ,  1.6381  , -1.6251  ,  0.0537  ,  0.2547  , -0.1411  ,  1.5265  , -1.3682  ,  0.0000  , 100.0000 ,  0.0000  ,  0.0000  ,  0.0000  ,  0.0000  ,  0.0000  , 100.0000 ,  0.0000  ,  0.0000  ,  0.0000  ,  0.0000
 41.2600  , -0.2393  ,  0.2615  , -0.2892  ,  1.6902  , -1.6308  , -0.0188  ,  0.2336  , -0.1170  ,  1.4663  , -1.3732  ,  0.0000  , 100.0000 ,  0.0000  ,  0.0000  ,  0.0000  ,  0.0000  ,  0.0000  , 100.0000 ,  0.0000  ,  0.0000  ,  0.0000  ,  0.0000
 41.2800  , -0.2047  ,  0.2514  , -0.2942  ,  1.7141  , -1.6077  , -0.0655  ,  0.2187  , -0.0918  ,  1.4371  , -1.4106  ,  0.0000  , 100.0000 ,  0.0000  ,  0.0000  ,  0.0000  ,  0.0000  ,  0.0000  , 100.0000 ,  0.0000  ,  0.0000  ,  0.0000  ,  0.0000
 41.3000  , -0.1894  ,  0.2464  , -0.2940  ,  1.7375  , -1.6024  , -0.0851  ,  0.2115  , -0.0779  ,  1.4275  , -1.4077  ,  0.0000  , 100.0000 ,  0.0000  ,  0.0000  ,  0.0000  ,  0.0000  ,  0.0000  , 100.0000 ,  0.0000  ,  0.0000  ,  0.0000  ,  0.0000
 41.3200  , -0.1282  ,  0.2389  , -0.3022  ,  1.7792  , -1.6122  , -0.1380  ,  0.1910  , -0.0360  ,  1.3655  , -1.4037  ,  0.0000  , 100.0000 ,  0.0000  ,  0.0000  ,  0.0000  ,  0.0000  ,  0.0000  , 100.0000 ,  0.0000  ,  0.0000  ,  0.0000  ,  0.0000
 41.3400  , -0.1041  ,  0.2363  , -0.3014  ,  1.8093  , -1.6501  , -0.1559  ,  0.1827  , -0.0165  ,  1.3331  , -1.4049  ,  0.0000  , 100.0000 ,  0.0000  ,  0.0000  ,  0.0000  ,  0.0000  ,  0.0000  , 100.0000 ,  0.0000  ,  0.0000  ,  0.0000  ,  0.0000
 41.3600  , -0.0808  ,  0.2366  , -0.3076  ,  1.8105  , -1.6742  , -0.1712  ,  0.1760  , -0.0009  ,  1.3299  , -1.4203  ,  0.0000  , 100.0000 ,  0.0000  ,  0.0000  ,  0.0000  ,  0.0000  ,  0.0000  , 100.0000 ,  0.0000  ,  0.0000  ,  0.0000  ,  0.0000
 41.3800  ,  0.0088  ,  0.2366  , -0.3158  ,  1.8561  , -1.7109  , -0.2321  ,  0.1451  ,  0.0855  ,  1.2738  , -1.4936  ,  0.0000  , 100.0000 ,  0.0000  ,  0.0000  ,  0.0000  ,  0.0000  ,  0.0000  , 100.0000 ,  0.0000  ,  0.0000  ,  0.0000  ,  0.0000
 41.4000  ,  0.0571  ,  0.2371  , -0.3165  ,  1.8866  , -1.7019  , -0.2649  ,  0.1274  ,  0.1420  ,  1.2505  , -1.5013  ,  0.0000  , 100.0000 ,  0.0000  ,  0.0000  ,  0.0000  ,  0.0000  ,  0.0000  , 100.0000 ,  0.0000  ,  0.0000  ,  0.0000  ,  0.0000
 41.4200  ,  0.1000  ,  0.2379  , -0.3189  ,  1.9019  , -1.7055  , -0.2922  ,  0.1135  ,  0.1860  ,  1.2444  , -1.4879  ,  0.0000  , 100.0000 ,  0.0000  ,  0.0000  ,  0.0000  ,  0.0000  ,  0.0000  , 100.0000 ,  0.0000  ,  0.0000  ,  0.0000  ,  0.0000
 41.4400  ,  0.1667  ,  0.2407  , -0.3176  ,  1.9265  , -1.7087  , -0.3338  ,  0.0929  ,  0.2551  ,  1.2426  , -1.4811  ,  0.0000  , 100.0000 ,  0.0000  ,  0.0000  ,  0.0000  ,  0.0000  ,  0.0000  , 100.0000 ,  0.0000  ,  0.0000  ,  0.0000  ,  0.0000
 41.4600  ,  0.1886  ,  0.2416  , -0.3161  ,  1.9373  , -1.7687  , -0.3473  ,  0.0862  ,  0.2800  ,  1.2397  , -1.5242  ,  0.0000  , 100.0000 ,  0.0000  ,  0.0000  ,  0.0000  ,  0.0000  ,  0.0000  , 100.0000 ,  0.0000  ,  0.0000  ,  0.0000  ,  0.0000
 41.4800  ,  0.2501  ,  0.2484  , -0.3178  ,  1.9545  , -1.7687  , -0.3820  ,  0.0681  ,  0.3396  ,  1.2445  , -1.5242  ,  0.0000  , 100.0000 ,  0.0000  ,  0.0000  ,  0.0000  ,  0.0000  ,  0.0000  , 100.0000 ,  0.0000  ,  0.0000  ,  0.0000  ,  0.0000
 41.5000  ,  0.3371  ,  0.2588  , -0.3214  ,  1.9701  , -1.8451  , -0.4288  ,  0.0423  ,  0.4115  ,  1.2796  , -1.5709  ,  0.0000  , 100.0000 ,  0.0000  ,  0.0000  ,  0.0000  ,  0.0000  ,  0.0000  , 100.0000 ,  0.0000  ,  0.0000  ,  0.0000  ,  0.0000
 41.5200  ,  0.3572  ,  0.2608  , -0.3199  ,  1.9759  , -1.9039  , -0.4396  ,  0.0361  ,  0.4262  ,  1.2867  , -1.5890  ,  0.0000  , 100.0000 ,  0.0000  ,  0.0000  ,  0.0000  ,  0.0000  ,  0.0000  , 100.0000 ,  0.0000  ,  0.0000  ,  0.0000  ,  0.0000
 41.5400  ,  0.4277  ,  0.2713  , -0.3203  ,  1.9859  , -1.8826  , -0.4732  ,  0.0147  ,  0.4753  ,  1.3087  , -1.5847  ,  0.0000  , 100.0000 ,  0.0000  ,  0.0000  ,  0.0000  ,  0.0000  ,  0.0000  , 100.0000 ,  0.0000  ,  0.0000  ,  0.0000  ,  0.0000
 41.5600  ,  0.4346  ,  0.2721  , -0.3204  ,  1.9865  , -1.8644  , -0.4762  ,  0.0126  ,  0.4765  ,  1.3178  , -1.5843  ,  0.0000  , 100.0000 ,  0.0000  ,  0.0000  ,  0.0000  ,  0.0000  ,  0.0000  , 100.0000 ,  0.0000  ,  0.0000  ,  0.0000  ,  0.0000
 41.5800  ,  0.4585  ,  0.2755  , -0.3173  ,  1.9927  , -1.8646  , -0.4845  ,  0.0057  ,  0.4924  ,  1.3238  , -1.5873  ,  0.0000  , 100.0000 ,  0.0000  ,  0.0000  ,  0.0000  ,  0.0000  ,  0.0000  , 100.0000 ,  0.0000  ,  0.0000  ,  0.0000  ,  0.0000
 41.6000  ,  0.5037  ,  0.2811  , -0.3168  ,  1.9963  , -1.8820  , -0.4965  ,  0.0067  ,  0.5109  ,  1.3401  , -1.5884  ,  0.0000  , 100.0000 ,  0.0000  ,  0.0000  ,  0.0000  ,  0.0000  ,  0.0000  , 100.0000 ,  0.0000  ,  0.0000  ,  0.0000  ,  0.0000
 41.6200  ,  0.5117  ,  0.2812  , -0.3158  ,  1.9971  , -1.9347  , -0.4987  ,  0.0090  ,  0.5128  ,  1.3440  , -1.5941  ,  0.0000  , 100.0000 ,  0.0000  ,  0.0000  ,  0.0000  ,  0.0000  ,  0.0000  , 100.0000 ,  0.0000  ,  0.0000  ,  0.0000  ,  0.0000
 41.6400  ,  0.5327  ,  0.2796  , -0.3138  ,  2.0062  , -1.9187  , -0.4992  ,  0.0147  ,  0.5135  ,  1.3554  , -1.5913  ,  0.0000  , 100.0000 ,  0.0000  ,  0.0000  ,  0.0000  ,  0.0000  ,  0.0000  , 100.0000 ,  0.0000  ,  0.0000  ,  0.0000  ,  0.0000
 41.6600  ,  0.5379  ,  0.2789  , -0.3128  ,  2.0049  , -1.8760  , -0.4987  ,  0.0161  ,  0.5103  ,  1.3617  , -1.5807  ,  0.0000  , 100.0000 ,  0.0000  ,  0.0000  ,  0.0000  ,  0.0000  ,  0.0000  , 100.0000 ,  0.0000  ,  0.0000  ,  0.0000  ,  0.0000
 41.6800  ,  0.5392  ,  0.2783  , -0.3114  ,  2.0042  , -1.8410  , -0.4969  ,  0.0161  ,  0.5072  ,  1.3644  , -1.5800  ,  0.0000  , 100.0000 ,  0.0000  ,  0.0000  ,  0.0000  ,  0.0000  ,  0.0000  , 100.0000 ,  0.0000  ,  0.0000  ,  0.0000  ,  0.0000
 41.7000  ,  0.5394  ,  0.2765  , -0.3063  ,  1.9914  , -1.8300  , -0.4922  ,  0.0154  ,  0.4905  ,  1.3797  , -1.5817  ,  0.0000  , 100.0000 ,  0.0000  ,  0.0000  ,  0.0000  ,  0.0000  ,  0.0000  , 100.0000 ,  0.0000  ,  0.0000  ,  0.0000  ,  0.0000
 41.7200  ,  0.5355  ,  0.2750  , -0.3051  ,  1.9890  , -1.8401  , -0.4884  ,  0.0139  ,  0.4841  ,  1.3829  , -1.5819  ,  0.0000  , 100.0000 ,  0.0000  ,  0.0000  ,  0.0000  ,  0.0000  ,  0.0000  , 100.0000 ,  0.0000  ,  0.0000  ,  0.0000  ,  0.0000
 41.7400  ,  0.5315  ,  0.2736  , -0.3045  ,  1.9859  , -1.8826  , -0.4842  ,  0.0126  ,  0.4779  ,  1.3862  , -1.5732  ,  0.0000  , 100.0000 ,  0.0000  ,  0.0000  ,  0.0000  ,  0.0000  ,  0.0000  , 100.0000 ,  0.0000  ,  0.0000  ,  0.0000  ,  0.0000
 41.7600  ,  0.5231  ,  0.2711  , -0.3054  ,  1.9789  , -1.8988  , -0.4747  ,  0.0104  ,  0.4635  ,  1.3998  , -1.5709  ,  0.0000  , 100.0000 ,  0.0000  ,  0.0000  ,  0.0000  ,  0.0000  ,  0.0000  , 100.0000 ,  0.0000  ,  0.0000  ,  0.0000  ,  0.0000
 41.7800  ,  0.5187  ,  0.2701  , -0.3061  ,  1.9739  , -1.9214  , -0.4702  ,  0.0097  ,  0.4586  ,  1.4042  , -1.5633  ,  0.0000  , 100.0000 ,  0.0000  ,  0.0000  ,  0.0000  ,  0.0000  ,  0.0000  , 100.0000 ,  0.0000  ,  0.0000  ,  0.0000  ,  0.0000
 41.8000  ,  0.5121  ,  0.2695  , -0.3071  ,  1.9665  , -1.9083  , -0.4650  ,  0.0094  ,  0.4532  ,  1.4109  , -1.5656  ,  0.0000  , 100.0000 ,  0.0000  ,  0.0000  ,  0.0000  ,  0.0000  ,  0.0000  , 100.0000 ,  0.0000  ,  0.0000  ,  0.0000  ,  0.0000
 41.8200  ,  0.5035  ,  0.2694  , -0.3061  ,  1.9667  , -1.9013  , -0.4601  ,  0.0100  ,  0.4518  ,  1.4118  , -1.5699  ,  0.0000  , 100.0000 ,  0.0000  ,  0.0000  ,  0.0000  ,  0.0000  ,  0.0000  , 100.0000 ,  0.0000  ,  0.0000  ,  0.0000  ,  0.0000
 41.8400  ,  0.4934  ,  0.2702  , -0.3057  ,  1.9633  , -1.8847  , -0.4562  ,  0.0110  ,  0.4499  ,  1.4211  , -1.5661  ,  0.0000  , 100.0000 ,  0.0000  ,  0.0000  ,  0.0000  ,  0.0000  ,  0.0000  , 100.0000 ,  0.0000  ,  0.0000  ,  0.0000  ,  0.0000
 41.8600  ,  0.4863  ,  0.2708  , -0.3062  ,  1.9589  , -1.8800  , -0.4539  ,  0.0117  ,  0.4477  ,  1.4306  , -1.5641  ,  0.0000  , 100.0000 ,  0.0000  ,  0.0000  ,  0.0000  ,  0.0000  ,  0.0000  , 100.0000 ,  0.0000  ,  0.0000  ,  0.0000  ,  0.0000
 41.8800  ,  0.4819  ,  0.2711  , -0.3063  ,  1.9571  , -1.8881  , -0.4526  ,  0.0121  ,  0.4468  ,  1.4354  , -1.5620  ,  0.0000  , 100.0000 ,  0.0000  ,  0.0000  ,  0.0000  ,  0.0000  ,  0.0000  , 100.0000 ,  0.0000  ,  0.0000  ,  0.0000  ,  0.0000
 41.9000  ,  0.4670  ,  0.2729  , -0.3010  ,  1.9415  , -1.9087  , -0.4495  ,  0.0131  ,  0.4418  ,  1.4489  , -1.5616  ,  0.0000  , 100.0000 ,  0.0000  ,  0.0000  ,  0.0000  ,  0.0000  ,  0.0000  , 100.0000 ,  0.0000  ,  0.0000  ,  0.0000  ,  0.0000
 41.9200  ,  0.4624  ,  0.2736  , -0.3010  ,  1.9389  , -1.9253  , -0.4488  ,  0.0134  ,  0.4396  ,  1.4545  , -1.5619  ,  0.0000  , 100.0000 ,  0.0000  ,  0.0000  ,  0.0000  ,  0.0000  ,  0.0000  , 100.0000 ,  0.0000  ,  0.0000  ,  0.0000  ,  0.0000
 41.9400  ,  0.4467  ,  0.2754  , -0.3005  ,  1.9344  , -1.8976  , -0.4466  ,  0.0150  ,  0.4339  ,  1.4683  , -1.5620  ,  0.0000  , 100.0000 ,  0.0000  ,  0.0000  ,  0.0000  ,  0.0000  ,  0.0000  , 100.0000 ,  0.0000  ,  0.0000  ,  0.0000  ,  0.0000
 41.9600  ,  0.4401  ,  0.2762  , -0.3021  ,  1.9205  , -1.8436  , -0.4457  ,  0.0157  ,  0.4278  ,  1.4774  , -1.5604  ,  0.0000  , 100.0000 ,  0.0000  ,  0.0000  ,  0.0000  ,  0.0000  ,  0.0000  , 100.0000 ,  0.0000  ,  0.0000  ,  0.0000  ,  0.0000
 41.9800  ,  0.4134  ,  0.2755  , -0.3080  ,  1.9032  , -1.8055  , -0.4411  ,  0.0163  ,  0.4081  ,  1.4966  , -1.5602  ,  0.0000  , 100.0000 ,  0.0000  ,  0.0000  ,  0.0000  ,  0.0000  ,  0.0000  , 100.0000 ,  0.0000  ,  0.0000  ,  0.0000  ,  0.0000
 42.0000  ,  0.3904  ,  0.2712  , -0.3099  ,  1.8897  , -1.7716  , -0.4366  ,  0.0159  ,  0.3917  ,  1.5089  , -1.5621  ,  0.0000  , 100.0000 ,  0.0000  ,  0.0000  ,  0.0000  ,  0.0000  ,  0.0000  , 100.0000 ,  0.0000  ,  0.0000  ,  0.0000  ,  0.0000
 42.0200  ,  0.3809  ,  0.2694  , -0.3113  ,  1.8830  , -1.7538  , -0.4346  ,  0.0157  ,  0.3838  ,  1.5129  , -1.5552  ,  0.0000  , 100.0000 ,  0.0000  ,  0.0000  ,  0.0000  ,  0.0000  ,  0.0000  , 100.0000 ,  0.0000  ,  0.0000  ,  0.0000  ,  0.0000
 42.0400  ,  0.3329  ,  0.2579  , -0.3208  ,  1.8478  , -1.7110  , -0.4197  ,  0.0107  ,  0.3472  ,  1.5306  , -1.5379  ,  0.0000  , 100.0000 ,  0.0000  ,  0.0000  ,  0.0000  ,  0.0000  ,  0.0000  , 100.0000 ,  0.0000  ,  0.0000  ,  0.0000  ,  0.0000
 42.0600  ,  0.3141  ,  0.2534  , -0.3195  ,  1.8414  , -1.6590  , -0.4132  ,  0.0084  ,  0.3314  ,  1.5383  , -1.5016  ,  0.0000  , 100.0000 ,  0.0000  ,  0.0000  ,  0.0000  ,  0.0000  ,  0.0000  , 100.0000 ,  0.0000  ,  0.0000  ,  0.0000  ,  0.0000
 42.0800  ,  0.2959  ,  0.2490  , -0.3221  ,  1.8291  , -1.6590  , -0.4067  ,  0.0063  ,  0.3203  ,  1.5420  , -1.5016  ,  0.0000  , 100.0000 ,  0.0000  ,  0.0000  ,  0.0000  ,  0.0000  ,  0.0000  , 100.0000 ,  0.0000  ,  0.0000  ,  0.0000  ,  0.0000
 42.1000  ,  0.2488  ,  0.2398  , -0.3355  ,  1.7851  , -1.6752  , -0.3889  ,  0.0002  ,  0.2782  ,  1.5652  , -1.4895  ,  0.0000  , 100.0000 ,  0.0000  ,  0.0000  ,  0.0000  ,  0.0000  ,  0.0000  , 100.0000 ,  0.0000  ,  0.0000  ,  0.0000  ,  0.0000
 42.1200  ,  0.1938  ,  0.2319  , -0.3487  ,  1.7309  , -1.6538  , -0.3655  ,  0.0087  ,  0.2363  ,  1.5915  , -1.4834  ,  0.0000  , 100.0000 ,  0.0000  ,  0.0000  ,  0.0000  ,  0.0000  ,  0.0000  , 100.0000 ,  0.0000  ,  0.0000  ,  0.0000  ,  0.0000
 42.1400  ,  0.1509  ,  0.2272  , -0.3530  ,  1.6955  , -1.6574  , -0.3418  ,  0.0189  ,  0.2055  ,  1.6080  , -1.4496  ,  0.0000  , 100.0000 ,  0.0000  ,  0.0000  ,  0.0000  ,  0.0000  ,  0.0000  , 100.0000 ,  0.0000  ,  0.0000  ,  0.0000  ,  0.0000
 42.1600  ,  0.1048  ,  0.2237  , -0.3683  ,  1.6319  , -1.6748  , -0.3123  ,  0.0335  ,  0.1696  ,  1.6288  , -1.4487  ,  0.0000  , 100.0000 ,  0.0000  ,  0.0000  ,  0.0000  ,  0.0000  ,  0.0000  , 100.0000 ,  0.0000  ,  0.0000  ,  0.0000  ,  0.0000
 42.1800  ,  0.0692  ,  0.2215  , -0.3756  ,  1.5790  , -1.6691  , -0.2876  ,  0.0457  ,  0.1422  ,  1.6550  , -1.4419  ,  0.0000  , 100.0000 ,  0.0000  ,  0.0000  ,  0.0000  ,  0.0000  ,  0.0000  , 100.0000 ,  0.0000  ,  0.0000  ,  0.0000  ,  0.0000
 42.2000  ,  0.0222  ,  0.2215  , -0.3825  ,  1.5197  , -1.6406  , -0.2481  ,  0.0639  ,  0.1125  ,  1.6785  , -1.4518  ,  0.0000  , 100.0000 ,  0.0000  ,  0.0000  ,  0.0000  ,  0.0000  ,  0.0000  , 100.0000 ,  0.0000  ,  0.0000  ,  0.0000  ,  0.0000
 42.2200  , -0.0005  ,  0.2220  , -0.3847  ,  1.4730  , -1.6298  , -0.2265  ,  0.0737  ,  0.0984  ,  1.7038  , -1.4603  ,  0.0000  , 100.0000 ,  0.0000  ,  0.0000  ,  0.0000  ,  0.0000  ,  0.0000  , 100.0000 ,  0.0000  ,  0.0000  ,  0.0000  ,  0.0000
 42.2400  , -0.0318  ,  0.2240  , -0.3867  ,  1.4287  , -1.6904  , -0.1933  ,  0.0894  ,  0.0798  ,  1.7282  , -1.4589  ,  0.0000  , 100.0000 ,  0.0000  ,  0.0000  ,  0.0000  ,  0.0000  ,  0.0000  , 100.0000 ,  0.0000  ,  0.0000  ,  0.0000  ,  0.0000
 42.2600  , -0.0684  ,  0.2311  , -0.3905  ,  1.3626  , -1.7447  , -0.1523  ,  0.1062  ,  0.0630  ,  1.7674  , -1.4400  ,  0.0000  , 100.0000 ,  0.0000  ,  0.0000  ,  0.0000  ,  0.0000  ,  0.0000  , 100.0000 ,  0.0000  ,  0.0000  ,  0.0000  ,  0.0000
 42.2800  , -0.0938  ,  0.2378  , -0.3920  ,  1.3289  , -1.7346  , -0.1227  ,  0.1171  ,  0.0560  ,  1.7930  , -1.4470  ,  0.0000  , 100.0000 ,  0.0000  ,  0.0000  ,  0.0000  ,  0.0000  ,  0.0000  , 100.0000 ,  0.0000  ,  0.0000  ,  0.0000  ,  0.0000
 42.3000  , -0.1227  ,  0.2457  , -0.3869  ,  1.3096  , -1.6944  , -0.0953  ,  0.1301  ,  0.0481  ,  1.8151  , -1.4825  ,  0.0000  , 100.0000 ,  0.0000  ,  0.0000  ,  0.0000  ,  0.0000  ,  0.0000  , 100.0000 ,  0.0000  ,  0.0000  ,  0.0000  ,  0.0000
 42.3200  , -0.1571  ,  0.2537  , -0.3802  ,  1.2684  , -1.6662  , -0.0624  ,  0.1441  ,  0.0464  ,  1.8653  , -1.5073  ,  0.0000  , 100.0000 ,  0.0000  ,  0.0000  ,  0.0000  ,  0.0000  ,  0.0000  , 100.0000 ,  0.0000  ,  0.0000  ,  0.0000  ,  0.0000
 42.3400  , -0.1994  ,  0.2617  , -0.3629  ,  1.2640  , -1.6556  , -0.0180  ,  0.1712  ,  0.0348  ,  1.8804  , -1.5135  ,  0.0000  , 100.0000 ,  0.0000  ,  0.0000  ,  0.0000  ,  0.0000  ,  0.0000  , 100.0000 ,  0.0000  ,  0.0000  ,  0.0000  ,  0.0000
 42.3600  , -0.2441  ,  0.2681  , -0.3380  ,  1.2308  , -1.6690  ,  0.0295  ,  0.1985  ,  0.0312  ,  1.9116  , -1.4994  ,  0.0000  , 100.0000 ,  0.0000  ,  0.0000  ,  0.0000  ,  0.0000  ,  0.0000  , 100.0000 ,  0.0000  ,  0.0000  ,  0.0000  ,  0.0000
 42.3800  , -0.2873  ,  0.2723  , -0.3083  ,  1.2190  , -1.6802  ,  0.0768  ,  0.2254  ,  0.0281  ,  1.9400  , -1.4963  ,  0.0000  , 100.0000 ,  0.0000  ,  0.0000  ,  0.0000  ,  0.0000  ,  0.0000  , 100.0000 ,  0.0000  ,  0.0000  ,  0.0000  ,  0.0000
 42.4000  , -0.2980  ,  0.2730  , -0.2988  ,  1.2039  , -1.7093  ,  0.0885  ,  0.2316  ,  0.0325  ,  1.9591  , -1.4808  ,  0.0000  , 100.0000 ,  0.0000  ,  0.0000  ,  0.0000  ,  0.0000  ,  0.0000  , 100.0000 ,  0.0000  ,  0.0000  ,  0.0000  ,  0.0000
 42.4200  , -0.3532  ,  0.2814  , -0.2656  ,  1.2089  , -1.7146  ,  0.1473  ,  0.2688  ,  0.0326  ,  1.9882  , -1.4886  ,  0.0000  , 100.0000 ,  0.0000  ,  0.0000  ,  0.0000  ,  0.0000  ,  0.0000  , 100.0000 ,  0.0000  ,  0.0000  ,  0.0000  ,  0.0000
 42.4400  , -0.3771  ,  0.2864  , -0.2515  ,  1.2177  , -1.7018  ,  0.1740  ,  0.2855  ,  0.0270  ,  1.9896  , -1.5231  ,  0.0000  , 100.0000 ,  0.0000  ,  0.0000  ,  0.0000  ,  0.0000  ,  0.0000  , 100.0000 ,  0.0000  ,  0.0000  ,  0.0000  ,  0.0000
 42.4600  , -0.4301  ,  0.2975  , -0.2104  ,  1.2182  , -1.6996  ,  0.2341  ,  0.3234  ,  0.0334  ,  2.0280  , -1.5248  ,  0.0000  , 100.0000 ,  0.0000  ,  0.0000  ,  0.0000  ,  0.0000  ,  0.0000  , 100.0000 ,  0.0000  ,  0.0000  ,  0.0000  ,  0.0000
 42.4800  , -0.4442  ,  0.3008  , -0.1984  ,  1.2193  , -1.7099  ,  0.2499  ,  0.3337  ,  0.0384  ,  2.0428  , -1.4627  ,  0.0000  , 100.0000 ,  0.0000  ,  0.0000  ,  0.0000  ,  0.0000  ,  0.0000  , 100.0000 ,  0.0000  ,  0.0000  ,  0.0000  ,  0.0000
 42.5000  , -0.4894  ,  0.3067  , -0.1512  ,  1.2372  , -1.7216  ,  0.2991  ,  0.3676  ,  0.0468  ,  2.0761  , -1.4252  ,  0.0000  , 100.0000 ,  0.0000  ,  0.0000  ,  0.0000  ,  0.0000  ,  0.0000  , 100.0000 ,  0.0000  ,  0.0000  ,  0.0000  ,  0.0000
 42.5200  , -0.5014  ,  0.3075  , -0.1294  ,  1.2344  , -1.7297  ,  0.3122  ,  0.3765  ,  0.0511  ,  2.0871  , -1.4160  ,  0.0000  , 100.0000 ,  0.0000  ,  0.0000  ,  0.0000  ,  0.0000  ,  0.0000  , 100.0000 ,  0.0000  ,  0.0000  ,  0.0000  ,  0.0000
 42.5400  , -0.5174  ,  0.3089  , -0.1126  ,  1.2453  , -1.7441  ,  0.3251  ,  0.3862  ,  0.0543  ,  2.0968  , -1.3606  ,  0.0000  , 100.0000 ,  0.0000  ,  0.0000  ,  0.0000  ,  0.0000  ,  0.0000  , 100.0000 ,  0.0000  ,  0.0000  ,  0.0000  ,  0.0000
 42.5600  , -0.5505  ,  0.3107  , -0.0688  ,  1.2624  , -1.7460  ,  0.3544  ,  0.4067  ,  0.0631  ,  2.1182  , -1.3742  ,  0.0000  , 100.0000 ,  0.0000  ,  0.0000  ,  0.0000  ,  0.0000  ,  0.0000  , 100.0000 ,  0.0000  ,  0.0000  ,  0.0000  ,  0.0000
 42.5800  , -0.5574  ,  0.3110  , -0.0569  ,  1.2641  , -1.7574  ,  0.3609  ,  0.4110  ,  0.0645  ,  2.1229  , -1.3793  ,  0.0000  , 100.0000 ,  0.0000  ,  0.0000  ,  0.0000  ,  0.0000  ,  0.0000  , 100.0000 ,  0.0000  ,  0.0000  ,  0.0000  ,  0.0000
 42.6000  , -0.5826  ,  0.3104  , -0.0196  ,  1.2791  , -1.7641  ,  0.3773  ,  0.4261  ,  0.0712  ,  2.1421  , -1.3885  ,  0.0000  , 100.0000 ,  0.0000  ,  0.0000  ,  0.0000  ,  0.0000  ,  0.0000  , 100.0000 ,  0.0000  ,  0.0000  ,  0.0000  ,  0.0000
 42.6200  , -0.5884  ,  0.3099  , -0.0109  ,  1.2841  , -1.7838  ,  0.3808  ,  0.4294  ,  0.0732  ,  2.1477  , -1.3358  ,  0.0000  , 100.0000 ,  0.0000  ,  0.0000  ,  0.0000  ,  0.0000  ,  0.0000  , 100.0000 ,  0.0000  ,  0.0000  ,  0.0000  ,  0.0000
 42.6400  , -0.5937  ,  0.3099  , -0.0053  ,  1.2894  , -1.7832  ,  0.3841  ,  0.4325  ,  0.0726  ,  2.1492  , -1.3299  ,  0.0000  , 100.0000 ,  0.0000  ,  0.0000  ,  0.0000  ,  0.0000  ,  0.0000  , 100.0000 ,  0.0000  ,  0.0000  ,  0.0000  ,  0.0000
 42.6600  , -0.6130  ,  0.3096  ,  0.0178  ,  1.3098  , -1.7817  ,  0.3943  ,  0.4426  ,  0.0705  ,  2.1557  , -1.3463  ,  0.0000  , 100.0000 ,  0.0000  ,  0.0000  ,  0.0000  ,  0.0000  ,  0.0000  , 100.0000 ,  0.0000  ,  0.0000  ,  0.0000  ,  0.0000
 42.6800  , -0.6167  ,  0.3096  ,  0.0218  ,  1.3144  , -1.7846  ,  0.3956  ,  0.4442  ,  0.0700  ,  2.1566  , -1.3641  ,  0.0000  , 100.0000 ,  0.0000  ,  0.0000  ,  0.0000  ,  0.0000  ,  0.0000  , 100.0000 ,  0.0000  ,  0.0000  ,  0.0000  ,  0.0000
 42.7000  , -0.6222  ,  0.3097  ,  0.0245  ,  1.3271  , -1.7886  ,  0.3996  ,  0.4467  ,  0.0669  ,  2.1571  , -1.3753  ,  0.0000  , 100.0000 ,  0.0000  ,  0.0000  ,  0.0000  ,  0.0000  ,  0.0000  , 100.0000 ,  0.0000  ,  0.0000  ,  0.0000  ,  0.0000
 42.7200  , -0.6227  ,  0.3099  ,  0.0249  ,  1.3370  , -1.7893  ,  0.4032  ,  0.4480  ,  0.0631  ,  2.1537  , -1.3629  ,  0.0000  , 100.0000 ,  0.0000  ,  0.0000  ,  0.0000  ,  0.0000  ,  0.0000  , 100.0000 ,  0.0000  ,  0.0000  ,  0.0000  ,  0.0000
 42.7400  , -0.6215  ,  0.3103  ,  0.0233  ,  1.3430  , -1.7825  ,  0.4059  ,  0.4490  ,  0.0592  ,  2.1494  , -1.2922  ,  0.0000  , 100.0000 ,  0.0000  ,  0.0000  ,  0.0000  ,  0.0000  ,  0.0000  , 100.0000 ,  0.0000  ,  0.0000  ,  0.0000  ,  0.0000
 42.7600  , -0.6167  ,  0.3110  ,  0.0156  ,  1.3560  , -1.7764  ,  0.4109  ,  0.4496  ,  0.0508  ,  2.1412  , -1.2756  ,  0.0000  , 100.0000 ,  0.0000  ,  0.0000  ,  0.0000  ,  0.0000  ,  0.0000  , 100.0000 ,  0.0000  ,  0.0000  ,  0.0000  ,  0.0000
 42.7800  , -0.6167  ,  0.3110  ,  0.0156  ,  1.3560  , -1.7662  ,  0.4109  ,  0.4496  ,  0.0508  ,  2.1412  , -1.3483  ,  0.0000  , 100.0000 ,  0.0000  ,  0.0000  ,  0.0000  ,  0.0000  ,  0.0000  , 100.0000 ,  0.0000  ,  0.0000  ,  0.0000  ,  0.0000
 42.8000  , -0.6036  ,  0.3128  ,  0.0024  ,  1.3727  , -1.7645  ,  0.4158  ,  0.4476  ,  0.0396  ,  2.1229  , -1.3783  ,  0.0000  , 100.0000 ,  0.0000  ,  0.0000  ,  0.0000  ,  0.0000  ,  0.0000  , 100.0000 ,  0.0000  ,  0.0000  ,  0.0000  ,  0.0000
 42.8200  , -0.6014  ,  0.3130  , -0.0028  ,  1.3801  , -1.7658  ,  0.4162  ,  0.4472  ,  0.0379  ,  2.1227  , -1.4078  ,  0.0000  , 100.0000 ,  0.0000  ,  0.0000  ,  0.0000  ,  0.0000  ,  0.0000  , 100.0000 ,  0.0000  ,  0.0000  ,  0.0000  ,  0.0000
 42.8400  , -0.5937  ,  0.3147  , -0.0104  ,  1.3852  , -1.7693  ,  0.4163  ,  0.4464  ,  0.0326  ,  2.1142  , -1.4461  ,  0.0000  , 100.0000 ,  0.0000  ,  0.0000  ,  0.0000  ,  0.0000  ,  0.0000  , 100.0000 ,  0.0000  ,  0.0000  ,  0.0000  ,  0.0000
 42.8600  , -0.5849  ,  0.3168  , -0.0198  ,  1.3936  , -1.7720  ,  0.4145  ,  0.4452  ,  0.0238  ,  2.1021  , -1.4434  ,  0.0000  , 100.0000 ,  0.0000  ,  0.0000  ,  0.0000  ,  0.0000  ,  0.0000  , 100.0000 ,  0.0000  ,  0.0000  ,  0.0000  ,  0.0000
 42.8800  , -0.5806  ,  0.3179  , -0.0250  ,  1.3975  , -1.7711  ,  0.4126  ,  0.4444  ,  0.0158  ,  2.0928  , -1.4132  ,  0.0000  , 100.0000 ,  0.0000  ,  0.0000  ,  0.0000  ,  0.0000  ,  0.0000  , 100.0000 ,  0.0000  ,  0.0000  ,  0.0000  ,  0.0000
 42.9000  , -0.5741  ,  0.3187  , -0.0364  ,  1.4080  , -1.7659  ,  0.4058  ,  0.4399  , -0.0053  ,  2.0746  , -1.3504  ,  0.0000  , 100.0000 ,  0.0000  ,  0.0000  ,  0.0000  ,  0.0000  ,  0.0000  , 100.0000 ,  0.0000  ,  0.0000  ,  0.0000  ,  0.0000
 42.9200  , -0.5728  ,  0.3188  , -0.0409  ,  1.4133  , -1.7726  ,  0.4042  ,  0.4388  , -0.0163  ,  2.0644  , -1.3687  ,  0.0000  , 100.0000 ,  0.0000  ,  0.0000  ,  0.0000  ,  0.0000  ,  0.0000  , 100.0000 ,  0.0000  ,  0.0000  ,  0.0000  ,  0.0000
 42.9400  , -0.5707  ,  0.3179  , -0.0492  ,  1.4238  , -1.7784  ,  0.3955  ,  0.4304  , -0.0300  ,  2.0484  , -1.4110  ,  0.0000  , 100.0000 ,  0.0000  ,  0.0000  ,  0.0000  ,  0.0000  ,  0.0000  , 100.0000 ,  0.0000  ,  0.0000  ,  0.0000  ,  0.0000
 42.9600  , -0.5643  ,  0.3152  , -0.0712  ,  1.4416  , -1.7821  ,  0.3751  ,  0.4127  , -0.0687  ,  2.0049  , -1.4189  ,  0.0000  , 100.0000 ,  0.0000  ,  0.0000  ,  0.0000  ,  0.0000  ,  0.0000  , 100.0000 ,  0.0000  ,  0.0000  ,  0.0000  ,  0.0000
 42.9800  , -0.5626  ,  0.3145  , -0.0772  ,  1.4478  , -1.7638  ,  0.3701  ,  0.4084  , -0.0837  ,  1.9860  , -1.3646  ,  0.0000  , 100.0000 ,  0.0000  ,  0.0000  ,  0.0000  ,  0.0000  ,  0.0000  , 100.0000 ,  0.0000  ,  0.0000  ,  0.0000  ,  0.0000
 43.0000  , -0.5611  ,  0.3138  , -0.0851  ,  1.4568  , -1.7514  ,  0.3659  ,  0.4049  , -0.1012  ,  1.9641  , -1.3449  ,  0.0000  , 100.0000 ,  0.0000  ,  0.0000  ,  0.0000  ,  0.0000  ,  0.0000  , 100.0000 ,  0.0000  ,  0.0000  ,  0.0000  ,  0.0000
 43.0200  , -0.5378  ,  0.3107  , -0.1212  ,  1.4712  , -1.7295  ,  0.3270  ,  0.3778  , -0.1389  ,  1.8972  , -1.3306  ,  0.0000  , 100.0000 ,  0.0000  ,  0.0000  ,  0.0000  ,  0.0000  ,  0.0000  , 100.0000 ,  0.0000  ,  0.0000  ,  0.0000  ,  0.0000
 43.0400  , -0.5153  ,  0.3055  , -0.1412  ,  1.4699  , -1.7317  ,  0.2948  ,  0.3586  , -0.1508  ,  1.8502  , -1.3223  ,  0.0000  , 100.0000 ,  0.0000  ,  0.0000  ,  0.0000  ,  0.0000  ,  0.0000  , 100.0000 ,  0.0000  ,  0.0000  ,  0.0000  ,  0.0000
 43.0600  , -0.5071  ,  0.3034  , -0.1538  ,  1.4793  , -1.7363  ,  0.2836  ,  0.3517  , -0.1643  ,  1.8178  , -1.3079  ,  0.0000  , 100.0000 ,  0.0000  ,  0.0000  ,  0.0000  ,  0.0000  ,  0.0000  , 100.0000 ,  0.0000  ,  0.0000  ,  0.0000  ,  0.0000
 43.0800  , -0.4702  ,  0.2935  , -0.1820  ,  1.4814  , -1.7386  ,  0.2328  ,  0.3225  , -0.1780  ,  1.7390  , -1.2919  ,  0.0000  , 100.0000 ,  0.0000  ,  0.0000  ,  0.0000  ,  0.0000  ,  0.0000  , 100.0000 ,  0.0000  ,  0.0000  ,  0.0000  ,  0.0000
 43.1000  , -0.4134  ,  0.2800  , -0.2179  ,  1.4885  , -1.7281  ,  0.1546  ,  0.2877  , -0.1786  ,  1.6514  , -1.3139  ,  0.0000  , 100.0000 ,  0.0000  ,  0.0000  ,  0.0000  ,  0.0000  ,  0.0000  , 100.0000 ,  0.0000  ,  0.0000  ,  0.0000  ,  0.0000
 43.1200  , -0.3943  ,  0.2751  , -0.2344  ,  1.5142  , -1.6740  ,  0.1289  ,  0.2768  , -0.1912  ,  1.5863  , -1.3688  ,  0.0000  , 100.0000 ,  0.0000  ,  0.0000  ,  0.0000  ,  0.0000  ,  0.0000  , 100.0000 ,  0.0000  ,  0.0000  ,  0.0000  ,  0.0000
 43.1400  , -0.3662  ,  0.2684  , -0.2475  ,  1.5106  , -1.6684  ,  0.0869  ,  0.2653  , -0.1755  ,  1.5769  , -1.3697  ,  0.0000  , 100.0000 ,  0.0000  ,  0.0000  ,  0.0000  ,  0.0000  ,  0.0000  , 100.0000 ,  0.0000  ,  0.0000  ,  0.0000  ,  0.0000
 43.1600  , -0.3004  ,  0.2519  , -0.2761  ,  1.5278  , -1.6901  , -0.0089  ,  0.2364  , -0.1465  ,  1.5234  , -1.3406  ,  0.0000  , 100.0000 ,  0.0000  ,  0.0000  ,  0.0000  ,  0.0000  ,  0.0000  , 100.0000 ,  0.0000  ,  0.0000  ,  0.0000  ,  0.0000
 43.1800  , -0.2808  ,  0.2467  , -0.2827  ,  1.5370  , -1.7152  , -0.0370  ,  0.2269  , -0.1372  ,  1.4975  , -1.3348  ,  0.0000  , 100.0000 ,  0.0000  ,  0.0000  ,  0.0000  ,  0.0000  ,  0.0000  , 100.0000 ,  0.0000  ,  0.0000  ,  0.0000  ,  0.0000
 43.2000  , -0.2320  ,  0.2367  , -0.2965  ,  1.5794  , -1.7298  , -0.1062  ,  0.2012  , -0.0981  ,  1.4588  , -1.3687  ,  0.0000  , 100.0000 ,  0.0000  ,  0.0000  ,  0.0000  ,  0.0000  ,  0.0000  , 100.0000 ,  0.0000  ,  0.0000  ,  0.0000  ,  0.0000
 43.2200  , -0.2143  ,  0.2324  , -0.2953  ,  1.6208  , -1.7265  , -0.1300  ,  0.1905  , -0.0780  ,  1.4141  , -1.4142  ,  0.0000  , 100.0000 ,  0.0000  ,  0.0000  ,  0.0000  ,  0.0000  ,  0.0000  , 100.0000 ,  0.0000  ,  0.0000  ,  0.0000  ,  0.0000
 43.2400  , -0.1670  ,  0.2294  , -0.3059  ,  1.6537  , -1.6879  , -0.1860  ,  0.1699  , -0.0272  ,  1.3913  , -1.4617  ,  0.0000  , 100.0000 ,  0.0000  ,  0.0000  ,  0.0000  ,  0.0000  ,  0.0000  , 100.0000 ,  0.0000  ,  0.0000  ,  0.0000  ,  0.0000
 43.2600  , -0.1243  ,  0.2284  , -0.3154  ,  1.6735  , -1.6857  , -0.2327  ,  0.1503  ,  0.0209  ,  1.3886  , -1.4432  ,  0.0000  , 100.0000 ,  0.0000  ,  0.0000  ,  0.0000  ,  0.0000  ,  0.0000  , 100.0000 ,  0.0000  ,  0.0000  ,  0.0000  ,  0.0000
 43.2800  , -0.0825  ,  0.2282  , -0.3142  ,  1.7130  , -1.7380  , -0.2686  ,  0.1324  ,  0.0771  ,  1.3603  , -1.4383  ,  0.0000  , 100.0000 ,  0.0000  ,  0.0000  ,  0.0000  ,  0.0000  ,  0.0000  , 100.0000 ,  0.0000  ,  0.0000  ,  0.0000  ,  0.0000
 43.3000  , -0.0381  ,  0.2289  , -0.3218  ,  1.7271  , -1.7380  , -0.2967  ,  0.1180  ,  0.1243  ,  1.3509  , -1.4383  ,  0.0000  , 100.0000 ,  0.0000  ,  0.0000  ,  0.0000  ,  0.0000  ,  0.0000  , 100.0000 ,  0.0000  ,  0.0000  ,  0.0000  ,  0.0000
 43.3200  , -0.0217  ,  0.2290  , -0.3205  ,  1.7449  , -1.7602  , -0.3060  ,  0.1129  ,  0.1477  ,  1.3400  , -1.5152  ,  0.0000  , 100.0000 ,  0.0000  ,  0.0000  ,  0.0000  ,  0.0000  ,  0.0000  , 100.0000 ,  0.0000  ,  0.0000  ,  0.0000  ,  0.0000
 43.3400  ,  0.0230  ,  0.2310  , -0.3271  ,  1.7591  , -1.7458  , -0.3278  ,  0.1030  ,  0.1863  ,  1.3413  , -1.5362  ,  0.0000  , 100.0000 ,  0.0000  ,  0.0000  ,  0.0000  ,  0.0000  ,  0.0000  , 100.0000 ,  0.0000  ,  0.0000  ,  0.0000  ,  0.0000
 43.3600  ,  0.1026  ,  0.2325  , -0.3334  ,  1.7928  , -1.7311  , -0.3626  ,  0.0858  ,  0.2752  ,  1.3446  , -1.5460  ,  0.0000  , 100.0000 ,  0.0000  ,  0.0000  ,  0.0000  ,  0.0000  ,  0.0000  , 100.0000 ,  0.0000  ,  0.0000  ,  0.0000  ,  0.0000
 43.3800  ,  0.1307  ,  0.2328  , -0.3358  ,  1.8006  , -1.7128  , -0.3741  ,  0.0799  ,  0.2933  ,  1.3540  , -1.5479  ,  0.0000  , 100.0000 ,  0.0000  ,  0.0000  ,  0.0000  ,  0.0000  ,  0.0000  , 100.0000 ,  0.0000  ,  0.0000  ,  0.0000  ,  0.0000
 43.4000  ,  0.2185  ,  0.2317  , -0.3382  ,  1.8306  , -1.7120  , -0.4083  ,  0.0606  ,  0.3786  ,  1.3655  , -1.5501  ,  0.0000  , 100.0000 ,  0.0000  ,  0.0000  ,  0.0000  ,  0.0000  ,  0.0000  , 100.0000 ,  0.0000  ,  0.0000  ,  0.0000  ,  0.0000
 43.4200  ,  0.2555  ,  0.2348  , -0.3414  ,  1.8385  , -1.7136  , -0.4198  ,  0.0544  ,  0.4069  ,  1.3713  , -1.5887  ,  0.0000  , 100.0000 ,  0.0000  ,  0.0000  ,  0.0000  ,  0.0000  ,  0.0000  , 100.0000 ,  0.0000  ,  0.0000  ,  0.0000  ,  0.0000
 43.4400  ,  0.3006  ,  0.2406  , -0.3513  ,  1.8386  , -1.7006  , -0.4322  ,  0.0482  ,  0.4384  ,  1.3798  , -1.6047  ,  0.0000  , 100.0000 ,  0.0000  ,  0.0000  ,  0.0000  ,  0.0000  ,  0.0000  , 100.0000 ,  0.0000  ,  0.0000  ,  0.0000  ,  0.0000
 43.4600  ,  0.3661  ,  0.2457  , -0.3504  ,  1.8694  , -1.6761  , -0.4495  ,  0.0394  ,  0.4850  ,  1.3954  , -1.6195  ,  0.0000  , 100.0000 ,  0.0000  ,  0.0000  ,  0.0000  ,  0.0000  ,  0.0000  , 100.0000 ,  0.0000  ,  0.0000  ,  0.0000  ,  0.0000
 43.4800  ,  0.3936  ,  0.2470  , -0.3520  ,  1.8772  , -1.5977  , -0.4567  ,  0.0358  ,  0.5041  ,  1.4030  , -1.6238  ,  0.0000  , 100.0000 ,  0.0000  ,  0.0000  ,  0.0000  ,  0.0000  ,  0.0000  , 100.0000 ,  0.0000  ,  0.0000  ,  0.0000  ,  0.0000
 43.5000  ,  0.4404  ,  0.2442  , -0.3465  ,  1.9013  , -1.5834  , -0.4694  ,  0.0259  ,  0.5302  ,  1.4332  , -1.6120  ,  0.0000  , 100.0000 ,  0.0000  ,  0.0000  ,  0.0000  ,  0.0000  ,  0.0000  , 100.0000 ,  0.0000  ,  0.0000  ,  0.0000  ,  0.0000
 43.5200  ,  0.4497  ,  0.2429  , -0.3396  ,  1.9182  , -1.5510  , -0.4718  ,  0.0238  ,  0.5412  ,  1.4373  , -1.6118  ,  0.0000  , 100.0000 ,  0.0000  ,  0.0000  ,  0.0000  ,  0.0000  ,  0.0000  , 100.0000 ,  0.0000  ,  0.0000  ,  0.0000  ,  0.0000
 43.5400  ,  0.4846  ,  0.2425  , -0.3381  ,  1.9329  , -1.5381  , -0.4755  ,  0.0184  ,  0.5555  ,  1.4459  , -1.6163  ,  0.0000  , 100.0000 ,  0.0000  ,  0.0000  ,  0.0000  ,  0.0000  ,  0.0000  , 100.0000 ,  0.0000  ,  0.0000  ,  0.0000  ,  0.0000
 43.5600  ,  0.4994  ,  0.2401  , -0.3354  ,  1.9405  , -1.5191  , -0.4751  ,  0.0163  ,  0.5536  ,  1.4526  , -1.6224  ,  0.0000  , 100.0000 ,  0.0000  ,  0.0000  ,  0.0000  ,  0.0000  ,  0.0000  , 100.0000 ,  0.0000  ,  0.0000  ,  0.0000  ,  0.0000
 43.5800  ,  0.5139  ,  0.2366  , -0.3287  ,  1.9596  , -1.4334  , -0.4733  ,  0.0144  ,  0.5533  ,  1.4550  , -1.6213  ,  0.0000  , 100.0000 ,  0.0000  ,  0.0000  ,  0.0000  ,  0.0000  ,  0.0000  , 100.0000 ,  0.0000  ,  0.0000  ,  0.0000  ,  0.0000
 43.6000  ,  0.5154  ,  0.2359  , -0.3280  ,  1.9615  , -1.3983  , -0.4731  ,  0.0138  ,  0.5521  ,  1.4555  , -1.6173  ,  0.0000  , 100.0000 ,  0.0000  ,  0.0000  ,  0.0000  ,  0.0000  ,  0.0000  , 100.0000 ,  0.0000  ,  0.0000  ,  0.0000  ,  0.0000
 43.6200  ,  0.5184  ,  0.2344  , -0.3261  ,  1.9670  , -1.3897  , -0.4727  ,  0.0127  ,  0.5488  ,  1.4563  , -1.6110  ,  0.0000  , 100.0000 ,  0.0000  ,  0.0000  ,  0.0000  ,  0.0000  ,  0.0000  , 100.0000 ,  0.0000  ,  0.0000  ,  0.0000  ,  0.0000
 43.6400  ,  0.5170  ,  0.2268  , -0.3228  ,  1.9889  , -1.4174  , -0.4686  ,  0.0066  ,  0.5282  ,  1.4602  , -1.6082  ,  0.0000  , 100.0000 ,  0.0000  ,  0.0000  ,  0.0000  ,  0.0000  ,  0.0000  , 100.0000 ,  0.0000  ,  0.0000  ,  0.0000  ,  0.0000
 43.6600  ,  0.5089  ,  0.2238  , -0.3191  ,  1.9956  , -1.4488  , -0.4638  ,  0.0043  ,  0.5223  ,  1.4589  , -1.6100  ,  0.0000  , 100.0000 ,  0.0000  ,  0.0000  ,  0.0000  ,  0.0000  ,  0.0000  , 100.0000 ,  0.0000  ,  0.0000  ,  0.0000  ,  0.0000
 43.6800  ,  0.5025  ,  0.2217  , -0.3144  ,  1.9921  , -1.5380  , -0.4600  ,  0.0026  ,  0.5109  ,  1.4562  , -1.6211  ,  0.0000  , 100.0000 ,  0.0000  ,  0.0000  ,  0.0000  ,  0.0000  ,  0.0000  , 100.0000 ,  0.0000  ,  0.0000  ,  0.0000  ,  0.0000
 43.7000  ,  0.4922  ,  0.2197  , -0.3125  ,  1.9953  , -1.6296  , -0.4539  ,  0.0033  ,  0.5020  ,  1.4539  , -1.5946  ,  0.0000  , 100.0000 ,  0.0000  ,  0.0000  ,  0.0000  ,  0.0000  ,  0.0000  , 100.0000 ,  0.0000  ,  0.0000  ,  0.0000  ,  0.0000
 43.7200  ,  0.4865  ,  0.2187  , -0.3130  ,  1.9950  , -1.6771  , -0.4505  ,  0.0037  ,  0.4928  ,  1.4547  , -1.5862  ,  0.0000  , 100.0000 ,  0.0000  ,  0.0000  ,  0.0000  ,  0.0000  ,  0.0000  , 100.0000 ,  0.0000  ,  0.0000  ,  0.0000  ,  0.0000
 43.7400  ,  0.4756  ,  0.2183  , -0.3116  ,  1.9962  , -1.7765  , -0.4468  ,  0.0019  ,  0.4869  ,  1.4580  , -1.5802  ,  0.0000  , 100.0000 ,  0.0000  ,  0.0000  ,  0.0000  ,  0.0000  ,  0.0000  , 100.0000 ,  0.0000  ,  0.0000  ,  0.0000  ,  0.0000
 43.7600  ,  0.4685  ,  0.2182  , -0.3034  ,  1.9841  , -1.8663  , -0.4441  ,  0.0007  ,  0.4807  ,  1.4641  , -1.5915  ,  0.0000  , 100.0000 ,  0.0000  ,  0.0000  ,  0.0000  ,  0.0000  ,  0.0000  , 100.0000 ,  0.0000  ,  0.0000  ,  0.0000  ,  0.0000
 43.7800  ,  0.4538  ,  0.2188  , -0.3019  ,  1.9815  , -1.9294  , -0.4375  ,  0.0022  ,  0.4737  ,  1.4784  , -1.5983  ,  0.0000  , 100.0000 ,  0.0000  ,  0.0000  ,  0.0000  ,  0.0000  ,  0.0000  , 100.0000 ,  0.0000  ,  0.0000  ,  0.0000  ,  0.0000
 43.8000  ,  0.4481  ,  0.2200  , -0.3017  ,  1.9796  , -1.9358  , -0.4355  ,  0.0024  ,  0.4697  ,  1.4851  , -1.6021  ,  0.0000  , 100.0000 ,  0.0000  ,  0.0000  ,  0.0000  ,  0.0000  ,  0.0000  , 100.0000 ,  0.0000  ,  0.0000  ,  0.0000  ,  0.0000
 43.8200  ,  0.4379  ,  0.2223  , -0.3082  ,  1.9991  , -1.8736  , -0.4323  ,  0.0032  ,  0.4606  ,  1.5001  , -1.5899  ,  0.0000  , 100.0000 ,  0.0000  ,  0.0000  ,  0.0000  ,  0.0000  ,  0.0000  , 100.0000 ,  0.0000  ,  0.0000  ,  0.0000  ,  0.0000
 43.8400  ,  0.4330  ,  0.2235  , -0.3077  ,  1.9970  , -1.8870  , -0.4309  ,  0.0037  ,  0.4556  ,  1.5078  , -1.5770  ,  0.0000  , 100.0000 ,  0.0000  ,  0.0000  ,  0.0000  ,  0.0000  ,  0.0000  , 100.0000 ,  0.0000  ,  0.0000  ,  0.0000  ,  0.0000
 43.8600  ,  0.4275  ,  0.2243  , -0.3065  ,  1.9946  , -1.9069  , -0.4296  ,  0.0048  ,  0.4494  ,  1.5176  , -1.5702  ,  0.0000  , 100.0000 ,  0.0000  ,  0.0000  ,  0.0000  ,  0.0000  ,  0.0000  , 100.0000 ,  0.0000  ,  0.0000  ,  0.0000  ,  0.0000
 43.8800  ,  0.4228  ,  0.2249  , -0.3055  ,  1.9922  , -1.9471  , -0.4287  ,  0.0058  ,  0.4433  ,  1.5264  , -1.5681  ,  0.0000  , 100.0000 ,  0.0000  ,  0.0000  ,  0.0000  ,  0.0000  ,  0.0000  , 100.0000 ,  0.0000  ,  0.0000  ,  0.0000  ,  0.0000
 43.9000  ,  0.4104  ,  0.2278  , -0.2952  ,  1.9694  , -1.9514  , -0.4277  ,  0.0072  ,  0.4219  ,  1.5434  , -1.5746  ,  0.0000  , 100.0000 ,  0.0000  ,  0.0000  ,  0.0000  ,  0.0000  ,  0.0000  , 100.0000 ,  0.0000  ,  0.0000  ,  0.0000  ,  0.0000
 43.9200  ,  0.4070  ,  0.2287  , -0.2960  ,  1.9636  , -1.9529  , -0.4275  ,  0.0074  ,  0.4124  ,  1.5508  , -1.5828  ,  0.0000  , 100.0000 ,  0.0000  ,  0.0000  ,  0.0000  ,  0.0000  ,  0.0000  , 100.0000 ,  0.0000  ,  0.0000  ,  0.0000  ,  0.0000
 43.9400  ,  0.3950  ,  0.2306  , -0.2953  ,  1.9541  , -1.9429  , -0.4210  ,  0.0017  ,  0.3864  ,  1.5547  , -1.5679  ,  0.0000  , 100.0000 ,  0.0000  ,  0.0000  ,  0.0000  ,  0.0000  ,  0.0000  , 100.0000 ,  0.0000  ,  0.0000  ,  0.0000  ,  0.0000
 43.9600  ,  0.3872  ,  0.2316  , -0.2977  ,  1.9425  , -1.9125  , -0.4176  ,  0.0012  ,  0.3667  ,  1.5606  , -1.5476  ,  0.0000  , 100.0000 ,  0.0000  ,  0.0000  ,  0.0000  ,  0.0000  ,  0.0000  , 100.0000 ,  0.0000  ,  0.0000  ,  0.0000  ,  0.0000
 43.9800  ,  0.3651  ,  0.2320  , -0.2982  ,  1.9295  , -1.8773  , -0.4116  ,  0.0051  ,  0.3382  ,  1.5673  , -1.5194  ,  0.0000  , 100.0000 ,  0.0000  ,  0.0000  ,  0.0000  ,  0.0000  ,  0.0000  , 100.0000 ,  0.0000  ,  0.0000  ,  0.0000  ,  0.0000
 44.0000  ,  0.3505  ,  0.2307  , -0.2988  ,  1.9182  , -1.8911  , -0.4078  ,  0.0066  ,  0.3210  ,  1.5720  , -1.5216  ,  0.0000  , 100.0000 ,  0.0000  ,  0.0000  ,  0.0000  ,  0.0000  ,  0.0000  , 100.0000 ,  0.0000  ,  0.0000  ,  0.0000  ,  0.0000
 44.0200  ,  0.3262  ,  0.2290  , -0.3012  ,  1.8968  , -1.9191  , -0.4002  ,  0.0099  ,  0.2854  ,  1.5796  , -1.5321  ,  0.0000  , 100.0000 ,  0.0000  ,  0.0000  ,  0.0000  ,  0.0000  ,  0.0000  , 100.0000 ,  0.0000  ,  0.0000  ,  0.0000  ,  0.0000
 44.0400  ,  0.3109  ,  0.2284  , -0.3046  ,  1.8782  , -1.8996  , -0.3944  ,  0.0125  ,  0.2656  ,  1.5834  , -1.5333  ,  0.0000  , 100.0000 ,  0.0000  ,  0.0000  ,  0.0000  ,  0.0000  ,  0.0000  , 100.0000 ,  0.0000  ,  0.0000  ,  0.0000  ,  0.0000
 44.0600  ,  0.2967  ,  0.2282  , -0.3072  ,  1.8635  , -1.8100  , -0.3882  ,  0.0152  ,  0.2430  ,  1.5882  , -1.5068  ,  0.0000  , 100.0000 ,  0.0000  ,  0.0000  ,  0.0000  ,  0.0000  ,  0.0000  , 100.0000 ,  0.0000  ,  0.0000  ,  0.0000  ,  0.0000
 44.0800  ,  0.2574  ,  0.2286  , -0.3176  ,  1.8180  , -1.7641  , -0.3680  ,  0.0237  ,  0.2008  ,  1.5843  , -1.4773  ,  0.0000  , 100.0000 ,  0.0000  ,  0.0000  ,  0.0000  ,  0.0000  ,  0.0000  , 100.0000 ,  0.0000  ,  0.0000  ,  0.0000  ,  0.0000
 44.1000  ,  0.2320  ,  0.2291  , -0.3232  ,  1.7901  , -1.7678  , -0.3549  ,  0.0293  ,  0.1731  ,  1.5842  , -1.4702  ,  0.0000  , 100.0000 ,  0.0000  ,  0.0000  ,  0.0000  ,  0.0000  ,  0.0000  , 100.0000 ,  0.0000  ,  0.0000  ,  0.0000  ,  0.0000
 44.1200  ,  0.2221  ,  0.2292  , -0.3284  ,  1.7708  , -1.7473  , -0.3496  ,  0.0314  ,  0.1607  ,  1.5861  , -1.4683  ,  0.0000  , 100.0000 ,  0.0000  ,  0.0000  ,  0.0000  ,  0.0000  ,  0.0000  , 100.0000 ,  0.0000  ,  0.0000  ,  0.0000  ,  0.0000
 44.1400  ,  0.1749  ,  0.2271  , -0.3404  ,  1.7058  , -1.7163  , -0.3247  ,  0.0400  ,  0.1185  ,  1.5897  , -1.4714  ,  0.0000  , 100.0000 ,  0.0000  ,  0.0000  ,  0.0000  ,  0.0000  ,  0.0000  , 100.0000 ,  0.0000  ,  0.0000  ,  0.0000  ,  0.0000
 44.1600  ,  0.1488  ,  0.2258  , -0.3381  ,  1.6898  , -1.6485  , -0.3093  ,  0.0459  ,  0.1045  ,  1.5835  , -1.4415  ,  0.0000  , 100.0000 ,  0.0000  ,  0.0000  ,  0.0000  ,  0.0000  ,  0.0000  , 100.0000 ,  0.0000  ,  0.0000  ,  0.0000  ,  0.0000
 44.1800  ,  0.0878  ,  0.2209  , -0.3336  ,  1.6361  , -1.6532  , -0.2675  ,  0.0623  ,  0.0651  ,  1.5782  , -1.4287  ,  0.0000  , 100.0000 ,  0.0000  ,  0.0000  ,  0.0000  ,  0.0000  ,  0.0000  , 100.0000 ,  0.0000  ,  0.0000  ,  0.0000  ,  0.0000
 44.2000  ,  0.0723  ,  0.2192  , -0.3305  ,  1.6254  , -1.6487  , -0.2556  ,  0.0670  ,  0.0553  ,  1.5791  , -1.4227  ,  0.0000  , 100.0000 ,  0.0000  ,  0.0000  ,  0.0000  ,  0.0000  ,  0.0000  , 100.0000 ,  0.0000  ,  0.0000  ,  0.0000  ,  0.0000
 44.2200  ,  0.0271  ,  0.2150  , -0.3252  ,  1.5757  , -1.6029  , -0.2200  ,  0.0794  ,  0.0320  ,  1.5785  , -1.4291  ,  0.0000  , 100.0000 ,  0.0000  ,  0.0000  ,  0.0000  ,  0.0000  ,  0.0000  , 100.0000 ,  0.0000  ,  0.0000  ,  0.0000  ,  0.0000
 44.2400  ,  0.0154  ,  0.2137  , -0.3239  ,  1.5628  , -1.5865  , -0.2106  ,  0.0823  ,  0.0263  ,  1.5861  , -1.4354  ,  0.0000  , 100.0000 ,  0.0000  ,  0.0000  ,  0.0000  ,  0.0000  ,  0.0000  , 100.0000 ,  0.0000  ,  0.0000  ,  0.0000  ,  0.0000
 44.2600  , -0.0102  ,  0.2126  , -0.3226  ,  1.5283  , -1.6390  , -0.1869  ,  0.0922  ,  0.0124  ,  1.5944  , -1.4305  ,  0.0000  , 100.0000 ,  0.0000  ,  0.0000  ,  0.0000  ,  0.0000  ,  0.0000  , 100.0000 ,  0.0000  ,  0.0000  ,  0.0000  ,  0.0000
 44.2800  , -0.0388  ,  0.2130  , -0.3228  ,  1.4828  , -1.6672  , -0.1552  ,  0.1054  , -0.0022  ,  1.6116  , -1.4307  ,  0.0000  , 100.0000 ,  0.0000  ,  0.0000  ,  0.0000  ,  0.0000  ,  0.0000  , 100.0000 ,  0.0000  ,  0.0000  ,  0.0000  ,  0.0000
 44.3000  , -0.0549  ,  0.2146  , -0.3231  ,  1.4453  , -1.6995  , -0.1336  ,  0.1140  , -0.0106  ,  1.6319  , -1.4272  ,  0.0000  , 100.0000 ,  0.0000  ,  0.0000  ,  0.0000  ,  0.0000  ,  0.0000  , 100.0000 ,  0.0000  ,  0.0000  ,  0.0000  ,  0.0000
 44.3200  , -0.0603  ,  0.2151  , -0.3245  ,  1.4248  , -1.6159  , -0.1265  ,  0.1165  , -0.0125  ,  1.6418  , -1.4107  ,  0.0000  , 100.0000 ,  0.0000  ,  0.0000  ,  0.0000  ,  0.0000  ,  0.0000  , 100.0000 ,  0.0000  ,  0.0000  ,  0.0000  ,  0.0000
 44.3400  , -0.0924  ,  0.2208  , -0.3230  ,  1.3919  , -1.5777  , -0.0927  ,  0.1254  , -0.0189  ,  1.6741  , -1.4150  ,  0.0000  , 100.0000 ,  0.0000  ,  0.0000  ,  0.0000  ,  0.0000  ,  0.0000  , 100.0000 ,  0.0000  ,  0.0000  ,  0.0000  ,  0.0000
 44.3600  , -0.1126  ,  0.2235  , -0.3205  ,  1.3773  , -1.5777  , -0.0742  ,  0.1325  , -0.0219  ,  1.6922  , -1.4150  ,  0.0000  , 100.0000 ,  0.0000  ,  0.0000  ,  0.0000  ,  0.0000  ,  0.0000  , 100.0000 ,  0.0000  ,  0.0000  ,  0.0000  ,  0.0000
 44.3800  , -0.1264  ,  0.2251  , -0.3175  ,  1.3707  , -1.5599  , -0.0623  ,  0.1378  , -0.0247  ,  1.6999  , -1.4039  ,  0.0000  , 100.0000 ,  0.0000  ,  0.0000  ,  0.0000  ,  0.0000  ,  0.0000  , 100.0000 ,  0.0000  ,  0.0000  ,  0.0000  ,  0.0000
 44.4000  , -0.1710  ,  0.2259  , -0.2993  ,  1.3716  , -1.5705  , -0.0278  ,  0.1545  , -0.0320  ,  1.7227  , -1.4020  ,  0.0000  , 100.0000 ,  0.0000  ,  0.0000  ,  0.0000  ,  0.0000  ,  0.0000  , 100.0000 ,  0.0000  ,  0.0000  ,  0.0000  ,  0.0000
 44.4200  , -0.1980  ,  0.2252  , -0.2883  ,  1.3833  , -1.5842  , -0.0086  ,  0.1647  , -0.0335  ,  1.7370  , -1.3971  ,  0.0000  , 100.0000 ,  0.0000  ,  0.0000  ,  0.0000  ,  0.0000  ,  0.0000  , 100.0000 ,  0.0000  ,  0.0000  ,  0.0000  ,  0.0000
 44.4400  , -0.2155  ,  0.2244  , -0.2770  ,  1.3897  , -1.5961  ,  0.0033  ,  0.1714  , -0.0359  ,  1.7449  , -1.4024  ,  0.0000  , 100.0000 ,  0.0000  ,  0.0000  ,  0.0000  ,  0.0000  ,  0.0000  , 100.0000 ,  0.0000  ,  0.0000  ,  0.0000  ,  0.0000
 44.4600  , -0.2439  ,  0.2246  , -0.2592  ,  1.4065  , -1.6036  ,  0.0198  ,  0.1799  , -0.0394  ,  1.7534  , -1.4067  ,  0.0000  , 100.0000 ,  0.0000  ,  0.0000  ,  0.0000  ,  0.0000  ,  0.0000  , 100.0000 ,  0.0000  ,  0.0000  ,  0.0000  ,  0.0000
 44.4800  , -0.2662  ,  0.2244  , -0.2433  ,  1.4098  , -1.5982  ,  0.0326  ,  0.1864  , -0.0405  ,  1.7593  , -1.4002  ,  0.0000  , 100.0000 ,  0.0000  ,  0.0000  ,  0.0000  ,  0.0000  ,  0.0000  , 100.0000 ,  0.0000  ,  0.0000  ,  0.0000  ,  0.0000
 44.5000  , -0.2820  ,  0.2236  , -0.2318  ,  1.4203  , -1.5907  ,  0.0414  ,  0.1909  , -0.0427  ,  1.7650  , -1.3763  ,  0.0000  , 100.0000 ,  0.0000  ,  0.0000  ,  0.0000  ,  0.0000  ,  0.0000  , 100.0000 ,  0.0000  ,  0.0000  ,  0.0000  ,  0.0000
 44.5200  , -0.2932  ,  0.2225  , -0.2214  ,  1.4253  , -1.5899  ,  0.0481  ,  0.1946  , -0.0444  ,  1.7706  , -1.3570  ,  0.0000  , 100.0000 ,  0.0000  ,  0.0000  ,  0.0000  ,  0.0000  ,  0.0000  , 100.0000 ,  0.0000  ,  0.0000  ,  0.0000  ,  0.0000
 44.5400  , -0.3049  ,  0.2199  , -0.2114  ,  1.4347  , -1.5919  ,  0.0561  ,  0.1999  , -0.0467  ,  1.7762  , -1.3600  ,  0.0000  , 100.0000 ,  0.0000  ,  0.0000  ,  0.0000  ,  0.0000  ,  0.0000  , 100.0000 ,  0.0000  ,  0.0000  ,  0.0000  ,  0.0000
 44.5600  , -0.3114  ,  0.2187  , -0.2035  ,  1.4366  , -1.6052  ,  0.0589  ,  0.2041  , -0.0485  ,  1.7806  , -1.4197  ,  0.0000  , 100.0000 ,  0.0000  ,  0.0000  ,  0.0000  ,  0.0000  ,  0.0000  , 100.0000 ,  0.0000  ,  0.0000  ,  0.0000  ,  0.0000
 44.5800  , -0.3167  ,  0.2176  , -0.1943  ,  1.4339  , -1.6123  ,  0.0613  ,  0.2079  , -0.0496  ,  1.7897  , -1.4446  ,  0.0000  , 100.0000 ,  0.0000  ,  0.0000  ,  0.0000  ,  0.0000  ,  0.0000  , 100.0000 ,  0.0000  ,  0.0000  ,  0.0000  ,  0.0000
 44.6000  , -0.3218  ,  0.2173  , -0.1866  ,  1.4303  , -1.6141  ,  0.0638  ,  0.2133  , -0.0526  ,  1.7974  , -1.4691  ,  0.0000  , 100.0000 ,  0.0000  ,  0.0000  ,  0.0000  ,  0.0000  ,  0.0000  , 100.0000 ,  0.0000  ,  0.0000  ,  0.0000  ,  0.0000
 44.6200  , -0.3260  ,  0.2167  , -0.1828  ,  1.4270  , -1.6136  ,  0.0651  ,  0.2180  , -0.0545  ,  1.8053  , -1.4693  ,  0.0000  , 100.0000 ,  0.0000  ,  0.0000  ,  0.0000  ,  0.0000  ,  0.0000  , 100.0000 ,  0.0000  ,  0.0000  ,  0.0000  ,  0.0000
 44.6400  , -0.3307  ,  0.2157  , -0.1760  ,  1.4239  , -1.6140  ,  0.0659  ,  0.2237  , -0.0578  ,  1.8102  , -1.4533  ,  0.0000  , 100.0000 ,  0.0000  ,  0.0000  ,  0.0000  ,  0.0000  ,  0.0000  , 100.0000 ,  0.0000  ,  0.0000  ,  0.0000  ,  0.0000
 44.6600  , -0.3406  ,  0.2168  , -0.1706  ,  1.4218  , -1.6225  ,  0.0684  ,  0.2308  , -0.0607  ,  1.8106  , -1.4479  ,  0.0000  , 100.0000 ,  0.0000  ,  0.0000  ,  0.0000  ,  0.0000  ,  0.0000  , 100.0000 ,  0.0000  ,  0.0000  ,  0.0000  ,  0.0000
 44.6800  , -0.3414  ,  0.2169  , -0.1699  ,  1.4214  , -1.6342  ,  0.0685  ,  0.2313  , -0.0611  ,  1.8108  , -1.4726  ,  0.0000  , 100.0000 ,  0.0000  ,  0.0000  ,  0.0000  ,  0.0000  ,  0.0000  , 100.0000 ,  0.0000  ,  0.0000  ,  0.0000  ,  0.0000
 44.7000  , -0.3488  ,  0.2184  , -0.1665  ,  1.4250  , -1.6346  ,  0.0704  ,  0.2346  , -0.0643  ,  1.8105  , -1.4713  ,  0.0000  , 100.0000 ,  0.0000  ,  0.0000  ,  0.0000  ,  0.0000  ,  0.0000  , 100.0000 ,  0.0000  ,  0.0000  ,  0.0000  ,  0.0000
 44.7200  , -0.3575  ,  0.2209  , -0.1642  ,  1.4317  , -1.6401  ,  0.0740  ,  0.2380  , -0.0703  ,  1.8048  , -1.4720  ,  0.0000  , 100.0000 ,  0.0000  ,  0.0000  ,  0.0000  ,  0.0000  ,  0.0000  , 100.0000 ,  0.0000  ,  0.0000  ,  0.0000  ,  0.0000
 44.7400  , -0.3595  ,  0.2216  , -0.1643  ,  1.4343  , -1.6364  ,  0.0750  ,  0.2387  , -0.0729  ,  1.8024  , -1.4528  ,  0.0000  , 100.0000 ,  0.0000  ,  0.0000  ,  0.0000  ,  0.0000  ,  0.0000  , 100.0000 ,  0.0000  ,  0.0000  ,  0.0000  ,  0.0000
 44.7600  , -0.3650  ,  0.2242  , -0.1678  ,  1.4460  , -1.6304  ,  0.0773  ,  0.2399  , -0.0802  ,  1.7892  , -1.4446  ,  0.0000  , 100.0000 ,  0.0000  ,  0.0000  ,  0.0000  ,  0.0000  ,  0.0000  , 100.0000 ,  0.0000  ,  0.0000  ,  0.0000  ,  0.0000
 44.7800  , -0.3661  ,  0.2248  , -0.1688  ,  1.4499  , -1.6309  ,  0.0777  ,  0.2401  , -0.0821  ,  1.7858  , -1.4471  ,  0.0000  , 100.0000 ,  0.0000  ,  0.0000  ,  0.0000  ,  0.0000  ,  0.0000  , 100.0000 ,  0.0000  ,  0.0000  ,  0.0000  ,  0.0000
 44.8000  , -0.3682  ,  0.2273  , -0.1746  ,  1.4627  , -1.6325  ,  0.0772  ,  0.2394  , -0.0865  ,  1.7735  , -1.4466  ,  0.0000  , 100.0000 ,  0.0000  ,  0.0000  ,  0.0000  ,  0.0000  ,  0.0000  , 100.0000 ,  0.0000  ,  0.0000  ,  0.0000  ,  0.0000
 44.8200  , -0.3675  ,  0.2293  , -0.1786  ,  1.4691  , -1.6350  ,  0.0752  ,  0.2384  , -0.0896  ,  1.7675  , -1.4448  ,  0.0000  , 100.0000 ,  0.0000  ,  0.0000  ,  0.0000  ,  0.0000  ,  0.0000  , 100.0000 ,  0.0000  ,  0.0000  ,  0.0000  ,  0.0000
 44.8400  , -0.3669  ,  0.2303  , -0.1808  ,  1.4736  , -1.6402  ,  0.0741  ,  0.2378  , -0.0915  ,  1.7640  , -1.4357  ,  0.0000  , 100.0000 ,  0.0000  ,  0.0000  ,  0.0000  ,  0.0000  ,  0.0000  , 100.0000 ,  0.0000  ,  0.0000  ,  0.0000  ,  0.0000
 44.8600  , -0.3622  ,  0.2323  , -0.1865  ,  1.4781  , -1.6395  ,  0.0704  ,  0.2360  , -0.0950  ,  1.7570  , -1.4302  ,  0.0000  , 100.0000 ,  0.0000  ,  0.0000  ,  0.0000  ,  0.0000  ,  0.0000  , 100.0000 ,  0.0000  ,  0.0000  ,  0.0000  ,  0.0000
 44.8800  , -0.3605  ,  0.2330  , -0.1886  ,  1.4783  , -1.6354  ,  0.0691  ,  0.2354  , -0.0966  ,  1.7549  , -1.4170  ,  0.0000  , 100.0000 ,  0.0000  ,  0.0000  ,  0.0000  ,  0.0000  ,  0.0000  , 100.0000 ,  0.0000  ,  0.0000  ,  0.0000  ,  0.0000
 44.9000  , -0.3576  ,  0.2343  , -0.1918  ,  1.4820  , -1.6355  ,  0.0641  ,  0.2326  , -0.0973  ,  1.7524  , -1.4177  ,  0.0000  , 100.0000 ,  0.0000  ,  0.0000  ,  0.0000  ,  0.0000  ,  0.0000  , 100.0000 ,  0.0000  ,  0.0000  ,  0.0000  ,  0.0000
 44.9200  , -0.3544  ,  0.2353  , -0.1938  ,  1.4832  , -1.6352  ,  0.0605  ,  0.2306  , -0.0977  ,  1.7508  , -1.4131  ,  0.0000  , 100.0000 ,  0.0000  ,  0.0000  ,  0.0000  ,  0.0000  ,  0.0000  , 100.0000 ,  0.0000  ,  0.0000  ,  0.0000  ,  0.0000
 44.9400  , -0.3517  ,  0.2359  , -0.1950  ,  1.4823  , -1.6353  ,  0.0578  ,  0.2292  , -0.0971  ,  1.7499  , -1.4094  ,  0.0000  , 100.0000 ,  0.0000  ,  0.0000  ,  0.0000  ,  0.0000  ,  0.0000  , 100.0000 ,  0.0000  ,  0.0000  ,  0.0000  ,  0.0000
 44.9600  , -0.3472  ,  0.2368  , -0.1974  ,  1.4811  , -1.6305  ,  0.0548  ,  0.2275  , -0.0968  ,  1.7484  , -1.4059  ,  0.0000  , 100.0000 ,  0.0000  ,  0.0000  ,  0.0000  ,  0.0000  ,  0.0000  , 100.0000 ,  0.0000  ,  0.0000  ,  0.0000  ,  0.0000
 44.9800  , -0.3455  ,  0.2372  , -0.1983  ,  1.4806  , -1.6279  ,  0.0536  ,  0.2268  , -0.0966  ,  1.7471  , -1.4049  ,  0.0000  , 100.0000 ,  0.0000  ,  0.0000  ,  0.0000  ,  0.0000  ,  0.0000  , 100.0000 ,  0.0000  ,  0.0000  ,  0.0000  ,  0.0000
 45.0000  , -0.3423  ,  0.2365  , -0.1990  ,  1.4818  , -1.6258  ,  0.0509  ,  0.2250  , -0.0947  ,  1.7475  , -1.4035  ,  0.0000  , 100.0000 ,  0.0000  ,  0.0000  ,  0.0000  ,  0.0000  ,  0.0000  , 100.0000 ,  0.0000  ,  0.0000  ,  0.0000  ,  0.0000
 45.0200  , -0.3409  ,  0.2361  , -0.1995  ,  1.4819  , -1.6253  ,  0.0480  ,  0.2235  , -0.0924  ,  1.7458  , -1.3972  ,  0.0000  , 100.0000 ,  0.0000  ,  0.0000  ,  0.0000  ,  0.0000  ,  0.0000  , 100.0000 ,  0.0000  ,  0.0000  ,  0.0000  ,  0.0000
 45.0400  , -0.3406  ,  0.2360  , -0.1996  ,  1.4823  , -1.6258  ,  0.0459  ,  0.2225  , -0.0905  ,  1.7453  , -1.3976  ,  0.0000  , 100.0000 ,  0.0000  ,  0.0000  ,  0.0000  ,  0.0000  ,  0.0000  , 100.0000 ,  0.0000  ,  0.0000  ,  0.0000  ,  0.0000
 45.0600  , -0.3397  ,  0.2360  , -0.2001  ,  1.4823  , -1.6270  ,  0.0432  ,  0.2212  , -0.0878  ,  1.7458  , -1.3986  ,  0.0000  , 100.0000 ,  0.0000  ,  0.0000  ,  0.0000  ,  0.0000  ,  0.0000  , 100.0000 ,  0.0000  ,  0.0000  ,  0.0000  ,  0.0000
 45.0800  , -0.3392  ,  0.2358  , -0.1987  ,  1.4803  , -1.6256  ,  0.0363  ,  0.2185  , -0.0785  ,  1.7477  , -1.3963  ,  0.0000  , 100.0000 ,  0.0000  ,  0.0000  ,  0.0000  ,  0.0000  ,  0.0000  , 100.0000 ,  0.0000  ,  0.0000  ,  0.0000  ,  0.0000
 45.1000  , -0.3393  ,  0.2357  , -0.1982  ,  1.4806  , -1.6231  ,  0.0343  ,  0.2178  , -0.0755  ,  1.7486  , -1.3888  ,  0.0000  , 100.0000 ,  0.0000  ,  0.0000  ,  0.0000  ,  0.0000  ,  0.0000  , 100.0000 ,  0.0000  ,  0.0000  ,  0.0000  ,  0.0000
 45.1200  , -0.3394  ,  0.2351  , -0.1971  ,  1.4809  , -1.6167  ,  0.0317  ,  0.2166  , -0.0711  ,  1.7501  , -1.3646  ,  0.0000  , 100.0000 ,  0.0000  ,  0.0000  ,  0.0000  ,  0.0000  ,  0.0000  , 100.0000 ,  0.0000  ,  0.0000  ,  0.0000  ,  0.0000
 45.1400  , -0.3400  ,  0.2335  , -0.1918  ,  1.4782  , -1.6109  ,  0.0261  ,  0.2135  , -0.0575  ,  1.7569  , -1.3559  ,  0.0000  , 100.0000 ,  0.0000  ,  0.0000  ,  0.0000  ,  0.0000  ,  0.0000  , 100.0000 ,  0.0000  ,  0.0000  ,  0.0000  ,  0.0000
 45.1600  , -0.3402  ,  0.2333  , -0.1911  ,  1.4782  , -1.6079  ,  0.0250  ,  0.2127  , -0.0533  ,  1.7587  , -1.3581  ,  0.0000  , 100.0000 ,  0.0000  ,  0.0000  ,  0.0000  ,  0.0000  ,  0.0000  , 100.0000 ,  0.0000  ,  0.0000  ,  0.0000  ,  0.0000
 45.1800  , -0.3416  ,  0.2321  , -0.1871  ,  1.4776  , -1.6115  ,  0.0227  ,  0.2108  , -0.0411  ,  1.7657  , -1.3680  ,  0.0000  , 100.0000 ,  0.0000  ,  0.0000  ,  0.0000  ,  0.0000  ,  0.0000  , 100.0000 ,  0.0000  ,  0.0000  ,  0.0000  ,  0.0000
 45.2000  , -0.3418  ,  0.2320  , -0.1864  ,  1.4773  , -1.6129  ,  0.0225  ,  0.2106  , -0.0394  ,  1.7668  , -1.3850  ,  0.0000  , 100.0000 ,  0.0000  ,  0.0000  ,  0.0000  ,  0.0000  ,  0.0000  , 100.0000 ,  0.0000  ,  0.0000  ,  0.0000  ,  0.0000
 45.2200  , -0.3440  ,  0.2303  , -0.1809  ,  1.4781  , -1.6078  ,  0.0221  ,  0.2112  , -0.0248  ,  1.7760  , -1.3893  ,  0.0000  , 100.0000 ,  0.0000  ,  0.0000  ,  0.0000  ,  0.0000  ,  0.0000  , 100.0000 ,  0.0000  ,  0.0000  ,  0.0000  ,  0.0000
 45.2400  , -0.3446  ,  0.2299  , -0.1798  ,  1.4780  , -1.6023  ,  0.0222  ,  0.2115  , -0.0199  ,  1.7784  , -1.3855  ,  0.0000  , 100.0000 ,  0.0000  ,  0.0000  ,  0.0000  ,  0.0000  ,  0.0000  , 100.0000 ,  0.0000  ,  0.0000  ,  0.0000  ,  0.0000
 45.2600  , -0.3447  ,  0.2301  , -0.1787  ,  1.4768  , -1.5986  ,  0.0265  ,  0.2147  , -0.0148  ,  1.7786  , -1.3819  ,  0.0000  , 100.0000 ,  0.0000  ,  0.0000  ,  0.0000  ,  0.0000  ,  0.0000  , 100.0000 ,  0.0000  ,  0.0000  ,  0.0000  ,  0.0000
 45.2800  , -0.3461  ,  0.2304  , -0.1770  ,  1.4800  , -1.5933  ,  0.0350  ,  0.2179  , -0.0052  ,  1.7817  , -1.3933  ,  0.0000  , 100.0000 ,  0.0000  ,  0.0000  ,  0.0000  ,  0.0000  ,  0.0000  , 100.0000 ,  0.0000  ,  0.0000  ,  0.0000  ,  0.0000
 45.3000  , -0.3467  ,  0.2305  , -0.1766  ,  1.4796  , -1.5930  ,  0.0383  ,  0.2189  ,  0.0035  ,  1.7848  , -1.4282  ,  0.0000  , 100.0000 ,  0.0000  ,  0.0000  ,  0.0000  ,  0.0000  ,  0.0000  , 100.0000 ,  0.0000  ,  0.0000  ,  0.0000  ,  0.0000
 45.3200  , -0.3470  ,  0.2305  , -0.1765  ,  1.4794  , -1.5929  ,  0.0394  ,  0.2192  ,  0.0057  ,  1.7854  , -1.4280  ,  0.0000  , 100.0000 ,  0.0000  ,  0.0000  ,  0.0000  ,  0.0000  ,  0.0000  , 100.0000 ,  0.0000  ,  0.0000  ,  0.0000  ,  0.0000
 45.3400  , -0.3496  ,  0.2302  , -0.1735  ,  1.4712  , -1.5929  ,  0.0543  ,  0.2247  ,  0.0236  ,  1.7888  , -1.4233  ,  0.0000  , 100.0000 ,  0.0000  ,  0.0000  ,  0.0000  ,  0.0000  ,  0.0000  , 100.0000 ,  0.0000  ,  0.0000  ,  0.0000  ,  0.0000
 45.3600  , -0.3487  ,  0.2298  , -0.1746  ,  1.4694  , -1.5941  ,  0.0645  ,  0.2301  ,  0.0293  ,  1.7863  , -1.4195  ,  0.0000  , 100.0000 ,  0.0000  ,  0.0000  ,  0.0000  ,  0.0000  ,  0.0000  , 100.0000 ,  0.0000  ,  0.0000  ,  0.0000  ,  0.0000
 45.3800  , -0.3473  ,  0.2297  , -0.1780  ,  1.4659  , -1.5939  ,  0.0834  ,  0.2404  ,  0.0390  ,  1.7800  , -1.4189  ,  0.0000  , 100.0000 ,  0.0000  ,  0.0000  ,  0.0000  ,  0.0000  ,  0.0000  , 100.0000 ,  0.0000  ,  0.0000  ,  0.0000  ,  0.0000
 45.4000  , -0.3465  ,  0.2299  , -0.1814  ,  1.4657  , -1.5930  ,  0.0958  ,  0.2472  ,  0.0434  ,  1.7757  , -1.4198  ,  0.0000  , 100.0000 ,  0.0000  ,  0.0000  ,  0.0000  ,  0.0000  ,  0.0000  , 100.0000 ,  0.0000  ,  0.0000  ,  0.0000  ,  0.0000
 45.4200  , -0.3472  ,  0.2292  , -0.1833  ,  1.4655  , -1.5921  ,  0.1163  ,  0.2580  ,  0.0458  ,  1.7658  , -1.4385  ,  0.0000  , 100.0000 ,  0.0000  ,  0.0000  ,  0.0000  ,  0.0000  ,  0.0000  , 100.0000 ,  0.0000  ,  0.0000  ,  0.0000  ,  0.0000
 45.4400  , -0.3480  ,  0.2286  , -0.1867  ,  1.4646  , -1.5874  ,  0.1321  ,  0.2661  ,  0.0554  ,  1.7627  , -1.4614  ,  0.0000  , 100.0000 ,  0.0000  ,  0.0000  ,  0.0000  ,  0.0000  ,  0.0000  , 100.0000 ,  0.0000  ,  0.0000  ,  0.0000  ,  0.0000
 45.4600  , -0.3464  ,  0.2276  , -0.1907  ,  1.4621  , -1.5874  ,  0.1568  ,  0.2817  ,  0.0529  ,  1.7486  , -1.4614  ,  0.0000  , 100.0000 ,  0.0000  ,  0.0000  ,  0.0000  ,  0.0000  ,  0.0000  , 100.0000 ,  0.0000  ,  0.0000  ,  0.0000  ,  0.0000
 45.4800  , -0.3433  ,  0.2268  , -0.1956  ,  1.4578  , -1.5816  ,  0.1928  ,  0.3034  ,  0.0458  ,  1.7325  , -1.4828  ,  0.0000  , 100.0000 ,  0.0000  ,  0.0000  ,  0.0000  ,  0.0000  ,  0.0000  , 100.0000 ,  0.0000  ,  0.0000  ,  0.0000  ,  0.0000
 45.5000  , -0.3422  ,  0.2267  , -0.1981  ,  1.4562  , -1.5783  ,  0.2042  ,  0.3100  ,  0.0457  ,  1.7262  , -1.4955  ,  0.0000  , 100.0000 ,  0.0000  ,  0.0000  ,  0.0000  ,  0.0000  ,  0.0000  , 100.0000 ,  0.0000  ,  0.0000  ,  0.0000  ,  0.0000
 45.5200  , -0.3407  ,  0.2265  , -0.2033  ,  1.4538  , -1.5705  ,  0.2314  ,  0.3277  ,  0.0414  ,  1.7093  , -1.5300  ,  0.0000  , 100.0000 ,  0.0000  ,  0.0000  ,  0.0000  ,  0.0000  ,  0.0000  , 100.0000 ,  0.0000  ,  0.0000  ,  0.0000  ,  0.0000
 45.5400  , -0.3378  ,  0.2269  , -0.2087  ,  1.4396  , -1.5656  ,  0.2775  ,  0.3608  ,  0.0308  ,  1.6726  , -1.5438  ,  0.0000  , 100.0000 ,  0.0000  ,  0.0000  ,  0.0000  ,  0.0000  ,  0.0000  , 100.0000 ,  0.0000  ,  0.0000  ,  0.0000  ,  0.0000
 45.5600  , -0.3370  ,  0.2270  , -0.2102  ,  1.4386  , -1.5564  ,  0.2847  ,  0.3662  ,  0.0293  ,  1.6686  , -1.5488  ,  0.0000  , 100.0000 ,  0.0000  ,  0.0000  ,  0.0000  ,  0.0000  ,  0.0000  , 100.0000 ,  0.0000  ,  0.0000  ,  0.0000  ,  0.0000
 45.5800  , -0.3323  ,  0.2287  , -0.2212  ,  1.4298  , -1.5459  ,  0.3317  ,  0.4002  ,  0.0112  ,  1.6368  , -1.5381  ,  0.0000  , 100.0000 ,  0.0000  ,  0.0000  ,  0.0000  ,  0.0000  ,  0.0000  , 100.0000 ,  0.0000  ,  0.0000  ,  0.0000  ,  0.0000
 45.6000  , -0.3305  ,  0.2295  , -0.2265  ,  1.4248  , -1.5459  ,  0.3487  ,  0.4119  ,  0.0066  ,  1.6266  , -1.5381  ,  0.0000  , 100.0000 ,  0.0000  ,  0.0000  ,  0.0000  ,  0.0000  ,  0.0000  , 100.0000 ,  0.0000  ,  0.0000  ,  0.0000  ,  0.0000
 45.6200  , -0.3292  ,  0.2330  , -0.2395  ,  1.4156  , -1.5333  ,  0.4098  ,  0.4525  , -0.0193  ,  1.5917  , -1.5603  ,  0.0000  , 100.0000 ,  0.0000  ,  0.0000  ,  0.0000  ,  0.0000  ,  0.0000  , 100.0000 ,  0.0000  ,  0.0000  ,  0.0000  ,  0.0000
 45.6400  , -0.3289  ,  0.2341  , -0.2443  ,  1.4117  , -1.5294  ,  0.4380  ,  0.4698  , -0.0321  ,  1.5743  , -1.5704  ,  0.0000  , 100.0000 ,  0.0000  ,  0.0000  ,  0.0000  ,  0.0000  ,  0.0000  , 100.0000 ,  0.0000  ,  0.0000  ,  0.0000  ,  0.0000
 45.6600  , -0.3287  ,  0.2348  , -0.2479  ,  1.4081  , -1.5288  ,  0.4571  ,  0.4813  , -0.0385  ,  1.5646  , -1.5688  ,  0.0000  , 100.0000 ,  0.0000  ,  0.0000  ,  0.0000  ,  0.0000  ,  0.0000  , 100.0000 ,  0.0000  ,  0.0000  ,  0.0000  ,  0.0000
 45.6800  , -0.3259  ,  0.2361  , -0.2584  ,  1.3910  , -1.5232  ,  0.5121  ,  0.5123  , -0.0573  ,  1.5390  , -1.5631  ,  0.0000  , 100.0000 ,  0.0000  ,  0.0000  ,  0.0000  ,  0.0000  ,  0.0000  , 100.0000 ,  0.0000  ,  0.0000  ,  0.0000  ,  0.0000
 45.7000  , -0.3250  ,  0.2363  , -0.2615  ,  1.3863  , -1.5190  ,  0.5228  ,  0.5182  , -0.0596  ,  1.5351  , -1.5520  ,  0.0000  , 100.0000 ,  0.0000  ,  0.0000  ,  0.0000  ,  0.0000  ,  0.0000  , 100.0000 ,  0.0000  ,  0.0000  ,  0.0000  ,  0.0000
 45.7200  , -0.3206  ,  0.2354  , -0.2715  ,  1.3685  , -1.4926  ,  0.5821  ,  0.5495  , -0.0815  ,  1.5118  , -1.5508  ,  0.0000  , 100.0000 ,  0.0000  ,  0.0000  ,  0.0000  ,  0.0000  ,  0.0000  , 100.0000 ,  0.0000  ,  0.0000  ,  0.0000  ,  0.0000
 45.7400  , -0.3191  ,  0.2340  , -0.2723  ,  1.3581  , -1.4834  ,  0.6069  ,  0.5628  , -0.0934  ,  1.5003  , -1.5644  ,  0.0000  , 100.0000 ,  0.0000  ,  0.0000  ,  0.0000  ,  0.0000  ,  0.0000  , 100.0000 ,  0.0000  ,  0.0000  ,  0.0000  ,  0.0000
 45.7600  , -0.3178  ,  0.2323  , -0.2748  ,  1.3509  , -1.4830  ,  0.6299  ,  0.5750  , -0.0987  ,  1.4949  , -1.5771  ,  0.0000  , 100.0000 ,  0.0000  ,  0.0000  ,  0.0000  ,  0.0000  ,  0.0000  , 100.0000 ,  0.0000  ,  0.0000  ,  0.0000  ,  0.0000
 45.7800  , -0.3169  ,  0.2276  , -0.2771  ,  1.3388  , -1.4804  ,  0.6651  ,  0.5969  , -0.1076  ,  1.4885  , -1.5936  ,  0.0000  , 100.0000 ,  0.0000  ,  0.0000  ,  0.0000  ,  0.0000  ,  0.0000  , 100.0000 ,  0.0000  ,  0.0000  ,  0.0000  ,  0.0000
 45.8000  , -0.3168  ,  0.2248  , -0.2745  ,  1.3311  , -1.4766  ,  0.6795  ,  0.6065  , -0.1047  ,  1.4892  , -1.6046  ,  0.0000  , 100.0000 ,  0.0000  ,  0.0000  ,  0.0000  ,  0.0000  ,  0.0000  , 100.0000 ,  0.0000  ,  0.0000  ,  0.0000  ,  0.0000
 45.8200  , -0.3153  ,  0.2187  , -0.2741  ,  1.3187  , -1.4728  ,  0.7170  ,  0.6359  , -0.1196  ,  1.4835  , -1.6060  ,  0.0000  , 100.0000 ,  0.0000  ,  0.0000  ,  0.0000  ,  0.0000  ,  0.0000  , 100.0000 ,  0.0000  ,  0.0000  ,  0.0000  ,  0.0000
 45.8400  , -0.3140  ,  0.2164  , -0.2745  ,  1.3128  , -1.4551  ,  0.7328  ,  0.6487  , -0.1233  ,  1.4829  , -1.6028  ,  0.0000  , 100.0000 ,  0.0000  ,  0.0000  ,  0.0000  ,  0.0000  ,  0.0000  , 100.0000 ,  0.0000  ,  0.0000  ,  0.0000  ,  0.0000
 45.8600  , -0.3104  ,  0.2114  , -0.2753  ,  1.2994  , -1.4478  ,  0.7717  ,  0.6816  , -0.1430  ,  1.4776  , -1.6046  ,  0.0000  , 100.0000 ,  0.0000  ,  0.0000  ,  0.0000  ,  0.0000  ,  0.0000  , 100.0000 ,  0.0000  ,  0.0000  ,  0.0000  ,  0.0000
 45.8800  , -0.3095  ,  0.2097  , -0.2763  ,  1.2947  , -1.4379  ,  0.7900  ,  0.6982  , -0.1485  ,  1.4766  , -1.6181  ,  0.0000  , 100.0000 ,  0.0000  ,  0.0000  ,  0.0000  ,  0.0000  ,  0.0000  , 100.0000 ,  0.0000  ,  0.0000  ,  0.0000  ,  0.0000
 45.9000  , -0.3088  ,  0.2084  , -0.2774  ,  1.2907  , -1.4383  ,  0.8013  ,  0.7086  , -0.1483  ,  1.4774  , -1.6505  ,  0.0000  , 100.0000 ,  0.0000  ,  0.0000  ,  0.0000  ,  0.0000  ,  0.0000  , 100.0000 ,  0.0000  ,  0.0000  ,  0.0000  ,  0.0000
 45.9200  , -0.3065  ,  0.2047  , -0.2785  ,  1.2834  , -1.4361  ,  0.8333  ,  0.7394  , -0.1577  ,  1.4750  , -1.6709  ,  0.0000  , 100.0000 ,  0.0000  ,  0.0000  ,  0.0000  ,  0.0000  ,  0.0000  , 100.0000 ,  0.0000  ,  0.0000  ,  0.0000  ,  0.0000
 45.9400  , -0.3057  ,  0.2034  , -0.2758  ,  1.2773  , -1.4306  ,  0.8408  ,  0.7473  , -0.1409  ,  1.4826  , -1.6585  ,  0.0000  , 100.0000 ,  0.0000  ,  0.0000  ,  0.0000  ,  0.0000  ,  0.0000  , 100.0000 ,  0.0000  ,  0.0000  ,  0.0000  ,  0.0000
 45.9600  , -0.3023  ,  0.2009  , -0.2770  ,  1.2722  , -1.4250  ,  0.8708  ,  0.7784  , -0.1582  ,  1.4766  , -1.6470  ,  0.0000  , 100.0000 ,  0.0000  ,  0.0000  ,  0.0000  ,  0.0000  ,  0.0000  , 100.0000 ,  0.0000  ,  0.0000  ,  0.0000  ,  0.0000
 45.9800  , -0.2998  ,  0.1992  , -0.2779  ,  1.2689  , -1.4192  ,  0.8920  ,  0.7993  , -0.1722  ,  1.4711  , -1.6408  ,  0.0000  , 100.0000 ,  0.0000  ,  0.0000  ,  0.0000  ,  0.0000  ,  0.0000  , 100.0000 ,  0.0000  ,  0.0000  ,  0.0000  ,  0.0000
 46.0000  , -0.2974  ,  0.1976  , -0.2792  ,  1.2686  , -1.4096  ,  0.9101  ,  0.8167  , -0.1727  ,  1.4695  , -1.6386  ,  0.0000  , 100.0000 ,  0.0000  ,  0.0000  ,  0.0000  ,  0.0000  ,  0.0000  , 100.0000 ,  0.0000  ,  0.0000  ,  0.0000  ,  0.0000
 46.0200  , -0.2947  ,  0.1957  , -0.2802  ,  1.2655  , -1.4023  ,  0.9337  ,  0.8411  , -0.1816  ,  1.4662  , -1.6556  ,  0.0000  , 100.0000 ,  0.0000  ,  0.0000  ,  0.0000  ,  0.0000  ,  0.0000  , 100.0000 ,  0.0000  ,  0.0000  ,  0.0000  ,  0.0000
 46.0400  , -0.2916  ,  0.1930  , -0.2812  ,  1.2638  , -1.4032  ,  0.9605  ,  0.8689  , -0.1821  ,  1.4646  , -1.6619  ,  0.0000  , 100.0000 ,  0.0000  ,  0.0000  ,  0.0000  ,  0.0000  ,  0.0000  , 100.0000 ,  0.0000  ,  0.0000  ,  0.0000  ,  0.0000
 46.0600  , -0.2900  ,  0.1913  , -0.2815  ,  1.2631  , -1.3982  ,  0.9743  ,  0.8829  , -0.1794  ,  1.4638  , -1.6653  ,  0.0000  , 100.0000 ,  0.0000  ,  0.0000  ,  0.0000  ,  0.0000  ,  0.0000  , 100.0000 ,  0.0000  ,  0.0000  ,  0.0000  ,  0.0000
 46.0800  , -0.2867  ,  0.1899  , -0.2799  ,  1.2580  , -1.3911  ,  0.9970  ,  0.9049  , -0.1907  ,  1.4578  , -1.6618  ,  0.0000  , 100.0000 ,  0.0000  ,  0.0000  ,  0.0000  ,  0.0000  ,  0.0000  , 100.0000 ,  0.0000  ,  0.0000  ,  0.0000  ,  0.0000
 46.1000  , -0.2851  ,  0.1893  , -0.2806  ,  1.2572  , -1.3787  ,  1.0062  ,  0.9137  , -0.1904  ,  1.4567  , -1.6551  ,  0.0000  , 100.0000 ,  0.0000  ,  0.0000  ,  0.0000  ,  0.0000  ,  0.0000  , 100.0000 ,  0.0000  ,  0.0000  ,  0.0000  ,  0.0000
 46.1200  , -0.2788  ,  0.1881  , -0.2854  ,  1.2538  , -1.3723  ,  1.0456  ,  0.9524  , -0.2059  ,  1.4458  , -1.6518  ,  0.0000  , 100.0000 ,  0.0000  ,  0.0000  ,  0.0000  ,  0.0000  ,  0.0000  , 100.0000 ,  0.0000  ,  0.0000  ,  0.0000  ,  0.0000
 46.1400  , -0.2741  ,  0.1878  , -0.2897  ,  1.2506  , -1.3620  ,  1.0791  ,  0.9794  , -0.2350  ,  1.4282  , -1.6460  ,  0.0000  , 100.0000 ,  0.0000  ,  0.0000  ,  0.0000  ,  0.0000  ,  0.0000  , 100.0000 ,  0.0000  ,  0.0000  ,  0.0000  ,  0.0000
 46.1600  , -0.2665  ,  0.1875  , -0.2962  ,  1.2457  , -1.3599  ,  1.1301  ,  1.0139  , -0.2699  ,  1.4077  , -1.6481  ,  0.0000  , 100.0000 ,  0.0000  ,  0.0000  ,  0.0000  ,  0.0000  ,  0.0000  , 100.0000 ,  0.0000  ,  0.0000  ,  0.0000  ,  0.0000
 46.1800  , -0.2637  ,  0.1873  , -0.2987  ,  1.2439  , -1.3560  ,  1.1479  ,  1.0247  , -0.2781  ,  1.4010  , -1.6554  ,  0.0000  , 100.0000 ,  0.0000  ,  0.0000  ,  0.0000  ,  0.0000  ,  0.0000  , 100.0000 ,  0.0000  ,  0.0000  ,  0.0000  ,  0.0000
 46.2000  , -0.2601  ,  0.1874  , -0.3028  ,  1.2421  , -1.3473  ,  1.1675  ,  1.0382  , -0.2852  ,  1.3992  , -1.6605  ,  0.0000  , 100.0000 ,  0.0000  ,  0.0000  ,  0.0000  ,  0.0000  ,  0.0000  , 100.0000 ,  0.0000  ,  0.0000  ,  0.0000  ,  0.0000
 46.2200  , -0.2579  ,  0.1880  , -0.3056  ,  1.2401  , -1.3442  ,  1.1790  ,  1.0475  , -0.2994  ,  1.3948  , -1.6620  ,  0.0000  , 100.0000 ,  0.0000  ,  0.0000  ,  0.0000  ,  0.0000  ,  0.0000  , 100.0000 ,  0.0000  ,  0.0000  ,  0.0000  ,  0.0000
 46.2400  , -0.2511  ,  0.1884  , -0.3147  ,  1.2339  , -1.3378  ,  1.2182  ,  1.0778  , -0.3242  ,  1.3822  , -1.6609  ,  0.0000  , 100.0000 ,  0.0000  ,  0.0000  ,  0.0000  ,  0.0000  ,  0.0000  , 100.0000 ,  0.0000  ,  0.0000  ,  0.0000  ,  0.0000
 46.2600  , -0.2495  ,  0.1882  , -0.3183  ,  1.2358  , -1.3369  ,  1.2267  ,  1.0844  , -0.3213  ,  1.3783  , -1.6545  ,  0.0000  , 100.0000 ,  0.0000  ,  0.0000  ,  0.0000  ,  0.0000  ,  0.0000  , 100.0000 ,  0.0000  ,  0.0000  ,  0.0000  ,  0.0000
 46.2800  , -0.2460  ,  0.1888  , -0.3247  ,  1.2329  , -1.3315  ,  1.2584  ,  1.1053  , -0.3452  ,  1.3671  , -1.6480  ,  0.0000  , 100.0000 ,  0.0000  ,  0.0000  ,  0.0000  ,  0.0000  ,  0.0000  , 100.0000 ,  0.0000  ,  0.0000  ,  0.0000  ,  0.0000
 46.3000  , -0.2427  ,  0.1892  , -0.3306  ,  1.2294  , -1.3271  ,  1.2843  ,  1.1220  , -0.3568  ,  1.3591  , -1.6500  ,  0.0000  , 100.0000 ,  0.0000  ,  0.0000  ,  0.0000  ,  0.0000  ,  0.0000  , 100.0000 ,  0.0000  ,  0.0000  ,  0.0000  ,  0.0000
 46.3200  , -0.2415  ,  0.1893  , -0.3342  ,  1.2264  , -1.3271  ,  1.2926  ,  1.1274  , -0.3642  ,  1.3574  , -1.6500  ,  0.0000  , 100.0000 ,  0.0000  ,  0.0000  ,  0.0000  ,  0.0000  ,  0.0000  , 100.0000 ,  0.0000  ,  0.0000  ,  0.0000  ,  0.0000
 46.3400  , -0.2385  ,  0.1897  , -0.3387  ,  1.2227  , -1.3226  ,  1.3047  ,  1.1375  , -0.3741  ,  1.3547  , -1.6553  ,  0.0000  , 100.0000 ,  0.0000  ,  0.0000  ,  0.0000  ,  0.0000  ,  0.0000  , 100.0000 ,  0.0000  ,  0.0000  ,  0.0000  ,  0.0000
 46.3600  , -0.2359  ,  0.1901  , -0.3428  ,  1.2192  , -1.3216  ,  1.3134  ,  1.1452  , -0.3728  ,  1.3540  , -1.6554  ,  0.0000  , 100.0000 ,  0.0000  ,  0.0000  ,  0.0000  ,  0.0000  ,  0.0000  , 100.0000 ,  0.0000  ,  0.0000  ,  0.0000  ,  0.0000
 46.3800  , -0.2311  ,  0.1892  , -0.3482  ,  1.2124  , -1.3198  ,  1.3298  ,  1.1601  , -0.3772  ,  1.3529  , -1.6539  ,  0.0000  , 100.0000 ,  0.0000  ,  0.0000  ,  0.0000  ,  0.0000  ,  0.0000  , 100.0000 ,  0.0000  ,  0.0000  ,  0.0000  ,  0.0000
 46.4000  , -0.2279  ,  0.1890  , -0.3499  ,  1.2021  , -1.3144  ,  1.3367  ,  1.1687  , -0.3830  ,  1.3560  , -1.6482  ,  0.0000  , 100.0000 ,  0.0000  ,  0.0000  ,  0.0000  ,  0.0000  ,  0.0000  , 100.0000 ,  0.0000  ,  0.0000  ,  0.0000  ,  0.0000
 46.4200  , -0.2249  ,  0.1889  , -0.3534  ,  1.1979  , -1.3111  ,  1.3423  ,  1.1763  , -0.3850  ,  1.3565  , -1.6498  ,  0.0000  , 100.0000 ,  0.0000  ,  0.0000  ,  0.0000  ,  0.0000  ,  0.0000  , 100.0000 ,  0.0000  ,  0.0000  ,  0.0000  ,  0.0000
 46.4400  , -0.2175  ,  0.1889  , -0.3616  ,  1.1871  , -1.3078  ,  1.3536  ,  1.1903  , -0.3888  ,  1.3573  , -1.6508  ,  0.0000  , 100.0000 ,  0.0000  ,  0.0000  ,  0.0000  ,  0.0000  ,  0.0000  , 100.0000 ,  0.0000  ,  0.0000  ,  0.0000  ,  0.0000
 46.4600  , -0.2133  ,  0.1890  , -0.3688  ,  1.1830  , -1.3087  ,  1.3598  ,  1.1978  , -0.3877  ,  1.3622  , -1.6495  ,  0.0000  , 100.0000 ,  0.0000  ,  0.0000  ,  0.0000  ,  0.0000  ,  0.0000  , 100.0000 ,  0.0000  ,  0.0000  ,  0.0000  ,  0.0000
 46.4800  , -0.2102  ,  0.1893  , -0.3728  ,  1.1788  , -1.3065  ,  1.3658  ,  1.2045  , -0.3900  ,  1.3623  , -1.6550  ,  0.0000  , 100.0000 ,  0.0000  ,  0.0000  ,  0.0000  ,  0.0000  ,  0.0000  , 100.0000 ,  0.0000  ,  0.0000  ,  0.0000  ,  0.0000
 46.5000  , -0.2063  ,  0.1893  , -0.3774  ,  1.1733  , -1.3061  ,  1.3730  ,  1.2132  , -0.3877  ,  1.3628  , -1.6558  ,  0.0000  , 100.0000 ,  0.0000  ,  0.0000  ,  0.0000  ,  0.0000  ,  0.0000  , 100.0000 ,  0.0000  ,  0.0000  ,  0.0000  ,  0.0000
 46.5200  , -0.2031  ,  0.1886  , -0.3796  ,  1.1683  , -1.2950  ,  1.3796  ,  1.2223  , -0.3922  ,  1.3633  , -1.6195  ,  0.0000  , 100.0000 ,  0.0000  ,  0.0000  ,  0.0000  ,  0.0000  ,  0.0000  , 100.0000 ,  0.0000  ,  0.0000  ,  0.0000  ,  0.0000
 46.5400  , -0.1998  ,  0.1879  , -0.3817  ,  1.1637  , -1.2933  ,  1.3816  ,  1.2333  , -0.3879  ,  1.3695  , -1.5964  ,  0.0000  , 100.0000 ,  0.0000  ,  0.0000  ,  0.0000  ,  0.0000  ,  0.0000  , 100.0000 ,  0.0000  ,  0.0000  ,  0.0000  ,  0.0000
 46.5600  , -0.1984  ,  0.1876  , -0.3809  ,  1.1628  , -1.2898  ,  1.3815  ,  1.2379  , -0.3827  ,  1.3723  , -1.5802  ,  0.0000  , 100.0000 ,  0.0000  ,  0.0000  ,  0.0000  ,  0.0000  ,  0.0000  , 100.0000 ,  0.0000  ,  0.0000  ,  0.0000  ,  0.0000
 46.5800  , -0.1979  ,  0.1864  , -0.3773  ,  1.1633  , -1.2858  ,  1.3788  ,  1.2438  , -0.3776  ,  1.3767  , -1.5641  ,  0.0000  , 100.0000 ,  0.0000  ,  0.0000  ,  0.0000  ,  0.0000  ,  0.0000  , 100.0000 ,  0.0000  ,  0.0000  ,  0.0000  ,  0.0000
 46.6000  , -0.1953  ,  0.1841  , -0.3665  ,  1.1674  , -1.2989  ,  1.3647  ,  1.2551  , -0.3586  ,  1.3915  , -1.6024  ,  0.0000  , 100.0000 ,  0.0000  ,  0.0000  ,  0.0000  ,  0.0000  ,  0.0000  , 100.0000 ,  0.0000  ,  0.0000  ,  0.0000  ,  0.0000
 46.6200  , -0.1944  ,  0.1835  , -0.3624  ,  1.1690  , -1.3078  ,  1.3601  ,  1.2578  , -0.3532  ,  1.3958  , -1.6092  ,  0.0000  , 100.0000 ,  0.0000  ,  0.0000  ,  0.0000  ,  0.0000  ,  0.0000  , 100.0000 ,  0.0000  ,  0.0000  ,  0.0000  ,  0.0000
 46.6400  , -0.1910  ,  0.1814  , -0.3372  ,  1.1852  , -1.3171  ,  1.3237  ,  1.2672  , -0.3135  ,  1.4191  , -1.6067  ,  0.0000  , 100.0000 ,  0.0000  ,  0.0000  ,  0.0000  ,  0.0000  ,  0.0000  , 100.0000 ,  0.0000  ,  0.0000  ,  0.0000  ,  0.0000
 46.6600  , -0.1902  ,  0.1809  , -0.3309  ,  1.1896  , -1.3260  ,  1.3145  ,  1.2692  , -0.3056  ,  1.4233  , -1.5933  ,  0.0000  , 100.0000 ,  0.0000  ,  0.0000  ,  0.0000  ,  0.0000  ,  0.0000  , 100.0000 ,  0.0000  ,  0.0000  ,  0.0000  ,  0.0000
 46.6800  , -0.1851  ,  0.1797  , -0.3143  ,  1.2036  , -1.3366  ,  1.2780  ,  1.2738  , -0.2712  ,  1.4406  , -1.5846  ,  0.0000  , 100.0000 ,  0.0000  ,  0.0000  ,  0.0000  ,  0.0000  ,  0.0000  , 100.0000 ,  0.0000  ,  0.0000  ,  0.0000  ,  0.0000
 46.7000  , -0.1790  ,  0.1785  , -0.2979  ,  1.2194  , -1.3485  ,  1.2466  ,  1.2761  , -0.2424  ,  1.4555  , -1.5835  ,  0.0000  , 100.0000 ,  0.0000  ,  0.0000  ,  0.0000  ,  0.0000  ,  0.0000  , 100.0000 ,  0.0000  ,  0.0000  ,  0.0000  ,  0.0000
 46.7200  , -0.1685  ,  0.1766  , -0.2744  ,  1.2436  , -1.3982  ,  1.2037  ,  1.2768  , -0.2044  ,  1.4684  , -1.6008  ,  0.0000  , 100.0000 ,  0.0000  ,  0.0000  ,  0.0000  ,  0.0000  ,  0.0000  , 100.0000 ,  0.0000  ,  0.0000  ,  0.0000  ,  0.0000
 46.7400  , -0.1520  ,  0.1766  , -0.2565  ,  1.2637  , -1.4156  ,  1.1613  ,  1.2764  , -0.1682  ,  1.4870  , -1.6140  ,  0.0000  , 100.0000 ,  0.0000  ,  0.0000  ,  0.0000  ,  0.0000  ,  0.0000  , 100.0000 ,  0.0000  ,  0.0000  ,  0.0000  ,  0.0000
 46.7600  , -0.1457  ,  0.1768  , -0.2471  ,  1.2748  , -1.4513  ,  1.1464  ,  1.2762  , -0.1569  ,  1.4939  , -1.6207  ,  0.0000  , 100.0000 ,  0.0000  ,  0.0000  ,  0.0000  ,  0.0000  ,  0.0000  , 100.0000 ,  0.0000  ,  0.0000  ,  0.0000  ,  0.0000
 46.7800  , -0.1241  ,  0.1794  , -0.2323  ,  1.2917  , -1.4828  ,  1.1172  ,  1.2730  , -0.1327  ,  1.5070  , -1.6201  ,  0.0000  , 100.0000 ,  0.0000  ,  0.0000  ,  0.0000  ,  0.0000  ,  0.0000  , 100.0000 ,  0.0000  ,  0.0000  ,  0.0000  ,  0.0000
 46.8000  , -0.0798  ,  0.1849  , -0.2191  ,  1.3016  , -1.4943  ,  1.0732  ,  1.2653  , -0.0972  ,  1.5193  , -1.6202  ,  0.0000  , 100.0000 ,  0.0000  ,  0.0000  ,  0.0000  ,  0.0000  ,  0.0000  , 100.0000 ,  0.0000  ,  0.0000  ,  0.0000  ,  0.0000
 46.8200  , -0.0715  ,  0.1858  , -0.2163  ,  1.3039  , -1.5298  ,  1.0657  ,  1.2639  , -0.0919  ,  1.5225  , -1.6287  ,  0.0000  , 100.0000 ,  0.0000  ,  0.0000  ,  0.0000  ,  0.0000  ,  0.0000  , 100.0000 ,  0.0000  ,  0.0000  ,  0.0000  ,  0.0000
 46.8400  , -0.0257  ,  0.1903  , -0.2064  ,  1.3071  , -1.5391  ,  1.0375  ,  1.2557  , -0.0729  ,  1.5353  , -1.6336  ,  0.0000  , 100.0000 ,  0.0000  ,  0.0000  ,  0.0000  ,  0.0000  ,  0.0000  , 100.0000 ,  0.0000  ,  0.0000  ,  0.0000  ,  0.0000
 46.8600  ,  0.0127  ,  0.1948  , -0.1976  ,  1.3048  , -1.5475  ,  1.0222  ,  1.2493  , -0.0615  ,  1.5370  , -1.6435  ,  0.0000  , 100.0000 ,  0.0000  ,  0.0000  ,  0.0000  ,  0.0000  ,  0.0000  , 100.0000 ,  0.0000  ,  0.0000  ,  0.0000  ,  0.0000
 46.8800  ,  0.0500  ,  0.2008  , -0.2047  ,  1.2862  , -1.5803  ,  1.0136  ,  1.2445  , -0.0567  ,  1.5423  , -1.6632  ,  0.0000  , 100.0000 ,  0.0000  ,  0.0000  ,  0.0000  ,  0.0000  ,  0.0000  , 100.0000 ,  0.0000  ,  0.0000  ,  0.0000  ,  0.0000
 46.9000  ,  0.1125  ,  0.2132  , -0.2074  ,  1.2789  , -1.5890  ,  1.0056  ,  1.2381  , -0.0575  ,  1.5481  , -1.6640  ,  0.0000  , 100.0000 ,  0.0000  ,  0.0000  ,  0.0000  ,  0.0000  ,  0.0000  , 100.0000 ,  0.0000  ,  0.0000  ,  0.0000  ,  0.0000
 46.9200  ,  0.1401  ,  0.2189  , -0.2098  ,  1.2756  , -1.6140  ,  1.0041  ,  1.2359  , -0.0602  ,  1.5466  , -1.6690  ,  0.0000  , 100.0000 ,  0.0000  ,  0.0000  ,  0.0000  ,  0.0000  ,  0.0000  , 100.0000 ,  0.0000  ,  0.0000  ,  0.0000  ,  0.0000
 46.9400  ,  0.2067  ,  0.2301  , -0.2235  ,  1.2473  , -1.6398  ,  1.0010  ,  1.2311  , -0.0639  ,  1.5499  , -1.6768  ,  0.0000  , 100.0000 ,  0.0000  ,  0.0000  ,  0.0000  ,  0.0000  ,  0.0000  , 100.0000 ,  0.0000  ,  0.0000  ,  0.0000  ,  0.0000
 46.9600  ,  0.2232  ,  0.2321  , -0.2241  ,  1.2449  , -1.6537  ,  1.0000  ,  1.2297  , -0.0650  ,  1.5511  , -1.6801  ,  0.0000  , 100.0000 ,  0.0000  ,  0.0000  ,  0.0000  ,  0.0000  ,  0.0000  , 100.0000 ,  0.0000  ,  0.0000  ,  0.0000  ,  0.0000
 46.9800  ,  0.2651  ,  0.2396  , -0.2248  ,  1.2472  , -1.6760  ,  0.9993  ,  1.2264  , -0.0711  ,  1.5537  , -1.6883  ,  0.0000  , 100.0000 ,  0.0000  ,  0.0000  ,  0.0000  ,  0.0000  ,  0.0000  , 100.0000 ,  0.0000  ,  0.0000  ,  0.0000  ,  0.0000
 47.0000  ,  0.3639  ,  0.2602  , -0.2634  ,  1.2002  , -1.6857  ,  0.9973  ,  1.2199  , -0.0682  ,  1.5807  , -1.6963  ,  0.0000  , 100.0000 ,  0.0000  ,  0.0000  ,  0.0000  ,  0.0000  ,  0.0000  , 100.0000 ,  0.0000  ,  0.0000  ,  0.0000  ,  0.0000
 47.0200  ,  0.3931  ,  0.2654  , -0.2721  ,  1.1912  , -1.7002  ,  0.9942  ,  1.2183  , -0.0673  ,  1.5822  , -1.7036  ,  0.0000  , 100.0000 ,  0.0000  ,  0.0000  ,  0.0000  ,  0.0000  ,  0.0000  , 100.0000 ,  0.0000  ,  0.0000  ,  0.0000  ,  0.0000
 47.0400  ,  0.4362  ,  0.2759  , -0.2943  ,  1.1708  , -1.6989  ,  0.9847  ,  1.2176  , -0.0623  ,  1.5863  , -1.7025  ,  0.0000  , 100.0000 ,  0.0000  ,  0.0000  ,  0.0000  ,  0.0000  ,  0.0000  , 100.0000 ,  0.0000  ,  0.0000  ,  0.0000  ,  0.0000
 47.0600  ,  0.4976  ,  0.2907  , -0.3161  ,  1.1517  , -1.7120  ,  0.9693  ,  1.2162  , -0.0524  ,  1.5931  , -1.7119  ,  0.0000  , 100.0000 ,  0.0000  ,  0.0000  ,  0.0000  ,  0.0000  ,  0.0000  , 100.0000 ,  0.0000  ,  0.0000  ,  0.0000  ,  0.0000
 47.0800  ,  0.5310  ,  0.2996  , -0.3333  ,  1.1428  , -1.7227  ,  0.9635  ,  1.2143  , -0.0484  ,  1.5961  , -1.7158  ,  0.0000  , 100.0000 ,  0.0000  ,  0.0000  ,  0.0000  ,  0.0000  ,  0.0000  , 100.0000 ,  0.0000  ,  0.0000  ,  0.0000  ,  0.0000
 47.1000  ,  0.5882  ,  0.3161  , -0.3586  ,  1.1416  , -1.7321  ,  0.9567  ,  1.2125  , -0.0456  ,  1.5992  , -1.7180  ,  0.0000  , 100.0000 ,  0.0000  ,  0.0000  ,  0.0000  ,  0.0000  ,  0.0000  , 100.0000 ,  0.0000  ,  0.0000  ,  0.0000  ,  0.0000
 47.1200  ,  0.6267  ,  0.3270  , -0.3768  ,  1.1422  , -1.7496  ,  0.9543  ,  1.2124  , -0.0471  ,  1.6083  , -1.7203  ,  0.0000  , 100.0000 ,  0.0000  ,  0.0000  ,  0.0000  ,  0.0000  ,  0.0000  , 100.0000 ,  0.0000  ,  0.0000  ,  0.0000  ,  0.0000
 47.1400  ,  0.6664  ,  0.3359  , -0.4027  ,  1.1258  , -1.7495  ,  0.9520  ,  1.2116  , -0.0465  ,  1.6092  , -1.7250  ,  0.0000  , 100.0000 ,  0.0000  ,  0.0000  ,  0.0000  ,  0.0000  ,  0.0000  , 100.0000 ,  0.0000  ,  0.0000  ,  0.0000  ,  0.0000
 47.1600  ,  0.7067  ,  0.3443  , -0.4161  ,  1.1284  , -1.7601  ,  0.9500  ,  1.2112  , -0.0475  ,  1.6104  , -1.7376  ,  0.0000  , 100.0000 ,  0.0000  ,  0.0000  ,  0.0000  ,  0.0000  ,  0.0000  , 100.0000 ,  0.0000  ,  0.0000  ,  0.0000  ,  0.0000
 47.1800  ,  0.7451  ,  0.3532  , -0.4294  ,  1.1327  , -1.7605  ,  0.9502  ,  1.2122  , -0.0510  ,  1.6103  , -1.7391  ,  0.0000  , 100.0000 ,  0.0000  ,  0.0000  ,  0.0000  ,  0.0000  ,  0.0000  , 100.0000 ,  0.0000  ,  0.0000  ,  0.0000  ,  0.0000
 47.2000  ,  0.7546  ,  0.3551  , -0.4248  ,  1.1358  , -1.7607  ,  0.9503  ,  1.2126  , -0.0508  ,  1.6136  , -1.7389  ,  0.0000  , 100.0000 ,  0.0000  ,  0.0000  ,  0.0000  ,  0.0000  ,  0.0000  , 100.0000 ,  0.0000  ,  0.0000  ,  0.0000  ,  0.0000
 47.2200  ,  0.8126  ,  0.3713  , -0.4541  ,  1.1379  , -1.7617  ,  0.9553  ,  1.2102  , -0.0547  ,  1.6122  , -1.7384  ,  0.0000  , 100.0000 ,  0.0000  ,  0.0000  ,  0.0000  ,  0.0000  ,  0.0000  , 100.0000 ,  0.0000  ,  0.0000  ,  0.0000  ,  0.0000
 47.2400  ,  0.8489  ,  0.3798  , -0.4698  ,  1.1394  , -1.7798  ,  0.9556  ,  1.2086  , -0.0545  ,  1.6116  , -1.7377  ,  0.0000  , 100.0000 ,  0.0000  ,  0.0000  ,  0.0000  ,  0.0000  ,  0.0000  , 100.0000 ,  0.0000  ,  0.0000  ,  0.0000  ,  0.0000
 47.2600  ,  0.8607  ,  0.3823  , -0.4638  ,  1.1506  , -1.7798  ,  0.9558  ,  1.2080  , -0.0531  ,  1.6156  , -1.7377  ,  0.0000  , 100.0000 ,  0.0000  ,  0.0000  ,  0.0000  ,  0.0000  ,  0.0000  , 100.0000 ,  0.0000  ,  0.0000  ,  0.0000  ,  0.0000
 47.2800  ,  0.8868  ,  0.3887  , -0.4784  ,  1.1470  , -1.7785  ,  0.9606  ,  1.2066  , -0.0569  ,  1.6141  , -1.7391  ,  0.0000  , 100.0000 ,  0.0000  ,  0.0000  ,  0.0000  ,  0.0000  ,  0.0000  , 100.0000 ,  0.0000  ,  0.0000  ,  0.0000  ,  0.0000
 47.3000  ,  0.9214  ,  0.3984  , -0.4827  ,  1.1625  , -1.7765  ,  0.9695  ,  1.2048  , -0.0639  ,  1.6115  , -1.7405  ,  0.0000  , 100.0000 ,  0.0000  ,  0.0000  ,  0.0000  ,  0.0000  ,  0.0000  , 100.0000 ,  0.0000  ,  0.0000  ,  0.0000  ,  0.0000
 47.3200  ,  0.9404  ,  0.4043  , -0.4793  ,  1.1756  , -1.7733  ,  0.9757  ,  1.2040  , -0.0703  ,  1.6119  , -1.7395  ,  0.0000  , 100.0000 ,  0.0000  ,  0.0000  ,  0.0000  ,  0.0000  ,  0.0000  , 100.0000 ,  0.0000  ,  0.0000  ,  0.0000  ,  0.0000
 47.3400  ,  0.9624  ,  0.4121  , -0.4911  ,  1.1770  , -1.7740  ,  0.9857  ,  1.2033  , -0.0791  ,  1.6085  , -1.7394  ,  0.0000  , 100.0000 ,  0.0000  ,  0.0000  ,  0.0000  ,  0.0000  ,  0.0000  , 100.0000 ,  0.0000  ,  0.0000  ,  0.0000  ,  0.0000
 47.3600  ,  0.9854  ,  0.4195  , -0.4890  ,  1.1927  , -1.7775  ,  0.9981  ,  1.2025  , -0.0900  ,  1.6042  , -1.7402  ,  0.0000  , 100.0000 ,  0.0000  ,  0.0000  ,  0.0000  ,  0.0000  ,  0.0000  , 100.0000 ,  0.0000  ,  0.0000  ,  0.0000  ,  0.0000
 47.3800  ,  1.0057  ,  0.4249  , -0.4904  ,  1.2002  , -1.7912  ,  1.0103  ,  1.2022  , -0.1008  ,  1.6000  , -1.7405  ,  0.0000  , 100.0000 ,  0.0000  ,  0.0000  ,  0.0000  ,  0.0000  ,  0.0000  , 100.0000 ,  0.0000  ,  0.0000  ,  0.0000  ,  0.0000
 47.4000  ,  1.0226  ,  0.4301  , -0.4796  ,  1.2283  , -1.7983  ,  1.0235  ,  1.2020  , -0.1099  ,  1.5995  , -1.7407  ,  0.0000  , 100.0000 ,  0.0000  ,  0.0000  ,  0.0000  ,  0.0000  ,  0.0000  , 100.0000 ,  0.0000  ,  0.0000  ,  0.0000  ,  0.0000
 47.4200  ,  1.0380  ,  0.4356  , -0.4873  ,  1.2284  , -1.8093  ,  1.0381  ,  1.2020  , -0.1233  ,  1.5951  , -1.7408  ,  0.0000  , 100.0000 ,  0.0000  ,  0.0000  ,  0.0000  ,  0.0000  ,  0.0000  , 100.0000 ,  0.0000  ,  0.0000  ,  0.0000  ,  0.0000
 47.4400  ,  1.0670  ,  0.4420  , -0.4895  ,  1.2340  , -1.8185  ,  1.0649  ,  1.2018  , -0.1475  ,  1.5870  , -1.7403  ,  0.0000  , 100.0000 ,  0.0000  ,  0.0000  ,  0.0000  ,  0.0000  ,  0.0000  , 100.0000 ,  0.0000  ,  0.0000  ,  0.0000  ,  0.0000
 47.4600  ,  1.0983  ,  0.4490  , -0.4872  ,  1.2344  , -1.8234  ,  1.0918  ,  1.2007  , -0.1726  ,  1.5813  , -1.7444  ,  0.0000  , 100.0000 ,  0.0000  ,  0.0000  ,  0.0000  ,  0.0000  ,  0.0000  , 100.0000 ,  0.0000  ,  0.0000  ,  0.0000  ,  0.0000
 47.4800  ,  1.1124  ,  0.4529  , -0.4821  ,  1.2428  , -1.8272  ,  1.1026  ,  1.1997  , -0.1799  ,  1.5785  , -1.7451  ,  0.0000  , 100.0000 ,  0.0000  ,  0.0000  ,  0.0000  ,  0.0000  ,  0.0000  , 100.0000 ,  0.0000  ,  0.0000  ,  0.0000  ,  0.0000
 47.5000  ,  1.1352  ,  0.4590  , -0.4792  ,  1.2507  , -1.8369  ,  1.1188  ,  1.1982  , -0.1903  ,  1.5743  , -1.7451  ,  0.0000  , 100.0000 ,  0.0000  ,  0.0000  ,  0.0000  ,  0.0000  ,  0.0000  , 100.0000 ,  0.0000  ,  0.0000  ,  0.0000  ,  0.0000
 47.5200  ,  1.1549  ,  0.4644  , -0.4848  ,  1.2719  , -1.8487  ,  1.1324  ,  1.1969  , -0.1965  ,  1.5739  , -1.7473  ,  0.0000  , 100.0000 ,  0.0000  ,  0.0000  ,  0.0000  ,  0.0000  ,  0.0000  , 100.0000 ,  0.0000  ,  0.0000  ,  0.0000  ,  0.0000
 47.5400  ,  1.1868  ,  0.4701  , -0.4817  ,  1.2760  , -1.8622  ,  1.1668  ,  1.1943  , -0.2218  ,  1.5628  , -1.7475  ,  0.0000  , 100.0000 ,  0.0000  ,  0.0000  ,  0.0000  ,  0.0000  ,  0.0000  , 100.0000 ,  0.0000  ,  0.0000  ,  0.0000  ,  0.0000
 47.5600  ,  1.2031  ,  0.4734  , -0.4805  ,  1.2778  , -1.8729  ,  1.1831  ,  1.1933  , -0.2336  ,  1.5577  , -1.7466  ,  0.0000  , 100.0000 ,  0.0000  ,  0.0000  ,  0.0000  ,  0.0000  ,  0.0000  , 100.0000 ,  0.0000  ,  0.0000  ,  0.0000  ,  0.0000
 47.5800  ,  1.2246  ,  0.4780  , -0.4737  ,  1.2846  , -1.8977  ,  1.2033  ,  1.1923  , -0.2484  ,  1.5510  , -1.7436  ,  0.0000  , 100.0000 ,  0.0000  ,  0.0000  ,  0.0000  ,  0.0000  ,  0.0000  , 100.0000 ,  0.0000  ,  0.0000  ,  0.0000  ,  0.0000
 47.6000  ,  1.2413  ,  0.4822  , -0.4752  ,  1.2953  , -1.9316  ,  1.2191  ,  1.1914  , -0.2589  ,  1.5483  , -1.7403  ,  0.0000  , 100.0000 ,  0.0000  ,  0.0000  ,  0.0000  ,  0.0000  ,  0.0000  , 100.0000 ,  0.0000  ,  0.0000  ,  0.0000  ,  0.0000
 47.6200  ,  1.2680  ,  0.4902  , -0.4692  ,  1.3040  , -1.9732  ,  1.2423  ,  1.1899  , -0.2738  ,  1.5400  , -1.7377  ,  0.0000  , 100.0000 ,  0.0000  ,  0.0000  ,  0.0000  ,  0.0000  ,  0.0000  , 100.0000 ,  0.0000  ,  0.0000  ,  0.0000  ,  0.0000
 47.6400  ,  1.2994  ,  0.5016  , -0.4790  ,  1.3027  , -2.0151  ,  1.2716  ,  1.1896  , -0.2974  ,  1.5287  , -1.7326  ,  0.0000  , 100.0000 ,  0.0000  ,  0.0000  ,  0.0000  ,  0.0000  ,  0.0000  , 100.0000 ,  0.0000  ,  0.0000  ,  0.0000  ,  0.0000
 47.6600  ,  1.3098  ,  0.5061  , -0.4783  ,  1.2888  , -2.0213  ,  1.2801  ,  1.1897  , -0.3046  ,  1.5248  , -1.7311  ,  0.0000  , 100.0000 ,  0.0000  ,  0.0000  ,  0.0000  ,  0.0000  ,  0.0000  , 100.0000 ,  0.0000  ,  0.0000  ,  0.0000  ,  0.0000
 47.6800  ,  1.3296  ,  0.5151  , -0.4865  ,  1.2891  , -2.0372  ,  1.2957  ,  1.1900  , -0.3170  ,  1.5188  , -1.7288  ,  0.0000  , 100.0000 ,  0.0000  ,  0.0000  ,  0.0000  ,  0.0000  ,  0.0000  , 100.0000 ,  0.0000  ,  0.0000  ,  0.0000  ,  0.0000
 47.7000  ,  1.3544  ,  0.5303  , -0.4897  ,  1.2994  , -2.0720  ,  1.3178  ,  1.1920  , -0.3346  ,  1.5115  , -1.7298  ,  0.0000  , 100.0000 ,  0.0000  ,  0.0000  ,  0.0000  ,  0.0000  ,  0.0000  , 100.0000 ,  0.0000  ,  0.0000  ,  0.0000  ,  0.0000
 47.7200  ,  1.3631  ,  0.5366  , -0.4825  ,  1.3102  , -2.1589  ,  1.3265  ,  1.1931  , -0.3405  ,  1.5090  , -1.7349  ,  0.0000  , 100.0000 ,  0.0000  ,  0.0000  ,  0.0000  ,  0.0000  ,  0.0000  , 100.0000 ,  0.0000  ,  0.0000  ,  0.0000  ,  0.0000
 47.7400  ,  1.3853  ,  0.5507  , -0.4826  ,  1.3351  , -2.2559  ,  1.3449  ,  1.1944  , -0.3511  ,  1.5054  , -1.7432  ,  0.0000  , 100.0000 ,  0.0000  ,  0.0000  ,  0.0000  ,  0.0000  ,  0.0000  , 100.0000 ,  0.0000  ,  0.0000  ,  0.0000  ,  0.0000
 47.7600  ,  1.3894  ,  0.5533  , -0.4755  ,  1.3424  , -2.2971  ,  1.3485  ,  1.1945  , -0.3523  ,  1.5047  , -1.7495  ,  0.0000  , 100.0000 ,  0.0000  ,  0.0000  ,  0.0000  ,  0.0000  ,  0.0000  , 100.0000 ,  0.0000  ,  0.0000  ,  0.0000  ,  0.0000
 47.7800  ,  1.4060  ,  0.5668  , -0.4843  ,  1.3498  , -2.3229  ,  1.3614  ,  1.1961  , -0.3617  ,  1.5018  , -1.7528  ,  0.0000  , 100.0000 ,  0.0000  ,  0.0000  ,  0.0000  ,  0.0000  ,  0.0000  , 100.0000 ,  0.0000  ,  0.0000  ,  0.0000  ,  0.0000
 47.8000  ,  1.4294  ,  0.5842  , -0.4863  ,  1.3541  , -2.3364  ,  1.3860  ,  1.1989  , -0.3836  ,  1.4970  , -1.7479  ,  0.0000  , 100.0000 ,  0.0000  ,  0.0000  ,  0.0000  ,  0.0000  ,  0.0000  , 100.0000 ,  0.0000  ,  0.0000  ,  0.0000  ,  0.0000
 47.8200  ,  1.4367  ,  0.5893  , -0.4870  ,  1.3590  , -2.3364  ,  1.3950  ,  1.1999  , -0.3912  ,  1.4950  , -1.7479  ,  0.0000  , 100.0000 ,  0.0000  ,  0.0000  ,  0.0000  ,  0.0000  ,  0.0000  , 100.0000 ,  0.0000  ,  0.0000  ,  0.0000  ,  0.0000
 47.8400  ,  1.4587  ,  0.6054  , -0.4873  ,  1.3769  , -2.3941  ,  1.4301  ,  1.2027  , -0.4215  ,  1.4870  , -1.7571  ,  0.0000  , 100.0000 ,  0.0000  ,  0.0000  ,  0.0000  ,  0.0000  ,  0.0000  , 100.0000 ,  0.0000  ,  0.0000  ,  0.0000  ,  0.0000
 47.8600  ,  1.4640  ,  0.6094  , -0.4876  ,  1.3799  , -2.4401  ,  1.4400  ,  1.2033  , -0.4309  ,  1.4864  , -1.7654  ,  0.0000  , 100.0000 ,  0.0000  ,  0.0000  ,  0.0000  ,  0.0000  ,  0.0000  , 100.0000 ,  0.0000  ,  0.0000  ,  0.0000  ,  0.0000
 47.8800  ,  1.4835  ,  0.6194  , -0.4958  ,  1.3858  , -2.5224  ,  1.4802  ,  1.2040  , -0.4682  ,  1.4765  , -1.7831  ,  0.0000  , 100.0000 ,  0.0000  ,  0.0000  ,  0.0000  ,  0.0000  ,  0.0000  , 100.0000 ,  0.0000  ,  0.0000  ,  0.0000  ,  0.0000
 47.9000  ,  1.5027  ,  0.6272  , -0.5046  ,  1.3893  , -2.5341  ,  1.5139  ,  1.2036  , -0.5003  ,  1.4674  , -1.7833  ,  0.0000  , 100.0000 ,  0.0000  ,  0.0000  ,  0.0000  ,  0.0000  ,  0.0000  , 100.0000 ,  0.0000  ,  0.0000  ,  0.0000  ,  0.0000
 47.9200  ,  1.5153  ,  0.6321  , -0.5080  ,  1.3940  , -2.5467  ,  1.5363  ,  1.2029  , -0.5217  ,  1.4613  , -1.7744  ,  0.0000  , 100.0000 ,  0.0000  ,  0.0000  ,  0.0000  ,  0.0000  ,  0.0000  , 100.0000 ,  0.0000  ,  0.0000  ,  0.0000  ,  0.0000
 47.9400  ,  1.5405  ,  0.6404  , -0.5208  ,  1.3832  , -2.5726  ,  1.5828  ,  1.1997  , -0.5652  ,  1.4485  , -1.7746  ,  0.0000  , 100.0000 ,  0.0000  ,  0.0000  ,  0.0000  ,  0.0000  ,  0.0000  , 100.0000 ,  0.0000  ,  0.0000  ,  0.0000  ,  0.0000
 47.9600  ,  1.5500  ,  0.6435  , -0.5215  ,  1.3898  , -2.5979  ,  1.6016  ,  1.1979  , -0.5814  ,  1.4449  , -1.7819  ,  0.0000  , 100.0000 ,  0.0000  ,  0.0000  ,  0.0000  ,  0.0000  ,  0.0000  , 100.0000 ,  0.0000  ,  0.0000  ,  0.0000  ,  0.0000
 47.9800  ,  1.5716  ,  0.6470  , -0.5262  ,  1.3892  , -2.6281  ,  1.6468  ,  1.1937  , -0.6268  ,  1.4316  , -1.7885  ,  0.0000  , 100.0000 ,  0.0000  ,  0.0000  ,  0.0000  ,  0.0000  ,  0.0000  , 100.0000 ,  0.0000  ,  0.0000  ,  0.0000  ,  0.0000
 48.0000  ,  1.5838  ,  0.6494  , -0.5341  ,  1.3899  , -2.6977  ,  1.6719  ,  1.1890  , -0.6503  ,  1.4234  , -1.7976  ,  0.0000  , 100.0000 ,  0.0000  ,  0.0000  ,  0.0000  ,  0.0000  ,  0.0000  , 100.0000 ,  0.0000  ,  0.0000  ,  0.0000  ,  0.0000
 48.0200  ,  1.5919  ,  0.6510  , -0.5354  ,  1.3956  , -2.7051  ,  1.6890  ,  1.1856  , -0.6659  ,  1.4189  , -1.7998  ,  0.0000  , 100.0000 ,  0.0000  ,  0.0000  ,  0.0000  ,  0.0000  ,  0.0000  , 100.0000 ,  0.0000  ,  0.0000  ,  0.0000  ,  0.0000
 48.0400  ,  1.6036  ,  0.6521  , -0.5442  ,  1.3942  , -2.7207  ,  1.7102  ,  1.1803  , -0.6850  ,  1.4122  , -1.8032  ,  0.0000  , 100.0000 ,  0.0000  ,  0.0000  ,  0.0000  ,  0.0000  ,  0.0000  , 100.0000 ,  0.0000  ,  0.0000  ,  0.0000  ,  0.0000
 48.0600  ,  1.6311  ,  0.6527  , -0.5536  ,  1.3976  , -2.7350  ,  1.7542  ,  1.1674  , -0.7252  ,  1.3946  , -1.8135  ,  0.0000  , 100.0000 ,  0.0000  ,  0.0000  ,  0.0000  ,  0.0000  ,  0.0000  , 100.0000 ,  0.0000  ,  0.0000  ,  0.0000  ,  0.0000
 48.0800  ,  1.6353  ,  0.6525  , -0.5557  ,  1.3987  , -2.7509  ,  1.7604  ,  1.1654  , -0.7310  ,  1.3934  , -1.8279  ,  0.0000  , 100.0000 ,  0.0000  ,  0.0000  ,  0.0000  ,  0.0000  ,  0.0000  , 100.0000 ,  0.0000  ,  0.0000  ,  0.0000  ,  0.0000
 48.1000  ,  1.6453  ,  0.6519  , -0.5614  ,  1.4012  , -2.8008  ,  1.7774  ,  1.1601  , -0.7477  ,  1.3894  , -1.8484  ,  0.0000  , 100.0000 ,  0.0000  ,  0.0000  ,  0.0000  ,  0.0000  ,  0.0000  , 100.0000 ,  0.0000  ,  0.0000  ,  0.0000  ,  0.0000
 48.1200  ,  1.6591  ,  0.6508  , -0.5683  ,  1.4077  , -2.7988  ,  1.7986  ,  1.1502  , -0.7700  ,  1.3774  , -1.8471  ,  0.0000  , 100.0000 ,  0.0000  ,  0.0000  ,  0.0000  ,  0.0000  ,  0.0000  , 100.0000 ,  0.0000  ,  0.0000  ,  0.0000  ,  0.0000
 48.1400  ,  1.6621  ,  0.6506  , -0.5712  ,  1.4089  , -2.8164  ,  1.8021  ,  1.1477  , -0.7731  ,  1.3767  , -1.8444  ,  0.0000  , 100.0000 ,  0.0000  ,  0.0000  ,  0.0000  ,  0.0000  ,  0.0000  , 100.0000 ,  0.0000  ,  0.0000  ,  0.0000  ,  0.0000
 48.1600  ,  1.6699  ,  0.6497  , -0.5793  ,  1.4104  , -2.8245  ,  1.8095  ,  1.1397  , -0.7778  ,  1.3740  , -1.8435  ,  0.0000  , 100.0000 ,  0.0000  ,  0.0000  ,  0.0000  ,  0.0000  ,  0.0000  , 100.0000 ,  0.0000  ,  0.0000  ,  0.0000  ,  0.0000
 48.1800  ,  1.6743  ,  0.6493  , -0.5827  ,  1.4087  , -2.8193  ,  1.8134  ,  1.1343  , -0.7830  ,  1.3705  , -1.8442  ,  0.0000  , 100.0000 ,  0.0000  ,  0.0000  ,  0.0000  ,  0.0000  ,  0.0000  , 100.0000 ,  0.0000  ,  0.0000  ,  0.0000  ,  0.0000
 48.2000  ,  1.6776  ,  0.6498  , -0.5901  ,  1.4077  , -2.7712  ,  1.8174  ,  1.1291  , -0.7862  ,  1.3678  , -1.8567  ,  0.0000  , 100.0000 ,  0.0000  ,  0.0000  ,  0.0000  ,  0.0000  ,  0.0000  , 100.0000 ,  0.0000  ,  0.0000  ,  0.0000  ,  0.0000
 48.2200  ,  1.6781  ,  0.6499  , -0.5916  ,  1.4078  , -2.7645  ,  1.8180  ,  1.1284  , -0.7872  ,  1.3679  , -1.8673  ,  0.0000  , 100.0000 ,  0.0000  ,  0.0000  ,  0.0000  ,  0.0000  ,  0.0000  , 100.0000 ,  0.0000  ,  0.0000  ,  0.0000  ,  0.0000
 48.2400  ,  1.6815  ,  0.6470  , -0.5989  ,  1.4021  , -2.7694  ,  1.8229  ,  1.1203  , -0.7908  ,  1.3626  , -1.8818  ,  0.0000  , 100.0000 ,  0.0000  ,  0.0000  ,  0.0000  ,  0.0000  ,  0.0000  , 100.0000 ,  0.0000  ,  0.0000  ,  0.0000  ,  0.0000
 48.2600  ,  1.6823  ,  0.6461  , -0.5986  ,  1.4017  , -2.7694  ,  1.8250  ,  1.1172  , -0.7948  ,  1.3558  , -1.8818  ,  0.0000  , 100.0000 ,  0.0000  ,  0.0000  ,  0.0000  ,  0.0000  ,  0.0000  , 100.0000 ,  0.0000  ,  0.0000  ,  0.0000  ,  0.0000
 48.2800  ,  1.6833  ,  0.6443  , -0.6051  ,  1.3934  , -2.7677  ,  1.8288  ,  1.1107  , -0.7973  ,  1.3475  , -1.8741  ,  0.0000  , 100.0000 ,  0.0000  ,  0.0000  ,  0.0000  ,  0.0000  ,  0.0000  , 100.0000 ,  0.0000  ,  0.0000  ,  0.0000  ,  0.0000
 48.3000  ,  1.6836  ,  0.6433  , -0.6069  ,  1.3895  , -2.7181  ,  1.8288  ,  1.1089  , -0.7960  ,  1.3451  , -1.8621  ,  0.0000  , 100.0000 ,  0.0000  ,  0.0000  ,  0.0000  ,  0.0000  ,  0.0000  , 100.0000 ,  0.0000  ,  0.0000  ,  0.0000  ,  0.0000
 48.3200  ,  1.6802  ,  0.6423  , -0.6049  ,  1.3859  , -2.7071  ,  1.8246  ,  1.1070  , -0.7894  ,  1.3421  , -1.8581  ,  0.0000  , 100.0000 ,  0.0000  ,  0.0000  ,  0.0000  ,  0.0000  ,  0.0000  , 100.0000 ,  0.0000  ,  0.0000  ,  0.0000  ,  0.0000
 48.3400  ,  1.6776  ,  0.6420  , -0.6026  ,  1.3836  , -2.7136  ,  1.8216  ,  1.1065  , -0.7849  ,  1.3405  , -1.8551  ,  0.0000  , 100.0000 ,  0.0000  ,  0.0000  ,  0.0000  ,  0.0000  ,  0.0000  , 100.0000 ,  0.0000  ,  0.0000  ,  0.0000  ,  0.0000
 48.3600  ,  1.6764  ,  0.6421  , -0.6016  ,  1.3811  , -2.6988  ,  1.8199  ,  1.1070  , -0.7830  ,  1.3394  , -1.8487  ,  0.0000  , 100.0000 ,  0.0000  ,  0.0000  ,  0.0000  ,  0.0000  ,  0.0000  , 100.0000 ,  0.0000  ,  0.0000  ,  0.0000  ,  0.0000
 48.3800  ,  1.6744  ,  0.6426  , -0.5973  ,  1.3747  , -2.6948  ,  1.8168  ,  1.1076  , -0.7761  ,  1.3307  , -1.8493  ,  0.0000  , 100.0000 ,  0.0000  ,  0.0000  ,  0.0000  ,  0.0000  ,  0.0000  , 100.0000 ,  0.0000  ,  0.0000  ,  0.0000  ,  0.0000
 48.4000  ,  1.6742  ,  0.6433  , -0.5960  ,  1.3669  , -2.6907  ,  1.8155  ,  1.1073  , -0.7717  ,  1.3269  , -1.8506  ,  0.0000  , 100.0000 ,  0.0000  ,  0.0000  ,  0.0000  ,  0.0000  ,  0.0000  , 100.0000 ,  0.0000  ,  0.0000  ,  0.0000  ,  0.0000
 48.4200  ,  1.6748  ,  0.6455  , -0.5939  ,  1.3534  , -2.6585  ,  1.8159  ,  1.1076  , -0.7668  ,  1.3185  , -1.8506  ,  0.0000  , 100.0000 ,  0.0000  ,  0.0000  ,  0.0000  ,  0.0000  ,  0.0000  , 100.0000 ,  0.0000  ,  0.0000  ,  0.0000  ,  0.0000
 48.4400  ,  1.6759  ,  0.6479  , -0.5915  ,  1.3484  , -2.6462  ,  1.8179  ,  1.1086  , -0.7663  ,  1.3138  , -1.8357  ,  0.0000  , 100.0000 ,  0.0000  ,  0.0000  ,  0.0000  ,  0.0000  ,  0.0000  , 100.0000 ,  0.0000  ,  0.0000  ,  0.0000  ,  0.0000
 48.4600  ,  1.6752  ,  0.6506  , -0.5878  ,  1.3391  , -2.5968  ,  1.8175  ,  1.1106  , -0.7621  ,  1.3065  , -1.7650  ,  0.0000  , 100.0000 ,  0.0000  ,  0.0000  ,  0.0000  ,  0.0000  ,  0.0000  , 100.0000 ,  0.0000  ,  0.0000  ,  0.0000  ,  0.0000
 48.4800  ,  1.6729  ,  0.6585  , -0.5765  ,  1.3140  , -2.5282  ,  1.8180  ,  1.1169  , -0.7547  ,  1.2885  , -1.7334  ,  0.0000  , 100.0000 ,  0.0000  ,  0.0000  ,  0.0000  ,  0.0000  ,  0.0000  , 100.0000 ,  0.0000  ,  0.0000  ,  0.0000  ,  0.0000
 48.5000  ,  1.6725  ,  0.6611  , -0.5745  ,  1.3082  , -2.4479  ,  1.8194  ,  1.1189  , -0.7535  ,  1.2814  , -1.6975  ,  0.0000  , 100.0000 ,  0.0000  ,  0.0000  ,  0.0000  ,  0.0000  ,  0.0000  , 100.0000 ,  0.0000  ,  0.0000  ,  0.0000  ,  0.0000
 48.5200  ,  1.6676  ,  0.6710  , -0.5589  ,  1.2836  , -2.2594  ,  1.8198  ,  1.1279  , -0.7474  ,  1.2640  , -1.6170  ,  0.0000  , 100.0000 ,  0.0000  ,  0.0000  ,  0.0000  ,  0.0000  ,  0.0000  , 100.0000 ,  0.0000  ,  0.0000  ,  0.0000  ,  0.0000
 48.5400  ,  1.6657  ,  0.6739  , -0.5530  ,  1.2776  , -2.2344  ,  1.8193  ,  1.1308  , -0.7432  ,  1.2558  , -1.5791  ,  0.0000  , 100.0000 ,  0.0000  ,  0.0000  ,  0.0000  ,  0.0000  ,  0.0000  , 100.0000 ,  0.0000  ,  0.0000  ,  0.0000  ,  0.0000
 48.5600  ,  1.6462  ,  0.6902  , -0.5260  ,  1.2812  , -2.2085  ,  1.8036  ,  1.1439  , -0.7210  ,  1.2564  , -1.5263  ,  0.0000  , 100.0000 ,  0.0000  ,  0.0000  ,  0.0000  ,  0.0000  ,  0.0000  , 100.0000 ,  0.0000  ,  0.0000  ,  0.0000  ,  0.0000
 48.5800  ,  1.6417  ,  0.6938  , -0.5225  ,  1.2839  , -2.2085  ,  1.7981  ,  1.1472  , -0.7154  ,  1.2585  , -1.5263  ,  0.0000  , 100.0000 ,  0.0000  ,  0.0000  ,  0.0000  ,  0.0000  ,  0.0000  , 100.0000 ,  0.0000  ,  0.0000  ,  0.0000  ,  0.0000
 48.6000  ,  1.6136  ,  0.7158  , -0.4951  ,  1.2911  , -2.0919  ,  1.7610  ,  1.1675  , -0.6737  ,  1.2643  , -1.4751  ,  0.0000  , 100.0000 ,  0.0000  ,  0.0000  ,  0.0000  ,  0.0000  ,  0.0000  , 100.0000 ,  0.0000  ,  0.0000  ,  0.0000  ,  0.0000
 48.6200  ,  1.5973  ,  0.7284  , -0.4848  ,  1.3026  , -1.9610  ,  1.7378  ,  1.1788  , -0.6510  ,  1.2752  , -1.4226  ,  0.0000  , 100.0000 ,  0.0000  ,  0.0000  ,  0.0000  ,  0.0000  ,  0.0000  , 100.0000 ,  0.0000  ,  0.0000  ,  0.0000  ,  0.0000
 48.6400  ,  1.5873  ,  0.7359  , -0.4806  ,  1.3165  , -1.8715  ,  1.7230  ,  1.1855  , -0.6349  ,  1.2760  , -1.4004  ,  0.0000  , 100.0000 ,  0.0000  ,  0.0000  ,  0.0000  ,  0.0000  ,  0.0000  , 100.0000 ,  0.0000  ,  0.0000  ,  0.0000  ,  0.0000
 48.6600  ,  1.5318  ,  0.7629  , -0.4400  ,  1.3657  , -1.8606  ,  1.6384  ,  1.2119  , -0.5546  ,  1.3230  , -1.3661  ,  0.0000  , 100.0000 ,  0.0000  ,  0.0000  ,  0.0000  ,  0.0000  ,  0.0000  , 100.0000 ,  0.0000  ,  0.0000  ,  0.0000  ,  0.0000
 48.6800  ,  1.5020  ,  0.7755  , -0.4179  ,  1.3923  , -1.9755  ,  1.5856  ,  1.2243  , -0.5045  ,  1.3503  , -1.3324  ,  0.0000  , 100.0000 ,  0.0000  ,  0.0000  ,  0.0000  ,  0.0000  ,  0.0000  , 100.0000 ,  0.0000  ,  0.0000  ,  0.0000  ,  0.0000
 48.7000  ,  1.4443  ,  0.7972  , -0.3807  ,  1.4515  , -1.9032  ,  1.4717  ,  1.2444  , -0.3959  ,  1.3866  , -1.3053  ,  0.0000  , 100.0000 ,  0.0000  ,  0.0000  ,  0.0000  ,  0.0000  ,  0.0000  , 100.0000 ,  0.0000  ,  0.0000  ,  0.0000  ,  0.0000
 48.7200  ,  1.3774  ,  0.8211  , -0.3385  ,  1.5097  , -1.7816  ,  1.3216  ,  1.2630  , -0.2570  ,  1.4507  , -1.3003  ,  0.0000  , 100.0000 ,  0.0000  ,  0.0000  ,  0.0000  ,  0.0000  ,  0.0000  , 100.0000 ,  0.0000  ,  0.0000  ,  0.0000  ,  0.0000
 48.7400  ,  1.2967  ,  0.8417  , -0.2844  ,  1.5716  , -1.5939  ,  1.1327  ,  1.2720  , -0.0807  ,  1.5227  , -1.2908  ,  0.0000  , 100.0000 ,  0.0000  ,  0.0000  ,  0.0000  ,  0.0000  ,  0.0000  , 100.0000 ,  0.0000  ,  0.0000  ,  0.0000  ,  0.0000
 48.7600  ,  1.2532  ,  0.8500  , -0.2560  ,  1.6028  , -1.3469  ,  1.0327  ,  1.2717  ,  0.0099  ,  1.5607  , -1.2266  ,  0.0000  , 100.0000 ,  0.0000  ,  0.0000  ,  0.0000  ,  0.0000  ,  0.0000  , 100.0000 ,  0.0000  ,  0.0000  ,  0.0000  ,  0.0000
 48.7800  ,  1.2018  ,  0.8564  , -0.2236  ,  1.6382  , -1.3186  ,  0.9184  ,  1.2659  ,  0.1127  ,  1.6229  , -1.2013  ,  0.0000  , 100.0000 ,  0.0000  ,  0.0000  ,  0.0000  ,  0.0000  ,  0.0000  , 100.0000 ,  0.0000  ,  0.0000  ,  0.0000  ,  0.0000
 48.8000  ,  1.1003  ,  0.8611  , -0.1530  ,  1.7038  , -1.2239  ,  0.7158  ,  1.2420  ,  0.2941  ,  1.7011  , -1.1769  ,  0.0000  , 100.0000 ,  0.0000  ,  0.0000  ,  0.0000  ,  0.0000  ,  0.0000  , 100.0000 ,  0.0000  ,  0.0000  ,  0.0000  ,  0.0000
 48.8200  ,  1.0530  ,  0.8583  , -0.1146  ,  1.7320  , -0.8067  ,  0.6370  ,  1.2256  ,  0.3665  ,  1.7339  , -1.1102  ,  0.0000  , 100.0000 ,  0.0000  ,  0.0000  ,  0.0000  ,  0.0000  ,  0.0000  , 100.0000 ,  0.0000  ,  0.0000  ,  0.0000  ,  0.0000
 48.8400  ,  0.9537  ,  0.8432  , -0.0466  ,  1.8017  , -0.6977  ,  0.5010  ,  1.1826  ,  0.4804  ,  1.8072  , -1.0761  ,  0.0000  , 100.0000 ,  0.0000  ,  0.0000  ,  0.0000  ,  0.0000  ,  0.0000  , 100.0000 ,  0.0000  ,  0.0000  ,  0.0000  ,  0.0000
 48.8600  ,  0.9165  ,  0.8342  , -0.0210  ,  1.8253  , -0.6022  ,  0.4592  ,  1.1637  ,  0.5112  ,  1.8353  , -1.0212  ,  0.0000  , 100.0000 ,  0.0000  ,  0.0000  ,  0.0000  ,  0.0000  ,  0.0000  , 100.0000 ,  0.0000  ,  0.0000  ,  0.0000  ,  0.0000
 48.8800  ,  0.8236  ,  0.8099  ,  0.0424  ,  1.8863  , -0.5853  ,  0.3482  ,  1.1026  ,  0.5966  ,  1.9139  , -0.9595  ,  0.0000  , 100.0000 ,  0.0000  ,  0.0000  ,  0.0000  ,  0.0000  ,  0.0000  , 100.0000 ,  0.0000  ,  0.0000  ,  0.0000  ,  0.0000
 48.9000  ,  0.7994  ,  0.8028  ,  0.0517  ,  1.9097  , -0.3410  ,  0.3214  ,  1.0848  ,  0.6095  ,  1.9436  , -0.9135  ,  0.0000  , 100.0000 ,  0.0000  ,  0.0000  ,  0.0000  ,  0.0000  ,  0.0000  , 100.0000 ,  0.0000  ,  0.0000  ,  0.0000  ,  0.0000
 48.9200  ,  0.7191  ,  0.7688  ,  0.1073  ,  1.9634  , -0.3127  ,  0.2562  ,  1.0068  ,  0.6675  ,  2.0125  , -0.9174  ,  0.0000  , 100.0000 ,  0.0000  ,  0.0000  ,  0.0000  ,  0.0000  ,  0.0000  , 100.0000 ,  0.0000  ,  0.0000  ,  0.0000  ,  0.0000
 48.9400  ,  0.6798  ,  0.7470  ,  0.1382  ,  1.9879  , -0.3101  ,  0.2334  ,  0.9701  ,  0.6925  ,  2.0394  , -0.9011  ,  0.0000  , 100.0000 ,  0.0000  ,  0.0000  ,  0.0000  ,  0.0000  ,  0.0000  , 100.0000 ,  0.0000  ,  0.0000  ,  0.0000  ,  0.0000
 48.9600  ,  0.6599  ,  0.7355  ,  0.1502  ,  2.0018  , -0.3007  ,  0.2224  ,  0.9512  ,  0.6967  ,  2.0571  , -0.8833  ,  0.0000  , 100.0000 ,  0.0000  ,  0.0000  ,  0.0000  ,  0.0000  ,  0.0000  , 100.0000 ,  0.0000  ,  0.0000  ,  0.0000  ,  0.0000
 48.9800  ,  0.6206  ,  0.7105  ,  0.1668  ,  2.0402  , -0.2664  ,  0.2049  ,  0.9167  ,  0.7045  ,  2.0959  , -0.8614  ,  0.0000  , 100.0000 ,  0.0000  ,  0.0000  ,  0.0000  ,  0.0000  ,  0.0000  , 100.0000 ,  0.0000  ,  0.0000  ,  0.0000  ,  0.0000
 49.0000  ,  0.5898  ,  0.6893  ,  0.1747  ,  2.0674  , -0.2201  ,  0.1925  ,  0.8901  ,  0.7020  ,  2.1227  , -0.8497  ,  0.0000  , 100.0000 ,  0.0000  ,  0.0000  ,  0.0000  ,  0.0000  ,  0.0000  , 100.0000 ,  0.0000  ,  0.0000  ,  0.0000  ,  0.0000
 49.0200  ,  0.5629  ,  0.6639  ,  0.1896  ,  2.0896  , -0.2184  ,  0.1895  ,  0.8642  ,  0.7000  ,  2.1409  , -0.8182  ,  0.0000  , 100.0000 ,  0.0000  ,  0.0000  ,  0.0000  ,  0.0000  ,  0.0000  , 100.0000 ,  0.0000  ,  0.0000  ,  0.0000  ,  0.0000
 49.0400  ,  0.5484  ,  0.6500  ,  0.1914  ,  2.1038  , -0.2184  ,  0.1875  ,  0.8500  ,  0.6934  ,  2.1407  , -0.8182  ,  0.0000  , 100.0000 ,  0.0000  ,  0.0000  ,  0.0000  ,  0.0000  ,  0.0000  , 100.0000 ,  0.0000  ,  0.0000  ,  0.0000  ,  0.0000
 49.0600  ,  0.5344  ,  0.6376  ,  0.1985  ,  2.1144  , -0.2051  ,  0.1844  ,  0.8361  ,  0.6963  ,  2.1487  , -0.8101  ,  0.0000  , 100.0000 ,  0.0000  ,  0.0000  ,  0.0000  ,  0.0000  ,  0.0000  , 100.0000 ,  0.0000  ,  0.0000  ,  0.0000  ,  0.0000
 49.0800  ,  0.5194  ,  0.6244  ,  0.2020  ,  2.1269  , -0.2051  ,  0.1810  ,  0.8211  ,  0.6956  ,  2.1582  , -0.8101  ,  0.0000  , 100.0000 ,  0.0000  ,  0.0000  ,  0.0000  ,  0.0000  ,  0.0000  , 100.0000 ,  0.0000  ,  0.0000  ,  0.0000  ,  0.0000
 49.1000  ,  0.5075  ,  0.6099  ,  0.2052  ,  2.1388  , -0.2105  ,  0.1790  ,  0.8054  ,  0.6906  ,  2.1681  , -0.8257  ,  0.0000  , 100.0000 ,  0.0000  ,  0.0000  ,  0.0000  ,  0.0000  ,  0.0000  , 100.0000 ,  0.0000  ,  0.0000  ,  0.0000  ,  0.0000
 49.1200  ,  0.5029  ,  0.6044  ,  0.2023  ,  2.1445  , -0.2348  ,  0.1781  ,  0.7994  ,  0.6875  ,  2.1720  , -0.9313  ,  0.0000  , 100.0000 ,  0.0000  ,  0.0000  ,  0.0000  ,  0.0000  ,  0.0000  , 100.0000 ,  0.0000  ,  0.0000  ,  0.0000  ,  0.0000
 49.1400  ,  0.4920  ,  0.5896  ,  0.1975  ,  2.1519  , -0.2423  ,  0.1787  ,  0.7828  ,  0.6816  ,  2.1822  , -0.9726  ,  0.0000  , 100.0000 ,  0.0000  ,  0.0000  ,  0.0000  ,  0.0000  ,  0.0000  , 100.0000 ,  0.0000  ,  0.0000  ,  0.0000  ,  0.0000
 49.1600  ,  0.4848  ,  0.5783  ,  0.1903  ,  2.1632  , -0.3287  ,  0.1809  ,  0.7739  ,  0.6693  ,  2.1882  , -1.0304  ,  0.0000  , 100.0000 ,  0.0000  ,  0.0000  ,  0.0000  ,  0.0000  ,  0.0000  , 100.0000 ,  0.0000  ,  0.0000  ,  0.0000  ,  0.0000
 49.1800  ,  0.4792  ,  0.5667  ,  0.1780  ,  2.1863  , -0.3624  ,  0.1825  ,  0.7646  ,  0.6583  ,  2.1984  , -1.0385  ,  0.0000  , 100.0000 ,  0.0000  ,  0.0000  ,  0.0000  ,  0.0000  ,  0.0000  , 100.0000 ,  0.0000  ,  0.0000  ,  0.0000  ,  0.0000
 49.2000  ,  0.4782  ,  0.5641  ,  0.1751  ,  2.1890  , -0.4500  ,  0.1826  ,  0.7622  ,  0.6558  ,  2.1997  , -1.0706  ,  0.0000  , 100.0000 ,  0.0000  ,  0.0000  ,  0.0000  ,  0.0000  ,  0.0000  , 100.0000 ,  0.0000  ,  0.0000  ,  0.0000  ,  0.0000
 49.2200  ,  0.4759  ,  0.5550  ,  0.1682  ,  2.1958  , -0.4756  ,  0.1838  ,  0.7525  ,  0.6464  ,  2.2036  , -1.0840  ,  0.0000  , 100.0000 ,  0.0000  ,  0.0000  ,  0.0000  ,  0.0000  ,  0.0000  , 100.0000 ,  0.0000  ,  0.0000  ,  0.0000  ,  0.0000
 49.2400  ,  0.4753  ,  0.5510  ,  0.1705  ,  2.1964  , -0.6450  ,  0.1847  ,  0.7479  ,  0.6431  ,  2.2031  , -1.1171  ,  0.0000  , 100.0000 ,  0.0000  ,  0.0000  ,  0.0000  ,  0.0000  ,  0.0000  , 100.0000 ,  0.0000  ,  0.0000  ,  0.0000  ,  0.0000
 49.2600  ,  0.4749  ,  0.5462  ,  0.1587  ,  2.1982  , -0.6555  ,  0.1868  ,  0.7417  ,  0.6236  ,  2.2029  , -1.1095  ,  0.0000  , 100.0000 ,  0.0000  ,  0.0000  ,  0.0000  ,  0.0000  ,  0.0000  , 100.0000 ,  0.0000  ,  0.0000  ,  0.0000  ,  0.0000
 49.2800  ,  0.4746  ,  0.5438  ,  0.1517  ,  2.1975  , -0.8422  ,  0.1884  ,  0.7345  ,  0.6159  ,  2.2032  , -1.1309  ,  0.0000  , 100.0000 ,  0.0000  ,  0.0000  ,  0.0000  ,  0.0000  ,  0.0000  , 100.0000 ,  0.0000  ,  0.0000  ,  0.0000  ,  0.0000
 49.3000  ,  0.4745  ,  0.5423  ,  0.1434  ,  2.1959  , -0.9516  ,  0.1894  ,  0.7299  ,  0.6047  ,  2.2026  , -1.1643  ,  0.0000  , 100.0000 ,  0.0000  ,  0.0000  ,  0.0000  ,  0.0000  ,  0.0000  , 100.0000 ,  0.0000  ,  0.0000  ,  0.0000  ,  0.0000
 49.3200  ,  0.4784  ,  0.5387  ,  0.1292  ,  2.1854  , -1.0272  ,  0.1998  ,  0.7285  ,  0.5727  ,  2.1902  , -1.1710  ,  0.0000  , 100.0000 ,  0.0000  ,  0.0000  ,  0.0000  ,  0.0000  ,  0.0000  , 100.0000 ,  0.0000  ,  0.0000  ,  0.0000  ,  0.0000
 49.3400  ,  0.4797  ,  0.5376  ,  0.1181  ,  2.1763  , -1.0592  ,  0.2029  ,  0.7284  ,  0.5580  ,  2.1838  , -1.1682  ,  0.0000  , 100.0000 ,  0.0000  ,  0.0000  ,  0.0000  ,  0.0000  ,  0.0000  , 100.0000 ,  0.0000  ,  0.0000  ,  0.0000  ,  0.0000
 49.3600  ,  0.4884  ,  0.5355  ,  0.1041  ,  2.1648  , -1.0570  ,  0.2193  ,  0.7317  ,  0.5340  ,  2.1705  , -1.1171  ,  0.0000  , 100.0000 ,  0.0000  ,  0.0000  ,  0.0000  ,  0.0000  ,  0.0000  , 100.0000 ,  0.0000  ,  0.0000  ,  0.0000  ,  0.0000
 49.3800  ,  0.5030  ,  0.5325  ,  0.0839  ,  2.1342  , -1.0480  ,  0.2409  ,  0.7334  ,  0.5108  ,  2.1507  , -1.1288  ,  0.0000  , 100.0000 ,  0.0000  ,  0.0000  ,  0.0000  ,  0.0000  ,  0.0000  , 100.0000 ,  0.0000  ,  0.0000  ,  0.0000  ,  0.0000
 49.4000  ,  0.5045  ,  0.5322  ,  0.0825  ,  2.1307  , -1.0524  ,  0.2428  ,  0.7335  ,  0.5076  ,  2.1493  , -1.1523  ,  0.0000  , 100.0000 ,  0.0000  ,  0.0000  ,  0.0000  ,  0.0000  ,  0.0000  , 100.0000 ,  0.0000  ,  0.0000  ,  0.0000  ,  0.0000
 49.4200  ,  0.5118  ,  0.5312  ,  0.0785  ,  2.1078  , -1.1466  ,  0.2522  ,  0.7343  ,  0.5066  ,  2.1364  , -1.2325  ,  0.0000  , 100.0000 ,  0.0000  ,  0.0000  ,  0.0000  ,  0.0000  ,  0.0000  , 100.0000 ,  0.0000  ,  0.0000  ,  0.0000  ,  0.0000
 49.4400  ,  0.5315  ,  0.5311  ,  0.0816  ,  2.0737  , -1.2216  ,  0.2724  ,  0.7400  ,  0.5149  ,  2.1067  , -1.2449  ,  0.0000  , 100.0000 ,  0.0000  ,  0.0000  ,  0.0000  ,  0.0000  ,  0.0000  , 100.0000 ,  0.0000  ,  0.0000  ,  0.0000  ,  0.0000
 49.4600  ,  0.5405  ,  0.5312  ,  0.0901  ,  2.0431  , -1.2680  ,  0.2799  ,  0.7437  ,  0.5278  ,  2.0924  , -1.2372  ,  0.0000  , 100.0000 ,  0.0000  ,  0.0000  ,  0.0000  ,  0.0000  ,  0.0000  , 100.0000 ,  0.0000  ,  0.0000  ,  0.0000  ,  0.0000
 49.4800  ,  0.5495  ,  0.5364  ,  0.0956  ,  2.0195  , -1.4323  ,  0.2844  ,  0.7512  ,  0.5421  ,  2.0744  , -1.1693  ,  0.0000  , 100.0000 ,  0.0000  ,  0.0000  ,  0.0000  ,  0.0000  ,  0.0000  , 100.0000 ,  0.0000  ,  0.0000  ,  0.0000  ,  0.0000
 49.5000  ,  0.5608  ,  0.5427  ,  0.1200  ,  1.9745  , -1.4524  ,  0.2903  ,  0.7605  ,  0.5833  ,  2.0338  , -1.1425  ,  0.0000  , 100.0000 ,  0.0000  ,  0.0000  ,  0.0000  ,  0.0000  ,  0.0000  , 100.0000 ,  0.0000  ,  0.0000  ,  0.0000  ,  0.0000
 49.5200  ,  0.5719  ,  0.5536  ,  0.1272  ,  1.9453  , -1.4874  ,  0.2951  ,  0.7746  ,  0.5983  ,  2.0121  , -1.1622  ,  0.0000  , 100.0000 ,  0.0000  ,  0.0000  ,  0.0000  ,  0.0000  ,  0.0000  , 100.0000 ,  0.0000  ,  0.0000  ,  0.0000  ,  0.0000
 49.5400  ,  0.5775  ,  0.5590  ,  0.1348  ,  1.9257  , -1.5139  ,  0.2975  ,  0.7817  ,  0.5985  ,  2.0137  , -1.1914  ,  0.0000  , 100.0000 ,  0.0000  ,  0.0000  ,  0.0000  ,  0.0000  ,  0.0000  , 100.0000 ,  0.0000  ,  0.0000  ,  0.0000  ,  0.0000
 49.5600  ,  0.6050  ,  0.5926  ,  0.1605  ,  1.8417  , -1.4845  ,  0.3057  ,  0.8208  ,  0.6481  ,  1.9417  , -1.1729  ,  0.0000  , 100.0000 ,  0.0000  ,  0.0000  ,  0.0000  ,  0.0000  ,  0.0000  , 100.0000 ,  0.0000  ,  0.0000  ,  0.0000  ,  0.0000
 49.5800  ,  0.6242  ,  0.6166  ,  0.1565  ,  1.8061  , -1.4906  ,  0.3119  ,  0.8466  ,  0.6590  ,  1.9130  , -1.1044  ,  0.0000  , 100.0000 ,  0.0000  ,  0.0000  ,  0.0000  ,  0.0000  ,  0.0000  , 100.0000 ,  0.0000  ,  0.0000  ,  0.0000  ,  0.0000
 49.6000  ,  0.6580  ,  0.6592  ,  0.1668  ,  1.7258  , -1.5088  ,  0.3233  ,  0.8952  ,  0.6869  ,  1.8489  , -1.1391  ,  0.0000  , 100.0000 ,  0.0000  ,  0.0000  ,  0.0000  ,  0.0000  ,  0.0000  , 100.0000 ,  0.0000  ,  0.0000  ,  0.0000  ,  0.0000
 49.6200  ,  0.6744  ,  0.6807  ,  0.1708  ,  1.6865  , -1.6698  ,  0.3287  ,  0.9207  ,  0.6961  ,  1.8181  , -1.2084  ,  0.0000  , 100.0000 ,  0.0000  ,  0.0000  ,  0.0000  ,  0.0000  ,  0.0000  , 100.0000 ,  0.0000  ,  0.0000  ,  0.0000  ,  0.0000
 49.6400  ,  0.6863  ,  0.6955  ,  0.1804  ,  1.6474  , -1.6577  ,  0.3330  ,  0.9387  ,  0.7088  ,  1.7681  , -1.1924  ,  0.0000  , 100.0000 ,  0.0000  ,  0.0000  ,  0.0000  ,  0.0000  ,  0.0000  , 100.0000 ,  0.0000  ,  0.0000  ,  0.0000  ,  0.0000
 49.6600  ,  0.7315  ,  0.7486  ,  0.1438  ,  1.5806  , -1.5930  ,  0.3369  ,  0.9962  ,  0.7031  ,  1.7123  , -1.1485  ,  0.0000  , 100.0000 ,  0.0000  ,  0.0000  ,  0.0000  ,  0.0000  ,  0.0000  , 100.0000 ,  0.0000  ,  0.0000  ,  0.0000  ,  0.0000
 49.6800  ,  0.7843  ,  0.8034  ,  0.1065  ,  1.5016  , -1.5289  ,  0.3571  ,  1.0617  ,  0.6861  ,  1.6366  , -1.1205  ,  0.0000  , 100.0000 ,  0.0000  ,  0.0000  ,  0.0000  ,  0.0000  ,  0.0000  , 100.0000 ,  0.0000  ,  0.0000  ,  0.0000  ,  0.0000
 49.7000  ,  0.8216  ,  0.8373  ,  0.0867  ,  1.4482  , -1.4609  ,  0.3747  ,  1.1054  ,  0.6762  ,  1.5718  , -1.0707  ,  0.0000  , 100.0000 ,  0.0000  ,  0.0000  ,  0.0000  ,  0.0000  ,  0.0000  , 100.0000 ,  0.0000  ,  0.0000  ,  0.0000  ,  0.0000
 49.7200  ,  0.8522  ,  0.8624  ,  0.0776  ,  1.4020  , -1.4745  ,  0.3865  ,  1.1387  ,  0.6679  ,  1.5257  , -1.0612  ,  0.0000  , 100.0000 ,  0.0000  ,  0.0000  ,  0.0000  ,  0.0000  ,  0.0000  , 100.0000 ,  0.0000  ,  0.0000  ,  0.0000  ,  0.0000
 49.7400  ,  0.8978  ,  0.8942  ,  0.0524  ,  1.3437  , -1.4294  ,  0.4018  ,  1.1786  ,  0.6616  ,  1.4650  , -1.0453  ,  0.0000  , 100.0000 ,  0.0000  ,  0.0000  ,  0.0000  ,  0.0000  ,  0.0000  , 100.0000 ,  0.0000  ,  0.0000  ,  0.0000  ,  0.0000
 49.7600  ,  0.9227  ,  0.9097  ,  0.0390  ,  1.3176  , -1.3972  ,  0.4098  ,  1.1980  ,  0.6547  ,  1.4521  , -1.0377  ,  0.0000  , 100.0000 ,  0.0000  ,  0.0000  ,  0.0000  ,  0.0000  ,  0.0000  , 100.0000 ,  0.0000  ,  0.0000  ,  0.0000  ,  0.0000
 49.7800  ,  0.9560  ,  0.9287  ,  0.0108  ,  1.2824  , -1.3604  ,  0.4356  ,  1.2259  ,  0.6306  ,  1.4081  , -0.9780  ,  0.0000  , 100.0000 ,  0.0000  ,  0.0000  ,  0.0000  ,  0.0000  ,  0.0000  , 100.0000 ,  0.0000  ,  0.0000  ,  0.0000  ,  0.0000
 49.8000  ,  1.0168  ,  0.9569  , -0.0261  ,  1.2166  , -1.3396  ,  0.4907  ,  1.2686  ,  0.5857  ,  1.3287  , -0.9296  ,  0.0000  , 100.0000 ,  0.0000  ,  0.0000  ,  0.0000  ,  0.0000  ,  0.0000  , 100.0000 ,  0.0000  ,  0.0000  ,  0.0000  ,  0.0000
 49.8200  ,  1.0308  ,  0.9626  , -0.0286  ,  1.1999  , -1.2938  ,  0.5051  ,  1.2771  ,  0.5745  ,  1.3114  , -0.8775  ,  0.0000  , 100.0000 ,  0.0000  ,  0.0000  ,  0.0000  ,  0.0000  ,  0.0000  , 100.0000 ,  0.0000  ,  0.0000  ,  0.0000  ,  0.0000
 49.8400  ,  1.0896  ,  0.9841  , -0.0683  ,  1.1293  , -1.2648  ,  0.5567  ,  1.3087  ,  0.5324  ,  1.2447  , -0.8794  ,  0.0000  , 100.0000 ,  0.0000  ,  0.0000  ,  0.0000  ,  0.0000  ,  0.0000  , 100.0000 ,  0.0000  ,  0.0000  ,  0.0000  ,  0.0000
 49.8600  ,  1.0944  ,  0.9856  , -0.0698  ,  1.1237  , -1.2440  ,  0.5611  ,  1.3110  ,  0.5299  ,  1.2388  , -0.8739  ,  0.0000  , 100.0000 ,  0.0000  ,  0.0000  ,  0.0000  ,  0.0000  ,  0.0000  , 100.0000 ,  0.0000  ,  0.0000  ,  0.0000  ,  0.0000
 49.8800  ,  1.1432  ,  1.0002  , -0.1034  ,  1.0722  , -1.2118  ,  0.6092  ,  1.3373  ,  0.4821  ,  1.1861  , -0.8347  ,  0.0000  , 100.0000 ,  0.0000  ,  0.0000  ,  0.0000  ,  0.0000  ,  0.0000  , 100.0000 ,  0.0000  ,  0.0000  ,  0.0000  ,  0.0000
 49.9000  ,  1.1589  ,  1.0044  , -0.1084  ,  1.0527  , -1.2027  ,  0.6267  ,  1.3455  ,  0.4684  ,  1.1623  , -0.8177  ,  0.0000  , 100.0000 ,  0.0000  ,  0.0000  ,  0.0000  ,  0.0000  ,  0.0000  , 100.0000 ,  0.0000  ,  0.0000  ,  0.0000  ,  0.0000
 49.9200  ,  1.2200  ,  1.0188  , -0.1609  ,  0.9898  , -1.1695  ,  0.7321  ,  1.3778  ,  0.3521  ,  1.0934  , -0.7964  ,  0.0000  , 100.0000 ,  0.0000  ,  0.0000  ,  0.0000  ,  0.0000  ,  0.0000  , 100.0000 ,  0.0000  ,  0.0000  ,  0.0000  ,  0.0000
 49.9400  ,  1.2200  ,  1.0188  , -0.1609  ,  0.9898  , -1.1329  ,  0.7321  ,  1.3778  ,  0.3521  ,  1.0934  , -0.7831  ,  0.0000  , 100.0000 ,  0.0000  ,  0.0000  ,  0.0000  ,  0.0000  ,  0.0000  , 100.0000 ,  0.0000  ,  0.0000  ,  0.0000  ,  0.0000
 49.9600  ,  1.2486  ,  1.0246  , -0.1766  ,  0.9552  , -1.1110  ,  0.7884  ,  1.3930  ,  0.2897  ,  1.0559  , -0.7851  ,  0.0000  , 100.0000 ,  0.0000  ,  0.0000  ,  0.0000  ,  0.0000  ,  0.0000  , 100.0000 ,  0.0000  ,  0.0000  ,  0.0000  ,  0.0000
 49.9800  ,  1.2787  ,  1.0320  , -0.1985  ,  0.9104  , -1.0802  ,  0.8483  ,  1.4075  ,  0.2228  ,  1.0153  , -0.7707  ,  0.0000  , 100.0000 ,  0.0000  ,  0.0000  ,  0.0000  ,  0.0000  ,  0.0000  , 100.0000 ,  0.0000  ,  0.0000  ,  0.0000  ,  0.0000
 50.0000  ,  1.2897  ,  1.0360  , -0.2090  ,  0.8950  , -1.0804  ,  0.8829  ,  1.4142  ,  0.1814  ,  0.9975  , -0.7585  ,  0.0000  , 100.0000 ,  0.0000  ,  0.0000  ,  0.0000  ,  0.0000  ,  0.0000  , 100.0000 ,  0.0000  ,  0.0000  ,  0.0000  ,  0.0000
 50.0200  ,  1.2987  ,  1.0397  , -0.2204  ,  0.8831  , -1.0877  ,  0.9160  ,  1.4200  ,  0.1420  ,  0.9802  , -0.7628  ,  0.0000  , 100.0000 ,  0.0000  ,  0.0000  ,  0.0000  ,  0.0000  ,  0.0000  , 100.0000 ,  0.0000  ,  0.0000  ,  0.0000  ,  0.0000
 50.0400  ,  1.3030  ,  1.0413  , -0.2271  ,  0.8821  , -1.0924  ,  0.9313  ,  1.4224  ,  0.1259  ,  0.9699  , -0.7561  ,  0.0000  , 100.0000 ,  0.0000  ,  0.0000  ,  0.0000  ,  0.0000  ,  0.0000  , 100.0000 ,  0.0000  ,  0.0000  ,  0.0000  ,  0.0000
 50.0600  ,  1.3101  ,  1.0424  , -0.2277  ,  0.8605  , -1.1090  ,  0.9796  ,  1.4272  ,  0.0687  ,  0.9428  , -0.7576  ,  0.0000  , 100.0000 ,  0.0000  ,  0.0000  ,  0.0000  ,  0.0000  ,  0.0000  , 100.0000 ,  0.0000  ,  0.0000  ,  0.0000  ,  0.0000
 50.0800  ,  1.3156  ,  1.0439  , -0.2357  ,  0.8510  , -1.1002  ,  0.9898  ,  1.4285  ,  0.0543  ,  0.9371  , -0.7597  ,  0.0000  , 100.0000 ,  0.0000  ,  0.0000  ,  0.0000  ,  0.0000  ,  0.0000  , 100.0000 ,  0.0000  ,  0.0000  ,  0.0000  ,  0.0000
 50.1000  ,  1.3230  ,  1.0458  , -0.2543  ,  0.8500  , -1.0915  ,  1.0028  ,  1.4302  ,  0.0332  ,  0.9306  , -0.7615  ,  0.0000  , 100.0000 ,  0.0000  ,  0.0000  ,  0.0000  ,  0.0000  ,  0.0000  , 100.0000 ,  0.0000  ,  0.0000  ,  0.0000  ,  0.0000
 50.1200  ,  1.3203  ,  1.0451  , -0.2527  ,  0.8444  , -1.0801  ,  1.0107  ,  1.4292  ,  0.0221  ,  0.9250  , -0.7630  ,  0.0000  , 100.0000 ,  0.0000  ,  0.0000  ,  0.0000  ,  0.0000  ,  0.0000  , 100.0000 ,  0.0000  ,  0.0000  ,  0.0000  ,  0.0000
 50.1400  ,  1.3190  ,  1.0447  , -0.2524  ,  0.8419  , -1.0740  ,  1.0122  ,  1.4283  ,  0.0200  ,  0.9235  , -0.7506  ,  0.0000  , 100.0000 ,  0.0000  ,  0.0000  ,  0.0000  ,  0.0000  ,  0.0000  , 100.0000 ,  0.0000  ,  0.0000  ,  0.0000  ,  0.0000
 50.1600  ,  1.3162  ,  1.0439  , -0.2534  ,  0.8175  , -1.0781  ,  1.0132  ,  1.4250  ,  0.0148  ,  0.9200  , -0.7505  ,  0.0000  , 100.0000 ,  0.0000  ,  0.0000  ,  0.0000  ,  0.0000  ,  0.0000  , 100.0000 ,  0.0000  ,  0.0000  ,  0.0000  ,  0.0000
 50.1800  ,  1.3171  ,  1.0439  , -0.2588  ,  0.8125  , -1.0956  ,  1.0142  ,  1.4230  ,  0.0138  ,  0.9195  , -0.7565  ,  0.0000  , 100.0000 ,  0.0000  ,  0.0000  ,  0.0000  ,  0.0000  ,  0.0000  , 100.0000 ,  0.0000  ,  0.0000  ,  0.0000  ,  0.0000
 50.2000  ,  1.3178  ,  1.0438  , -0.2655  ,  0.8078  , -1.0941  ,  1.0144  ,  1.4213  ,  0.0110  ,  0.9192  , -0.7571  ,  0.0000  , 100.0000 ,  0.0000  ,  0.0000  ,  0.0000  ,  0.0000  ,  0.0000  , 100.0000 ,  0.0000  ,  0.0000  ,  0.0000  ,  0.0000
 50.2200  ,  1.3163  ,  1.0433  , -0.2768  ,  0.8025  , -1.0942  ,  1.0118  ,  1.4175  ,  0.0126  ,  0.9202  , -0.7639  ,  0.0000  , 100.0000 ,  0.0000  ,  0.0000  ,  0.0000  ,  0.0000  ,  0.0000  , 100.0000 ,  0.0000  ,  0.0000  ,  0.0000  ,  0.0000
 50.2400  ,  1.3160  ,  1.0432  , -0.2797  ,  0.8018  , -1.0924  ,  1.0114  ,  1.4167  ,  0.0109  ,  0.9207  , -0.7630  ,  0.0000  , 100.0000 ,  0.0000  ,  0.0000  ,  0.0000  ,  0.0000  ,  0.0000  , 100.0000 ,  0.0000  ,  0.0000  ,  0.0000  ,  0.0000
 50.2600  ,  1.3092  ,  1.0385  , -0.2762  ,  0.8045  , -1.0834  ,  1.0214  ,  1.4109  ,  0.0037  ,  0.9237  , -0.7610  ,  0.0000  , 100.0000 ,  0.0000  ,  0.0000  ,  0.0000  ,  0.0000  ,  0.0000  , 100.0000 ,  0.0000  ,  0.0000  ,  0.0000  ,  0.0000
 50.2800  ,  1.3081  ,  1.0371  , -0.2745  ,  0.8053  , -1.0734  ,  1.0238  ,  1.4091  ,  0.0032  ,  0.9255  , -0.7613  ,  0.0000  , 100.0000 ,  0.0000  ,  0.0000  ,  0.0000  ,  0.0000  ,  0.0000  , 100.0000 ,  0.0000  ,  0.0000  ,  0.0000  ,  0.0000
 50.3000  ,  1.3019  ,  1.0326  , -0.2730  ,  0.8299  , -1.0751  ,  1.0244  ,  1.4039  ,  0.0076  ,  0.9355  , -0.7629  ,  0.0000  , 100.0000 ,  0.0000  ,  0.0000  ,  0.0000  ,  0.0000  ,  0.0000  , 100.0000 ,  0.0000  ,  0.0000  ,  0.0000  ,  0.0000
 50.3200  ,  1.3001  ,  1.0315  , -0.2709  ,  0.8327  , -1.0741  ,  1.0238  ,  1.4028  ,  0.0087  ,  0.9394  , -0.7614  ,  0.0000  , 100.0000 ,  0.0000  ,  0.0000  ,  0.0000  ,  0.0000  ,  0.0000  , 100.0000 ,  0.0000  ,  0.0000  ,  0.0000  ,  0.0000
 50.3400  ,  1.2969  ,  1.0298  , -0.2696  ,  0.8402  , -1.0562  ,  1.0228  ,  1.4009  ,  0.0112  ,  0.9446  , -0.7605  ,  0.0000  , 100.0000 ,  0.0000  ,  0.0000  ,  0.0000  ,  0.0000  ,  0.0000  , 100.0000 ,  0.0000  ,  0.0000  ,  0.0000  ,  0.0000
 50.3600  ,  1.2886  ,  1.0265  , -0.2609  ,  0.8477  , -1.0483  ,  1.0204  ,  1.3962  ,  0.0205  ,  0.9632  , -0.7649  ,  0.0000  , 100.0000 ,  0.0000  ,  0.0000  ,  0.0000  ,  0.0000  ,  0.0000  , 100.0000 ,  0.0000  ,  0.0000  ,  0.0000  ,  0.0000
 50.3800  ,  1.2857  ,  1.0258  , -0.2597  ,  0.8556  , -1.0458  ,  1.0194  ,  1.3945  ,  0.0234  ,  0.9697  , -0.7684  ,  0.0000  , 100.0000 ,  0.0000  ,  0.0000  ,  0.0000  ,  0.0000  ,  0.0000  , 100.0000 ,  0.0000  ,  0.0000  ,  0.0000  ,  0.0000
 50.4000  ,  1.2803  ,  1.0244  , -0.2609  ,  0.8792  , -1.0360  ,  1.0152  ,  1.3920  ,  0.0266  ,  0.9904  , -0.7614  ,  0.0000  , 100.0000 ,  0.0000  ,  0.0000  ,  0.0000  ,  0.0000  ,  0.0000  , 100.0000 ,  0.0000  ,  0.0000  ,  0.0000  ,  0.0000
 50.4200  ,  1.2785  ,  1.0237  , -0.2669  ,  0.9141  , -1.0249  ,  1.0124  ,  1.3915  ,  0.0266  ,  1.0090  , -0.7600  ,  0.0000  , 100.0000 ,  0.0000  ,  0.0000  ,  0.0000  ,  0.0000  ,  0.0000  , 100.0000 ,  0.0000  ,  0.0000  ,  0.0000  ,  0.0000
 50.4400  ,  1.2710  ,  1.0210  , -0.2590  ,  0.9362  , -1.0261  ,  0.9986  ,  1.3870  ,  0.0464  ,  1.0265  , -0.8068  ,  0.0000  , 100.0000 ,  0.0000  ,  0.0000  ,  0.0000  ,  0.0000  ,  0.0000  , 100.0000 ,  0.0000  ,  0.0000  ,  0.0000  ,  0.0000
 50.4600  ,  1.2592  ,  1.0188  , -0.2473  ,  0.9651  , -1.0664  ,  0.9695  ,  1.3819  ,  0.0834  ,  1.0496  , -0.8325  ,  0.0000  , 100.0000 ,  0.0000  ,  0.0000  ,  0.0000  ,  0.0000  ,  0.0000  , 100.0000 ,  0.0000  ,  0.0000  ,  0.0000  ,  0.0000
 50.4800  ,  1.2438  ,  1.0182  , -0.2328  ,  0.9893  , -1.1325  ,  0.9240  ,  1.3774  ,  0.1348  ,  1.0639  , -0.8400  ,  0.0000  , 100.0000 ,  0.0000  ,  0.0000  ,  0.0000  ,  0.0000  ,  0.0000  , 100.0000 ,  0.0000  ,  0.0000  ,  0.0000  ,  0.0000
 50.5000  ,  1.2346  ,  1.0187  , -0.2211  ,  0.9973  , -1.2504  ,  0.8900  ,  1.3752  ,  0.1703  ,  1.0747  , -0.8282  ,  0.0000  , 100.0000 ,  0.0000  ,  0.0000  ,  0.0000  ,  0.0000  ,  0.0000  , 100.0000 ,  0.0000  ,  0.0000  ,  0.0000  ,  0.0000
 50.5200  ,  1.2011  ,  1.0209  , -0.1930  ,  1.0313  , -1.2467  ,  0.7704  ,  1.3659  ,  0.2961  ,  1.1003  , -0.8247  ,  0.0000  , 100.0000 ,  0.0000  ,  0.0000  ,  0.0000  ,  0.0000  ,  0.0000  , 100.0000 ,  0.0000  ,  0.0000  ,  0.0000  ,  0.0000
 50.5400  ,  1.1854  ,  1.0208  , -0.1781  ,  1.0418  , -1.2047  ,  0.7292  ,  1.3602  ,  0.3433  ,  1.1036  , -0.7810  ,  0.0000  , 100.0000 ,  0.0000  ,  0.0000  ,  0.0000  ,  0.0000  ,  0.0000  , 100.0000 ,  0.0000  ,  0.0000  ,  0.0000  ,  0.0000
 50.5600  ,  1.1549  ,  1.0201  , -0.1485  ,  1.0530  , -1.1578  ,  0.6652  ,  1.3493  ,  0.4229  ,  1.0960  , -0.7548  ,  0.0000  , 100.0000 ,  0.0000  ,  0.0000  ,  0.0000  ,  0.0000  ,  0.0000  , 100.0000 ,  0.0000  ,  0.0000  ,  0.0000  ,  0.0000
 50.5800  ,  1.1470  ,  1.0198  , -0.1402  ,  1.0535  , -1.1481  ,  0.6513  ,  1.3465  ,  0.4419  ,  1.0874  , -0.7319  ,  0.0000  , 100.0000 ,  0.0000  ,  0.0000  ,  0.0000  ,  0.0000  ,  0.0000  , 100.0000 ,  0.0000  ,  0.0000  ,  0.0000  ,  0.0000
 50.6000  ,  1.1249  ,  1.0202  , -0.1182  ,  1.0528  , -1.1891  ,  0.6027  ,  1.3389  ,  0.4993  ,  1.0761  , -0.6922  ,  0.0000  , 100.0000 ,  0.0000  ,  0.0000  ,  0.0000  ,  0.0000  ,  0.0000  , 100.0000 ,  0.0000  ,  0.0000  ,  0.0000  ,  0.0000
 50.6200  ,  1.0932  ,  1.0226  , -0.0842  ,  1.0353  , -1.2032  ,  0.5309  ,  1.3272  ,  0.5846  ,  1.0654  , -0.6857  ,  0.0000  , 100.0000 ,  0.0000  ,  0.0000  ,  0.0000  ,  0.0000  ,  0.0000  , 100.0000 ,  0.0000  ,  0.0000  ,  0.0000  ,  0.0000
 50.6400  ,  1.0782  ,  1.0262  , -0.0763  ,  1.0295  , -1.1481  ,  0.4947  ,  1.3210  ,  0.6251  ,  1.0544  , -0.6489  ,  0.0000  , 100.0000 ,  0.0000  ,  0.0000  ,  0.0000  ,  0.0000  ,  0.0000  , 100.0000 ,  0.0000  ,  0.0000  ,  0.0000  ,  0.0000
 50.6600  ,  1.0538  ,  1.0299  , -0.0608  ,  1.0012  , -1.1150  ,  0.4460  ,  1.3115  ,  0.6817  ,  1.0279  , -0.6322  ,  0.0000  , 100.0000 ,  0.0000  ,  0.0000  ,  0.0000  ,  0.0000  ,  0.0000  , 100.0000 ,  0.0000  ,  0.0000  ,  0.0000  ,  0.0000
 50.6800  ,  1.0379  ,  1.0312  , -0.0477  ,  0.9733  , -1.0901  ,  0.4189  ,  1.3056  ,  0.7139  ,  1.0024  , -0.6108  ,  0.0000  , 100.0000 ,  0.0000  ,  0.0000  ,  0.0000  ,  0.0000  ,  0.0000  , 100.0000 ,  0.0000  ,  0.0000  ,  0.0000  ,  0.0000
 50.7000  ,  1.0252  ,  1.0316  , -0.0379  ,  0.9563  , -1.0398  ,  0.3964  ,  1.2997  ,  0.7386  ,  0.9790  , -0.5744  ,  0.0000  , 100.0000 ,  0.0000  ,  0.0000  ,  0.0000  ,  0.0000  ,  0.0000  , 100.0000 ,  0.0000  ,  0.0000  ,  0.0000  ,  0.0000
 50.7200  ,  0.9955  ,  1.0309  , -0.0129  ,  0.9204  , -1.0430  ,  0.3427  ,  1.2831  ,  0.7998  ,  0.9463  , -0.5818  ,  0.0000  , 100.0000 ,  0.0000  ,  0.0000  ,  0.0000  ,  0.0000  ,  0.0000  , 100.0000 ,  0.0000  ,  0.0000  ,  0.0000  ,  0.0000
 50.7400  ,  0.9795  ,  1.0309  , -0.0005  ,  0.9055  , -1.0199  ,  0.3153  ,  1.2758  ,  0.8260  ,  0.9314  , -0.5714  ,  0.0000  , 100.0000 ,  0.0000  ,  0.0000  ,  0.0000  ,  0.0000  ,  0.0000  , 100.0000 ,  0.0000  ,  0.0000  ,  0.0000  ,  0.0000
 50.7600  ,  0.9460  ,  1.0307  ,  0.0217  ,  0.8782  , -1.0230  ,  0.2780  ,  1.2623  ,  0.8598  ,  0.8910  , -0.5777  ,  0.0000  , 100.0000 ,  0.0000  ,  0.0000  ,  0.0000  ,  0.0000  ,  0.0000  , 100.0000 ,  0.0000  ,  0.0000  ,  0.0000  ,  0.0000
 50.7800  ,  0.9329  ,  1.0305  ,  0.0290  ,  0.8598  , -1.0290  ,  0.2670  ,  1.2573  ,  0.8710  ,  0.8720  , -0.5845  ,  0.0000  , 100.0000 ,  0.0000  ,  0.0000  ,  0.0000  ,  0.0000  ,  0.0000  , 100.0000 ,  0.0000  ,  0.0000  ,  0.0000  ,  0.0000
 50.8000  ,  0.9163  ,  1.0300  ,  0.0387  ,  0.8403  , -1.0349  ,  0.2521  ,  1.2508  ,  0.8846  ,  0.8464  , -0.5768  ,  0.0000  , 100.0000 ,  0.0000  ,  0.0000  ,  0.0000  ,  0.0000  ,  0.0000  , 100.0000 ,  0.0000  ,  0.0000  ,  0.0000  ,  0.0000
 50.8200  ,  0.8839  ,  1.0280  ,  0.0594  ,  0.8061  , -1.0350  ,  0.2212  ,  1.2377  ,  0.9130  ,  0.8100  , -0.5736  ,  0.0000  , 100.0000 ,  0.0000  ,  0.0000  ,  0.0000  ,  0.0000  ,  0.0000  , 100.0000 ,  0.0000  ,  0.0000  ,  0.0000  ,  0.0000
 50.8400  ,  0.8605  ,  1.0258  ,  0.0700  ,  0.7857  , -1.0238  ,  0.2002  ,  1.2268  ,  0.9288  ,  0.7785  , -0.5679  ,  0.0000  , 100.0000 ,  0.0000  ,  0.0000  ,  0.0000  ,  0.0000  ,  0.0000  , 100.0000 ,  0.0000  ,  0.0000  ,  0.0000  ,  0.0000
 50.8600  ,  0.8519  ,  1.0250  ,  0.0724  ,  0.7769  , -1.0133  ,  0.1928  ,  1.2228  ,  0.9348  ,  0.7721  , -0.5607  ,  0.0000  , 100.0000 ,  0.0000  ,  0.0000  ,  0.0000  ,  0.0000  ,  0.0000  , 100.0000 ,  0.0000  ,  0.0000  ,  0.0000  ,  0.0000
 50.8800  ,  0.8136  ,  1.0174  ,  0.0884  ,  0.7410  , -1.0115  ,  0.1651  ,  1.2012  ,  0.9581  ,  0.7288  , -0.5588  ,  0.0000  , 100.0000 ,  0.0000  ,  0.0000  ,  0.0000  ,  0.0000  ,  0.0000  , 100.0000 ,  0.0000  ,  0.0000  ,  0.0000  ,  0.0000
 50.9000  ,  0.7793  ,  1.0090  ,  0.1073  ,  0.7335  , -1.0082  ,  0.1494  ,  1.1810  ,  0.9741  ,  0.7134  , -0.5412  ,  0.0000  , 100.0000 ,  0.0000  ,  0.0000  ,  0.0000  ,  0.0000  ,  0.0000  , 100.0000 ,  0.0000  ,  0.0000  ,  0.0000  ,  0.0000
 50.9200  ,  0.7539  ,  1.0022  ,  0.1064  ,  0.7017  , -1.0055  ,  0.1399  ,  1.1659  ,  0.9806  ,  0.6830  , -0.5393  ,  0.0000  , 100.0000 ,  0.0000  ,  0.0000  ,  0.0000  ,  0.0000  ,  0.0000  , 100.0000 ,  0.0000  ,  0.0000  ,  0.0000  ,  0.0000
 50.9400  ,  0.7350  ,  0.9950  ,  0.1274  ,  0.7048  , -1.0008  ,  0.1343  ,  1.1513  ,  0.9944  ,  0.6775  , -0.5402  ,  0.0000  , 100.0000 ,  0.0000  ,  0.0000  ,  0.0000  ,  0.0000  ,  0.0000  , 100.0000 ,  0.0000  ,  0.0000  ,  0.0000  ,  0.0000
 50.9600  ,  0.7171  ,  0.9879  ,  0.1339  ,  0.6790  , -0.9983  ,  0.1293  ,  1.1373  ,  1.0023  ,  0.6656  , -0.5469  ,  0.0000  , 100.0000 ,  0.0000  ,  0.0000  ,  0.0000  ,  0.0000  ,  0.0000  , 100.0000 ,  0.0000  ,  0.0000  ,  0.0000  ,  0.0000
 50.9800  ,  0.6780  ,  0.9710  ,  0.1499  ,  0.6527  , -0.9983  ,  0.1187  ,  1.1033  ,  1.0230  ,  0.6397  , -0.5741  ,  0.0000  , 100.0000 ,  0.0000  ,  0.0000  ,  0.0000  ,  0.0000  ,  0.0000  , 100.0000 ,  0.0000  ,  0.0000  ,  0.0000  ,  0.0000
 51.0000  ,  0.6581  ,  0.9599  ,  0.1647  ,  0.6414  , -1.0004  ,  0.1142  ,  1.0858  ,  1.0330  ,  0.6275  , -0.5815  ,  0.0000  , 100.0000 ,  0.0000  ,  0.0000  ,  0.0000  ,  0.0000  ,  0.0000  , 100.0000 ,  0.0000  ,  0.0000  ,  0.0000  ,  0.0000
 51.0200  ,  0.6468  ,  0.9530  ,  0.1728  ,  0.6334  , -1.0057  ,  0.1119  ,  1.0758  ,  1.0399  ,  0.6239  , -0.5831  ,  0.0000  , 100.0000 ,  0.0000  ,  0.0000  ,  0.0000  ,  0.0000  ,  0.0000  , 100.0000 ,  0.0000  ,  0.0000  ,  0.0000  ,  0.0000
 51.0400  ,  0.6056  ,  0.9265  ,  0.1947  ,  0.6022  , -1.0145  ,  0.1066  ,  1.0376  ,  1.0483  ,  0.5812  , -0.5785  ,  0.0000  , 100.0000 ,  0.0000  ,  0.0000  ,  0.0000  ,  0.0000  ,  0.0000  , 100.0000 ,  0.0000  ,  0.0000  ,  0.0000  ,  0.0000
 51.0600  ,  0.5969  ,  0.9206  ,  0.1943  ,  0.5917  , -1.0373  ,  0.1058  ,  1.0293  ,  1.0504  ,  0.5735  , -0.5889  ,  0.0000  , 100.0000 ,  0.0000  ,  0.0000  ,  0.0000  ,  0.0000  ,  0.0000  , 100.0000 ,  0.0000  ,  0.0000  ,  0.0000  ,  0.0000
 51.0800  ,  0.5802  ,  0.9102  ,  0.2119  ,  0.5936  , -1.0415  ,  0.1023  ,  1.0129  ,  1.0618  ,  0.5766  , -0.6018  ,  0.0000  , 100.0000 ,  0.0000  ,  0.0000  ,  0.0000  ,  0.0000  ,  0.0000  , 100.0000 ,  0.0000  ,  0.0000  ,  0.0000  ,  0.0000
 51.1000  ,  0.5399  ,  0.8828  ,  0.2293  ,  0.5843  , -1.0601  ,  0.0943  ,  0.9707  ,  1.0727  ,  0.5560  , -0.6292  ,  0.0000  , 100.0000 ,  0.0000  ,  0.0000  ,  0.0000  ,  0.0000  ,  0.0000  , 100.0000 ,  0.0000  ,  0.0000  ,  0.0000  ,  0.0000
 51.1200  ,  0.5281  ,  0.8739  ,  0.2421  ,  0.5855  , -1.0744  ,  0.0919  ,  0.9570  ,  1.0745  ,  0.5486  , -0.6385  ,  0.0000  , 100.0000 ,  0.0000  ,  0.0000  ,  0.0000  ,  0.0000  ,  0.0000  , 100.0000 ,  0.0000  ,  0.0000  ,  0.0000  ,  0.0000
 51.1400  ,  0.4989  ,  0.8501  ,  0.2398  ,  0.5601  , -1.0926  ,  0.0879  ,  0.9236  ,  1.0738  ,  0.5227  , -0.6451  ,  0.0000  , 100.0000 ,  0.0000  ,  0.0000  ,  0.0000  ,  0.0000  ,  0.0000  , 100.0000 ,  0.0000  ,  0.0000  ,  0.0000  ,  0.0000
 51.1600  ,  0.4891  ,  0.8418  ,  0.2367  ,  0.5443  , -1.1031  ,  0.0867  ,  0.9126  ,  1.0614  ,  0.4994  , -0.6380  ,  0.0000  , 100.0000 ,  0.0000  ,  0.0000  ,  0.0000  ,  0.0000  ,  0.0000  , 100.0000 ,  0.0000  ,  0.0000  ,  0.0000  ,  0.0000
 51.1800  ,  0.4626  ,  0.8191  ,  0.2319  ,  0.5262  , -1.1076  ,  0.0827  ,  0.8766  ,  1.0687  ,  0.4962  , -0.6435  ,  0.0000  , 100.0000 ,  0.0000  ,  0.0000  ,  0.0000  ,  0.0000  ,  0.0000  , 100.0000 ,  0.0000  ,  0.0000  ,  0.0000  ,  0.0000
 51.2000  ,  0.4398  ,  0.8012  ,  0.2523  ,  0.5360  , -1.1170  ,  0.0796  ,  0.8527  ,  1.0730  ,  0.4963  , -0.6752  ,  0.0000  , 100.0000 ,  0.0000  ,  0.0000  ,  0.0000  ,  0.0000  ,  0.0000  , 100.0000 ,  0.0000  ,  0.0000  ,  0.0000  ,  0.0000
 51.2200  ,  0.4242  ,  0.7888  ,  0.2428  ,  0.5246  , -1.1624  ,  0.0774  ,  0.8364  ,  1.0622  ,  0.4773  , -0.7162  ,  0.0000  , 100.0000 ,  0.0000  ,  0.0000  ,  0.0000  ,  0.0000  ,  0.0000  , 100.0000 ,  0.0000  ,  0.0000  ,  0.0000  ,  0.0000
 51.2400  ,  0.3988  ,  0.7667  ,  0.2428  ,  0.5205  , -1.1930  ,  0.0707  ,  0.8107  ,  1.0404  ,  0.4628  , -0.7157  ,  0.0000  , 100.0000 ,  0.0000  ,  0.0000  ,  0.0000  ,  0.0000  ,  0.0000  , 100.0000 ,  0.0000  ,  0.0000  ,  0.0000  ,  0.0000
 51.2600  ,  0.3856  ,  0.7530  ,  0.2235  ,  0.5041  , -1.2300  ,  0.0665  ,  0.7936  ,  1.0201  ,  0.4479  , -0.7224  ,  0.0000  , 100.0000 ,  0.0000  ,  0.0000  ,  0.0000  ,  0.0000  ,  0.0000  , 100.0000 ,  0.0000  ,  0.0000  ,  0.0000  ,  0.0000
 51.2800  ,  0.3757  ,  0.7405  ,  0.2195  ,  0.4952  , -1.2289  ,  0.0626  ,  0.7767  ,  1.0107  ,  0.4435  , -0.7292  ,  0.0000  , 100.0000 ,  0.0000  ,  0.0000  ,  0.0000  ,  0.0000  ,  0.0000  , 100.0000 ,  0.0000  ,  0.0000  ,  0.0000  ,  0.0000
 51.3000  ,  0.3528  ,  0.7134  ,  0.2123  ,  0.4845  , -1.2384  ,  0.0537  ,  0.7428  ,  0.9984  ,  0.4426  , -0.7483  ,  0.0000  , 100.0000 ,  0.0000  ,  0.0000  ,  0.0000  ,  0.0000  ,  0.0000  , 100.0000 ,  0.0000  ,  0.0000  ,  0.0000  ,  0.0000
 51.3200  ,  0.3433  ,  0.7022  ,  0.1989  ,  0.4757  , -1.2835  ,  0.0498  ,  0.7293  ,  0.9660  ,  0.4244  , -0.7937  ,  0.0000  , 100.0000 ,  0.0000  ,  0.0000  ,  0.0000  ,  0.0000  ,  0.0000  , 100.0000 ,  0.0000  ,  0.0000  ,  0.0000  ,  0.0000
 51.3400  ,  0.3173  ,  0.6724  ,  0.1667  ,  0.4600  , -1.3144  ,  0.0443  ,  0.6940  ,  0.9408  ,  0.4064  , -0.8222  ,  0.0000  , 100.0000 ,  0.0000  ,  0.0000  ,  0.0000  ,  0.0000  ,  0.0000  , 100.0000 ,  0.0000  ,  0.0000  ,  0.0000  ,  0.0000
 51.3600  ,  0.3087  ,  0.6604  ,  0.1720  ,  0.4579  , -1.3671  ,  0.0430  ,  0.6834  ,  0.9478  ,  0.4106  , -0.8548  ,  0.0000  , 100.0000 ,  0.0000  ,  0.0000  ,  0.0000  ,  0.0000  ,  0.0000  , 100.0000 ,  0.0000  ,  0.0000  ,  0.0000  ,  0.0000
 51.3800  ,  0.3001  ,  0.6485  ,  0.1487  ,  0.4447  , -1.3833  ,  0.0415  ,  0.6728  ,  0.9190  ,  0.3912  , -0.8456  ,  0.0000  , 100.0000 ,  0.0000  ,  0.0000  ,  0.0000  ,  0.0000  ,  0.0000  , 100.0000 ,  0.0000  ,  0.0000  ,  0.0000  ,  0.0000
 51.4000  ,  0.2787  ,  0.6198  ,  0.1180  ,  0.4262  , -1.3933  ,  0.0369  ,  0.6420  ,  0.8700  ,  0.3654  , -0.8559  ,  0.0000  , 100.0000 ,  0.0000  ,  0.0000  ,  0.0000  ,  0.0000  ,  0.0000  , 100.0000 ,  0.0000  ,  0.0000  ,  0.0000  ,  0.0000
 51.4200  ,  0.2735  ,  0.6130  ,  0.1062  ,  0.4135  , -1.4320  ,  0.0357  ,  0.6341  ,  0.8689  ,  0.3607  , -0.9062  ,  0.0000  , 100.0000 ,  0.0000  ,  0.0000  ,  0.0000  ,  0.0000  ,  0.0000  , 100.0000 ,  0.0000  ,  0.0000  ,  0.0000  ,  0.0000
 51.4400  ,  0.2441  ,  0.5735  ,  0.1136  ,  0.4088  , -1.5160  ,  0.0319  ,  0.5945  ,  0.8583  ,  0.3499  , -0.9847  ,  0.0000  , 100.0000 ,  0.0000  ,  0.0000  ,  0.0000  ,  0.0000  ,  0.0000  , 100.0000 ,  0.0000  ,  0.0000  ,  0.0000  ,  0.0000
 51.4600  ,  0.2342  ,  0.5569  ,  0.1204  ,  0.4045  , -1.5310  ,  0.0324  ,  0.5799  ,  0.8649  ,  0.3450  , -0.9937  ,  0.0000  , 100.0000 ,  0.0000  ,  0.0000  ,  0.0000  ,  0.0000  ,  0.0000  , 100.0000 ,  0.0000  ,  0.0000  ,  0.0000  ,  0.0000
 51.4800  ,  0.2184  ,  0.5326  ,  0.1052  ,  0.3831  , -1.5609  ,  0.0319  ,  0.5586  ,  0.8553  ,  0.3257  , -1.0208  ,  0.0000  , 100.0000 ,  0.0000  ,  0.0000  ,  0.0000  ,  0.0000  ,  0.0000  , 100.0000 ,  0.0000  ,  0.0000  ,  0.0000  ,  0.0000
 51.5000  ,  0.2075  ,  0.5181  ,  0.1068  ,  0.3814  , -1.5609  ,  0.0295  ,  0.5465  ,  0.8356  ,  0.3173  , -1.0208  ,  0.0000  , 100.0000 ,  0.0000  ,  0.0000  ,  0.0000  ,  0.0000  ,  0.0000  , 100.0000 ,  0.0000  ,  0.0000  ,  0.0000  ,  0.0000
 51.5200  ,  0.1973  ,  0.5046  ,  0.0839  ,  0.3732  , -1.5958  ,  0.0271  ,  0.5351  ,  0.7864  ,  0.2970  , -1.0755  ,  0.0000  , 100.0000 ,  0.0000  ,  0.0000  ,  0.0000  ,  0.0000  ,  0.0000  , 100.0000 ,  0.0000  ,  0.0000  ,  0.0000  ,  0.0000
 51.5400  ,  0.1930  ,  0.4979  ,  0.0877  ,  0.3726  , -1.6296  ,  0.0252  ,  0.5276  ,  0.7951  ,  0.3023  , -1.0964  ,  0.0000  , 100.0000 ,  0.0000  ,  0.0000  ,  0.0000  ,  0.0000  ,  0.0000  , 100.0000 ,  0.0000  ,  0.0000  ,  0.0000  ,  0.0000
 51.5600  ,  0.1668  ,  0.4534  ,  0.1412  ,  0.3724  , -1.6661  ,  0.0159  ,  0.4795  ,  0.7861  ,  0.3203  , -1.1190  ,  0.0000  , 100.0000 ,  0.0000  ,  0.0000  ,  0.0000  ,  0.0000  ,  0.0000  , 100.0000 ,  0.0000  ,  0.0000  ,  0.0000  ,  0.0000
 51.5800  ,  0.1615  ,  0.4433  ,  0.1370  ,  0.3643  , -1.7171  ,  0.0147  ,  0.4693  ,  0.7972  ,  0.3115  , -1.1823  ,  0.0000  , 100.0000 ,  0.0000  ,  0.0000  ,  0.0000  ,  0.0000  ,  0.0000  , 100.0000 ,  0.0000  ,  0.0000  ,  0.0000  ,  0.0000
 51.6000  ,  0.1444  ,  0.4170  ,  0.1580  ,  0.3628  , -1.7130  ,  0.0066  ,  0.4457  ,  0.7607  ,  0.3072  , -1.1806  ,  0.0000  , 100.0000 ,  0.0000  ,  0.0000  ,  0.0000  ,  0.0000  ,  0.0000  , 100.0000 ,  0.0000  ,  0.0000  ,  0.0000  ,  0.0000
 51.6200  ,  0.1372  ,  0.4056  ,  0.1434  ,  0.3629  , -1.7706  ,  0.0019  ,  0.4337  ,  0.7453  ,  0.3154  , -1.2506  ,  0.0000  , 100.0000 ,  0.0000  ,  0.0000  ,  0.0000  ,  0.0000  ,  0.0000  , 100.0000 ,  0.0000  ,  0.0000  ,  0.0000  ,  0.0000
 51.6400  ,  0.1308  ,  0.3949  ,  0.1592  ,  0.3653  , -1.7979  , -0.0030  ,  0.4209  ,  0.7429  ,  0.3230  , -1.2781  ,  0.0000  , 100.0000 ,  0.0000  ,  0.0000  ,  0.0000  ,  0.0000  ,  0.0000  , 100.0000 ,  0.0000  ,  0.0000  ,  0.0000  ,  0.0000
 51.6600  ,  0.1165  ,  0.3707  ,  0.1730  ,  0.3654  , -1.8322  , -0.0117  ,  0.3933  ,  0.7279  ,  0.3387  , -1.3058  ,  0.0000  , 100.0000 ,  0.0000  ,  0.0000  ,  0.0000  ,  0.0000  ,  0.0000  , 100.0000 ,  0.0000  ,  0.0000  ,  0.0000  ,  0.0000
 51.6800  ,  0.1114  ,  0.3616  ,  0.1750  ,  0.3639  , -1.8861  , -0.0140  ,  0.3837  ,  0.7156  ,  0.3378  , -1.3550  ,  0.0000  , 100.0000 ,  0.0000  ,  0.0000  ,  0.0000  ,  0.0000  ,  0.0000  , 100.0000 ,  0.0000  ,  0.0000  ,  0.0000  ,  0.0000
 51.7000  ,  0.1041  ,  0.3502  ,  0.1622  ,  0.3692  , -1.8857  , -0.0162  ,  0.3734  ,  0.7141  ,  0.3377  , -1.3995  ,  0.0000  , 100.0000 ,  0.0000  ,  0.0000  ,  0.0000  ,  0.0000  ,  0.0000  , 100.0000 ,  0.0000  ,  0.0000  ,  0.0000  ,  0.0000
 51.7200  ,  0.0974  ,  0.3402  ,  0.1465  ,  0.3686  , -1.8803  , -0.0181  ,  0.3647  ,  0.6783  ,  0.3417  , -1.4109  ,  0.0000  , 100.0000 ,  0.0000  ,  0.0000  ,  0.0000  ,  0.0000  ,  0.0000  , 100.0000 ,  0.0000  ,  0.0000  ,  0.0000  ,  0.0000
 51.7400  ,  0.0885  ,  0.3256  ,  0.1555  ,  0.3696  , -1.8928  , -0.0243  ,  0.3451  ,  0.6765  ,  0.3577  , -1.4327  ,  0.0000  , 100.0000 ,  0.0000  ,  0.0000  ,  0.0000  ,  0.0000  ,  0.0000  , 100.0000 ,  0.0000  ,  0.0000  ,  0.0000  ,  0.0000
 51.7600  ,  0.0819  ,  0.3163  ,  0.1497  ,  0.3667  , -1.9766  , -0.0283  ,  0.3321  ,  0.6554  ,  0.3739  , -1.5353  ,  0.0000  , 100.0000 ,  0.0000  ,  0.0000  ,  0.0000  ,  0.0000  ,  0.0000  , 100.0000 ,  0.0000  ,  0.0000  ,  0.0000  ,  0.0000
 51.7800  ,  0.0775  ,  0.3107  ,  0.1299  ,  0.3748  , -2.0236  , -0.0306  ,  0.3242  ,  0.6527  ,  0.3755  , -1.5678  ,  0.0000  , 100.0000 ,  0.0000  ,  0.0000  ,  0.0000  ,  0.0000  ,  0.0000  , 100.0000 ,  0.0000  ,  0.0000  ,  0.0000  ,  0.0000
 51.8000  ,  0.0724  ,  0.3035  ,  0.1226  ,  0.3770  , -2.0472  , -0.0344  ,  0.3158  ,  0.6440  ,  0.3846  , -1.5919  ,  0.0000  , 100.0000 ,  0.0000  ,  0.0000  ,  0.0000  ,  0.0000  ,  0.0000  , 100.0000 ,  0.0000  ,  0.0000  ,  0.0000  ,  0.0000
 51.8200  ,  0.0684  ,  0.2978  ,  0.1117  ,  0.3771  , -2.0379  , -0.0375  ,  0.3094  ,  0.6138  ,  0.3935  , -1.5921  ,  0.0000  , 100.0000 ,  0.0000  ,  0.0000  ,  0.0000  ,  0.0000  ,  0.0000  , 100.0000 ,  0.0000  ,  0.0000  ,  0.0000  ,  0.0000
 51.8400  ,  0.0623  ,  0.2918  ,  0.1097  ,  0.3824  , -2.0271  , -0.0415  ,  0.2999  ,  0.6021  ,  0.4063  , -1.5949  ,  0.0000  , 100.0000 ,  0.0000  ,  0.0000  ,  0.0000  ,  0.0000  ,  0.0000  , 100.0000 ,  0.0000  ,  0.0000  ,  0.0000  ,  0.0000
 51.8600  ,  0.0557  ,  0.2855  ,  0.0931  ,  0.3873  , -2.0422  , -0.0444  ,  0.2892  ,  0.5809  ,  0.4202  , -1.6777  ,  0.0000  , 100.0000 ,  0.0000  ,  0.0000  ,  0.0000  ,  0.0000  ,  0.0000  , 100.0000 ,  0.0000  ,  0.0000  ,  0.0000  ,  0.0000
 51.8800  ,  0.0516  ,  0.2818  ,  0.0703  ,  0.3943  , -2.0627  , -0.0450  ,  0.2823  ,  0.5809  ,  0.4284  , -1.7233  ,  0.0000  , 100.0000 ,  0.0000  ,  0.0000  ,  0.0000  ,  0.0000  ,  0.0000  , 100.0000 ,  0.0000  ,  0.0000  ,  0.0000  ,  0.0000
 51.9000  ,  0.0493  ,  0.2761  ,  0.0581  ,  0.3979  , -2.1313  , -0.0469  ,  0.2766  ,  0.5635  ,  0.4388  , -1.7231  ,  0.0000  , 100.0000 ,  0.0000  ,  0.0000  ,  0.0000  ,  0.0000  ,  0.0000  , 100.0000 ,  0.0000  ,  0.0000  ,  0.0000  ,  0.0000
 51.9200  ,  0.0480  ,  0.2733  ,  0.0539  ,  0.4003  , -2.1496  , -0.0472  ,  0.2741  ,  0.5497  ,  0.4428  , -1.6979  ,  0.0000  , 100.0000 ,  0.0000  ,  0.0000  ,  0.0000  ,  0.0000  ,  0.0000  , 100.0000 ,  0.0000  ,  0.0000  ,  0.0000  ,  0.0000
 51.9400  ,  0.0465  ,  0.2704  ,  0.0484  ,  0.4031  , -2.1118  , -0.0470  ,  0.2714  ,  0.5344  ,  0.4467  , -1.7008  ,  0.0000  , 100.0000 ,  0.0000  ,  0.0000  ,  0.0000  ,  0.0000  ,  0.0000  , 100.0000 ,  0.0000  ,  0.0000  ,  0.0000  ,  0.0000
 51.9600  ,  0.0441  ,  0.2666  ,  0.0333  ,  0.4095  , -2.0867  , -0.0458  ,  0.2656  ,  0.5051  ,  0.4619  , -1.7339  ,  0.0000  , 100.0000 ,  0.0000  ,  0.0000  ,  0.0000  ,  0.0000  ,  0.0000  , 100.0000 ,  0.0000  ,  0.0000  ,  0.0000  ,  0.0000
 51.9800  ,  0.0433  ,  0.2655  ,  0.0286  ,  0.4112  , -2.0490  , -0.0450  ,  0.2629  ,  0.5022  ,  0.4669  , -1.7962  ,  0.0000  , 100.0000 ,  0.0000  ,  0.0000  ,  0.0000  ,  0.0000  ,  0.0000  , 100.0000 ,  0.0000  ,  0.0000  ,  0.0000  ,  0.0000
 52.0000  ,  0.0414  ,  0.2630  ,  0.0159  ,  0.4152  , -2.0448  , -0.0433  ,  0.2585  ,  0.4884  ,  0.4780  , -1.8228  ,  0.0000  , 100.0000 ,  0.0000  ,  0.0000  ,  0.0000  ,  0.0000  ,  0.0000  , 100.0000 ,  0.0000  ,  0.0000  ,  0.0000  ,  0.0000
 52.0200  ,  0.0401  ,  0.2613  , -0.0073  ,  0.4289  , -2.0483  , -0.0420  ,  0.2558  ,  0.4586  ,  0.4925  , -1.8367  ,  0.0000  , 100.0000 ,  0.0000  ,  0.0000  ,  0.0000  ,  0.0000  ,  0.0000  , 100.0000 ,  0.0000  ,  0.0000  ,  0.0000  ,  0.0000
 52.0400  ,  0.0405  ,  0.2603  , -0.0144  ,  0.4297  , -2.1386  , -0.0405  ,  0.2559  ,  0.4462  ,  0.4925  , -1.7953  ,  0.0000  , 100.0000 ,  0.0000  ,  0.0000  ,  0.0000  ,  0.0000  ,  0.0000  , 100.0000 ,  0.0000  ,  0.0000  ,  0.0000  ,  0.0000
 52.0600  ,  0.0410  ,  0.2577  , -0.0415  ,  0.4334  , -2.1420  , -0.0373  ,  0.2544  ,  0.4094  ,  0.4985  , -1.8005  ,  0.0000  , 100.0000 ,  0.0000  ,  0.0000  ,  0.0000  ,  0.0000  ,  0.0000  , 100.0000 ,  0.0000  ,  0.0000  ,  0.0000  ,  0.0000
 52.0800  ,  0.0410  ,  0.2569  , -0.0519  ,  0.4349  , -2.1192  , -0.0366  ,  0.2536  ,  0.3951  ,  0.5029  , -1.8549  ,  0.0000  , 100.0000 ,  0.0000  ,  0.0000  ,  0.0000  ,  0.0000  ,  0.0000  , 100.0000 ,  0.0000  ,  0.0000  ,  0.0000  ,  0.0000
 52.1000  ,  0.0418  ,  0.2545  , -0.0740  ,  0.4323  , -2.1029  , -0.0333  ,  0.2501  ,  0.3607  ,  0.5137  , -1.8913  ,  0.0000  , 100.0000 ,  0.0000  ,  0.0000  ,  0.0000  ,  0.0000  ,  0.0000  , 100.0000 ,  0.0000  ,  0.0000  ,  0.0000  ,  0.0000
 52.1200  ,  0.0426  ,  0.2517  , -0.0984  ,  0.4346  , -2.0884  , -0.0298  ,  0.2476  ,  0.3220  ,  0.5209  , -1.8746  ,  0.0000  , 100.0000 ,  0.0000  ,  0.0000  ,  0.0000  ,  0.0000  ,  0.0000  , 100.0000 ,  0.0000  ,  0.0000  ,  0.0000  ,  0.0000
 52.1400  ,  0.0428  ,  0.2506  , -0.1086  ,  0.4384  , -2.0914  , -0.0285  ,  0.2469  ,  0.3064  ,  0.5263  , -1.8554  ,  0.0000  , 100.0000 ,  0.0000  ,  0.0000  ,  0.0000  ,  0.0000  ,  0.0000  , 100.0000 ,  0.0000  ,  0.0000  ,  0.0000  ,  0.0000
 52.1600  ,  0.0432  ,  0.2473  , -0.1293  ,  0.4398  , -2.0753  , -0.0263  ,  0.2441  ,  0.2830  ,  0.5298  , -1.8319  ,  0.0000  , 100.0000 ,  0.0000  ,  0.0000  ,  0.0000  ,  0.0000  ,  0.0000  , 100.0000 ,  0.0000  ,  0.0000  ,  0.0000  ,  0.0000
 52.1800  ,  0.0439  ,  0.2436  , -0.1523  ,  0.4404  , -2.0526  , -0.0237  ,  0.2405  ,  0.2482  ,  0.5359  , -1.8353  ,  0.0000  , 100.0000 ,  0.0000  ,  0.0000  ,  0.0000  ,  0.0000  ,  0.0000  , 100.0000 ,  0.0000  ,  0.0000  ,  0.0000  ,  0.0000
 52.2000  ,  0.0445  ,  0.2415  , -0.1661  ,  0.4403  , -2.0526  , -0.0221  ,  0.2383  ,  0.2340  ,  0.5382  , -1.8353  ,  0.0000  , 100.0000 ,  0.0000  ,  0.0000  ,  0.0000  ,  0.0000  ,  0.0000  , 100.0000 ,  0.0000  ,  0.0000  ,  0.0000  ,  0.0000
 52.2200  ,  0.0451  ,  0.2375  , -0.1922  ,  0.4459  , -2.0202  , -0.0191  ,  0.2345  ,  0.1978  ,  0.5409  , -1.8430  ,  0.0000  , 100.0000 ,  0.0000  ,  0.0000  ,  0.0000  ,  0.0000  ,  0.0000  , 100.0000 ,  0.0000  ,  0.0000  ,  0.0000  ,  0.0000
 52.2400  ,  0.0452  ,  0.2356  , -0.1991  ,  0.4467  , -2.0118  , -0.0175  ,  0.2326  ,  0.1871  ,  0.5419  , -1.8328  ,  0.0000  , 100.0000 ,  0.0000  ,  0.0000  ,  0.0000  ,  0.0000  ,  0.0000  , 100.0000 ,  0.0000  ,  0.0000  ,  0.0000  ,  0.0000
 52.2600  ,  0.0448  ,  0.2313  , -0.2105  ,  0.4489  , -1.9952  , -0.0151  ,  0.2283  ,  0.1727  ,  0.5441  , -1.8135  ,  0.0000  , 100.0000 ,  0.0000  ,  0.0000  ,  0.0000  ,  0.0000  ,  0.0000  , 100.0000 ,  0.0000  ,  0.0000  ,  0.0000  ,  0.0000
 52.2800  ,  0.0440  ,  0.2240  , -0.2211  ,  0.4548  , -1.9758  , -0.0117  ,  0.2213  ,  0.1488  ,  0.5535  , -1.8041  ,  0.0000  , 100.0000 ,  0.0000  ,  0.0000  ,  0.0000  ,  0.0000  ,  0.0000  , 100.0000 ,  0.0000  ,  0.0000  ,  0.0000  ,  0.0000
 52.3000  ,  0.0438  ,  0.2212  , -0.2306  ,  0.4566  , -1.9678  , -0.0101  ,  0.2190  ,  0.1393  ,  0.5547  , -1.8123  ,  0.0000  , 100.0000 ,  0.0000  ,  0.0000  ,  0.0000  ,  0.0000  ,  0.0000  , 100.0000 ,  0.0000  ,  0.0000  ,  0.0000  ,  0.0000
 52.3200  ,  0.0432  ,  0.2162  , -0.2421  ,  0.4605  , -1.9570  , -0.0075  ,  0.2138  ,  0.1265  ,  0.5583  , -1.8220  ,  0.0000  , 100.0000 ,  0.0000  ,  0.0000  ,  0.0000  ,  0.0000  ,  0.0000  , 100.0000 ,  0.0000  ,  0.0000  ,  0.0000  ,  0.0000
 52.3400  ,  0.0430  ,  0.2148  , -0.2467  ,  0.4620  , -1.9457  , -0.0068  ,  0.2122  ,  0.1223  ,  0.5597  , -1.8252  ,  0.0000  , 100.0000 ,  0.0000  ,  0.0000  ,  0.0000  ,  0.0000  ,  0.0000  , 100.0000 ,  0.0000  ,  0.0000  ,  0.0000  ,  0.0000
 52.3600  ,  0.0425  ,  0.2125  , -0.2498  ,  0.4635  , -1.9498  , -0.0059  ,  0.2095  ,  0.1210  ,  0.5561  , -1.8239  ,  0.0000  , 100.0000 ,  0.0000  ,  0.0000  ,  0.0000  ,  0.0000  ,  0.0000  , 100.0000 ,  0.0000  ,  0.0000  ,  0.0000  ,  0.0000
 52.3800  ,  0.0412  ,  0.2079  , -0.2533  ,  0.4683  , -1.9407  , -0.0043  ,  0.2041  ,  0.1213  ,  0.5568  , -1.8209  ,  0.0000  , 100.0000 ,  0.0000  ,  0.0000  ,  0.0000  ,  0.0000  ,  0.0000  , 100.0000 ,  0.0000  ,  0.0000  ,  0.0000  ,  0.0000
 52.4000  ,  0.0409  ,  0.2064  , -0.2518  ,  0.4694  , -1.9407  , -0.0038  ,  0.2025  ,  0.1211  ,  0.5565  , -1.8209  ,  0.0000  , 100.0000 ,  0.0000  ,  0.0000  ,  0.0000  ,  0.0000  ,  0.0000  , 100.0000 ,  0.0000  ,  0.0000  ,  0.0000  ,  0.0000
 52.4200  ,  0.0396  ,  0.2023  , -0.2480  ,  0.4679  , -1.9325  , -0.0030  ,  0.1983  ,  0.1283  ,  0.5556  , -1.8253  ,  0.0000  , 100.0000 ,  0.0000  ,  0.0000  ,  0.0000  ,  0.0000  ,  0.0000  , 100.0000 ,  0.0000  ,  0.0000  ,  0.0000  ,  0.0000
 52.4400  ,  0.0395  ,  0.2019  , -0.2472  ,  0.4682  , -1.9342  , -0.0029  ,  0.1978  ,  0.1293  ,  0.5555  , -1.8333  ,  0.0000  , 100.0000 ,  0.0000  ,  0.0000  ,  0.0000  ,  0.0000  ,  0.0000  , 100.0000 ,  0.0000  ,  0.0000  ,  0.0000  ,  0.0000
 52.4600  ,  0.0384  ,  0.2005  , -0.2439  ,  0.4701  , -1.9356  , -0.0042  ,  0.1955  ,  0.1359  ,  0.5572  , -1.8369  ,  0.0000  , 100.0000 ,  0.0000  ,  0.0000  ,  0.0000  ,  0.0000  ,  0.0000  , 100.0000 ,  0.0000  ,  0.0000  ,  0.0000  ,  0.0000
 52.4800  ,  0.0371  ,  0.1988  , -0.2342  ,  0.4751  , -1.9371  , -0.0062  ,  0.1932  ,  0.1544  ,  0.5506  , -1.8386  ,  0.0000  , 100.0000 ,  0.0000  ,  0.0000  ,  0.0000  ,  0.0000  ,  0.0000  , 100.0000 ,  0.0000  ,  0.0000  ,  0.0000  ,  0.0000
 52.5000  ,  0.0371  ,  0.1986  , -0.2329  ,  0.4751  , -1.9384  , -0.0064  ,  0.1930  ,  0.1557  ,  0.5505  , -1.8383  ,  0.0000  , 100.0000 ,  0.0000  ,  0.0000  ,  0.0000  ,  0.0000  ,  0.0000  , 100.0000 ,  0.0000  ,  0.0000  ,  0.0000  ,  0.0000
 52.5200  ,  0.0371  ,  0.1986  , -0.2329  ,  0.4751  , -1.9384  , -0.0064  ,  0.1930  ,  0.1557  ,  0.5505  , -1.8383  ,  0.0000  , 100.0000 ,  0.0000  ,  0.0000  ,  0.0000  ,  0.0000  ,  0.0000  , 100.0000 ,  0.0000  ,  0.0000  ,  0.0000  ,  0.0000
 52.5400  ,  0.0373  ,  0.1969  , -0.2195  ,  0.4734  , -1.9504  , -0.0077  ,  0.1922  ,  0.1689  ,  0.5470  , -1.8522  ,  0.0000  , 100.0000 ,  0.0000  ,  0.0000  ,  0.0000  ,  0.0000  ,  0.0000  , 100.0000 ,  0.0000  ,  0.0000  ,  0.0000  ,  0.0000
 52.5600  ,  0.0371  ,  0.1965  , -0.2069  ,  0.4712  , -1.9597  , -0.0092  ,  0.1923  ,  0.1776  ,  0.5496  , -1.8607  ,  0.0000  , 100.0000 ,  0.0000  ,  0.0000  ,  0.0000  ,  0.0000  ,  0.0000  , 100.0000 ,  0.0000  ,  0.0000  ,  0.0000  ,  0.0000
 52.5800  ,  0.0366  ,  0.1967  , -0.1994  ,  0.4714  , -1.9604  , -0.0106  ,  0.1924  ,  0.1849  ,  0.5483  , -1.8636  ,  0.0000  , 100.0000 ,  0.0000  ,  0.0000  ,  0.0000  ,  0.0000  ,  0.0000  , 100.0000 ,  0.0000  ,  0.0000  ,  0.0000  ,  0.0000
 52.6000  ,  0.0359  ,  0.1972  , -0.1943  ,  0.4719  , -1.9675  , -0.0121  ,  0.1923  ,  0.1917  ,  0.5462  , -1.8721  ,  0.0000  , 100.0000 ,  0.0000  ,  0.0000  ,  0.0000  ,  0.0000  ,  0.0000  , 100.0000 ,  0.0000  ,  0.0000  ,  0.0000  ,  0.0000
 52.6200  ,  0.0350  ,  0.1975  , -0.1871  ,  0.4731  , -1.9704  , -0.0138  ,  0.1924  ,  0.1996  ,  0.5445  , -1.8751  ,  0.0000  , 100.0000 ,  0.0000  ,  0.0000  ,  0.0000  ,  0.0000  ,  0.0000  , 100.0000 ,  0.0000  ,  0.0000  ,  0.0000  ,  0.0000
 52.6400  ,  0.0349  ,  0.1977  , -0.1846  ,  0.4726  , -1.9744  , -0.0143  ,  0.1925  ,  0.2019  ,  0.5437  , -1.8785  ,  0.0000  , 100.0000 ,  0.0000  ,  0.0000  ,  0.0000  ,  0.0000  ,  0.0000  , 100.0000 ,  0.0000  ,  0.0000  ,  0.0000  ,  0.0000
 52.6600  ,  0.0352  ,  0.1982  , -0.1812  ,  0.4711  , -1.9754  , -0.0151  ,  0.1929  ,  0.2048  ,  0.5423  , -1.8777  ,  0.0000  , 100.0000 ,  0.0000  ,  0.0000  ,  0.0000  ,  0.0000  ,  0.0000  , 100.0000 ,  0.0000  ,  0.0000  ,  0.0000  ,  0.0000
 52.6800  ,  0.0351  ,  0.1987  , -0.1729  ,  0.4699  , -1.9769  , -0.0159  ,  0.1936  ,  0.2076  ,  0.5410  , -1.8772  ,  0.0000  , 100.0000 ,  0.0000  ,  0.0000  ,  0.0000  ,  0.0000  ,  0.0000  , 100.0000 ,  0.0000  ,  0.0000  ,  0.0000  ,  0.0000
 52.7000  ,  0.0350  ,  0.1989  , -0.1704  ,  0.4693  , -1.9781  , -0.0162  ,  0.1940  ,  0.2080  ,  0.5397  , -1.8780  ,  0.0000  , 100.0000 ,  0.0000  ,  0.0000  ,  0.0000  ,  0.0000  ,  0.0000  , 100.0000 ,  0.0000  ,  0.0000  ,  0.0000  ,  0.0000
 52.7200  ,  0.0343  ,  0.1997  , -0.1676  ,  0.4688  , -1.9784  , -0.0174  ,  0.1942  ,  0.2088  ,  0.5388  , -1.8789  ,  0.0000  , 100.0000 ,  0.0000  ,  0.0000  ,  0.0000  ,  0.0000  ,  0.0000  , 100.0000 ,  0.0000  ,  0.0000  ,  0.0000  ,  0.0000
 52.7400  ,  0.0337  ,  0.2001  , -0.1689  ,  0.4708  , -1.9746  , -0.0193  ,  0.1941  ,  0.2131  ,  0.5340  , -1.8810  ,  0.0000  , 100.0000 ,  0.0000  ,  0.0000  ,  0.0000  ,  0.0000  ,  0.0000  , 100.0000 ,  0.0000  ,  0.0000  ,  0.0000  ,  0.0000
 52.7600  ,  0.0335  ,  0.2001  , -0.1669  ,  0.4703  , -1.9709  , -0.0199  ,  0.1940  ,  0.2129  ,  0.5342  , -1.8810  ,  0.0000  , 100.0000 ,  0.0000  ,  0.0000  ,  0.0000  ,  0.0000  ,  0.0000  , 100.0000 ,  0.0000  ,  0.0000  ,  0.0000  ,  0.0000
 52.7800  ,  0.0329  ,  0.2005  , -0.1658  ,  0.4703  , -1.9699  , -0.0213  ,  0.1945  ,  0.2098  ,  0.5351  , -1.8811  ,  0.0000  , 100.0000 ,  0.0000  ,  0.0000  ,  0.0000  ,  0.0000  ,  0.0000  , 100.0000 ,  0.0000  ,  0.0000  ,  0.0000  ,  0.0000
 52.8000  ,  0.0327  ,  0.2007  , -0.1619  ,  0.4642  , -1.9708  , -0.0221  ,  0.1947  ,  0.2036  ,  0.5408  , -1.8815  ,  0.0000  , 100.0000 ,  0.0000  ,  0.0000  ,  0.0000  ,  0.0000  ,  0.0000  , 100.0000 ,  0.0000  ,  0.0000  ,  0.0000  ,  0.0000
 52.8200  ,  0.0315  ,  0.2016  , -0.1628  ,  0.4651  , -1.9663  , -0.0233  ,  0.1947  ,  0.2001  ,  0.5414  , -1.8806  ,  0.0000  , 100.0000 ,  0.0000  ,  0.0000  ,  0.0000  ,  0.0000  ,  0.0000  , 100.0000 ,  0.0000  ,  0.0000  ,  0.0000  ,  0.0000
 52.8400  ,  0.0309  ,  0.2020  , -0.1634  ,  0.4657  , -1.9625  , -0.0239  ,  0.1947  ,  0.1981  ,  0.5419  , -1.8804  ,  0.0000  , 100.0000 ,  0.0000  ,  0.0000  ,  0.0000  ,  0.0000  ,  0.0000  , 100.0000 ,  0.0000  ,  0.0000  ,  0.0000  ,  0.0000
 52.8600  ,  0.0295  ,  0.2027  , -0.1644  ,  0.4685  , -1.9589  , -0.0251  ,  0.1944  ,  0.1950  ,  0.5417  , -1.8803  ,  0.0000  , 100.0000 ,  0.0000  ,  0.0000  ,  0.0000  ,  0.0000  ,  0.0000  , 100.0000 ,  0.0000  ,  0.0000  ,  0.0000  ,  0.0000
 52.8800  ,  0.0293  ,  0.2030  , -0.1656  ,  0.4686  , -1.9534  , -0.0256  ,  0.1942  ,  0.1935  ,  0.5424  , -1.8794  ,  0.0000  , 100.0000 ,  0.0000  ,  0.0000  ,  0.0000  ,  0.0000  ,  0.0000  , 100.0000 ,  0.0000  ,  0.0000  ,  0.0000  ,  0.0000
 52.9000  ,  0.0292  ,  0.2035  , -0.1672  ,  0.4684  , -1.9511  , -0.0260  ,  0.1938  ,  0.1915  ,  0.5431  , -1.8791  ,  0.0000  , 100.0000 ,  0.0000  ,  0.0000  ,  0.0000  ,  0.0000  ,  0.0000  , 100.0000 ,  0.0000  ,  0.0000  ,  0.0000  ,  0.0000
 52.9200  ,  0.0299  ,  0.2041  , -0.1714  ,  0.4667  , -1.9493  , -0.0261  ,  0.1931  ,  0.1903  ,  0.5426  , -1.8785  ,  0.0000  , 100.0000 ,  0.0000  ,  0.0000  ,  0.0000  ,  0.0000  ,  0.0000  , 100.0000 ,  0.0000  ,  0.0000  ,  0.0000  ,  0.0000
 52.9400  ,  0.0301  ,  0.2044  , -0.1727  ,  0.4651  , -1.9484  , -0.0270  ,  0.1923  ,  0.1910  ,  0.5397  , -1.8769  ,  0.0000  , 100.0000 ,  0.0000  ,  0.0000  ,  0.0000  ,  0.0000  ,  0.0000  , 100.0000 ,  0.0000  ,  0.0000  ,  0.0000  ,  0.0000
 52.9600  ,  0.0296  ,  0.2050  , -0.1756  ,  0.4658  , -1.9473  , -0.0283  ,  0.1916  ,  0.1904  ,  0.5414  , -1.8740  ,  0.0000  , 100.0000 ,  0.0000  ,  0.0000  ,  0.0000  ,  0.0000  ,  0.0000  , 100.0000 ,  0.0000  ,  0.0000  ,  0.0000  ,  0.0000
 52.9800  ,  0.0286  ,  0.2057  , -0.1771  ,  0.4679  , -1.9473  , -0.0297  ,  0.1905  ,  0.1910  ,  0.5432  , -1.8740  ,  0.0000  , 100.0000 ,  0.0000  ,  0.0000  ,  0.0000  ,  0.0000  ,  0.0000  , 100.0000 ,  0.0000  ,  0.0000  ,  0.0000  ,  0.0000
 53.0000  ,  0.0275  ,  0.2064  , -0.1835  ,  0.4722  , -1.9460  , -0.0312  ,  0.1896  ,  0.1873  ,  0.5479  , -1.8727  ,  0.0000  , 100.0000 ,  0.0000  ,  0.0000  ,  0.0000  ,  0.0000  ,  0.0000  , 100.0000 ,  0.0000  ,  0.0000  ,  0.0000  ,  0.0000
 53.0200  ,  0.0269  ,  0.2066  , -0.1838  ,  0.4738  , -1.9462  , -0.0316  ,  0.1898  ,  0.1846  ,  0.5472  , -1.8701  ,  0.0000  , 100.0000 ,  0.0000  ,  0.0000  ,  0.0000  ,  0.0000  ,  0.0000  , 100.0000 ,  0.0000  ,  0.0000  ,  0.0000  ,  0.0000
 53.0400  ,  0.0261  ,  0.2069  , -0.1840  ,  0.4758  , -1.9459  , -0.0324  ,  0.1897  ,  0.1814  ,  0.5463  , -1.8696  ,  0.0000  , 100.0000 ,  0.0000  ,  0.0000  ,  0.0000  ,  0.0000  ,  0.0000  , 100.0000 ,  0.0000  ,  0.0000  ,  0.0000  ,  0.0000
 53.0600  ,  0.0259  ,  0.2071  , -0.1843  ,  0.4768  , -1.9482  , -0.0329  ,  0.1893  ,  0.1818  ,  0.5442  , -1.8615  ,  0.0000  , 100.0000 ,  0.0000  ,  0.0000  ,  0.0000  ,  0.0000  ,  0.0000  , 100.0000 ,  0.0000  ,  0.0000  ,  0.0000  ,  0.0000
 53.0800  ,  0.0251  ,  0.2079  , -0.1823  ,  0.4769  , -1.9500  , -0.0341  ,  0.1886  ,  0.1817  ,  0.5446  , -1.8608  ,  0.0000  , 100.0000 ,  0.0000  ,  0.0000  ,  0.0000  ,  0.0000  ,  0.0000  , 100.0000 ,  0.0000  ,  0.0000  ,  0.0000  ,  0.0000
 53.1000  ,  0.0250  ,  0.2080  , -0.1824  ,  0.4771  , -1.9500  , -0.0343  ,  0.1885  ,  0.1818  ,  0.5448  , -1.8608  ,  0.0000  , 100.0000 ,  0.0000  ,  0.0000  ,  0.0000  ,  0.0000  ,  0.0000  , 100.0000 ,  0.0000  ,  0.0000  ,  0.0000  ,  0.0000
 53.1200  ,  0.0246  ,  0.2087  , -0.1833  ,  0.4753  , -1.9525  , -0.0361  ,  0.1885  ,  0.1761  ,  0.5459  , -1.8600  ,  0.0000  , 100.0000 ,  0.0000  ,  0.0000  ,  0.0000  ,  0.0000  ,  0.0000  , 100.0000 ,  0.0000  ,  0.0000  ,  0.0000  ,  0.0000
 53.1400  ,  0.0247  ,  0.2086  , -0.1830  ,  0.4752  , -1.9556  , -0.0363  ,  0.1885  ,  0.1761  ,  0.5459  , -1.8566  ,  0.0000  , 100.0000 ,  0.0000  ,  0.0000  ,  0.0000  ,  0.0000  ,  0.0000  , 100.0000 ,  0.0000  ,  0.0000  ,  0.0000  ,  0.0000
 53.1600  ,  0.0251  ,  0.2086  , -0.1817  ,  0.4740  , -1.9556  , -0.0368  ,  0.1883  ,  0.1760  ,  0.5463  , -1.8567  ,  0.0000  , 100.0000 ,  0.0000  ,  0.0000  ,  0.0000  ,  0.0000  ,  0.0000  , 100.0000 ,  0.0000  ,  0.0000  ,  0.0000  ,  0.0000
 53.1800  ,  0.0245  ,  0.2088  , -0.1808  ,  0.4744  , -1.9564  , -0.0387  ,  0.1881  ,  0.1759  ,  0.5489  , -1.8575  ,  0.0000  , 100.0000 ,  0.0000  ,  0.0000  ,  0.0000  ,  0.0000  ,  0.0000  , 100.0000 ,  0.0000  ,  0.0000  ,  0.0000  ,  0.0000
 53.2000  ,  0.0241  ,  0.2090  , -0.1754  ,  0.4710  , -1.9564  , -0.0395  ,  0.1882  ,  0.1733  ,  0.5467  , -1.8575  ,  0.0000  , 100.0000 ,  0.0000  ,  0.0000  ,  0.0000  ,  0.0000  ,  0.0000  , 100.0000 ,  0.0000  ,  0.0000  ,  0.0000  ,  0.0000
 53.2200  ,  0.0235  ,  0.2092  , -0.1730  ,  0.4710  , -1.9588  , -0.0408  ,  0.1886  ,  0.1720  ,  0.5488  , -1.8568  ,  0.0000  , 100.0000 ,  0.0000  ,  0.0000  ,  0.0000  ,  0.0000  ,  0.0000  , 100.0000 ,  0.0000  ,  0.0000  ,  0.0000  ,  0.0000
 53.2400  ,  0.0224  ,  0.2089  , -0.1695  ,  0.4720  , -1.9617  , -0.0420  ,  0.1886  ,  0.1722  ,  0.5513  , -1.8540  ,  0.0000  , 100.0000 ,  0.0000  ,  0.0000  ,  0.0000  ,  0.0000  ,  0.0000  , 100.0000 ,  0.0000  ,  0.0000  ,  0.0000  ,  0.0000
 53.2600  ,  0.0219  ,  0.2088  , -0.1678  ,  0.4724  , -1.9619  , -0.0427  ,  0.1886  ,  0.1726  ,  0.5526  , -1.8499  ,  0.0000  , 100.0000 ,  0.0000  ,  0.0000  ,  0.0000  ,  0.0000  ,  0.0000  , 100.0000 ,  0.0000  ,  0.0000  ,  0.0000  ,  0.0000
 53.2800  ,  0.0221  ,  0.2086  , -0.1640  ,  0.4714  , -1.9605  , -0.0431  ,  0.1886  ,  0.1725  ,  0.5548  , -1.8477  ,  0.0000  , 100.0000 ,  0.0000  ,  0.0000  ,  0.0000  ,  0.0000  ,  0.0000  , 100.0000 ,  0.0000  ,  0.0000  ,  0.0000  ,  0.0000
 53.3000  ,  0.0222  ,  0.2085  , -0.1626  ,  0.4699  , -1.9571  , -0.0431  ,  0.1885  ,  0.1735  ,  0.5556  , -1.8466  ,  0.0000  , 100.0000 ,  0.0000  ,  0.0000  ,  0.0000  ,  0.0000  ,  0.0000  , 100.0000 ,  0.0000  ,  0.0000  ,  0.0000  ,  0.0000
 53.3200  ,  0.0221  ,  0.2083  , -0.1612  ,  0.4697  , -1.9568  , -0.0429  ,  0.1885  ,  0.1743  ,  0.5552  , -1.8468  ,  0.0000  , 100.0000 ,  0.0000  ,  0.0000  ,  0.0000  ,  0.0000  ,  0.0000  , 100.0000 ,  0.0000  ,  0.0000  ,  0.0000  ,  0.0000
 53.3400  ,  0.0210  ,  0.2081  , -0.1517  ,  0.4654  , -1.9565  , -0.0427  ,  0.1887  ,  0.1712  ,  0.5528  , -1.8470  ,  0.0000  , 100.0000 ,  0.0000  ,  0.0000  ,  0.0000  ,  0.0000  ,  0.0000  , 100.0000 ,  0.0000  ,  0.0000  ,  0.0000  ,  0.0000
 53.3600  ,  0.0204  ,  0.2081  , -0.1505  ,  0.4660  , -1.9556  , -0.0430  ,  0.1888  ,  0.1713  ,  0.5535  , -1.8473  ,  0.0000  , 100.0000 ,  0.0000  ,  0.0000  ,  0.0000  ,  0.0000  ,  0.0000  , 100.0000 ,  0.0000  ,  0.0000  ,  0.0000  ,  0.0000
 53.3800  ,  0.0194  ,  0.2083  , -0.1483  ,  0.4684  , -1.9522  , -0.0434  ,  0.1889  ,  0.1724  ,  0.5552  , -1.8407  ,  0.0000  , 100.0000 ,  0.0000  ,  0.0000  ,  0.0000  ,  0.0000  ,  0.0000  , 100.0000 ,  0.0000  ,  0.0000  ,  0.0000  ,  0.0000
 53.4000  ,  0.0191  ,  0.2084  , -0.1476  ,  0.4714  , -1.9522  , -0.0434  ,  0.1889  ,  0.1708  ,  0.5487  , -1.8407  ,  0.0000  , 100.0000 ,  0.0000  ,  0.0000  ,  0.0000  ,  0.0000  ,  0.0000  , 100.0000 ,  0.0000  ,  0.0000  ,  0.0000  ,  0.0000
 53.4200  ,  0.0196  ,  0.2083  , -0.1465  ,  0.4702  , -1.9507  , -0.0435  ,  0.1896  ,  0.1695  ,  0.5483  , -1.8357  ,  0.0000  , 100.0000 ,  0.0000  ,  0.0000  ,  0.0000  ,  0.0000  ,  0.0000  , 100.0000 ,  0.0000  ,  0.0000  ,  0.0000  ,  0.0000
 53.4400  ,  0.0200  ,  0.2083  , -0.1467  ,  0.4698  , -1.9498  , -0.0430  ,  0.1898  ,  0.1700  ,  0.5473  , -1.8351  ,  0.0000  , 100.0000 ,  0.0000  ,  0.0000  ,  0.0000  ,  0.0000  ,  0.0000  , 100.0000 ,  0.0000  ,  0.0000  ,  0.0000  ,  0.0000
 53.4600  ,  0.0202  ,  0.2084  , -0.1425  ,  0.4619  , -1.9466  , -0.0423  ,  0.1899  ,  0.1681  ,  0.5489  , -1.8350  ,  0.0000  , 100.0000 ,  0.0000  ,  0.0000  ,  0.0000  ,  0.0000  ,  0.0000  , 100.0000 ,  0.0000  ,  0.0000  ,  0.0000  ,  0.0000
 53.4800  ,  0.0198  ,  0.2087  , -0.1412  ,  0.4637  , -1.9387  , -0.0411  ,  0.1900  ,  0.1684  ,  0.5472  , -1.8373  ,  0.0000  , 100.0000 ,  0.0000  ,  0.0000  ,  0.0000  ,  0.0000  ,  0.0000  , 100.0000 ,  0.0000  ,  0.0000  ,  0.0000  ,  0.0000
 53.5000  ,  0.0196  ,  0.2088  , -0.1406  ,  0.4646  , -1.9389  , -0.0407  ,  0.1901  ,  0.1685  ,  0.5467  , -1.8364  ,  0.0000  , 100.0000 ,  0.0000  ,  0.0000  ,  0.0000  ,  0.0000  ,  0.0000  , 100.0000 ,  0.0000  ,  0.0000  ,  0.0000  ,  0.0000