  5.0000  , -0.3518  ,  0.2285  , -0.0544  ,  1.2514  , -1.0044  ,  0.7816  ,  0.3351  , -0.4002  ,  1.2766  , -2.4549  ,  0.0000  , 100.0000 ,  0.0000  ,  0.0000  ,  0.0000  ,  0.0000  ,  0.0000  , 100.0000 ,  0.0000  ,  0.0000  ,  0.0000  ,  0.0000
  5.0200  , -0.3518  ,  0.2285  , -0.0544  ,  1.2514  , -1.0048  ,  0.7816  ,  0.3351  , -0.4002  ,  1.2766  , -2.4406  ,  0.0000  , 100.0000 ,  0.0000  ,  0.0000  ,  0.0000  ,  0.0000  ,  0.0000  , 100.0000 ,  0.0000  ,  0.0000  ,  0.0000  ,  0.0000  
  5.0400  , -0.3544  ,  0.2279  , -0.0587  ,  1.2500  , -1.0003  ,  0.8577  ,  0.3295  , -0.4418  ,  1.2180  , -2.4241  ,  0.0000  , 100.0000 ,  0.0000  ,  0.0000  ,  0.0000  ,  0.0000  ,  0.0000  , 100.0000 ,  0.0000  ,  0.0000  ,  0.0000  ,  0.0000  
  5.0600  , -0.3556  ,  0.2277  , -0.0615  ,  1.2523  , -0.9821  ,  0.8844  ,  0.3261  , -0.4559  ,  1.1947  , -2.4008  ,  0.0000  , 100.0000 ,  0.0000  ,  0.0000  ,  0.0000  ,  0.0000  ,  0.0000  , 100.0000 ,  0.0000  ,  0.0000  ,  0.0000  ,  0.0000  
  5.0800  , -0.3581  ,  0.2272  , -0.0636  ,  1.2558  , -0.9872  ,  0.9139  ,  0.3187  , -0.4679  ,  1.1660  , -2.4201  ,  0.0000  , 100.0000 ,  0.0000  ,  0.0000  ,  0.0000  ,  0.0000  ,  0.0000  , 100.0000 ,  0.0000  ,  0.0000  ,  0.0000  ,  0.0000  
  5.1000  , -0.3603  ,  0.2266  , -0.0672  ,  1.2591  , -0.9994  ,  0.9321  ,  0.3129  , -0.4741  ,  1.1491  , -2.4297  ,  0.0000  , 100.0000 ,  0.0000  ,  0.0000  ,  0.0000  ,  0.0000  ,  0.0000  , 100.0000 ,  0.0000  ,  0.0000  ,  0.0000  ,  0.0000  
  5.1200  , -0.3604  ,  0.2252  , -0.0720  ,  1.2590  , -1.0092  ,  0.9687  ,  0.3028  , -0.4951  ,  1.1068  , -2.4287  ,  0.0000  , 100.0000 ,  0.0000  ,  0.0000  ,  0.0000  ,  0.0000  ,  0.0000  , 100.0000 ,  0.0000  ,  0.0000  ,  0.0000  ,  0.0000  
  5.1400  , -0.3600  ,  0.2239  , -0.0741  ,  1.2581  , -1.0066  ,  0.9823  ,  0.2967  , -0.5009  ,  1.0880  , -2.4214  ,  0.0000  , 100.0000 ,  0.0000  ,  0.0000  ,  0.0000  ,  0.0000  ,  0.0000  , 100.0000 ,  0.0000  ,  0.0000  ,  0.0000  ,  0.0000  
  5.1600  , -0.3594  ,  0.2221  , -0.0764  ,  1.2547  , -1.0044  ,  0.9947  ,  0.2902  , -0.5080  ,  1.0679  , -2.4141  ,  0.0000  , 100.0000 ,  0.0000  ,  0.0000  ,  0.0000  ,  0.0000  ,  0.0000  , 100.0000 ,  0.0000  ,  0.0000  ,  0.0000  ,  0.0000  
  5.1800  , -0.3598  ,  0.2195  , -0.0788  ,  1.2557  , -1.0295  ,  1.0088  ,  0.2843  , -0.5198  ,  1.0446  , -2.3934  ,  0.0000  , 100.0000 ,  0.0000  ,  0.0000  ,  0.0000  ,  0.0000  ,  0.0000  , 100.0000 ,  0.0000  ,  0.0000  ,  0.0000  ,  0.0000  
  5.2000  , -0.3603  ,  0.2178  , -0.0806  ,  1.2581  , -1.0638  ,  1.0125  ,  0.2792  , -0.5202  ,  1.0337  , -2.3684  ,  0.0000  , 100.0000 ,  0.0000  ,  0.0000  ,  0.0000  ,  0.0000  ,  0.0000  , 100.0000 ,  0.0000  ,  0.0000  ,  0.0000  ,  0.0000  
  5.2200  , -0.3605  ,  0.2167  , -0.0814  ,  1.2572  , -1.0906  ,  1.0137  ,  0.2757  , -0.5192  ,  1.0318  , -2.3479  ,  0.0000  , 100.0000 ,  0.0000  ,  0.0000  ,  0.0000  ,  0.0000  ,  0.0000  , 100.0000 ,  0.0000  ,  0.0000  ,  0.0000  ,  0.0000  
  5.2400  , -0.3602  ,  0.2152  , -0.0824  ,  1.2618  , -1.1278  ,  1.0107  ,  0.2700  , -0.5106  ,  1.0273  , -2.3296  ,  0.0000  , 100.0000 ,  0.0000  ,  0.0000  ,  0.0000  ,  0.0000  ,  0.0000  , 100.0000 ,  0.0000  ,  0.0000  ,  0.0000  ,  0.0000  
  5.2600  , -0.3587  ,  0.2133  , -0.0825  ,  1.2721  , -1.1492  ,  1.0009  ,  0.2623  , -0.4942  ,  1.0242  , -2.3232  ,  0.0000  , 100.0000 ,  0.0000  ,  0.0000  ,  0.0000  ,  0.0000  ,  0.0000  , 100.0000 ,  0.0000  ,  0.0000  ,  0.0000  ,  0.0000  
  5.2800  , -0.3579  ,  0.2130  , -0.0822  ,  1.2825  , -1.2669  ,  0.9930  ,  0.2603  , -0.4851  ,  1.0352  , -2.2728  ,  0.0000  , 100.0000 ,  0.0000  ,  0.0000  ,  0.0000  ,  0.0000  ,  0.0000  , 100.0000 ,  0.0000  ,  0.0000  ,  0.0000  ,  0.0000  
  5.3000  , -0.3576  ,  0.2129  , -0.0813  ,  1.2886  , -1.3274  ,  0.9901  ,  0.2595  , -0.4827  ,  1.0354  , -2.2323  ,  0.0000  , 100.0000 ,  0.0000  ,  0.0000  ,  0.0000  ,  0.0000  ,  0.0000  , 100.0000 ,  0.0000  ,  0.0000  ,  0.0000  ,  0.0000  
  5.3200  , -0.3597  ,  0.2100  , -0.0718  ,  1.3231  , -1.4648  ,  0.9672  ,  0.2635  , -0.4737  ,  1.0562  , -2.1525  ,  0.0000  , 100.0000 ,  0.0000  ,  0.0000  ,  0.0000  ,  0.0000  ,  0.0000  , 100.0000 ,  0.0000  ,  0.0000  ,  0.0000  ,  0.0000  
  5.3400  , -0.3594  ,  0.2125  , -0.0697  ,  1.3487  , -1.5447  ,  0.9397  ,  0.2663  , -0.4565  ,  1.0903  , -2.1025  ,  0.0000  , 100.0000 ,  0.0000  ,  0.0000  ,  0.0000  ,  0.0000  ,  0.0000  , 100.0000 ,  0.0000  ,  0.0000  ,  0.0000  ,  0.0000  
  5.3600  , -0.3593  ,  0.2137  , -0.0659  ,  1.3735  , -1.7477  ,  0.9269  ,  0.2675  , -0.4524  ,  1.1021  , -2.0403  ,  0.0000  , 100.0000 ,  0.0000  ,  0.0000  ,  0.0000  ,  0.0000  ,  0.0000  , 100.0000 ,  0.0000  ,  0.0000  ,  0.0000  ,  0.0000  
  5.3800  , -0.3571  ,  0.2192  , -0.0689  ,  1.3916  , -1.8051  ,  0.9039  ,  0.2686  , -0.4397  ,  1.1276  , -2.0426  ,  0.0000  , 100.0000 ,  0.0000  ,  0.0000  ,  0.0000  ,  0.0000  ,  0.0000  , 100.0000 ,  0.0000  ,  0.0000  ,  0.0000  ,  0.0000  
  5.4000  , -0.3543  ,  0.2259  , -0.0685  ,  1.4264  , -1.9017  ,  0.8763  ,  0.2696  , -0.4274  ,  1.1569  , -2.0527  ,  0.0000  , 100.0000 ,  0.0000  ,  0.0000  ,  0.0000  ,  0.0000  ,  0.0000  , 100.0000 ,  0.0000  ,  0.0000  ,  0.0000  ,  0.0000  
  5.4200  , -0.3470  ,  0.2375  , -0.0690  ,  1.4765  , -1.9741  ,  0.8127  ,  0.2759  , -0.4035  ,  1.2381  , -2.0414  ,  0.0000  , 100.0000 ,  0.0000  ,  0.0000  ,  0.0000  ,  0.0000  ,  0.0000  , 100.0000 ,  0.0000  ,  0.0000  ,  0.0000  ,  0.0000  
  5.4400  , -0.3345  ,  0.2443  , -0.0678  ,  1.5091  , -1.9751  ,  0.7504  ,  0.2865  , -0.3881  ,  1.3068  , -2.0291  ,  0.0000  , 100.0000 ,  0.0000  ,  0.0000  ,  0.0000  ,  0.0000  ,  0.0000  , 100.0000 ,  0.0000  ,  0.0000  ,  0.0000  ,  0.0000  
  5.4600  , -0.3052  ,  0.2511  , -0.0650  ,  1.5469  , -2.0254  ,  0.6643  ,  0.3045  , -0.3739  ,  1.3946  , -2.0189  ,  0.0000  , 100.0000 ,  0.0000  ,  0.0000  ,  0.0000  ,  0.0000  ,  0.0000  , 100.0000 ,  0.0000  ,  0.0000  ,  0.0000  ,  0.0000  
  5.4800  , -0.2817  ,  0.2538  , -0.0599  ,  1.5758  , -2.1126  ,  0.6147  ,  0.3152  , -0.3709  ,  1.4364  , -2.0472  ,  0.0000  , 100.0000 ,  0.0000  ,  0.0000  ,  0.0000  ,  0.0000  ,  0.0000  , 100.0000 ,  0.0000  ,  0.0000  ,  0.0000  ,  0.0000  
  5.5000  , -0.2584  ,  0.2568  , -0.0589  ,  1.5874  , -2.1966  ,  0.5790  ,  0.3244  , -0.3727  ,  1.4659  , -2.0700  ,  0.0000  , 100.0000 ,  0.0000  ,  0.0000  ,  0.0000  ,  0.0000  ,  0.0000  , 100.0000 ,  0.0000  ,  0.0000  ,  0.0000  ,  0.0000  
  5.5200  , -0.2072  ,  0.2630  , -0.0648  ,  1.5829  , -2.2425  ,  0.5164  ,  0.3413  , -0.3721  ,  1.5175  , -2.0699  ,  0.0000  , 100.0000 ,  0.0000  ,  0.0000  ,  0.0000  ,  0.0000  ,  0.0000  , 100.0000 ,  0.0000  ,  0.0000  ,  0.0000  ,  0.0000  
  5.5400  , -0.1582  ,  0.2659  , -0.0690  ,  1.5746  , -2.3254  ,  0.4677  ,  0.3546  , -0.3695  ,  1.5549  , -2.0537  ,  0.0000  , 100.0000 ,  0.0000  ,  0.0000  ,  0.0000  ,  0.0000  ,  0.0000  , 100.0000 ,  0.0000  ,  0.0000  ,  0.0000  ,  0.0000  
  5.5600  , -0.0591  ,  0.2733  , -0.0758  ,  1.5424  , -2.4314  ,  0.3783  ,  0.3742  , -0.3692  ,  1.6088  , -2.0097  ,  0.0000  , 100.0000 ,  0.0000  ,  0.0000  ,  0.0000  ,  0.0000  ,  0.0000  , 100.0000 ,  0.0000  ,  0.0000  ,  0.0000  ,  0.0000  
  5.5800  , -0.0100  ,  0.2791  , -0.0782  ,  1.5429  , -2.4675  ,  0.3371  ,  0.3812  , -0.3876  ,  1.6102  , -2.0102  ,  0.0000  , 100.0000 ,  0.0000  ,  0.0000  ,  0.0000  ,  0.0000  ,  0.0000  , 100.0000 ,  0.0000  ,  0.0000  ,  0.0000  ,  0.0000  
  5.6000  ,  0.0292  ,  0.2908  , -0.0961  ,  1.5198  , -2.5390  ,  0.2982  ,  0.3879  , -0.3782  ,  1.6323  , -1.9975  ,  0.0000  , 100.0000 ,  0.0000  ,  0.0000  ,  0.0000  ,  0.0000  ,  0.0000  , 100.0000 ,  0.0000  ,  0.0000  ,  0.0000  ,  0.0000  
  5.6200  ,  0.0987  ,  0.3111  , -0.1133  ,  1.5092  , -2.5974  ,  0.2338  ,  0.3953  , -0.3971  ,  1.6376  , -1.9586  ,  0.0000  , 100.0000 ,  0.0000  ,  0.0000  ,  0.0000  ,  0.0000  ,  0.0000  , 100.0000 ,  0.0000  ,  0.0000  ,  0.0000  ,  0.0000  
  5.6400  ,  0.1143  ,  0.3166  , -0.1217  ,  1.5005  , -2.5974  ,  0.2194  ,  0.3963  , -0.3939  ,  1.6428  , -1.9586  ,  0.0000  , 100.0000 ,  0.0000  ,  0.0000  ,  0.0000  ,  0.0000  ,  0.0000  , 100.0000 ,  0.0000  ,  0.0000  ,  0.0000  ,  0.0000  
  5.6600  ,  0.1553  ,  0.3299  , -0.1304  ,  1.5024  , -2.6778  ,  0.1829  ,  0.3982  , -0.4130  ,  1.6350  , -1.9205  ,  0.0000  , 100.0000 ,  0.0000  ,  0.0000  ,  0.0000  ,  0.0000  ,  0.0000  , 100.0000 ,  0.0000  ,  0.0000  ,  0.0000  ,  0.0000  
  5.6800  ,  0.1953  ,  0.3485  , -0.1531  ,  1.4822  , -2.7058  ,  0.1432  ,  0.3941  , -0.4011  ,  1.6524  , -1.9241  ,  0.0000  , 100.0000 ,  0.0000  ,  0.0000  ,  0.0000  ,  0.0000  ,  0.0000  , 100.0000 ,  0.0000  ,  0.0000  ,  0.0000  ,  0.0000  
  5.7000  ,  0.2568  ,  0.3826  , -0.1894  ,  1.4682  , -2.7641  ,  0.0766  ,  0.3859  , -0.3972  ,  1.6571  , -1.9308  ,  0.0000  , 100.0000 ,  0.0000  ,  0.0000  ,  0.0000  ,  0.0000  ,  0.0000  , 100.0000 ,  0.0000  ,  0.0000  ,  0.0000  ,  0.0000  
  5.7200  ,  0.2671  ,  0.3891  , -0.1961  ,  1.4665  , -2.8174  ,  0.0649  ,  0.3843  , -0.3929  ,  1.6601  , -1.8885  ,  0.0000  , 100.0000 ,  0.0000  ,  0.0000  ,  0.0000  ,  0.0000  ,  0.0000  , 100.0000 ,  0.0000  ,  0.0000  ,  0.0000  ,  0.0000  
  5.7400  ,  0.3030  ,  0.4124  , -0.2199  ,  1.4607  , -2.8280  ,  0.0262  ,  0.3789  , -0.4054  ,  1.6530  , -1.8416  ,  0.0000  , 100.0000 ,  0.0000  ,  0.0000  ,  0.0000  ,  0.0000  ,  0.0000  , 100.0000 ,  0.0000  ,  0.0000  ,  0.0000  ,  0.0000  
  5.7600  ,  0.3576  ,  0.4466  , -0.2607  ,  1.4437  , -2.8654  , -0.0257  ,  0.3706  , -0.3938  ,  1.6620  , -1.7936  ,  0.0000  , 100.0000 ,  0.0000  ,  0.0000  ,  0.0000  ,  0.0000  ,  0.0000  , 100.0000 ,  0.0000  ,  0.0000  ,  0.0000  ,  0.0000  
  5.7800  ,  0.4416  ,  0.4845  , -0.3315  ,  1.3979  , -2.8862  , -0.0833  ,  0.3617  , -0.3901  ,  1.6615  , -1.7966  ,  0.0000  , 100.0000 ,  0.0000  ,  0.0000  ,  0.0000  ,  0.0000  ,  0.0000  , 100.0000 ,  0.0000  ,  0.0000  ,  0.0000  ,  0.0000  
  5.8000  ,  0.5173  ,  0.5104  , -0.4027  ,  1.3434  , -2.9373  , -0.1338  ,  0.3556  , -0.3728  ,  1.6824  , -1.8323  ,  0.0000  , 100.0000 ,  0.0000  ,  0.0000  ,  0.0000  ,  0.0000  ,  0.0000  , 100.0000 ,  0.0000  ,  0.0000  ,  0.0000  ,  0.0000  
  5.8200  ,  0.5462  ,  0.5174  , -0.4259  ,  1.3269  , -2.9272  , -0.1512  ,  0.3531  , -0.3793  ,  1.6794  , -1.8398  ,  0.0000  , 100.0000 ,  0.0000  ,  0.0000  ,  0.0000  ,  0.0000  ,  0.0000  , 100.0000 ,  0.0000  ,  0.0000  ,  0.0000  ,  0.0000  
  5.8400  ,  0.6243  ,  0.5353  , -0.4955  ,  1.2787  , -2.9401  , -0.1929  ,  0.3475  , -0.3859  ,  1.6793  , -1.8146  ,  0.0000  , 100.0000 ,  0.0000  ,  0.0000  ,  0.0000  ,  0.0000  ,  0.0000  , 100.0000 ,  0.0000  ,  0.0000  ,  0.0000  ,  0.0000  
  5.8600  ,  0.6728  ,  0.5456  , -0.5426  ,  1.2477  , -2.9295  , -0.2207  ,  0.3452  , -0.3855  ,  1.6847  , -1.7876  ,  0.0000  , 100.0000 ,  0.0000  ,  0.0000  ,  0.0000  ,  0.0000  ,  0.0000  , 100.0000 ,  0.0000  ,  0.0000  ,  0.0000  ,  0.0000  
  5.8800  ,  0.7050  ,  0.5511  , -0.5728  ,  1.2337  , -2.9220  , -0.2391  ,  0.3438  , -0.3902  ,  1.6911  , -1.7924  ,  0.0000  , 100.0000 ,  0.0000  ,  0.0000  ,  0.0000  ,  0.0000  ,  0.0000  , 100.0000 ,  0.0000  ,  0.0000  ,  0.0000  ,  0.0000  
  5.9000  ,  0.7452  ,  0.5562  , -0.6127  ,  1.2044  , -2.9160  , -0.2597  ,  0.3430  , -0.3927  ,  1.6957  , -1.8037  ,  0.0000  , 100.0000 ,  0.0000  ,  0.0000  ,  0.0000  ,  0.0000  ,  0.0000  , 100.0000 ,  0.0000  ,  0.0000  ,  0.0000  ,  0.0000  
  5.9200  ,  0.7797  ,  0.5584  , -0.6453  ,  1.1767  , -2.9128  , -0.2780  ,  0.3426  , -0.3999  ,  1.6998  , -1.8286  ,  0.0000  , 100.0000 ,  0.0000  ,  0.0000  ,  0.0000  ,  0.0000  ,  0.0000  , 100.0000 ,  0.0000  ,  0.0000  ,  0.0000  ,  0.0000  
  5.9400  ,  0.8048  ,  0.5590  , -0.6705  ,  1.1590  , -2.9090  , -0.2946  ,  0.3422  , -0.4014  ,  1.7099  , -1.8425  ,  0.0000  , 100.0000 ,  0.0000  ,  0.0000  ,  0.0000  ,  0.0000  ,  0.0000  , 100.0000 ,  0.0000  ,  0.0000  ,  0.0000  ,  0.0000  
  5.9600  ,  0.8202  ,  0.5594  , -0.6861  ,  1.1441  , -2.9096  , -0.3035  ,  0.3417  , -0.4050  ,  1.7121  , -1.8346  ,  0.0000  , 100.0000 ,  0.0000  ,  0.0000  ,  0.0000  ,  0.0000  ,  0.0000  , 100.0000 ,  0.0000  ,  0.0000  ,  0.0000  ,  0.0000  
  5.9800  ,  0.8305  ,  0.5598  , -0.6975  ,  1.1334  , -2.9125  , -0.3089  ,  0.3413  , -0.4065  ,  1.7132  , -1.8017  ,  0.0000  , 100.0000 ,  0.0000  ,  0.0000  ,  0.0000  ,  0.0000  ,  0.0000  , 100.0000 ,  0.0000  ,  0.0000  ,  0.0000  ,  0.0000  
  6.0000  ,  0.8427  ,  0.5612  , -0.7137  ,  1.1209  , -2.9132  , -0.3146  ,  0.3417  , -0.4096  ,  1.7142  , -1.7971  ,  0.0000  , 100.0000 ,  0.0000  ,  0.0000  ,  0.0000  ,  0.0000  ,  0.0000  , 100.0000 ,  0.0000  ,  0.0000  ,  0.0000  ,  0.0000  
  6.0200  ,  0.8459  ,  0.5616  , -0.7182  ,  1.1184  , -2.9136  , -0.3160  ,  0.3419  , -0.4097  ,  1.7113  , -1.8089  ,  0.0000  , 100.0000 ,  0.0000  ,  0.0000  ,  0.0000  ,  0.0000  ,  0.0000  , 100.0000 ,  0.0000  ,  0.0000  ,  0.0000  ,  0.0000  
  6.0400  ,  0.8650  ,  0.5669  , -0.7502  ,  1.0958  , -2.9162  , -0.3183  ,  0.3437  , -0.4205  ,  1.7173  , -1.8375  ,  0.0000  , 100.0000 ,  0.0000  ,  0.0000  ,  0.0000  ,  0.0000  ,  0.0000  , 100.0000 ,  0.0000  ,  0.0000  ,  0.0000  ,  0.0000  
  6.0600  ,  0.8707  ,  0.5708  , -0.7642  ,  1.0889  , -2.9168  , -0.3185  ,  0.3454  , -0.4237  ,  1.7244  , -1.8430  ,  0.0000  , 100.0000 ,  0.0000  ,  0.0000  ,  0.0000  ,  0.0000  ,  0.0000  , 100.0000 ,  0.0000  ,  0.0000  ,  0.0000  ,  0.0000  
  6.0800  ,  0.8742  ,  0.5743  , -0.7785  ,  1.0770  , -2.9143  , -0.3188  ,  0.3472  , -0.4237  ,  1.7362  , -1.8618  ,  0.0000  , 100.0000 ,  0.0000  ,  0.0000  ,  0.0000  ,  0.0000  ,  0.0000  , 100.0000 ,  0.0000  ,  0.0000  ,  0.0000  ,  0.0000  
  6.1000  ,  0.8712  ,  0.5779  , -0.7828  ,  1.0772  , -2.9029  , -0.3169  ,  0.3499  , -0.4235  ,  1.7451  , -1.8847  ,  0.0000  , 100.0000 ,  0.0000  ,  0.0000  ,  0.0000  ,  0.0000  ,  0.0000  , 100.0000 ,  0.0000  ,  0.0000  ,  0.0000  ,  0.0000  
  6.1200  ,  0.8631  ,  0.5814  , -0.7856  ,  1.0776  , -2.9260  , -0.3098  ,  0.3542  , -0.4198  ,  1.7596  , -1.9212  ,  0.0000  , 100.0000 ,  0.0000  ,  0.0000  ,  0.0000  ,  0.0000  ,  0.0000  , 100.0000 ,  0.0000  ,  0.0000  ,  0.0000  ,  0.0000  
  6.1400  ,  0.8612  ,  0.5817  , -0.7847  ,  1.0782  , -2.9260  , -0.3076  ,  0.3550  , -0.4195  ,  1.7614  , -1.9212  ,  0.0000  , 100.0000 ,  0.0000  ,  0.0000  ,  0.0000  ,  0.0000  ,  0.0000  , 100.0000 ,  0.0000  ,  0.0000  ,  0.0000  ,  0.0000  
  6.1600  ,  0.8425  ,  0.5847  , -0.7791  ,  1.0905  , -2.9306  , -0.2865  ,  0.3614  , -0.4093  ,  1.7827  , -1.9269  ,  0.0000  , 100.0000 ,  0.0000  ,  0.0000  ,  0.0000  ,  0.0000  ,  0.0000  , 100.0000 ,  0.0000  ,  0.0000  ,  0.0000  ,  0.0000  
  6.1800  ,  0.8382  ,  0.5854  , -0.7777  ,  1.0932  , -2.9434  , -0.2816  ,  0.3627  , -0.4069  ,  1.7861  , -1.9808  ,  0.0000  , 100.0000 ,  0.0000  ,  0.0000  ,  0.0000  ,  0.0000  ,  0.0000  , 100.0000 ,  0.0000  ,  0.0000  ,  0.0000  ,  0.0000  
  6.2000  ,  0.8242  ,  0.5877  , -0.7832  ,  1.0988  , -2.9488  , -0.2646  ,  0.3657  , -0.3891  ,  1.8019  , -2.0078  ,  0.0000  , 100.0000 ,  0.0000  ,  0.0000  ,  0.0000  ,  0.0000  ,  0.0000  , 100.0000 ,  0.0000  ,  0.0000  ,  0.0000  ,  0.0000  
  6.2200  ,  0.7833  ,  0.5941  , -0.7658  ,  1.1337  , -2.9620  , -0.2106  ,  0.3673  , -0.3778  ,  1.8007  , -2.0258  ,  0.0000  , 100.0000 ,  0.0000  ,  0.0000  ,  0.0000  ,  0.0000  ,  0.0000  , 100.0000 ,  0.0000  ,  0.0000  ,  0.0000  ,  0.0000  
  6.2400  ,  0.7677  ,  0.5967  , -0.7596  ,  1.1449  , -3.0118  , -0.1898  ,  0.3665  , -0.3747  ,  1.8000  , -2.0661  ,  0.0000  , 100.0000 ,  0.0000  ,  0.0000  ,  0.0000  ,  0.0000  ,  0.0000  , 100.0000 ,  0.0000  ,  0.0000  ,  0.0000  ,  0.0000  
  6.2600  ,  0.7333  ,  0.6038  , -0.7445  ,  1.1715  , -3.0180  , -0.1453  ,  0.3648  , -0.3719  ,  1.7951  , -2.0526  ,  0.0000  , 100.0000 ,  0.0000  ,  0.0000  ,  0.0000  ,  0.0000  ,  0.0000  , 100.0000 ,  0.0000  ,  0.0000  ,  0.0000  ,  0.0000  
  6.2800  ,  0.6928  ,  0.6134  , -0.7254  ,  1.2101  , -3.0248  , -0.0959  ,  0.3616  , -0.3725  ,  1.7811  , -2.0300  ,  0.0000  , 100.0000 ,  0.0000  ,  0.0000  ,  0.0000  ,  0.0000  ,  0.0000  , 100.0000 ,  0.0000  ,  0.0000  ,  0.0000  ,  0.0000  
  6.3000  ,  0.5883  ,  0.6337  , -0.6789  ,  1.2862  , -3.0195  ,  0.0138  ,  0.3424  , -0.3619  ,  1.7532  , -2.0124  ,  0.0000  , 100.0000 ,  0.0000  ,  0.0000  ,  0.0000  ,  0.0000  ,  0.0000  , 100.0000 ,  0.0000  ,  0.0000  ,  0.0000  ,  0.0000  
  6.3200  ,  0.5559  ,  0.6389  , -0.6712  ,  1.3047  , -3.0241  ,  0.0426  ,  0.3345  , -0.3492  ,  1.7508  , -2.0448  ,  0.0000  , 100.0000 ,  0.0000  ,  0.0000  ,  0.0000  ,  0.0000  ,  0.0000  , 100.0000 ,  0.0000  ,  0.0000  ,  0.0000  ,  0.0000  
  6.3400  ,  0.4871  ,  0.6501  , -0.6287  ,  1.3471  , -3.0150  ,  0.1095  ,  0.3140  , -0.3506  ,  1.7137  , -2.0871  ,  0.0000  , 100.0000 ,  0.0000  ,  0.0000  ,  0.0000  ,  0.0000  ,  0.0000  , 100.0000 ,  0.0000  ,  0.0000  ,  0.0000  ,  0.0000  
  6.3600  ,  0.3821  ,  0.6714  , -0.5926  ,  1.4075  , -3.0034  ,  0.1975  ,  0.2833  , -0.3258  ,  1.6944  , -2.1024  ,  0.0000  , 100.0000 ,  0.0000  ,  0.0000  ,  0.0000  ,  0.0000  ,  0.0000  , 100.0000 ,  0.0000  ,  0.0000  ,  0.0000  ,  0.0000  
  6.3800  ,  0.3533  ,  0.6777  , -0.5810  ,  1.4246  , -2.9869  ,  0.2195  ,  0.2747  , -0.3173  ,  1.6913  , -2.0560  ,  0.0000  , 100.0000 ,  0.0000  ,  0.0000  ,  0.0000  ,  0.0000  ,  0.0000  , 100.0000 ,  0.0000  ,  0.0000  ,  0.0000  ,  0.0000  
  6.4000  ,  0.2932  ,  0.6914  , -0.5701  ,  1.4576  , -2.9711  ,  0.2792  ,  0.2628  , -0.3105  ,  1.6737  , -2.0294  ,  0.0000  , 100.0000 ,  0.0000  ,  0.0000  ,  0.0000  ,  0.0000  ,  0.0000  , 100.0000 ,  0.0000  ,  0.0000  ,  0.0000  ,  0.0000  
  6.4200  ,  0.2263  ,  0.7001  , -0.5674  ,  1.4745  , -2.9023  ,  0.3463  ,  0.2518  , -0.3070  ,  1.6524  , -2.0663  ,  0.0000  , 100.0000 ,  0.0000  ,  0.0000  ,  0.0000  ,  0.0000  ,  0.0000  , 100.0000 ,  0.0000  ,  0.0000  ,  0.0000  ,  0.0000  
  6.4400  ,  0.1940  ,  0.7016  , -0.5629  ,  1.4801  , -2.8868  ,  0.3768  ,  0.2468  , -0.3090  ,  1.6385  , -2.1128  ,  0.0000  , 100.0000 ,  0.0000  ,  0.0000  ,  0.0000  ,  0.0000  ,  0.0000  , 100.0000 ,  0.0000  ,  0.0000  ,  0.0000  ,  0.0000  
  6.4600  ,  0.1449  ,  0.7022  , -0.5471  ,  1.4913  , -2.8704  ,  0.4276  ,  0.2436  , -0.3177  ,  1.6136  , -2.1568  ,  0.0000  , 100.0000 ,  0.0000  ,  0.0000  ,  0.0000  ,  0.0000  ,  0.0000  , 100.0000 ,  0.0000  ,  0.0000  ,  0.0000  ,  0.0000  
  6.4800  ,  0.1122  ,  0.7016  , -0.5404  ,  1.4941  , -2.8702  ,  0.4594  ,  0.2409  , -0.3232  ,  1.5924  , -2.1459  ,  0.0000  , 100.0000 ,  0.0000  ,  0.0000  ,  0.0000  ,  0.0000  ,  0.0000  , 100.0000 ,  0.0000  ,  0.0000  ,  0.0000  ,  0.0000  
  6.5000  ,  0.0738  ,  0.7024  , -0.5283  ,  1.5025  , -2.8571  ,  0.5005  ,  0.2398  , -0.3340  ,  1.5674  , -2.1047  ,  0.0000  , 100.0000 ,  0.0000  ,  0.0000  ,  0.0000  ,  0.0000  ,  0.0000  , 100.0000 ,  0.0000  ,  0.0000  ,  0.0000  ,  0.0000  
  6.5200  , -0.0147  ,  0.7020  , -0.5043  ,  1.5184  , -2.8087  ,  0.5891  ,  0.2317  , -0.3567  ,  1.5023  , -2.0541  ,  0.0000  , 100.0000 ,  0.0000  ,  0.0000  ,  0.0000  ,  0.0000  ,  0.0000  , 100.0000 ,  0.0000  ,  0.0000  ,  0.0000  ,  0.0000  
  6.5400  , -0.0666  ,  0.6976  , -0.4842  ,  1.5386  , -2.8112  ,  0.6338  ,  0.2208  , -0.3610  ,  1.4526  , -2.0736  ,  0.0000  , 100.0000 ,  0.0000  ,  0.0000  ,  0.0000  ,  0.0000  ,  0.0000  , 100.0000 ,  0.0000  ,  0.0000  ,  0.0000  ,  0.0000  
  6.5600  , -0.1189  ,  0.6935  , -0.4605  ,  1.5515  , -2.7774  ,  0.6707  ,  0.2110  , -0.3648  ,  1.4193  , -2.1497  ,  0.0000  , 100.0000 ,  0.0000  ,  0.0000  ,  0.0000  ,  0.0000  ,  0.0000  , 100.0000 ,  0.0000  ,  0.0000  ,  0.0000  ,  0.0000  
  6.5800  , -0.1626  ,  0.6894  , -0.4388  ,  1.5638  , -2.7741  ,  0.6982  ,  0.2032  , -0.3659  ,  1.3947  , -2.1841  ,  0.0000  , 100.0000 ,  0.0000  ,  0.0000  ,  0.0000  ,  0.0000  ,  0.0000  , 100.0000 ,  0.0000  ,  0.0000  ,  0.0000  ,  0.0000  
  6.6000  , -0.2354  ,  0.6786  , -0.4049  ,  1.5810  , -2.7702  ,  0.7561  ,  0.1929  , -0.3769  ,  1.3398  , -2.2081  ,  0.0000  , 100.0000 ,  0.0000  ,  0.0000  ,  0.0000  ,  0.0000  ,  0.0000  , 100.0000 ,  0.0000  ,  0.0000  ,  0.0000  ,  0.0000  
  6.6200  , -0.2768  ,  0.6713  , -0.3991  ,  1.5873  , -2.7686  ,  0.7937  ,  0.1880  , -0.3835  ,  1.3085  , -2.2020  ,  0.0000  , 100.0000 ,  0.0000  ,  0.0000  ,  0.0000  ,  0.0000  ,  0.0000  , 100.0000 ,  0.0000  ,  0.0000  ,  0.0000  ,  0.0000  
  6.6400  , -0.3014  ,  0.6685  , -0.4009  ,  1.5872  , -2.7473  ,  0.8255  ,  0.1862  , -0.3945  ,  1.2763  , -2.2243  ,  0.0000  , 100.0000 ,  0.0000  ,  0.0000  ,  0.0000  ,  0.0000  ,  0.0000  , 100.0000 ,  0.0000  ,  0.0000  ,  0.0000  ,  0.0000  
  6.6600  , -0.3231  ,  0.6654  , -0.4047  ,  1.5856  , -2.7457  ,  0.8586  ,  0.1856  , -0.4055  ,  1.2450  , -2.2432  ,  0.0000  , 100.0000 ,  0.0000  ,  0.0000  ,  0.0000  ,  0.0000  ,  0.0000  , 100.0000 ,  0.0000  ,  0.0000  ,  0.0000  ,  0.0000  
  6.6800  , -0.3458  ,  0.6616  , -0.4341  ,  1.5705  , -2.7507  ,  0.9042  ,  0.1863  , -0.4229  ,  1.2002  , -2.2614  ,  0.0000  , 100.0000 ,  0.0000  ,  0.0000  ,  0.0000  ,  0.0000  ,  0.0000  , 100.0000 ,  0.0000  ,  0.0000  ,  0.0000  ,  0.0000  
  6.7000  , -0.3547  ,  0.6546  , -0.4471  ,  1.5598  , -2.7507  ,  0.9450  ,  0.1870  , -0.4449  ,  1.1550  , -2.2614  ,  0.0000  , 100.0000 ,  0.0000  ,  0.0000  ,  0.0000  ,  0.0000  ,  0.0000  , 100.0000 ,  0.0000  ,  0.0000  ,  0.0000  ,  0.0000  
  6.7200  , -0.3587  ,  0.6494  , -0.4590  ,  1.5503  , -2.7391  ,  0.9625  ,  0.1877  , -0.4534  ,  1.1360  , -2.2185  ,  0.0000  , 100.0000 ,  0.0000  ,  0.0000  ,  0.0000  ,  0.0000  ,  0.0000  , 100.0000 ,  0.0000  ,  0.0000  ,  0.0000  ,  0.0000  
  6.7400  , -0.3622  ,  0.6418  , -0.4753  ,  1.5372  , -2.7372  ,  0.9803  ,  0.1896  , -0.4627  ,  1.1199  , -2.2107  ,  0.0000  , 100.0000 ,  0.0000  ,  0.0000  ,  0.0000  ,  0.0000  ,  0.0000  , 100.0000 ,  0.0000  ,  0.0000  ,  0.0000  ,  0.0000  
  6.7600  , -0.3722  ,  0.6268  , -0.4828  ,  1.5204  , -2.7393  ,  1.0078  ,  0.1923  , -0.4796  ,  1.0893  , -2.2123  ,  0.0000  , 100.0000 ,  0.0000  ,  0.0000  ,  0.0000  ,  0.0000  ,  0.0000  , 100.0000 ,  0.0000  ,  0.0000  ,  0.0000  ,  0.0000  
  6.7800  , -0.3762  ,  0.6215  , -0.4857  ,  1.5142  , -2.7509  ,  1.0162  ,  0.1931  , -0.4849  ,  1.0800  , -2.2215  ,  0.0000  , 100.0000 ,  0.0000  ,  0.0000  ,  0.0000  ,  0.0000  ,  0.0000  , 100.0000 ,  0.0000  ,  0.0000  ,  0.0000  ,  0.0000  
  6.8000  , -0.3859  ,  0.6110  , -0.4724  ,  1.5127  , -2.7566  ,  1.0318  ,  0.1950  , -0.5018  ,  1.0639  , -2.2323  ,  0.0000  , 100.0000 ,  0.0000  ,  0.0000  ,  0.0000  ,  0.0000  ,  0.0000  , 100.0000 ,  0.0000  ,  0.0000  ,  0.0000  ,  0.0000  
  6.8200  , -0.3972  ,  0.5963  , -0.4588  ,  1.5076  , -2.7618  ,  1.0492  ,  0.1969  , -0.5193  ,  1.0413  , -2.2408  ,  0.0000  , 100.0000 ,  0.0000  ,  0.0000  ,  0.0000  ,  0.0000  ,  0.0000  , 100.0000 ,  0.0000  ,  0.0000  ,  0.0000  ,  0.0000  
  6.8400  , -0.3995  ,  0.5927  , -0.4547  ,  1.5078  , -2.7603  ,  1.0528  ,  0.1972  , -0.5235  ,  1.0360  , -2.2441  ,  0.0000  , 100.0000 ,  0.0000  ,  0.0000  ,  0.0000  ,  0.0000  ,  0.0000  , 100.0000 ,  0.0000  ,  0.0000  ,  0.0000  ,  0.0000  
  6.8600  , -0.4045  ,  0.5841  , -0.4419  ,  1.5105  , -2.7625  ,  1.0580  ,  0.1980  , -0.5307  ,  1.0272  , -2.2547  ,  0.0000  , 100.0000 ,  0.0000  ,  0.0000  ,  0.0000  ,  0.0000  ,  0.0000  , 100.0000 ,  0.0000  ,  0.0000  ,  0.0000  ,  0.0000  
  6.8800  , -0.4045  ,  0.5841  , -0.4419  ,  1.5105  , -2.7619  ,  1.0580  ,  0.1980  , -0.5307  ,  1.0272  , -2.2522  ,  0.0000  , 100.0000 ,  0.0000  ,  0.0000  ,  0.0000  ,  0.0000  ,  0.0000  , 100.0000 ,  0.0000  ,  0.0000  ,  0.0000  ,  0.0000  
  6.9000  , -0.4110  ,  0.5713  , -0.4201  ,  1.5303  , -2.7575  ,  1.0657  ,  0.1963  , -0.5404  ,  1.0021  , -2.2521  ,  0.0000  , 100.0000 ,  0.0000  ,  0.0000  ,  0.0000  ,  0.0000  ,  0.0000  , 100.0000 ,  0.0000  ,  0.0000  ,  0.0000  ,  0.0000  
  6.9200  , -0.4109  ,  0.5683  , -0.4149  ,  1.5348  , -2.7419  ,  1.0654  ,  0.1938  , -0.5369  ,  0.9961  , -2.2482  ,  0.0000  , 100.0000 ,  0.0000  ,  0.0000  ,  0.0000  ,  0.0000  ,  0.0000  , 100.0000 ,  0.0000  ,  0.0000  ,  0.0000  ,  0.0000  
  6.9400  , -0.4107  ,  0.5655  , -0.4120  ,  1.5354  , -2.7409  ,  1.0645  ,  0.1914  , -0.5353  ,  0.9952  , -2.2437  ,  0.0000  , 100.0000 ,  0.0000  ,  0.0000  ,  0.0000  ,  0.0000  ,  0.0000  , 100.0000 ,  0.0000  ,  0.0000  ,  0.0000  ,  0.0000  
  6.9600  , -0.4097  ,  0.5611  , -0.4017  ,  1.5464  , -2.7435  ,  1.0611  ,  0.1903  , -0.5330  ,  0.9910  , -2.2355  ,  0.0000  , 100.0000 ,  0.0000  ,  0.0000  ,  0.0000  ,  0.0000  ,  0.0000  , 100.0000 ,  0.0000  ,  0.0000  ,  0.0000  ,  0.0000  
  6.9800  , -0.4088  ,  0.5583  , -0.3955  ,  1.5522  , -2.7542  ,  1.0583  ,  0.1904  , -0.5336  ,  0.9880  , -2.2391  ,  0.0000  , 100.0000 ,  0.0000  ,  0.0000  ,  0.0000  ,  0.0000  ,  0.0000  , 100.0000 ,  0.0000  ,  0.0000  ,  0.0000  ,  0.0000  
  7.0000  , -0.4075  ,  0.5553  , -0.3877  ,  1.5609  , -2.7610  ,  1.0522  ,  0.1907  , -0.5314  ,  0.9906  , -2.2445  ,  0.0000  , 100.0000 ,  0.0000  ,  0.0000  ,  0.0000  ,  0.0000  ,  0.0000  , 100.0000 ,  0.0000  ,  0.0000  ,  0.0000  ,  0.0000  
  7.0200  , -0.4055  ,  0.5511  , -0.3735  ,  1.5808  , -2.7669  ,  1.0425  ,  0.1915  , -0.5355  ,  0.9912  , -2.2803  ,  0.0000  , 100.0000 ,  0.0000  ,  0.0000  ,  0.0000  ,  0.0000  ,  0.0000  , 100.0000 ,  0.0000  ,  0.0000  ,  0.0000  ,  0.0000  
  7.0400  , -0.4014  ,  0.5469  , -0.3585  ,  1.5957  , -2.7814  ,  1.0255  ,  0.1933  , -0.5320  ,  1.0121  , -2.2916  ,  0.0000  , 100.0000 ,  0.0000  ,  0.0000  ,  0.0000  ,  0.0000  ,  0.0000  , 100.0000 ,  0.0000  ,  0.0000  ,  0.0000  ,  0.0000  
  7.0600  , -0.3969  ,  0.5427  , -0.3431  ,  1.6092  , -2.8211  ,  1.0067  ,  0.1972  , -0.5306  ,  1.0396  , -2.3050  ,  0.0000  , 100.0000 ,  0.0000  ,  0.0000  ,  0.0000  ,  0.0000  ,  0.0000  , 100.0000 ,  0.0000  ,  0.0000  ,  0.0000  ,  0.0000  
  7.0800  , -0.3888  ,  0.5362  , -0.3191  ,  1.6334  , -2.9154  ,  0.9746  ,  0.2030  , -0.5351  ,  1.0829  , -2.3455  ,  0.0000  , 100.0000 ,  0.0000  ,  0.0000  ,  0.0000  ,  0.0000  ,  0.0000  , 100.0000 ,  0.0000  ,  0.0000  ,  0.0000  ,  0.0000  
  7.1000  , -0.3852  ,  0.5337  , -0.3121  ,  1.6391  , -2.9154  ,  0.9611  ,  0.2048  , -0.5338  ,  1.1021  , -2.3455  ,  0.0000  , 100.0000 ,  0.0000  ,  0.0000  ,  0.0000  ,  0.0000  ,  0.0000  , 100.0000 ,  0.0000  ,  0.0000  ,  0.0000  ,  0.0000  
  7.1200  , -0.3852  ,  0.5337  , -0.3121  ,  1.6391  , -2.9288  ,  0.9611  ,  0.2048  , -0.5338  ,  1.1021  , -2.3845  ,  0.0000  , 100.0000 ,  0.0000  ,  0.0000  ,  0.0000  ,  0.0000  ,  0.0000  , 100.0000 ,  0.0000  ,  0.0000  ,  0.0000  ,  0.0000  
  7.1400  , -0.3624  ,  0.5199  , -0.2691  ,  1.6693  , -2.9650  ,  0.8735  ,  0.2224  , -0.5168  ,  1.2301  , -2.4633  ,  0.0000  , 100.0000 ,  0.0000  ,  0.0000  ,  0.0000  ,  0.0000  ,  0.0000  , 100.0000 ,  0.0000  ,  0.0000  ,  0.0000  ,  0.0000  
  7.1600  , -0.3501  ,  0.5151  , -0.2597  ,  1.6758  , -2.9650  ,  0.8359  ,  0.2337  , -0.5140  ,  1.2856  , -2.4633  ,  0.0000  , 100.0000 ,  0.0000  ,  0.0000  ,  0.0000  ,  0.0000  ,  0.0000  , 100.0000 ,  0.0000  ,  0.0000  ,  0.0000  ,  0.0000  
  7.1800  , -0.3211  ,  0.5062  , -0.2447  ,  1.6839  , -3.0458  ,  0.7614  ,  0.2587  , -0.5000  ,  1.3887  , -2.4721  ,  0.0000  , 100.0000 ,  0.0000  ,  0.0000  ,  0.0000  ,  0.0000  ,  0.0000  , 100.0000 ,  0.0000  ,  0.0000  ,  0.0000  ,  0.0000  
  7.2000  , -0.2612  ,  0.4934  , -0.2432  ,  1.6749  , -3.1164  ,  0.6597  ,  0.3015  , -0.4920  ,  1.5253  , -2.5026  ,  0.0000  , 100.0000 ,  0.0000  ,  0.0000  ,  0.0000  ,  0.0000  ,  0.0000  , 100.0000 ,  0.0000  ,  0.0000  ,  0.0000  ,  0.0000  
  7.2200  , -0.2133  ,  0.4847  , -0.2373  ,  1.6719  , -3.1525  ,  0.5944  ,  0.3284  , -0.4958  ,  1.5948  , -2.5200  ,  0.0000  , 100.0000 ,  0.0000  ,  0.0000  ,  0.0000  ,  0.0000  ,  0.0000  , 100.0000 ,  0.0000  ,  0.0000  ,  0.0000  ,  0.0000  
  7.2400  , -0.1624  ,  0.4780  , -0.2456  ,  1.6543  , -3.1695  ,  0.5358  ,  0.3543  , -0.4958  ,  1.6506  , -2.5185  ,  0.0000  , 100.0000 ,  0.0000  ,  0.0000  ,  0.0000  ,  0.0000  ,  0.0000  , 100.0000 ,  0.0000  ,  0.0000  ,  0.0000  ,  0.0000  
  7.2600  , -0.0980  ,  0.4686  , -0.2466  ,  1.6355  , -3.1891  ,  0.4596  ,  0.3924  , -0.4951  ,  1.7151  , -2.5146  ,  0.0000  , 100.0000 ,  0.0000  ,  0.0000  ,  0.0000  ,  0.0000  ,  0.0000  , 100.0000 ,  0.0000  ,  0.0000  ,  0.0000  ,  0.0000  
  7.2800  , -0.0277  ,  0.4561  , -0.2361  ,  1.6234  , -3.2464  ,  0.3799  ,  0.4285  , -0.5040  ,  1.7627  , -2.5065  ,  0.0000  , 100.0000 ,  0.0000  ,  0.0000  ,  0.0000  ,  0.0000  ,  0.0000  , 100.0000 ,  0.0000  ,  0.0000  ,  0.0000  ,  0.0000  
  7.3000  ,  0.0151  ,  0.4530  , -0.2315  ,  1.6140  , -3.2677  ,  0.3062  ,  0.4725  , -0.5153  ,  1.8024  , -2.4785  ,  0.0000  , 100.0000 ,  0.0000  ,  0.0000  ,  0.0000  ,  0.0000  ,  0.0000  , 100.0000 ,  0.0000  ,  0.0000  ,  0.0000  ,  0.0000  
  7.3200  ,  0.0277  ,  0.4519  , -0.2243  ,  1.6162  , -3.2718  ,  0.2866  ,  0.4828  , -0.5257  ,  1.8086  , -2.4555  ,  0.0000  , 100.0000 ,  0.0000  ,  0.0000  ,  0.0000  ,  0.0000  ,  0.0000  , 100.0000 ,  0.0000  ,  0.0000  ,  0.0000  ,  0.0000  
  7.3400  ,  0.0844  ,  0.4495  , -0.2140  ,  1.6031  , -3.3054  ,  0.1876  ,  0.5273  , -0.5312  ,  1.8454  , -2.4017  ,  0.0000  , 100.0000 ,  0.0000  ,  0.0000  ,  0.0000  ,  0.0000  ,  0.0000  , 100.0000 ,  0.0000  ,  0.0000  ,  0.0000  ,  0.0000  
  7.3600  ,  0.1290  ,  0.4664  , -0.2301  ,  1.5896  , -3.3102  ,  0.1330  ,  0.5532  , -0.5338  ,  1.8570  , -2.3876  ,  0.0000  , 100.0000 ,  0.0000  ,  0.0000  ,  0.0000  ,  0.0000  ,  0.0000  , 100.0000 ,  0.0000  ,  0.0000  ,  0.0000  ,  0.0000  
  7.3800  ,  0.1412  ,  0.4705  , -0.2311  ,  1.5879  , -3.3537  ,  0.1192  ,  0.5590  , -0.5432  ,  1.8544  , -2.3202  ,  0.0000  , 100.0000 ,  0.0000  ,  0.0000  ,  0.0000  ,  0.0000  ,  0.0000  , 100.0000 ,  0.0000  ,  0.0000  ,  0.0000  ,  0.0000  
  7.4000  ,  0.2096  ,  0.5003  , -0.2574  ,  1.5651  , -3.3601  ,  0.0531  ,  0.5800  , -0.5454  ,  1.8543  , -2.3090  ,  0.0000  , 100.0000 ,  0.0000  ,  0.0000  ,  0.0000  ,  0.0000  ,  0.0000  , 100.0000 ,  0.0000  ,  0.0000  ,  0.0000  ,  0.0000  
  7.4200  ,  0.2435  ,  0.5175  , -0.2774  ,  1.5506  , -3.3675  ,  0.0215  ,  0.5888  , -0.5473  ,  1.8493  , -2.3222  ,  0.0000  , 100.0000 ,  0.0000  ,  0.0000  ,  0.0000  ,  0.0000  ,  0.0000  , 100.0000 ,  0.0000  ,  0.0000  ,  0.0000  ,  0.0000  
  7.4400  ,  0.2750  ,  0.5323  , -0.2880  ,  1.5412  , -3.3573  , -0.0068  ,  0.5961  , -0.5527  ,  1.8406  , -2.3267  ,  0.0000  , 100.0000 ,  0.0000  ,  0.0000  ,  0.0000  ,  0.0000  ,  0.0000  , 100.0000 ,  0.0000  ,  0.0000  ,  0.0000  ,  0.0000  
  7.4600  ,  0.3211  ,  0.5535  , -0.3177  ,  1.5198  , -3.3526  , -0.0438  ,  0.6089  , -0.5547  ,  1.8554  , -2.3137  ,  0.0000  , 100.0000 ,  0.0000  ,  0.0000  ,  0.0000  ,  0.0000  ,  0.0000  , 100.0000 ,  0.0000  ,  0.0000  ,  0.0000  ,  0.0000  
  7.4800  ,  0.3324  ,  0.5582  , -0.3225  ,  1.5136  , -3.3526  , -0.0526  ,  0.6118  , -0.5532  ,  1.8551  , -2.3060  ,  0.0000  , 100.0000 ,  0.0000  ,  0.0000  ,  0.0000  ,  0.0000  ,  0.0000  , 100.0000 ,  0.0000  ,  0.0000  ,  0.0000  ,  0.0000  
  7.5000  ,  0.3750  ,  0.5743  , -0.3425  ,  1.4950  , -3.3526  , -0.0857  ,  0.6200  , -0.5578  ,  1.8456  , -2.3060  ,  0.0000  , 100.0000 ,  0.0000  ,  0.0000  ,  0.0000  ,  0.0000  ,  0.0000  , 100.0000 ,  0.0000  ,  0.0000  ,  0.0000  ,  0.0000  
  7.5200  ,  0.4561  ,  0.6010  , -0.3974  ,  1.4507  , -3.4132  , -0.1506  ,  0.6298  , -0.5312  ,  1.8433  , -2.2957  ,  0.0000  , 100.0000 ,  0.0000  ,  0.0000  ,  0.0000  ,  0.0000  ,  0.0000  , 100.0000 ,  0.0000  ,  0.0000  ,  0.0000  ,  0.0000  
  7.5400  ,  0.5017  ,  0.6121  , -0.4326  ,  1.4256  , -3.4105  , -0.1910  ,  0.6339  , -0.5091  ,  1.8409  , -2.3070  ,  0.0000  , 100.0000 ,  0.0000  ,  0.0000  ,  0.0000  ,  0.0000  ,  0.0000  , 100.0000 ,  0.0000  ,  0.0000  ,  0.0000  ,  0.0000  
  7.5600  ,  0.5671  ,  0.6252  , -0.4797  ,  1.3860  , -3.4037  , -0.2403  ,  0.6438  , -0.4940  ,  1.8456  , -2.3175  ,  0.0000  , 100.0000 ,  0.0000  ,  0.0000  ,  0.0000  ,  0.0000  ,  0.0000  , 100.0000 ,  0.0000  ,  0.0000  ,  0.0000  ,  0.0000  
  7.5800  ,  0.5925  ,  0.6295  , -0.4975  ,  1.3700  , -3.4124  , -0.2570  ,  0.6484  , -0.4919  ,  1.8469  , -2.2798  ,  0.0000  , 100.0000 ,  0.0000  ,  0.0000  ,  0.0000  ,  0.0000  ,  0.0000  , 100.0000 ,  0.0000  ,  0.0000  ,  0.0000  ,  0.0000  
  7.6000  ,  0.6336  ,  0.6361  , -0.5345  ,  1.3495  , -3.4280  , -0.2798  ,  0.6578  , -0.4926  ,  1.8520  , -2.2574  ,  0.0000  , 100.0000 ,  0.0000  ,  0.0000  ,  0.0000  ,  0.0000  ,  0.0000  , 100.0000 ,  0.0000  ,  0.0000  ,  0.0000  ,  0.0000  
  7.6200  ,  0.6638  ,  0.6414  , -0.5594  ,  1.3303  , -3.4293  , -0.2957  ,  0.6635  , -0.4932  ,  1.8524  , -2.2480  ,  0.0000  , 100.0000 ,  0.0000  ,  0.0000  ,  0.0000  ,  0.0000  ,  0.0000  , 100.0000 ,  0.0000  ,  0.0000  ,  0.0000  ,  0.0000  
  7.6400  ,  0.7130  ,  0.6513  , -0.6078  ,  1.2994  , -3.4066  , -0.3150  ,  0.6724  , -0.5026  ,  1.8534  , -2.2466  ,  0.0000  , 100.0000 ,  0.0000  ,  0.0000  ,  0.0000  ,  0.0000  ,  0.0000  , 100.0000 ,  0.0000  ,  0.0000  ,  0.0000  ,  0.0000  
  7.6600  ,  0.7239  ,  0.6530  , -0.6183  ,  1.2922  , -3.4066  , -0.3174  ,  0.6746  , -0.5087  ,  1.8605  , -2.2466  ,  0.0000  , 100.0000 ,  0.0000  ,  0.0000  ,  0.0000  ,  0.0000  ,  0.0000  , 100.0000 ,  0.0000  ,  0.0000  ,  0.0000  ,  0.0000  
  7.6800  ,  0.7401  ,  0.6547  , -0.6350  ,  1.2750  , -3.3674  , -0.3208  ,  0.6781  , -0.5208  ,  1.8616  , -2.2564  ,  0.0000  , 100.0000 ,  0.0000  ,  0.0000  ,  0.0000  ,  0.0000  ,  0.0000  , 100.0000 ,  0.0000  ,  0.0000  ,  0.0000  ,  0.0000  
  7.7000  ,  0.7717  ,  0.6551  , -0.6673  ,  1.2477  , -3.3771  , -0.3193  ,  0.6782  , -0.5405  ,  1.8585  , -2.2582  ,  0.0000  , 100.0000 ,  0.0000  ,  0.0000  ,  0.0000  ,  0.0000  ,  0.0000  , 100.0000 ,  0.0000  ,  0.0000  ,  0.0000  ,  0.0000  
  7.7200  ,  0.7810  ,  0.6574  , -0.6811  ,  1.2380  , -3.3895  , -0.3207  ,  0.6785  , -0.5476  ,  1.8558  , -2.2396  ,  0.0000  , 100.0000 ,  0.0000  ,  0.0000  ,  0.0000  ,  0.0000  ,  0.0000  , 100.0000 ,  0.0000  ,  0.0000  ,  0.0000  ,  0.0000  
  7.7400  ,  0.7861  ,  0.6585  , -0.6878  ,  1.2337  , -3.3905  , -0.3214  ,  0.6788  , -0.5522  ,  1.8554  , -2.2348  ,  0.0000  , 100.0000 ,  0.0000  ,  0.0000  ,  0.0000  ,  0.0000  ,  0.0000  , 100.0000 ,  0.0000  ,  0.0000  ,  0.0000  ,  0.0000  
  7.7600  ,  0.7932  ,  0.6601  , -0.6978  ,  1.2268  , -3.3885  , -0.3217  ,  0.6785  , -0.5594  ,  1.8543  , -2.2395  ,  0.0000  , 100.0000 ,  0.0000  ,  0.0000  ,  0.0000  ,  0.0000  ,  0.0000  , 100.0000 ,  0.0000  ,  0.0000  ,  0.0000  ,  0.0000  
  7.7800  ,  0.8020  ,  0.6620  , -0.7113  ,  1.2180  , -3.3837  , -0.3212  ,  0.6772  , -0.5678  ,  1.8525  , -2.2404  ,  0.0000  , 100.0000 ,  0.0000  ,  0.0000  ,  0.0000  ,  0.0000  ,  0.0000  , 100.0000 ,  0.0000  ,  0.0000  ,  0.0000  ,  0.0000  
  7.8000  ,  0.8100  ,  0.6673  , -0.7292  ,  1.2126  , -3.3779  , -0.3244  ,  0.6743  , -0.5703  ,  1.8622  , -2.2436  ,  0.0000  , 100.0000 ,  0.0000  ,  0.0000  ,  0.0000  ,  0.0000  ,  0.0000  , 100.0000 ,  0.0000  ,  0.0000  ,  0.0000  ,  0.0000  
  7.8200  ,  0.8102  ,  0.6701  , -0.7362  ,  1.2106  , -3.3294  , -0.3264  ,  0.6708  , -0.5656  ,  1.8650  , -2.2653  ,  0.0000  , 100.0000 ,  0.0000  ,  0.0000  ,  0.0000  ,  0.0000  ,  0.0000  , 100.0000 ,  0.0000  ,  0.0000  ,  0.0000  ,  0.0000  
  7.8400  ,  0.8098  ,  0.6713  , -0.7401  ,  1.2098  , -3.3174  , -0.3272  ,  0.6690  , -0.5627  ,  1.8665  , -2.2762  ,  0.0000  , 100.0000 ,  0.0000  ,  0.0000  ,  0.0000  ,  0.0000  ,  0.0000  , 100.0000 ,  0.0000  ,  0.0000  ,  0.0000  ,  0.0000  
  7.8600  ,  0.8047  ,  0.6734  , -0.7484  ,  1.2119  , -3.3105  , -0.3205  ,  0.6639  , -0.5547  ,  1.8667  , -2.2892  ,  0.0000  , 100.0000 ,  0.0000  ,  0.0000  ,  0.0000  ,  0.0000  ,  0.0000  , 100.0000 ,  0.0000  ,  0.0000  ,  0.0000  ,  0.0000  
  7.8800  ,  0.7981  ,  0.6741  , -0.7511  ,  1.2153  , -3.3302  , -0.3113  ,  0.6603  , -0.5473  ,  1.8714  , -2.2945  ,  0.0000  , 100.0000 ,  0.0000  ,  0.0000  ,  0.0000  ,  0.0000  ,  0.0000  , 100.0000 ,  0.0000  ,  0.0000  ,  0.0000  ,  0.0000  
  7.9000  ,  0.7900  ,  0.6742  , -0.7513  ,  1.2209  , -3.3480  , -0.3001  ,  0.6567  , -0.5393  ,  1.8759  , -2.3125  ,  0.0000  , 100.0000 ,  0.0000  ,  0.0000  ,  0.0000  ,  0.0000  ,  0.0000  , 100.0000 ,  0.0000  ,  0.0000  ,  0.0000  ,  0.0000  
  7.9200  ,  0.7852  ,  0.6736  , -0.7502  ,  1.2237  , -3.3331  , -0.2926  ,  0.6544  , -0.5345  ,  1.8782  , -2.3467  ,  0.0000  , 100.0000 ,  0.0000  ,  0.0000  ,  0.0000  ,  0.0000  ,  0.0000  , 100.0000 ,  0.0000  ,  0.0000  ,  0.0000  ,  0.0000  
  7.9400  ,  0.7737  ,  0.6713  , -0.7524  ,  1.2282  , -3.3245  , -0.2736  ,  0.6483  , -0.5245  ,  1.8816  , -2.3692  ,  0.0000  , 100.0000 ,  0.0000  ,  0.0000  ,  0.0000  ,  0.0000  ,  0.0000  , 100.0000 ,  0.0000  ,  0.0000  ,  0.0000  ,  0.0000  
  7.9600  ,  0.7481  ,  0.6686  , -0.7540  ,  1.2455  , -3.3068  , -0.2355  ,  0.6346  , -0.5021  ,  1.8925  , -2.4423  ,  0.0000  , 100.0000 ,  0.0000  ,  0.0000  ,  0.0000  ,  0.0000  ,  0.0000  , 100.0000 ,  0.0000  ,  0.0000  ,  0.0000  ,  0.0000  
  7.9800  ,  0.7305  ,  0.6679  , -0.7573  ,  1.2578  , -3.3041  , -0.2134  ,  0.6271  , -0.4901  ,  1.8982  , -2.4679  ,  0.0000  , 100.0000 ,  0.0000  ,  0.0000  ,  0.0000  ,  0.0000  ,  0.0000  , 100.0000 ,  0.0000  ,  0.0000  ,  0.0000  ,  0.0000  
  8.0000  ,  0.7000  ,  0.6677  , -0.7396  ,  1.2797  , -3.3062  , -0.1800  ,  0.6165  , -0.4815  ,  1.9065  , -2.4938  ,  0.0000  , 100.0000 ,  0.0000  ,  0.0000  ,  0.0000  ,  0.0000  ,  0.0000  , 100.0000 ,  0.0000  ,  0.0000  ,  0.0000  ,  0.0000  
  8.0200  ,  0.6807  ,  0.6673  , -0.7443  ,  1.2934  , -3.3073  , -0.1601  ,  0.6095  , -0.4670  ,  1.9118  , -2.4848  ,  0.0000  , 100.0000 ,  0.0000  ,  0.0000  ,  0.0000  ,  0.0000  ,  0.0000  , 100.0000 ,  0.0000  ,  0.0000  ,  0.0000  ,  0.0000  
  8.0400  ,  0.5609  ,  0.6666  , -0.6595  ,  1.3770  , -3.2668  , -0.0442  ,  0.5693  , -0.4769  ,  1.8851  , -2.4993  ,  0.0000  , 100.0000 ,  0.0000  ,  0.0000  ,  0.0000  ,  0.0000  ,  0.0000  , 100.0000 ,  0.0000  ,  0.0000  ,  0.0000  ,  0.0000  
  8.0600  ,  0.5075  ,  0.6648  , -0.6213  ,  1.4105  , -3.2529  ,  0.0042  ,  0.5478  , -0.4706  ,  1.8735  , -2.5050  ,  0.0000  , 100.0000 ,  0.0000  ,  0.0000  ,  0.0000  ,  0.0000  ,  0.0000  , 100.0000 ,  0.0000  ,  0.0000  ,  0.0000  ,  0.0000  
  8.0800  ,  0.4224  ,  0.6635  , -0.5741  ,  1.4639  , -3.2155  ,  0.0756  ,  0.5108  , -0.4576  ,  1.8530  , -2.5176  ,  0.0000  , 100.0000 ,  0.0000  ,  0.0000  ,  0.0000  ,  0.0000  ,  0.0000  , 100.0000 ,  0.0000  ,  0.0000  ,  0.0000  ,  0.0000  
  8.1000  ,  0.3029  ,  0.6602  , -0.5106  ,  1.5347  , -3.2125  ,  0.1714  ,  0.4531  , -0.4205  ,  1.8264  , -2.5112  ,  0.0000  , 100.0000 ,  0.0000  ,  0.0000  ,  0.0000  ,  0.0000  ,  0.0000  , 100.0000 ,  0.0000  ,  0.0000  ,  0.0000  ,  0.0000  
  8.1200  ,  0.2694  ,  0.6581  , -0.4961  ,  1.5507  , -3.1959  ,  0.1981  ,  0.4359  , -0.4193  ,  1.8039  , -2.4971  ,  0.0000  , 100.0000 ,  0.0000  ,  0.0000  ,  0.0000  ,  0.0000  ,  0.0000  , 100.0000 ,  0.0000  ,  0.0000  ,  0.0000  ,  0.0000  
  8.1400  ,  0.2354  ,  0.6557  , -0.5053  ,  1.5615  , -3.1446  ,  0.2226  ,  0.4184  , -0.3889  ,  1.8095  , -2.4950  ,  0.0000  , 100.0000 ,  0.0000  ,  0.0000  ,  0.0000  ,  0.0000  ,  0.0000  , 100.0000 ,  0.0000  ,  0.0000  ,  0.0000  ,  0.0000  
  8.1600  ,  0.2053  ,  0.6526  , -0.4929  ,  1.5742  , -3.1028  ,  0.2660  ,  0.3981  , -0.3922  ,  1.7868  , -2.4929  ,  0.0000  , 100.0000 ,  0.0000  ,  0.0000  ,  0.0000  ,  0.0000  ,  0.0000  , 100.0000 ,  0.0000  ,  0.0000  ,  0.0000  ,  0.0000  
  8.1800  ,  0.1631  ,  0.6475  , -0.4989  ,  1.5824  , -3.0840  ,  0.3279  ,  0.3693  , -0.3804  ,  1.7649  , -2.4947  ,  0.0000  , 100.0000 ,  0.0000  ,  0.0000  ,  0.0000  ,  0.0000  ,  0.0000  , 100.0000 ,  0.0000  ,  0.0000  ,  0.0000  ,  0.0000  
  8.2000  ,  0.1149  ,  0.6396  , -0.5103  ,  1.5807  , -3.0445  ,  0.4031  ,  0.3353  , -0.3649  ,  1.7338  , -2.4988  ,  0.0000  , 100.0000 ,  0.0000  ,  0.0000  ,  0.0000  ,  0.0000  ,  0.0000  , 100.0000 ,  0.0000  ,  0.0000  ,  0.0000  ,  0.0000  
  8.2200  ,  0.0817  ,  0.6300  , -0.4963  ,  1.5863  , -2.9935  ,  0.4652  ,  0.3234  , -0.3800  ,  1.6934  , -2.4959  ,  0.0000  , 100.0000 ,  0.0000  ,  0.0000  ,  0.0000  ,  0.0000  ,  0.0000  , 100.0000 ,  0.0000  ,  0.0000  ,  0.0000  ,  0.0000  
  8.2400  ,  0.0817  ,  0.6300  , -0.4963  ,  1.5863  , -3.0088  ,  0.4652  ,  0.3234  , -0.3800  ,  1.6934  , -2.4803  ,  0.0000  , 100.0000 ,  0.0000  ,  0.0000  ,  0.0000  ,  0.0000  ,  0.0000  , 100.0000 ,  0.0000  ,  0.0000  ,  0.0000  ,  0.0000  
  8.2600  ,  0.0018  ,  0.6106  , -0.4882  ,  1.5916  , -3.0227  ,  0.5854  ,  0.3010  , -0.4002  ,  1.6062  , -2.4947  ,  0.0000  , 100.0000 ,  0.0000  ,  0.0000  ,  0.0000  ,  0.0000  ,  0.0000  , 100.0000 ,  0.0000  ,  0.0000  ,  0.0000  ,  0.0000  
  8.2800  , -0.0670  ,  0.6030  , -0.4337  ,  1.6191  , -3.0155  ,  0.6743  ,  0.2885  , -0.4370  ,  1.5290  , -2.6160  ,  0.0000  , 100.0000 ,  0.0000  ,  0.0000  ,  0.0000  ,  0.0000  ,  0.0000  , 100.0000 ,  0.0000  ,  0.0000  ,  0.0000  ,  0.0000  
  8.3000  , -0.0942  ,  0.5990  , -0.4219  ,  1.6243  , -2.9892  ,  0.7037  ,  0.2817  , -0.4433  ,  1.5042  , -2.6381  ,  0.0000  , 100.0000 ,  0.0000  ,  0.0000  ,  0.0000  ,  0.0000  ,  0.0000  , 100.0000 ,  0.0000  ,  0.0000  ,  0.0000  ,  0.0000  
  8.3200  , -0.1300  ,  0.5952  , -0.3958  ,  1.6393  , -2.9465  ,  0.7478  ,  0.2810  , -0.4705  ,  1.4632  , -2.6524  ,  0.0000  , 100.0000 ,  0.0000  ,  0.0000  ,  0.0000  ,  0.0000  ,  0.0000  , 100.0000 ,  0.0000  ,  0.0000  ,  0.0000  ,  0.0000  
  8.3400  , -0.2373  ,  0.5781  , -0.3274  ,  1.6796  , -2.9280  ,  0.8633  ,  0.2730  , -0.5395  ,  1.3553  , -2.6098  ,  0.0000  , 100.0000 ,  0.0000  ,  0.0000  ,  0.0000  ,  0.0000  ,  0.0000  , 100.0000 ,  0.0000  ,  0.0000  ,  0.0000  ,  0.0000  
  8.3600  , -0.2497  ,  0.5754  , -0.3189  ,  1.6846  , -2.9372  ,  0.8753  ,  0.2710  , -0.5458  ,  1.3419  , -2.5945  ,  0.0000  , 100.0000 ,  0.0000  ,  0.0000  ,  0.0000  ,  0.0000  ,  0.0000  , 100.0000 ,  0.0000  ,  0.0000  ,  0.0000  ,  0.0000  
  8.3800  , -0.2952  ,  0.5630  , -0.2953  ,  1.6993  , -2.9433  ,  0.9183  ,  0.2590  , -0.5642  ,  1.2886  , -2.5894  ,  0.0000  , 100.0000 ,  0.0000  ,  0.0000  ,  0.0000  ,  0.0000  ,  0.0000  , 100.0000 ,  0.0000  ,  0.0000  ,  0.0000  ,  0.0000  
  8.4000  , -0.3274  ,  0.5517  , -0.2899  ,  1.7063  , -2.9523  ,  0.9457  ,  0.2484  , -0.5734  ,  1.2504  , -2.5935  ,  0.0000  , 100.0000 ,  0.0000  ,  0.0000  ,  0.0000  ,  0.0000  ,  0.0000  , 100.0000 ,  0.0000  ,  0.0000  ,  0.0000  ,  0.0000  
  8.4200  , -0.3536  ,  0.5403  , -0.2817  ,  1.7124  , -2.9578  ,  0.9811  ,  0.2315  , -0.5839  ,  1.1972  , -2.5871  ,  0.0000  , 100.0000 ,  0.0000  ,  0.0000  ,  0.0000  ,  0.0000  ,  0.0000  , 100.0000 ,  0.0000  ,  0.0000  ,  0.0000  ,  0.0000  
  8.4400  , -0.3663  ,  0.5335  , -0.2861  ,  1.7114  , -2.9441  ,  1.0003  ,  0.2224  , -0.5901  ,  1.1659  , -2.5677  ,  0.0000  , 100.0000 ,  0.0000  ,  0.0000  ,  0.0000  ,  0.0000  ,  0.0000  , 100.0000 ,  0.0000  ,  0.0000  ,  0.0000  ,  0.0000  
  8.4600  , -0.3761  ,  0.5273  , -0.2935  ,  1.7144  , -2.9256  ,  1.0169  ,  0.2143  , -0.5958  ,  1.1403  , -2.5701  ,  0.0000  , 100.0000 ,  0.0000  ,  0.0000  ,  0.0000  ,  0.0000  ,  0.0000  , 100.0000 ,  0.0000  ,  0.0000  ,  0.0000  ,  0.0000  
  8.4800  , -0.3787  ,  0.5254  , -0.2978  ,  1.7129  , -2.9090  ,  1.0210  ,  0.2120  , -0.5970  ,  1.1319  , -2.5757  ,  0.0000  , 100.0000 ,  0.0000  ,  0.0000  ,  0.0000  ,  0.0000  ,  0.0000  , 100.0000 ,  0.0000  ,  0.0000  ,  0.0000  ,  0.0000  
  8.5000  , -0.3888  ,  0.5069  , -0.3111  ,  1.7004  , -2.8776  ,  1.0465  ,  0.1980  , -0.6086  ,  1.0822  , -2.6082  ,  0.0000  , 100.0000 ,  0.0000  ,  0.0000  ,  0.0000  ,  0.0000  ,  0.0000  , 100.0000 ,  0.0000  ,  0.0000  ,  0.0000  ,  0.0000  
  8.5200  , -0.3905  ,  0.5012  , -0.3151  ,  1.6908  , -2.8507  ,  1.0520  ,  0.1970  , -0.6176  ,  1.0795  , -2.6287  ,  0.0000  , 100.0000 ,  0.0000  ,  0.0000  ,  0.0000  ,  0.0000  ,  0.0000  , 100.0000 ,  0.0000  ,  0.0000  ,  0.0000  ,  0.0000  
  8.5400  , -0.3924  ,  0.4950  , -0.3230  ,  1.6825  , -2.8556  ,  1.0572  ,  0.1957  , -0.6236  ,  1.0740  , -2.6257  ,  0.0000  , 100.0000 ,  0.0000  ,  0.0000  ,  0.0000  ,  0.0000  ,  0.0000  , 100.0000 ,  0.0000  ,  0.0000  ,  0.0000  ,  0.0000  
  8.5600  , -0.3954  ,  0.4879  , -0.3202  ,  1.6791  , -2.8482  ,  1.0617  ,  0.1978  , -0.6321  ,  1.0717  , -2.6275  ,  0.0000  , 100.0000 ,  0.0000  ,  0.0000  ,  0.0000  ,  0.0000  ,  0.0000  , 100.0000 ,  0.0000  ,  0.0000  ,  0.0000  ,  0.0000  
  8.5800  , -0.4098  ,  0.4620  , -0.3075  ,  1.6621  , -2.8435  ,  1.0721  ,  0.2055  , -0.6480  ,  1.0874  , -2.6353  ,  0.0000  , 100.0000 ,  0.0000  ,  0.0000  ,  0.0000  ,  0.0000  ,  0.0000  , 100.0000 ,  0.0000  ,  0.0000  ,  0.0000  ,  0.0000  
  8.6000  , -0.4123  ,  0.4580  , -0.3059  ,  1.6587  , -2.8101  ,  1.0733  ,  0.2068  , -0.6457  ,  1.0969  , -2.7009  ,  0.0000  , 100.0000 ,  0.0000  ,  0.0000  ,  0.0000  ,  0.0000  ,  0.0000  , 100.0000 ,  0.0000  ,  0.0000  ,  0.0000  ,  0.0000  
  8.6200  , -0.4162  ,  0.4496  , -0.3023  ,  1.6505  , -2.7856  ,  1.0718  ,  0.2112  , -0.6410  ,  1.1153  , -2.7130  ,  0.0000  , 100.0000 ,  0.0000  ,  0.0000  ,  0.0000  ,  0.0000  ,  0.0000  , 100.0000 ,  0.0000  ,  0.0000  ,  0.0000  ,  0.0000  
  8.6400  , -0.4194  ,  0.4336  , -0.2973  ,  1.6260  , -2.7270  ,  1.0743  ,  0.2242  , -0.6248  ,  1.1735  , -2.7164  ,  0.0000  , 100.0000 ,  0.0000  ,  0.0000  ,  0.0000  ,  0.0000  ,  0.0000  , 100.0000 ,  0.0000  ,  0.0000  ,  0.0000  ,  0.0000  
  8.6600  , -0.4196  ,  0.4277  , -0.2967  ,  1.6200  , -2.7002  ,  1.0765  ,  0.2303  , -0.6154  ,  1.1960  , -2.6932  ,  0.0000  , 100.0000 ,  0.0000  ,  0.0000  ,  0.0000  ,  0.0000  ,  0.0000  , 100.0000 ,  0.0000  ,  0.0000  ,  0.0000  ,  0.0000  
  8.6800  , -0.4192  ,  0.4190  , -0.2933  ,  1.6055  , -2.6563  ,  1.0840  ,  0.2373  , -0.6102  ,  1.2148  , -2.6566  ,  0.0000  , 100.0000 ,  0.0000  ,  0.0000  ,  0.0000  ,  0.0000  ,  0.0000  , 100.0000 ,  0.0000  ,  0.0000  ,  0.0000  ,  0.0000  
  8.7000  , -0.4186  ,  0.4064  , -0.2909  ,  1.5741  , -2.6458  ,  1.0960  ,  0.2474  , -0.5752  ,  1.2651  , -2.6561  ,  0.0000  , 100.0000 ,  0.0000  ,  0.0000  ,  0.0000  ,  0.0000  ,  0.0000  , 100.0000 ,  0.0000  ,  0.0000  ,  0.0000  ,  0.0000  
  8.7200  , -0.4188  ,  0.3968  , -0.2885  ,  1.5620  , -2.6184  ,  1.1207  ,  0.2598  , -0.5719  ,  1.2799  , -2.6570  ,  0.0000  , 100.0000 ,  0.0000  ,  0.0000  ,  0.0000  ,  0.0000  ,  0.0000  , 100.0000 ,  0.0000  ,  0.0000  ,  0.0000  ,  0.0000  
  8.7400  , -0.4182  ,  0.3895  , -0.2865  ,  1.5485  , -2.5821  ,  1.1439  ,  0.2705  , -0.5800  ,  1.2832  , -2.6464  ,  0.0000  , 100.0000 ,  0.0000  ,  0.0000  ,  0.0000  ,  0.0000  ,  0.0000  , 100.0000 ,  0.0000  ,  0.0000  ,  0.0000  ,  0.0000  
  8.7600  , -0.4177  ,  0.3853  , -0.2866  ,  1.5376  , -2.5780  ,  1.1581  ,  0.2770  , -0.5715  ,  1.2944  , -2.6309  ,  0.0000  , 100.0000 ,  0.0000  ,  0.0000  ,  0.0000  ,  0.0000  ,  0.0000  , 100.0000 ,  0.0000  ,  0.0000  ,  0.0000  ,  0.0000  
  8.7800  , -0.4174  ,  0.3825  , -0.2871  ,  1.5291  , -2.5763  ,  1.1675  ,  0.2816  , -0.5595  ,  1.3057  , -2.6138  ,  0.0000  , 100.0000 ,  0.0000  ,  0.0000  ,  0.0000  ,  0.0000  ,  0.0000  , 100.0000 ,  0.0000  ,  0.0000  ,  0.0000  ,  0.0000  
  8.8000  , -0.4169  ,  0.3656  , -0.2825  ,  1.4930  , -2.5723  ,  1.2250  ,  0.3093  , -0.5109  ,  1.3385  , -2.5791  ,  0.0000  , 100.0000 ,  0.0000  ,  0.0000  ,  0.0000  ,  0.0000  ,  0.0000  , 100.0000 ,  0.0000  ,  0.0000  ,  0.0000  ,  0.0000  
  8.8200  , -0.4172  ,  0.3634  , -0.2812  ,  1.4903  , -2.5651  ,  1.2340  ,  0.3139  , -0.5191  ,  1.3342  , -2.5708  ,  0.0000  , 100.0000 ,  0.0000  ,  0.0000  ,  0.0000  ,  0.0000  ,  0.0000  , 100.0000 ,  0.0000  ,  0.0000  ,  0.0000  ,  0.0000  
  8.8400  , -0.4179  ,  0.3561  , -0.2775  ,  1.4832  , -2.5504  ,  1.2627  ,  0.3288  , -0.4950  ,  1.3492  , -2.5559  ,  0.0000  , 100.0000 ,  0.0000  ,  0.0000  ,  0.0000  ,  0.0000  ,  0.0000  , 100.0000 ,  0.0000  ,  0.0000  ,  0.0000  ,  0.0000  
  8.8600  , -0.4166  ,  0.3501  , -0.2771  ,  1.4758  , -2.5456  ,  1.2868  ,  0.3427  , -0.4819  ,  1.3526  , -2.5555  ,  0.0000  , 100.0000 ,  0.0000  ,  0.0000  ,  0.0000  ,  0.0000  ,  0.0000  , 100.0000 ,  0.0000  ,  0.0000  ,  0.0000  ,  0.0000  
  8.8800  , -0.4140  ,  0.3363  , -0.2742  ,  1.4552  , -2.5181  ,  1.3269  ,  0.3722  , -0.4414  ,  1.3778  , -2.5211  ,  0.0000  , 100.0000 ,  0.0000  ,  0.0000  ,  0.0000  ,  0.0000  ,  0.0000  , 100.0000 ,  0.0000  ,  0.0000  ,  0.0000  ,  0.0000  
  8.9000  , -0.4125  ,  0.3295  , -0.2732  ,  1.4507  , -2.5065  ,  1.3433  ,  0.3863  , -0.4064  ,  1.3967  , -2.5141  ,  0.0000  , 100.0000 ,  0.0000  ,  0.0000  ,  0.0000  ,  0.0000  ,  0.0000  , 100.0000 ,  0.0000  ,  0.0000  ,  0.0000  ,  0.0000  
  8.9200  , -0.4107  ,  0.3250  , -0.2717  ,  1.4477  , -2.5062  ,  1.3556  ,  0.3985  , -0.4055  ,  1.3999  , -2.5192  ,  0.0000  , 100.0000 ,  0.0000  ,  0.0000  ,  0.0000  ,  0.0000  ,  0.0000  , 100.0000 ,  0.0000  ,  0.0000  ,  0.0000  ,  0.0000  
  8.9400  , -0.4075  ,  0.3178  , -0.2686  ,  1.4446  , -2.5046  ,  1.3743  ,  0.4175  , -0.3862  ,  1.4088  , -2.5041  ,  0.0000  , 100.0000 ,  0.0000  ,  0.0000  ,  0.0000  ,  0.0000  ,  0.0000  , 100.0000 ,  0.0000  ,  0.0000  ,  0.0000  ,  0.0000  
  8.9600  , -0.4026  ,  0.3089  , -0.2672  ,  1.4392  , -2.5070  ,  1.4078  ,  0.4514  , -0.3451  ,  1.4267  , -2.4908  ,  0.0000  , 100.0000 ,  0.0000  ,  0.0000  ,  0.0000  ,  0.0000  ,  0.0000  , 100.0000 ,  0.0000  ,  0.0000  ,  0.0000  ,  0.0000  
  8.9800  , -0.3979  ,  0.3055  , -0.2697  ,  1.4345  , -2.4996  ,  1.4359  ,  0.4791  , -0.3399  ,  1.4266  , -2.4521  ,  0.0000  , 100.0000 ,  0.0000  ,  0.0000  ,  0.0000  ,  0.0000  ,  0.0000  , 100.0000 ,  0.0000  ,  0.0000  ,  0.0000  ,  0.0000  
  9.0000  , -0.3947  ,  0.3039  , -0.2698  ,  1.4415  , -2.4881  ,  1.4526  ,  0.4954  , -0.3174  ,  1.4298  , -2.4414  ,  0.0000  , 100.0000 ,  0.0000  ,  0.0000  ,  0.0000  ,  0.0000  ,  0.0000  , 100.0000 ,  0.0000  ,  0.0000  ,  0.0000  ,  0.0000  
  9.0200  , -0.3930  ,  0.3020  , -0.2703  ,  1.4406  , -2.4822  ,  1.4696  ,  0.5179  , -0.3107  ,  1.4301  , -2.4534  ,  0.0000  , 100.0000 ,  0.0000  ,  0.0000  ,  0.0000  ,  0.0000  ,  0.0000  , 100.0000 ,  0.0000  ,  0.0000  ,  0.0000  ,  0.0000  
  9.0400  , -0.3898  ,  0.2989  , -0.2712  ,  1.4394  , -2.4821  ,  1.4960  ,  0.5552  , -0.2964  ,  1.4291  , -2.4546  ,  0.0000  , 100.0000 ,  0.0000  ,  0.0000  ,  0.0000  ,  0.0000  ,  0.0000  , 100.0000 ,  0.0000  ,  0.0000  ,  0.0000  ,  0.0000  
  9.0600  , -0.3873  ,  0.2971  , -0.2697  ,  1.4348  , -2.4734  ,  1.5118  ,  0.5798  , -0.2912  ,  1.4230  , -2.4238  ,  0.0000  , 100.0000 ,  0.0000  ,  0.0000  ,  0.0000  ,  0.0000  ,  0.0000  , 100.0000 ,  0.0000  ,  0.0000  ,  0.0000  ,  0.0000  
  9.0800  , -0.3853  ,  0.2954  , -0.2701  ,  1.4348  , -2.4722  ,  1.5218  ,  0.5974  , -0.2819  ,  1.4214  , -2.3505  ,  0.0000  , 100.0000 ,  0.0000  ,  0.0000  ,  0.0000  ,  0.0000  ,  0.0000  , 100.0000 ,  0.0000  ,  0.0000  ,  0.0000  ,  0.0000  
  9.1000  , -0.3825  ,  0.2929  , -0.2700  ,  1.4347  , -2.4714  ,  1.5333  ,  0.6195  , -0.2630  ,  1.4185  , -2.3098  ,  0.0000  , 100.0000 ,  0.0000  ,  0.0000  ,  0.0000  ,  0.0000  ,  0.0000  , 100.0000 ,  0.0000  ,  0.0000  ,  0.0000  ,  0.0000  
  9.1200  , -0.3812  ,  0.2910  , -0.2692  ,  1.4350  , -2.4699  ,  1.5377  ,  0.6316  , -0.2603  ,  1.4171  , -2.2551  ,  0.0000  , 100.0000 ,  0.0000  ,  0.0000  ,  0.0000  ,  0.0000  ,  0.0000  , 100.0000 ,  0.0000  ,  0.0000  ,  0.0000  ,  0.0000  
  9.1400  , -0.3766  ,  0.2840  , -0.2643  ,  1.4369  , -2.4686  ,  1.5459  ,  0.6755  , -0.2164  ,  1.4127  , -2.2330  ,  0.0000  , 100.0000 ,  0.0000  ,  0.0000  ,  0.0000  ,  0.0000  ,  0.0000  , 100.0000 ,  0.0000  ,  0.0000  ,  0.0000  ,  0.0000  
  9.1600  , -0.3752  ,  0.2828  , -0.2644  ,  1.4377  , -2.4581  ,  1.5460  ,  0.6858  , -0.2087  ,  1.4126  , -2.1609  ,  0.0000  , 100.0000 ,  0.0000  ,  0.0000  ,  0.0000  ,  0.0000  ,  0.0000  , 100.0000 ,  0.0000  ,  0.0000  ,  0.0000  ,  0.0000  
  9.1800  , -0.3734  ,  0.2813  , -0.2644  ,  1.4401  , -2.4496  ,  1.5460  ,  0.6983  , -0.1708  ,  1.4096  , -2.0882  ,  0.0000  , 100.0000 ,  0.0000  ,  0.0000  ,  0.0000  ,  0.0000  ,  0.0000  , 100.0000 ,  0.0000  ,  0.0000  ,  0.0000  ,  0.0000  
  9.2000  , -0.3671  ,  0.2784  , -0.2652  ,  1.4417  , -2.4462  ,  1.5454  ,  0.7279  , -0.1384  ,  1.4027  , -2.0437  ,  0.0000  , 100.0000 ,  0.0000  ,  0.0000  ,  0.0000  ,  0.0000  ,  0.0000  , 100.0000 ,  0.0000  ,  0.0000  ,  0.0000  ,  0.0000  
  9.2200  , -0.3643  ,  0.2761  , -0.2649  ,  1.4431  , -2.4392  ,  1.5360  ,  0.7431  , -0.1095  ,  1.4040  , -1.9197  ,  0.0000  , 100.0000 ,  0.0000  ,  0.0000  ,  0.0000  ,  0.0000  ,  0.0000  , 100.0000 ,  0.0000  ,  0.0000  ,  0.0000  ,  0.0000  
  9.2400  , -0.3618  ,  0.2738  , -0.2643  ,  1.4451  , -2.4389  ,  1.5250  ,  0.7590  , -0.0637  ,  1.4026  , -1.8973  ,  0.0000  , 100.0000 ,  0.0000  ,  0.0000  ,  0.0000  ,  0.0000  ,  0.0000  , 100.0000 ,  0.0000  ,  0.0000  ,  0.0000  ,  0.0000  
  9.2600  , -0.3600  ,  0.2717  , -0.2616  ,  1.4486  , -2.4386  ,  1.5107  ,  0.7761  , -0.0318  ,  1.4159  , -1.8594  ,  0.0000  , 100.0000 ,  0.0000  ,  0.0000  ,  0.0000  ,  0.0000  ,  0.0000  , 100.0000 ,  0.0000  ,  0.0000  ,  0.0000  ,  0.0000  
  9.2800  , -0.3572  ,  0.2682  , -0.2601  ,  1.4530  , -2.4406  ,  1.4808  ,  0.8024  ,  0.0388  ,  1.4172  , -1.7841  ,  0.0000  , 100.0000 ,  0.0000  ,  0.0000  ,  0.0000  ,  0.0000  ,  0.0000  , 100.0000 ,  0.0000  ,  0.0000  ,  0.0000  ,  0.0000  
  9.3000  , -0.3559  ,  0.2668  , -0.2596  ,  1.4552  , -2.4407  ,  1.4581  ,  0.8159  ,  0.0780  ,  1.4216  , -1.7161  ,  0.0000  , 100.0000 ,  0.0000  ,  0.0000  ,  0.0000  ,  0.0000  ,  0.0000  , 100.0000 ,  0.0000  ,  0.0000  ,  0.0000  ,  0.0000  
  9.3200  , -0.3550  ,  0.2657  , -0.2578  ,  1.4582  , -2.4337  ,  1.4333  ,  0.8279  ,  0.1151  ,  1.4351  , -1.6162  ,  0.0000  , 100.0000 ,  0.0000  ,  0.0000  ,  0.0000  ,  0.0000  ,  0.0000  , 100.0000 ,  0.0000  ,  0.0000  ,  0.0000  ,  0.0000  
  9.3400  , -0.3541  ,  0.2646  , -0.2575  ,  1.4614  , -2.4287  ,  1.4102  ,  0.8387  ,  0.1631  ,  1.4346  , -1.6110  ,  0.0000  , 100.0000 ,  0.0000  ,  0.0000  ,  0.0000  ,  0.0000  ,  0.0000  , 100.0000 ,  0.0000  ,  0.0000  ,  0.0000  ,  0.0000  
  9.3600  , -0.3525  ,  0.2639  , -0.2591  ,  1.4625  , -2.4245  ,  1.3521  ,  0.8547  ,  0.2260  ,  1.4555  , -1.5939  ,  0.0000  , 100.0000 ,  0.0000  ,  0.0000  ,  0.0000  ,  0.0000  ,  0.0000  , 100.0000 ,  0.0000  ,  0.0000  ,  0.0000  ,  0.0000  
  9.3800  , -0.3510  ,  0.2638  , -0.2609  ,  1.4638  , -2.4229  ,  1.3153  ,  0.8641  ,  0.2639  ,  1.4667  , -1.5837  ,  0.0000  , 100.0000 ,  0.0000  ,  0.0000  ,  0.0000  ,  0.0000  ,  0.0000  , 100.0000 ,  0.0000  ,  0.0000  ,  0.0000  ,  0.0000  
  9.4000  , -0.3463  ,  0.2643  , -0.2652  ,  1.4642  , -2.4152  ,  1.2321  ,  0.8834  ,  0.3790  ,  1.4547  , -1.5166  ,  0.0000  , 100.0000 ,  0.0000  ,  0.0000  ,  0.0000  ,  0.0000  ,  0.0000  , 100.0000 ,  0.0000  ,  0.0000  ,  0.0000  ,  0.0000  
  9.4200  , -0.3439  ,  0.2659  , -0.2693  ,  1.4658  , -2.4140  ,  1.1743  ,  0.8959  ,  0.4323  ,  1.4652  , -1.5016  ,  0.0000  , 100.0000 ,  0.0000  ,  0.0000  ,  0.0000  ,  0.0000  ,  0.0000  , 100.0000 ,  0.0000  ,  0.0000  ,  0.0000  ,  0.0000  
  9.4400  , -0.3430  ,  0.2667  , -0.2713  ,  1.4667  , -2.4107  ,  1.1477  ,  0.9017  ,  0.4598  ,  1.4663  , -1.4838  ,  0.0000  , 100.0000 ,  0.0000  ,  0.0000  ,  0.0000  ,  0.0000  ,  0.0000  , 100.0000 ,  0.0000  ,  0.0000  ,  0.0000  ,  0.0000  
  9.4600  , -0.3413  ,  0.2686  , -0.2740  ,  1.4675  , -2.4106  ,  1.0973  ,  0.9127  ,  0.5151  ,  1.4732  , -1.4812  ,  0.0000  , 100.0000 ,  0.0000  ,  0.0000  ,  0.0000  ,  0.0000  ,  0.0000  , 100.0000 ,  0.0000  ,  0.0000  ,  0.0000  ,  0.0000  
  9.4800  , -0.3410  ,  0.2719  , -0.2797  ,  1.4719  , -2.4128  ,  1.0207  ,  0.9270  ,  0.5930  ,  1.4656  , -1.4739  ,  0.0000  , 100.0000 ,  0.0000  ,  0.0000  ,  0.0000  ,  0.0000  ,  0.0000  , 100.0000 ,  0.0000  ,  0.0000  ,  0.0000  ,  0.0000  
  9.5000  , -0.3413  ,  0.2747  , -0.2843  ,  1.4746  , -2.4159  ,  0.9579  ,  0.9357  ,  0.6501  ,  1.4608  , -1.4718  ,  0.0000  , 100.0000 ,  0.0000  ,  0.0000  ,  0.0000  ,  0.0000  ,  0.0000  , 100.0000 ,  0.0000  ,  0.0000  ,  0.0000  ,  0.0000  
  9.5200  , -0.3406  ,  0.2766  , -0.2870  ,  1.4751  , -2.4152  ,  0.9019  ,  0.9401  ,  0.6884  ,  1.4793  , -1.4784  ,  0.0000  , 100.0000 ,  0.0000  ,  0.0000  ,  0.0000  ,  0.0000  ,  0.0000  , 100.0000 ,  0.0000  ,  0.0000  ,  0.0000  ,  0.0000  
  9.5400  , -0.3401  ,  0.2782  , -0.2909  ,  1.4754  , -2.4148  ,  0.8284  ,  0.9401  ,  0.7584  ,  1.4748  , -1.4856  ,  0.0000  , 100.0000 ,  0.0000  ,  0.0000  ,  0.0000  ,  0.0000  ,  0.0000  , 100.0000 ,  0.0000  ,  0.0000  ,  0.0000  ,  0.0000  
  9.5600  , -0.3385  ,  0.2783  , -0.2943  ,  1.4733  , -2.4095  ,  0.7257  ,  0.9320  ,  0.8419  ,  1.4828  , -1.4693  ,  0.0000  , 100.0000 ,  0.0000  ,  0.0000  ,  0.0000  ,  0.0000  ,  0.0000  , 100.0000 ,  0.0000  ,  0.0000  ,  0.0000  ,  0.0000  
  9.5800  , -0.3364  ,  0.2777  , -0.2942  ,  1.4678  , -2.4093  ,  0.6831  ,  0.9273  ,  0.8805  ,  1.4747  , -1.4561  ,  0.0000  , 100.0000 ,  0.0000  ,  0.0000  ,  0.0000  ,  0.0000  ,  0.0000  , 100.0000 ,  0.0000  ,  0.0000  ,  0.0000  ,  0.0000  
  9.6000  , -0.3338  ,  0.2768  , -0.2960  ,  1.4643  , -2.4079  ,  0.6304  ,  0.9192  ,  0.9326  ,  1.4638  , -1.4525  ,  0.0000  , 100.0000 ,  0.0000  ,  0.0000  ,  0.0000  ,  0.0000  ,  0.0000  , 100.0000 ,  0.0000  ,  0.0000  ,  0.0000  ,  0.0000  
  9.6200  , -0.3285  ,  0.2747  , -0.2986  ,  1.4565  , -2.4045  ,  0.5219  ,  0.8943  ,  1.0173  ,  1.4655  , -1.4646  ,  0.0000  , 100.0000 ,  0.0000  ,  0.0000  ,  0.0000  ,  0.0000  ,  0.0000  , 100.0000 ,  0.0000  ,  0.0000  ,  0.0000  ,  0.0000  
  9.6400  , -0.3279  ,  0.2742  , -0.2987  ,  1.4551  , -2.4045  ,  0.5035  ,  0.8888  ,  1.0285  ,  1.4698  , -1.4646  ,  0.0000  , 100.0000 ,  0.0000  ,  0.0000  ,  0.0000  ,  0.0000  ,  0.0000  , 100.0000 ,  0.0000  ,  0.0000  ,  0.0000  ,  0.0000  
  9.6600  , -0.3258  ,  0.2727  , -0.2991  ,  1.4507  , -2.3986  ,  0.4585  ,  0.8747  ,  1.0789  ,  1.4451  , -1.4721  ,  0.0000  , 100.0000 ,  0.0000  ,  0.0000  ,  0.0000  ,  0.0000  ,  0.0000  , 100.0000 ,  0.0000  ,  0.0000  ,  0.0000  ,  0.0000  
  9.6800  , -0.3249  ,  0.2701  , -0.2976  ,  1.4462  , -2.3887  ,  0.3996  ,  0.8515  ,  1.1117  ,  1.4586  , -1.4823  ,  0.0000  , 100.0000 ,  0.0000  ,  0.0000  ,  0.0000  ,  0.0000  ,  0.0000  , 100.0000 ,  0.0000  ,  0.0000  ,  0.0000  ,  0.0000  
  9.7000  , -0.3241  ,  0.2679  , -0.2962  ,  1.4407  , -2.3680  ,  0.3600  ,  0.8345  ,  1.1408  ,  1.4475  , -1.5068  ,  0.0000  , 100.0000 ,  0.0000  ,  0.0000  ,  0.0000  ,  0.0000  ,  0.0000  , 100.0000 ,  0.0000  ,  0.0000  ,  0.0000  ,  0.0000  
  9.7200  , -0.3214  ,  0.2609  , -0.2902  ,  1.4287  , -2.3661  ,  0.2797  ,  0.7901  ,  1.1895  ,  1.4506  , -1.5227  ,  0.0000  , 100.0000 ,  0.0000  ,  0.0000  ,  0.0000  ,  0.0000  ,  0.0000  , 100.0000 ,  0.0000  ,  0.0000  ,  0.0000  ,  0.0000  
  9.7400  , -0.3185  ,  0.2562  , -0.2862  ,  1.4177  , -2.3564  ,  0.2348  ,  0.7580  ,  1.2075  ,  1.4626  , -1.5882  ,  0.0000  , 100.0000 ,  0.0000  ,  0.0000  ,  0.0000  ,  0.0000  ,  0.0000  , 100.0000 ,  0.0000  ,  0.0000  ,  0.0000  ,  0.0000  
  9.7600  , -0.3168  ,  0.2534  , -0.2834  ,  1.4098  , -2.3531  ,  0.2151  ,  0.7435  ,  1.2203  ,  1.4396  , -1.6050  ,  0.0000  , 100.0000 ,  0.0000  ,  0.0000  ,  0.0000  ,  0.0000  ,  0.0000  , 100.0000 ,  0.0000  ,  0.0000  ,  0.0000  ,  0.0000  
  9.7800  , -0.3060  ,  0.2463  , -0.2759  ,  1.3763  , -2.3320  ,  0.1626  ,  0.7011  ,  1.2416  ,  1.3997  , -1.5897  ,  0.0000  , 100.0000 ,  0.0000  ,  0.0000  ,  0.0000  ,  0.0000  ,  0.0000  , 100.0000 ,  0.0000  ,  0.0000  ,  0.0000  ,  0.0000  
  9.8000  , -0.3049  ,  0.2456  , -0.2754  ,  1.3739  , -2.3137  ,  0.1584  ,  0.6976  ,  1.2433  ,  1.3852  , -1.5982  ,  0.0000  , 100.0000 ,  0.0000  ,  0.0000  ,  0.0000  ,  0.0000  ,  0.0000  , 100.0000 ,  0.0000  ,  0.0000  ,  0.0000  ,  0.0000  
  9.8200  , -0.2928  ,  0.2411  , -0.2730  ,  1.3426  , -2.3084  ,  0.1180  ,  0.6608  ,  1.2445  ,  1.3533  , -1.6163  ,  0.0000  , 100.0000 ,  0.0000  ,  0.0000  ,  0.0000  ,  0.0000  ,  0.0000  , 100.0000 ,  0.0000  ,  0.0000  ,  0.0000  ,  0.0000  
  9.8400  , -0.2787  ,  0.2357  , -0.2706  ,  1.3082  , -2.3178  ,  0.0693  ,  0.6149  ,  1.2321  ,  1.3239  , -1.6314  ,  0.0000  , 100.0000 ,  0.0000  ,  0.0000  ,  0.0000  ,  0.0000  ,  0.0000  , 100.0000 ,  0.0000  ,  0.0000  ,  0.0000  ,  0.0000  
  9.8600  , -0.2743  ,  0.2340  , -0.2689  ,  1.2941  , -2.3582  ,  0.0571  ,  0.6034  ,  1.2219  ,  1.2776  , -1.6406  ,  0.0000  , 100.0000 ,  0.0000  ,  0.0000  ,  0.0000  ,  0.0000  ,  0.0000  , 100.0000 ,  0.0000  ,  0.0000  ,  0.0000  ,  0.0000  
  9.8800  , -0.2621  ,  0.2299  , -0.2683  ,  1.2699  , -2.3614  ,  0.0251  ,  0.5630  ,  1.2063  ,  1.2777  , -1.6213  ,  0.0000  , 100.0000 ,  0.0000  ,  0.0000  ,  0.0000  ,  0.0000  ,  0.0000  , 100.0000 ,  0.0000  ,  0.0000  ,  0.0000  ,  0.0000  
  9.9000  , -0.2570  ,  0.2281  , -0.2672  ,  1.2590  , -2.3482  ,  0.0139  ,  0.5488  ,  1.1951  ,  1.2586  , -1.5993  ,  0.0000  , 100.0000 ,  0.0000  ,  0.0000  ,  0.0000  ,  0.0000  ,  0.0000  , 100.0000 ,  0.0000  ,  0.0000  ,  0.0000  ,  0.0000  
  9.9200  , -0.2392  ,  0.2241  , -0.2677  ,  1.2228  , -2.3247  , -0.0206  ,  0.5067  ,  1.1672  ,  1.2441  , -1.5753  ,  0.0000  , 100.0000 ,  0.0000  ,  0.0000  ,  0.0000  ,  0.0000  ,  0.0000  , 100.0000 ,  0.0000  ,  0.0000  ,  0.0000  ,  0.0000  
  9.9400  , -0.2109  ,  0.2181  , -0.2728  ,  1.1733  , -2.3185  , -0.0679  ,  0.4412  ,  1.1079  ,  1.2026  , -1.5653  ,  0.0000  , 100.0000 ,  0.0000  ,  0.0000  ,  0.0000  ,  0.0000  ,  0.0000  , 100.0000 ,  0.0000  ,  0.0000  ,  0.0000  ,  0.0000  
  9.9600  , -0.2030  ,  0.2164  , -0.2740  ,  1.1599  , -2.3243  , -0.0789  ,  0.4249  ,  1.0815  ,  1.1709  , -1.5425  ,  0.0000  , 100.0000 ,  0.0000  ,  0.0000  ,  0.0000  ,  0.0000  ,  0.0000  , 100.0000 ,  0.0000  ,  0.0000  ,  0.0000  ,  0.0000  
  9.9800  , -0.1813  ,  0.2114  , -0.2795  ,  1.1344  , -2.3243  , -0.1103  ,  0.3802  ,  1.0470  ,  1.1679  , -1.5425  ,  0.0000  , 100.0000 ,  0.0000  ,  0.0000  ,  0.0000  ,  0.0000  ,  0.0000  , 100.0000 ,  0.0000  ,  0.0000  ,  0.0000  ,  0.0000  
 10.0000  , -0.1433  ,  0.2050  , -0.2919  ,  1.0855  , -2.2937  , -0.1611  ,  0.3087  ,  0.9579  ,  1.1565  , -1.5271  ,  0.0000  , 100.0000 ,  0.0000  ,  0.0000  ,  0.0000  ,  0.0000  ,  0.0000  , 100.0000 ,  0.0000  ,  0.0000  ,  0.0000  ,  0.0000  
 10.0200  , -0.1433  ,  0.2050  , -0.2919  ,  1.0855  , -2.2937  , -0.1611  ,  0.3087  ,  0.9579  ,  1.1565  , -1.5271  ,  0.0000  , 100.0000 ,  0.0000  ,  0.0000  ,  0.0000  ,  0.0000  ,  0.0000  , 100.0000 ,  0.0000  ,  0.0000  ,  0.0000  ,  0.0000  
 10.0400  , -0.1187  ,  0.2009  , -0.3019  ,  1.0584  , -2.2263  , -0.1870  ,  0.2624  ,  0.9030  ,  1.1527  , -1.5224  ,  0.0000  , 100.0000 ,  0.0000  ,  0.0000  ,  0.0000  ,  0.0000  ,  0.0000  , 100.0000 ,  0.0000  ,  0.0000  ,  0.0000  ,  0.0000  
 10.0600  , -0.1116  ,  0.1989  , -0.3049  ,  1.0540  , -2.2139  , -0.1955  ,  0.2487  ,  0.8744  ,  1.1389  , -1.5203  ,  0.0000  , 100.0000 ,  0.0000  ,  0.0000  ,  0.0000  ,  0.0000  ,  0.0000  , 100.0000 ,  0.0000  ,  0.0000  ,  0.0000  ,  0.0000  
 10.0800  , -0.0937  ,  0.1920  , -0.3099  ,  1.0533  , -2.2406  , -0.2233  ,  0.2128  ,  0.7701  ,  1.0993  , -1.4823  ,  0.0000  , 100.0000 ,  0.0000  ,  0.0000  ,  0.0000  ,  0.0000  ,  0.0000  , 100.0000 ,  0.0000  ,  0.0000  ,  0.0000  ,  0.0000  
 10.1000  , -0.0870  ,  0.1902  , -0.3124  ,  1.0522  , -2.2406  , -0.2408  ,  0.1972  ,  0.7228  ,  1.0936  , -1.4823  ,  0.0000  , 100.0000 ,  0.0000  ,  0.0000  ,  0.0000  ,  0.0000  ,  0.0000  , 100.0000 ,  0.0000  ,  0.0000  ,  0.0000  ,  0.0000  
 10.1200  , -0.0794  ,  0.1876  , -0.3139  ,  1.0579  , -2.2492  , -0.2565  ,  0.1798  ,  0.6739  ,  1.0947  , -1.4503  ,  0.0000  , 100.0000 ,  0.0000  ,  0.0000  ,  0.0000  ,  0.0000  ,  0.0000  , 100.0000 ,  0.0000  ,  0.0000  ,  0.0000  ,  0.0000  
 10.1400  , -0.0718  ,  0.1838  , -0.3138  ,  1.0625  , -2.2278  , -0.2687  ,  0.1616  ,  0.6109  ,  1.0853  , -1.4240  ,  0.0000  , 100.0000 ,  0.0000  ,  0.0000  ,  0.0000  ,  0.0000  ,  0.0000  , 100.0000 ,  0.0000  ,  0.0000  ,  0.0000  ,  0.0000  
 10.1600  , -0.0692  ,  0.1826  , -0.3138  ,  1.0683  , -2.2156  , -0.2722  ,  0.1562  ,  0.5800  ,  1.0790  , -1.4376  ,  0.0000  , 100.0000 ,  0.0000  ,  0.0000  ,  0.0000  ,  0.0000  ,  0.0000  , 100.0000 ,  0.0000  ,  0.0000  ,  0.0000  ,  0.0000  
 10.1800  , -0.0475  ,  0.1745  , -0.3180  ,  1.0772  , -2.2065  , -0.2942  ,  0.1267  ,  0.4713  ,  1.1130  , -1.4583  ,  0.0000  , 100.0000 ,  0.0000  ,  0.0000  ,  0.0000  ,  0.0000  ,  0.0000  , 100.0000 ,  0.0000  ,  0.0000  ,  0.0000  ,  0.0000  
 10.2000  , -0.0339  ,  0.1693  , -0.3188  ,  1.0795  , -2.2239  , -0.2992  ,  0.1176  ,  0.4308  ,  1.1227  , -1.4578  ,  0.0000  , 100.0000 ,  0.0000  ,  0.0000  ,  0.0000  ,  0.0000  ,  0.0000  , 100.0000 ,  0.0000  ,  0.0000  ,  0.0000  ,  0.0000  
 10.2200  , -0.0265  ,  0.1665  , -0.3179  ,  1.0907  , -2.2464  , -0.3014  ,  0.1133  ,  0.3804  ,  1.1288  , -1.4369  ,  0.0000  , 100.0000 ,  0.0000  ,  0.0000  ,  0.0000  ,  0.0000  ,  0.0000  , 100.0000 ,  0.0000  ,  0.0000  ,  0.0000  ,  0.0000  
 10.2400  , -0.0071  ,  0.1643  , -0.3230  ,  1.0777  , -2.2651  , -0.3050  ,  0.1065  ,  0.3478  ,  1.1475  , -1.4244  ,  0.0000  , 100.0000 ,  0.0000  ,  0.0000  ,  0.0000  ,  0.0000  ,  0.0000  , 100.0000 ,  0.0000  ,  0.0000  ,  0.0000  ,  0.0000  
 10.2600  ,  0.0407  ,  0.1624  , -0.3416  ,  1.0914  , -2.3058  , -0.2922  ,  0.1016  ,  0.2337  ,  1.1788  , -1.4285  ,  0.0000  , 100.0000 ,  0.0000  ,  0.0000  ,  0.0000  ,  0.0000  ,  0.0000  , 100.0000 ,  0.0000  ,  0.0000  ,  0.0000  ,  0.0000  
 10.2800  ,  0.0548  ,  0.1628  , -0.3481  ,  1.0924  , -2.3436  , -0.2851  ,  0.1024  ,  0.2081  ,  1.1860  , -1.4455  ,  0.0000  , 100.0000 ,  0.0000  ,  0.0000  ,  0.0000  ,  0.0000  ,  0.0000  , 100.0000 ,  0.0000  ,  0.0000  ,  0.0000  ,  0.0000  
 10.3000  ,  0.0809  ,  0.1646  , -0.3624  ,  1.0868  , -2.3498  , -0.2702  ,  0.1054  ,  0.1718  ,  1.2007  , -1.4512  ,  0.0000  , 100.0000 ,  0.0000  ,  0.0000  ,  0.0000  ,  0.0000  ,  0.0000  , 100.0000 ,  0.0000  ,  0.0000  ,  0.0000  ,  0.0000  
 10.3200  ,  0.1013  ,  0.1655  , -0.3712  ,  1.1051  , -2.4258  , -0.2586  ,  0.1070  ,  0.1325  ,  1.2248  , -1.4460  ,  0.0000  , 100.0000 ,  0.0000  ,  0.0000  ,  0.0000  ,  0.0000  ,  0.0000  , 100.0000 ,  0.0000  ,  0.0000  ,  0.0000  ,  0.0000  
 10.3400  ,  0.1573  ,  0.1701  , -0.4005  ,  1.0890  , -2.4431  , -0.2170  ,  0.1160  ,  0.0815  ,  1.2263  , -1.4505  ,  0.0000  , 100.0000 ,  0.0000  ,  0.0000  ,  0.0000  ,  0.0000  ,  0.0000  , 100.0000 ,  0.0000  ,  0.0000  ,  0.0000  ,  0.0000  
 10.3600  ,  0.1905  ,  0.1719  , -0.4116  ,  1.0863  , -2.5114  , -0.1890  ,  0.1204  ,  0.0431  ,  1.2467  , -1.4762  ,  0.0000  , 100.0000 ,  0.0000  ,  0.0000  ,  0.0000  ,  0.0000  ,  0.0000  , 100.0000 ,  0.0000  ,  0.0000  ,  0.0000  ,  0.0000  
 10.3800  ,  0.2651  ,  0.1755  , -0.4405  ,  1.0594  , -2.5666  , -0.1186  ,  0.1302  , -0.0070  ,  1.2544  , -1.4931  ,  0.0000  , 100.0000 ,  0.0000  ,  0.0000  ,  0.0000  ,  0.0000  ,  0.0000  , 100.0000 ,  0.0000  ,  0.0000  ,  0.0000  ,  0.0000  
 10.4000  ,  0.3048  ,  0.1783  , -0.4585  ,  1.0417  , -2.5666  , -0.0791  ,  0.1364  , -0.0318  ,  1.2536  , -1.4931  ,  0.0000  , 100.0000 ,  0.0000  ,  0.0000  ,  0.0000  ,  0.0000  ,  0.0000  , 100.0000 ,  0.0000  ,  0.0000  ,  0.0000  ,  0.0000  
 10.4200  ,  0.3519  ,  0.1819  , -0.4726  ,  1.0299  , -2.5746  , -0.0283  ,  0.1443  , -0.0625  ,  1.2630  , -1.4873  ,  0.0000  , 100.0000 ,  0.0000  ,  0.0000  ,  0.0000  ,  0.0000  ,  0.0000  , 100.0000 ,  0.0000  ,  0.0000  ,  0.0000  ,  0.0000  
 10.4400  ,  0.3923  ,  0.1856  , -0.4917  ,  1.0045  , -2.5878  ,  0.0186  ,  0.1520  , -0.0854  ,  1.2564  , -1.4754  ,  0.0000  , 100.0000 ,  0.0000  ,  0.0000  ,  0.0000  ,  0.0000  ,  0.0000  , 100.0000 ,  0.0000  ,  0.0000  ,  0.0000  ,  0.0000  
 10.4600  ,  0.4927  ,  0.1917  , -0.5178  ,  0.9705  , -2.5871  ,  0.1518  ,  0.1666  , -0.1404  ,  1.2375  , -1.4715  ,  0.0000  , 100.0000 ,  0.0000  ,  0.0000  ,  0.0000  ,  0.0000  ,  0.0000  , 100.0000 ,  0.0000  ,  0.0000  ,  0.0000  ,  0.0000  
 10.4800  ,  0.5082  ,  0.1924  , -0.5100  ,  0.9760  , -2.5810  ,  0.1723  ,  0.1671  , -0.1447  ,  1.2441  , -1.4725  ,  0.0000  , 100.0000 ,  0.0000  ,  0.0000  ,  0.0000  ,  0.0000  ,  0.0000  , 100.0000 ,  0.0000  ,  0.0000  ,  0.0000  ,  0.0000  
 10.5000  ,  0.5722  ,  0.1990  , -0.5415  ,  0.9357  , -2.5790  ,  0.2591  ,  0.1721  , -0.1700  ,  1.2025  , -1.4692  ,  0.0000  , 100.0000 ,  0.0000  ,  0.0000  ,  0.0000  ,  0.0000  ,  0.0000  , 100.0000 ,  0.0000  ,  0.0000  ,  0.0000  ,  0.0000  
 10.5200  ,  0.6435  ,  0.2106  , -0.5533  ,  0.9248  , -2.5799  ,  0.3591  ,  0.1802  , -0.2018  ,  1.1879  , -1.4659  ,  0.0000  , 100.0000 ,  0.0000  ,  0.0000  ,  0.0000  ,  0.0000  ,  0.0000  , 100.0000 ,  0.0000  ,  0.0000  ,  0.0000  ,  0.0000  
 10.5400  ,  0.6697  ,  0.2159  , -0.5486  ,  0.9293  , -2.5788  ,  0.3949  ,  0.1818  , -0.2070  ,  1.1991  , -1.4654  ,  0.0000  , 100.0000 ,  0.0000  ,  0.0000  ,  0.0000  ,  0.0000  ,  0.0000  , 100.0000 ,  0.0000  ,  0.0000  ,  0.0000  ,  0.0000  
 10.5600  ,  0.6800  ,  0.2181  , -0.5325  ,  0.9429  , -2.5754  ,  0.4086  ,  0.1818  , -0.2035  ,  1.2224  , -1.4611  ,  0.0000  , 100.0000 ,  0.0000  ,  0.0000  ,  0.0000  ,  0.0000  ,  0.0000  , 100.0000 ,  0.0000  ,  0.0000  ,  0.0000  ,  0.0000  
 10.5800  ,  0.7379  ,  0.2345  , -0.5503  ,  0.9371  , -2.5664  ,  0.4979  ,  0.1869  , -0.2295  ,  1.1835  , -1.4491  ,  0.0000  , 100.0000 ,  0.0000  ,  0.0000  ,  0.0000  ,  0.0000  ,  0.0000  , 100.0000 ,  0.0000  ,  0.0000  ,  0.0000  ,  0.0000  
 10.6000  ,  0.8019  ,  0.2550  , -0.5553  ,  0.9467  , -2.5431  ,  0.5944  ,  0.1825  , -0.2317  ,  1.1844  , -1.4291  ,  0.0000  , 100.0000 ,  0.0000  ,  0.0000  ,  0.0000  ,  0.0000  ,  0.0000  , 100.0000 ,  0.0000  ,  0.0000  ,  0.0000  ,  0.0000  
 10.6200  ,  0.8370  ,  0.2714  , -0.5590  ,  0.9608  , -2.5283  ,  0.6449  ,  0.1748  , -0.2228  ,  1.1884  , -1.4139  ,  0.0000  , 100.0000 ,  0.0000  ,  0.0000  ,  0.0000  ,  0.0000  ,  0.0000  , 100.0000 ,  0.0000  ,  0.0000  ,  0.0000  ,  0.0000  
 10.6400  ,  0.8558  ,  0.2815  , -0.5555  ,  0.9778  , -2.5038  ,  0.6702  ,  0.1691  , -0.2132  ,  1.1873  , -1.3863  ,  0.0000  , 100.0000 ,  0.0000  ,  0.0000  ,  0.0000  ,  0.0000  ,  0.0000  , 100.0000 ,  0.0000  ,  0.0000  ,  0.0000  ,  0.0000  
 10.6600  ,  0.8805  ,  0.2939  , -0.5605  ,  0.9870  , -2.4570  ,  0.7057  ,  0.1629  , -0.2034  ,  1.1957  , -1.3611  ,  0.0000  , 100.0000 ,  0.0000  ,  0.0000  ,  0.0000  ,  0.0000  ,  0.0000  , 100.0000 ,  0.0000  ,  0.0000  ,  0.0000  ,  0.0000  
 10.6800  ,  0.9090  ,  0.3104  , -0.5292  ,  1.0331  , -2.4336  ,  0.7440  ,  0.1531  , -0.1784  ,  1.2413  , -1.3548  ,  0.0000  , 100.0000 ,  0.0000  ,  0.0000  ,  0.0000  ,  0.0000  ,  0.0000  , 100.0000 ,  0.0000  ,  0.0000  ,  0.0000  ,  0.0000  
 10.7000  ,  0.9570  ,  0.3309  , -0.5485  ,  1.0358  , -2.3573  ,  0.8020  ,  0.1483  , -0.1741  ,  1.2344  , -1.3103  ,  0.0000  , 100.0000 ,  0.0000  ,  0.0000  ,  0.0000  ,  0.0000  ,  0.0000  , 100.0000 ,  0.0000  ,  0.0000  ,  0.0000  ,  0.0000  
 10.7200  ,  0.9873  ,  0.3450  , -0.5546  ,  1.0485  , -2.2906  ,  0.8426  ,  0.1468  , -0.1717  ,  1.2458  , -1.2830  ,  0.0000  , 100.0000 ,  0.0000  ,  0.0000  ,  0.0000  ,  0.0000  ,  0.0000  , 100.0000 ,  0.0000  ,  0.0000  ,  0.0000  ,  0.0000  
 10.7400  ,  0.9994  ,  0.3508  , -0.5502  ,  1.0604  , -2.2483  ,  0.8595  ,  0.1462  , -0.1700  ,  1.2557  , -1.2734  ,  0.0000  , 100.0000 ,  0.0000  ,  0.0000  ,  0.0000  ,  0.0000  ,  0.0000  , 100.0000 ,  0.0000  ,  0.0000  ,  0.0000  ,  0.0000  
 10.7600  ,  1.0359  ,  0.3707  , -0.5341  ,  1.1059  , -2.2078  ,  0.9183  ,  0.1482  , -0.1749  ,  1.2693  , -1.2637  ,  0.0000  , 100.0000 ,  0.0000  ,  0.0000  ,  0.0000  ,  0.0000  ,  0.0000  , 100.0000 ,  0.0000  ,  0.0000  ,  0.0000  ,  0.0000  
 10.7800  ,  1.0421  ,  0.3747  , -0.5284  ,  1.1189  , -2.1216  ,  0.9286  ,  0.1483  , -0.1744  ,  1.2799  , -1.2258  ,  0.0000  , 100.0000 ,  0.0000  ,  0.0000  ,  0.0000  ,  0.0000  ,  0.0000  , 100.0000 ,  0.0000  ,  0.0000  ,  0.0000  ,  0.0000  
 10.8000  ,  1.0598  ,  0.3857  , -0.5092  ,  1.1614  , -2.0741  ,  0.9686  ,  0.1509  , -0.1802  ,  1.2980  , -1.2090  ,  0.0000  , 100.0000 ,  0.0000  ,  0.0000  ,  0.0000  ,  0.0000  ,  0.0000  , 100.0000 ,  0.0000  ,  0.0000  ,  0.0000  ,  0.0000  
 10.8200  ,  1.0690  ,  0.3929  , -0.4950  ,  1.1954  , -2.0536  ,  0.9909  ,  0.1533  , -0.1830  ,  1.3218  , -1.2050  ,  0.0000  , 100.0000 ,  0.0000  ,  0.0000  ,  0.0000  ,  0.0000  ,  0.0000  , 100.0000 ,  0.0000  ,  0.0000  ,  0.0000  ,  0.0000  
 10.8400  ,  1.0820  ,  0.4046  , -0.4746  ,  1.2580  , -2.0216  ,  1.0233  ,  0.1581  , -0.1910  ,  1.3720  , -1.1981  ,  0.0000  , 100.0000 ,  0.0000  ,  0.0000  ,  0.0000  ,  0.0000  ,  0.0000  , 100.0000 ,  0.0000  ,  0.0000  ,  0.0000  ,  0.0000  
 10.8600  ,  1.0807  ,  0.4093  , -0.4685  ,  1.2785  , -1.9300  ,  1.0295  ,  0.1606  , -0.1948  ,  1.3800  , -1.1713  ,  0.0000  , 100.0000 ,  0.0000  ,  0.0000  ,  0.0000  ,  0.0000  ,  0.0000  , 100.0000 ,  0.0000  ,  0.0000  ,  0.0000  ,  0.0000  
 10.8800  ,  1.0781  ,  0.4178  , -0.4475  ,  1.3380  , -1.9008  ,  1.0388  ,  0.1636  , -0.1926  ,  1.4384  , -1.1593  ,  0.0000  , 100.0000 ,  0.0000  ,  0.0000  ,  0.0000  ,  0.0000  ,  0.0000  , 100.0000 ,  0.0000  ,  0.0000  ,  0.0000  ,  0.0000  
 10.9000  ,  1.0656  ,  0.4239  , -0.4188  ,  1.4011  , -1.9086  ,  1.0369  ,  0.1622  , -0.1851  ,  1.4924  , -1.1536  ,  0.0000  , 100.0000 ,  0.0000  ,  0.0000  ,  0.0000  ,  0.0000  ,  0.0000  , 100.0000 ,  0.0000  ,  0.0000  ,  0.0000  ,  0.0000  
 10.9200  ,  1.0542  ,  0.4287  , -0.3988  ,  1.4555  , -1.8939  ,  1.0322  ,  0.1593  , -0.1759  ,  1.5402  , -1.1363  ,  0.0000  , 100.0000 ,  0.0000  ,  0.0000  ,  0.0000  ,  0.0000  ,  0.0000  , 100.0000 ,  0.0000  ,  0.0000  ,  0.0000  ,  0.0000  
 10.9400  ,  1.0443  ,  0.4327  , -0.3836  ,  1.5020  , -1.8240  ,  1.0272  ,  0.1560  , -0.1666  ,  1.5903  , -1.0993  ,  0.0000  , 100.0000 ,  0.0000  ,  0.0000  ,  0.0000  ,  0.0000  ,  0.0000  , 100.0000 ,  0.0000  ,  0.0000  ,  0.0000  ,  0.0000  
 10.9600  ,  1.0220  ,  0.4393  , -0.3548  ,  1.5917  , -1.6950  ,  1.0158  ,  0.1471  , -0.1517  ,  1.6799  , -1.0901  ,  0.0000  , 100.0000 ,  0.0000  ,  0.0000  ,  0.0000  ,  0.0000  ,  0.0000  , 100.0000 ,  0.0000  ,  0.0000  ,  0.0000  ,  0.0000  
 10.9800  ,  1.0220  ,  0.4393  , -0.3548  ,  1.5917  , -1.6950  ,  1.0158  ,  0.1471  , -0.1517  ,  1.6799  , -1.0901  ,  0.0000  , 100.0000 ,  0.0000  ,  0.0000  ,  0.0000  ,  0.0000  ,  0.0000  , 100.0000 ,  0.0000  ,  0.0000  ,  0.0000  ,  0.0000  
 11.0000  ,  1.0092  ,  0.4417  , -0.3441  ,  1.6397  , -1.6572  ,  1.0089  ,  0.1461  , -0.1474  ,  1.7247  , -1.1054  ,  0.0000  , 100.0000 ,  0.0000  ,  0.0000  ,  0.0000  ,  0.0000  ,  0.0000  , 100.0000 ,  0.0000  ,  0.0000  ,  0.0000  ,  0.0000  
 11.0200  ,  0.9976  ,  0.4417  , -0.3358  ,  1.6833  , -1.5804  ,  1.0004  ,  0.1457  , -0.1443  ,  1.7637  , -1.1245  ,  0.0000  , 100.0000 ,  0.0000  ,  0.0000  ,  0.0000  ,  0.0000  ,  0.0000  , 100.0000 ,  0.0000  ,  0.0000  ,  0.0000  ,  0.0000  
 11.0400  ,  0.9880  ,  0.4408  , -0.3282  ,  1.7069  , -1.5488  ,  0.9925  ,  0.1458  , -0.1446  ,  1.7927  , -1.1330  ,  0.0000  , 100.0000 ,  0.0000  ,  0.0000  ,  0.0000  ,  0.0000  ,  0.0000  , 100.0000 ,  0.0000  ,  0.0000  ,  0.0000  ,  0.0000  
 11.0600  ,  0.9608  ,  0.4369  , -0.3148  ,  1.7682  , -1.4599  ,  0.9706  ,  0.1454  , -0.1414  ,  1.8479  , -1.1143  ,  0.0000  , 100.0000 ,  0.0000  ,  0.0000  ,  0.0000  ,  0.0000  ,  0.0000  , 100.0000 ,  0.0000  ,  0.0000  ,  0.0000  ,  0.0000  
 11.0800  ,  0.9428  ,  0.4338  , -0.3089  ,  1.8013  , -1.4599  ,  0.9555  ,  0.1463  , -0.1408  ,  1.8780  , -1.1143  ,  0.0000  , 100.0000 ,  0.0000  ,  0.0000  ,  0.0000  ,  0.0000  ,  0.0000  , 100.0000 ,  0.0000  ,  0.0000  ,  0.0000  ,  0.0000  
 11.1000  ,  0.9325  ,  0.4320  , -0.3061  ,  1.8187  , -1.2507  ,  0.9467  ,  0.1472  , -0.1421  ,  1.8942  , -1.0937  ,  0.0000  , 100.0000 ,  0.0000  ,  0.0000  ,  0.0000  ,  0.0000  ,  0.0000  , 100.0000 ,  0.0000  ,  0.0000  ,  0.0000  ,  0.0000  
 11.1200  ,  0.9209  ,  0.4299  , -0.3064  ,  1.8402  , -1.2150  ,  0.9364  ,  0.1483  , -0.1435  ,  1.9129  , -1.0974  ,  0.0000  , 100.0000 ,  0.0000  ,  0.0000  ,  0.0000  ,  0.0000  ,  0.0000  , 100.0000 ,  0.0000  ,  0.0000  ,  0.0000  ,  0.0000  
 11.1400  ,  0.8819  ,  0.4214  , -0.3017  ,  1.8896  , -1.1477  ,  0.9000  ,  0.1490  , -0.1427  ,  1.9547  , -1.1039  ,  0.0000  , 100.0000 ,  0.0000  ,  0.0000  ,  0.0000  ,  0.0000  ,  0.0000  , 100.0000 ,  0.0000  ,  0.0000  ,  0.0000  ,  0.0000  
 11.1600  ,  0.8553  ,  0.4146  , -0.2932  ,  1.9121  , -1.1477  ,  0.8749  ,  0.1500  , -0.1404  ,  1.9742  , -1.1039  ,  0.0000  , 100.0000 ,  0.0000  ,  0.0000  ,  0.0000  ,  0.0000  ,  0.0000  , 100.0000 ,  0.0000  ,  0.0000  ,  0.0000  ,  0.0000  
 11.1800  ,  0.8196  ,  0.4057  , -0.2888  ,  1.9412  , -1.1120  ,  0.8385  ,  0.1529  , -0.1432  ,  2.0005  , -1.0981  ,  0.0000  , 100.0000 ,  0.0000  ,  0.0000  ,  0.0000  ,  0.0000  ,  0.0000  , 100.0000 ,  0.0000  ,  0.0000  ,  0.0000  ,  0.0000  
 11.2000  ,  0.8071  ,  0.4025  , -0.2867  ,  1.9499  , -1.0867  ,  0.8252  ,  0.1541  , -0.1453  ,  2.0095  , -1.1148  ,  0.0000  , 100.0000 ,  0.0000  ,  0.0000  ,  0.0000  ,  0.0000  ,  0.0000  , 100.0000 ,  0.0000  ,  0.0000  ,  0.0000  ,  0.0000  
 11.2200  ,  0.7683  ,  0.3933  , -0.2861  ,  1.9744  , -1.1194  ,  0.7857  ,  0.1561  , -0.1503  ,  2.0342  , -1.1242  ,  0.0000  , 100.0000 ,  0.0000  ,  0.0000  ,  0.0000  ,  0.0000  ,  0.0000  , 100.0000 ,  0.0000  ,  0.0000  ,  0.0000  ,  0.0000  
 11.2400  ,  0.7416  ,  0.3868  , -0.2825  ,  1.9780  , -1.1843  ,  0.7588  ,  0.1565  , -0.1560  ,  2.0478  , -1.1197  ,  0.0000  , 100.0000 ,  0.0000  ,  0.0000  ,  0.0000  ,  0.0000  ,  0.0000  , 100.0000 ,  0.0000  ,  0.0000  ,  0.0000  ,  0.0000  
 11.2600  ,  0.7070  ,  0.3768  , -0.2701  ,  1.9928  , -1.1843  ,  0.7244  ,  0.1553  , -0.1545  ,  2.0631  , -1.1197  ,  0.0000  , 100.0000 ,  0.0000  ,  0.0000  ,  0.0000  ,  0.0000  ,  0.0000  , 100.0000 ,  0.0000  ,  0.0000  ,  0.0000  ,  0.0000  
 11.2800  ,  0.6809  ,  0.3684  , -0.2719  ,  2.0012  , -1.1217  ,  0.6979  ,  0.1541  , -0.1625  ,  2.0722  , -1.1272  ,  0.0000  , 100.0000 ,  0.0000  ,  0.0000  ,  0.0000  ,  0.0000  ,  0.0000  , 100.0000 ,  0.0000  ,  0.0000  ,  0.0000  ,  0.0000  
 11.3000  ,  0.6286  ,  0.3500  , -0.2613  ,  2.0159  , -1.1095  ,  0.6493  ,  0.1523  , -0.1675  ,  2.0892  , -1.1342  ,  0.0000  , 100.0000 ,  0.0000  ,  0.0000  ,  0.0000  ,  0.0000  ,  0.0000  , 100.0000 ,  0.0000  ,  0.0000  ,  0.0000  ,  0.0000  
 11.3200  ,  0.5881  ,  0.3348  , -0.2517  ,  2.0236  , -1.1174  ,  0.6163  ,  0.1539  , -0.1741  ,  2.0970  , -1.1318  ,  0.0000  , 100.0000 ,  0.0000  ,  0.0000  ,  0.0000  ,  0.0000  ,  0.0000  , 100.0000 ,  0.0000  ,  0.0000  ,  0.0000  ,  0.0000  
 11.3400  ,  0.5717  ,  0.3283  , -0.2516  ,  2.0236  , -1.1117  ,  0.6024  ,  0.1545  , -0.1822  ,  2.0973  , -1.1217  ,  0.0000  , 100.0000 ,  0.0000  ,  0.0000  ,  0.0000  ,  0.0000  ,  0.0000  , 100.0000 ,  0.0000  ,  0.0000  ,  0.0000  ,  0.0000  
 11.3600  ,  0.5244  ,  0.3094  , -0.2452  ,  2.0241  , -1.1023  ,  0.5625  ,  0.1591  , -0.1984  ,  2.1040  , -1.1110  ,  0.0000  , 100.0000 ,  0.0000  ,  0.0000  ,  0.0000  ,  0.0000  ,  0.0000  , 100.0000 ,  0.0000  ,  0.0000  ,  0.0000  ,  0.0000  
 11.3800  ,  0.5032  ,  0.3006  , -0.2426  ,  2.0225  , -1.1236  ,  0.5441  ,  0.1603  , -0.2063  ,  2.1033  , -1.1156  ,  0.0000  , 100.0000 ,  0.0000  ,  0.0000  ,  0.0000  ,  0.0000  ,  0.0000  , 100.0000 ,  0.0000  ,  0.0000  ,  0.0000  ,  0.0000  
 11.4000  ,  0.4700  ,  0.2866  , -0.2364  ,  2.0202  , -1.1462  ,  0.5148  ,  0.1604  , -0.2146  ,  2.1025  , -1.1218  ,  0.0000  , 100.0000 ,  0.0000  ,  0.0000  ,  0.0000  ,  0.0000  ,  0.0000  , 100.0000 ,  0.0000  ,  0.0000  ,  0.0000  ,  0.0000  
 11.4200  ,  0.4405  ,  0.2761  , -0.2305  ,  2.0186  , -1.1655  ,  0.4907  ,  0.1618  , -0.2196  ,  2.1021  , -1.1210  ,  0.0000  , 100.0000 ,  0.0000  ,  0.0000  ,  0.0000  ,  0.0000  ,  0.0000  , 100.0000 ,  0.0000  ,  0.0000  ,  0.0000  ,  0.0000  
 11.4400  ,  0.3907  ,  0.2588  , -0.2332  ,  2.0064  , -1.1590  ,  0.4476  ,  0.1652  , -0.2363  ,  2.0924  , -1.0863  ,  0.0000  , 100.0000 ,  0.0000  ,  0.0000  ,  0.0000  ,  0.0000  ,  0.0000  , 100.0000 ,  0.0000  ,  0.0000  ,  0.0000  ,  0.0000  
 11.4600  ,  0.3811  ,  0.2556  , -0.2303  ,  2.0071  , -1.1590  ,  0.4387  ,  0.1660  , -0.2371  ,  2.0922  , -1.0863  ,  0.0000  , 100.0000 ,  0.0000  ,  0.0000  ,  0.0000  ,  0.0000  ,  0.0000  , 100.0000 ,  0.0000  ,  0.0000  ,  0.0000  ,  0.0000  
 11.4800  ,  0.3454  ,  0.2460  , -0.2304  ,  2.0013  , -1.1499  ,  0.4048  ,  0.1696  , -0.2484  ,  2.0837  , -1.0624  ,  0.0000  , 100.0000 ,  0.0000  ,  0.0000  ,  0.0000  ,  0.0000  ,  0.0000  , 100.0000 ,  0.0000  ,  0.0000  ,  0.0000  ,  0.0000  
 11.5000  ,  0.3375  ,  0.2444  , -0.2296  ,  2.0013  , -1.1923  ,  0.3974  ,  0.1705  , -0.2518  ,  2.0811  , -1.0843  ,  0.0000  , 100.0000 ,  0.0000  ,  0.0000  ,  0.0000  ,  0.0000  ,  0.0000  , 100.0000 ,  0.0000  ,  0.0000  ,  0.0000  ,  0.0000  
 11.5200  ,  0.2817  ,  0.2352  , -0.2450  ,  1.9849  , -1.2001  ,  0.3466  ,  0.1751  , -0.2790  ,  2.0586  , -1.1079  ,  0.0000  , 100.0000 ,  0.0000  ,  0.0000  ,  0.0000  ,  0.0000  ,  0.0000  , 100.0000 ,  0.0000  ,  0.0000  ,  0.0000  ,  0.0000  
 11.5400  ,  0.2627  ,  0.2323  , -0.2438  ,  1.9823  , -1.1983  ,  0.3289  ,  0.1787  , -0.2852  ,  2.0530  , -1.1331  ,  0.0000  , 100.0000 ,  0.0000  ,  0.0000  ,  0.0000  ,  0.0000  ,  0.0000  , 100.0000 ,  0.0000  ,  0.0000  ,  0.0000  ,  0.0000  
 11.5600  ,  0.2435  ,  0.2289  , -0.2492  ,  1.9750  , -1.1983  ,  0.3105  ,  0.1829  , -0.3000  ,  2.0411  , -1.1331  ,  0.0000  , 100.0000 ,  0.0000  ,  0.0000  ,  0.0000  ,  0.0000  ,  0.0000  , 100.0000 ,  0.0000  ,  0.0000  ,  0.0000  ,  0.0000  
 11.5800  ,  0.2380  ,  0.2278  , -0.2535  ,  1.9674  , -1.1867  ,  0.3051  ,  0.1841  , -0.3081  ,  2.0318  , -1.1032  ,  0.0000  , 100.0000 ,  0.0000  ,  0.0000  ,  0.0000  ,  0.0000  ,  0.0000  , 100.0000 ,  0.0000  ,  0.0000  ,  0.0000  ,  0.0000  
 11.6000  ,  0.1979  ,  0.2232  , -0.2558  ,  1.9525  , -1.1822  ,  0.2677  ,  0.1934  , -0.3311  ,  2.0086  , -1.1003  ,  0.0000  , 100.0000 ,  0.0000  ,  0.0000  ,  0.0000  ,  0.0000  ,  0.0000  , 100.0000 ,  0.0000  ,  0.0000  ,  0.0000  ,  0.0000  
 11.6200  ,  0.1701  ,  0.2216  , -0.2567  ,  1.9444  , -1.1767  ,  0.2429  ,  0.1975  , -0.3398  ,  1.9985  , -1.1032  ,  0.0000  , 100.0000 ,  0.0000  ,  0.0000  ,  0.0000  ,  0.0000  ,  0.0000  , 100.0000 ,  0.0000  ,  0.0000  ,  0.0000  ,  0.0000  
 11.6400  ,  0.1618  ,  0.2209  , -0.2603  ,  1.9350  , -1.1925  ,  0.2352  ,  0.1987  , -0.3465  ,  1.9889  , -1.1051  ,  0.0000  , 100.0000 ,  0.0000  ,  0.0000  ,  0.0000  ,  0.0000  ,  0.0000  , 100.0000 ,  0.0000  ,  0.0000  ,  0.0000  ,  0.0000  
 11.6600  ,  0.1306  ,  0.2184  , -0.2630  ,  1.9172  , -1.2013  ,  0.2071  ,  0.2083  , -0.3719  ,  1.9572  , -1.0914  ,  0.0000  , 100.0000 ,  0.0000  ,  0.0000  ,  0.0000  ,  0.0000  ,  0.0000  , 100.0000 ,  0.0000  ,  0.0000  ,  0.0000  ,  0.0000  
 11.6800  ,  0.1108  ,  0.2174  , -0.2652  ,  1.9043  , -1.2091  ,  0.1879  ,  0.2153  , -0.3882  ,  1.9363  , -1.0537  ,  0.0000  , 100.0000 ,  0.0000  ,  0.0000  ,  0.0000  ,  0.0000  ,  0.0000  , 100.0000 ,  0.0000  ,  0.0000  ,  0.0000  ,  0.0000  
 11.7000  ,  0.1030  ,  0.2170  , -0.2687  ,  1.8952  , -1.2155  ,  0.1801  ,  0.2180  , -0.3943  ,  1.9276  , -1.0636  ,  0.0000  , 100.0000 ,  0.0000  ,  0.0000  ,  0.0000  ,  0.0000  ,  0.0000  , 100.0000 ,  0.0000  ,  0.0000  ,  0.0000  ,  0.0000  
 11.7200  ,  0.0767  ,  0.2162  , -0.2697  ,  1.8821  , -1.2294  ,  0.1569  ,  0.2238  , -0.4112  ,  1.9001  , -1.0776  ,  0.0000  , 100.0000 ,  0.0000  ,  0.0000  ,  0.0000  ,  0.0000  ,  0.0000  , 100.0000 ,  0.0000  ,  0.0000  ,  0.0000  ,  0.0000  
 11.7400  ,  0.0551  ,  0.2165  , -0.2757  ,  1.8612  , -1.2425  ,  0.1374  ,  0.2275  , -0.4281  ,  1.8675  , -1.0902  ,  0.0000  , 100.0000 ,  0.0000  ,  0.0000  ,  0.0000  ,  0.0000  ,  0.0000  , 100.0000 ,  0.0000  ,  0.0000  ,  0.0000  ,  0.0000  
 11.7600  ,  0.0416  ,  0.2186  , -0.2802  ,  1.8536  , -1.2640  ,  0.1245  ,  0.2296  , -0.4329  ,  1.8551  , -1.0881  ,  0.0000  , 100.0000 ,  0.0000  ,  0.0000  ,  0.0000  ,  0.0000  ,  0.0000  , 100.0000 ,  0.0000  ,  0.0000  ,  0.0000  ,  0.0000  
 11.7800  ,  0.0260  ,  0.2211  , -0.2855  ,  1.8380  , -1.2534  ,  0.1089  ,  0.2325  , -0.4446  ,  1.8316  , -1.0454  ,  0.0000  , 100.0000 ,  0.0000  ,  0.0000  ,  0.0000  ,  0.0000  ,  0.0000  , 100.0000 ,  0.0000  ,  0.0000  ,  0.0000  ,  0.0000  
 11.8000  ,  0.0118  ,  0.2237  , -0.2883  ,  1.8284  , -1.2326  ,  0.0939  ,  0.2359  , -0.4518  ,  1.8174  , -1.0142  ,  0.0000  , 100.0000 ,  0.0000  ,  0.0000  ,  0.0000  ,  0.0000  ,  0.0000  , 100.0000 ,  0.0000  ,  0.0000  ,  0.0000  ,  0.0000  
 11.8200  , -0.0161  ,  0.2289  , -0.2951  ,  1.8062  , -1.2303  ,  0.0694  ,  0.2405  , -0.4701  ,  1.7807  , -1.0144  ,  0.0000  , 100.0000 ,  0.0000  ,  0.0000  ,  0.0000  ,  0.0000  ,  0.0000  , 100.0000 ,  0.0000  ,  0.0000  ,  0.0000  ,  0.0000  
 11.8400  , -0.0307  ,  0.2320  , -0.3013  ,  1.7855  , -1.2522  ,  0.0569  ,  0.2424  , -0.4784  ,  1.7614  , -1.0385  ,  0.0000  , 100.0000 ,  0.0000  ,  0.0000  ,  0.0000  ,  0.0000  ,  0.0000  , 100.0000 ,  0.0000  ,  0.0000  ,  0.0000  ,  0.0000  
 11.8600  , -0.0448  ,  0.2358  , -0.3071  ,  1.7646  , -1.3217  ,  0.0438  ,  0.2441  , -0.4896  ,  1.7358  , -1.0800  ,  0.0000  , 100.0000 ,  0.0000  ,  0.0000  ,  0.0000  ,  0.0000  ,  0.0000  , 100.0000 ,  0.0000  ,  0.0000  ,  0.0000  ,  0.0000  
 11.8800  , -0.0505  ,  0.2371  , -0.3106  ,  1.7499  , -1.3324  ,  0.0386  ,  0.2447  , -0.4999  ,  1.7147  , -1.0676  ,  0.0000  , 100.0000 ,  0.0000  ,  0.0000  ,  0.0000  ,  0.0000  ,  0.0000  , 100.0000 ,  0.0000  ,  0.0000  ,  0.0000  ,  0.0000  
 11.9000  , -0.0689  ,  0.2434  , -0.3217  ,  1.7075  , -1.3248  ,  0.0116  ,  0.2466  , -0.5163  ,  1.6719  , -1.0208  ,  0.0000  , 100.0000 ,  0.0000  ,  0.0000  ,  0.0000  ,  0.0000  ,  0.0000  , 100.0000 ,  0.0000  ,  0.0000  ,  0.0000  ,  0.0000  
 11.9200  , -0.0784  ,  0.2472  , -0.3237  ,  1.7001  , -1.3150  ,  0.0004  ,  0.2472  , -0.5190  ,  1.6634  , -1.0350  ,  0.0000  , 100.0000 ,  0.0000  ,  0.0000  ,  0.0000  ,  0.0000  ,  0.0000  , 100.0000 ,  0.0000  ,  0.0000  ,  0.0000  ,  0.0000  
 11.9400  , -0.0901  ,  0.2517  , -0.3293  ,  1.6797  , -1.3259  , -0.0134  ,  0.2476  , -0.5294  ,  1.6395  , -1.0687  ,  0.0000  , 100.0000 ,  0.0000  ,  0.0000  ,  0.0000  ,  0.0000  ,  0.0000  , 100.0000 ,  0.0000  ,  0.0000  ,  0.0000  ,  0.0000  
 11.9600  , -0.1049  ,  0.2581  , -0.3331  ,  1.6663  , -1.3328  , -0.0317  ,  0.2505  , -0.5350  ,  1.6296  , -1.0876  ,  0.0000  , 100.0000 ,  0.0000  ,  0.0000  ,  0.0000  ,  0.0000  ,  0.0000  , 100.0000 ,  0.0000  ,  0.0000  ,  0.0000  ,  0.0000  
 11.9800  , -0.1115  ,  0.2608  , -0.3372  ,  1.6525  , -1.3504  , -0.0399  ,  0.2516  , -0.5424  ,  1.6133  , -1.1113  ,  0.0000  , 100.0000 ,  0.0000  ,  0.0000  ,  0.0000  ,  0.0000  ,  0.0000  , 100.0000 ,  0.0000  ,  0.0000  ,  0.0000  ,  0.0000  
 12.0000  , -0.1275  ,  0.2662  , -0.3447  ,  1.6249  , -1.3569  , -0.0678  ,  0.2543  , -0.5509  ,  1.5856  , -1.0933  ,  0.0000  , 100.0000 ,  0.0000  ,  0.0000  ,  0.0000  ,  0.0000  ,  0.0000  , 100.0000 ,  0.0000  ,  0.0000  ,  0.0000  ,  0.0000  
 12.0200  , -0.1344  ,  0.2677  , -0.3485  ,  1.6110  , -1.3425  , -0.0801  ,  0.2549  , -0.5571  ,  1.5677  , -1.0684  ,  0.0000  , 100.0000 ,  0.0000  ,  0.0000  ,  0.0000  ,  0.0000  ,  0.0000  , 100.0000 ,  0.0000  ,  0.0000  ,  0.0000  ,  0.0000  
 12.0400  , -0.1445  ,  0.2692  , -0.3512  ,  1.5956  , -1.3435  , -0.0990  ,  0.2554  , -0.5529  ,  1.5585  , -1.0954  ,  0.0000  , 100.0000 ,  0.0000  ,  0.0000  ,  0.0000  ,  0.0000  ,  0.0000  , 100.0000 ,  0.0000  ,  0.0000  ,  0.0000  ,  0.0000  
 12.0600  , -0.1555  ,  0.2712  , -0.3544  ,  1.5842  , -1.3596  , -0.1142  ,  0.2569  , -0.5550  ,  1.5447  , -1.1308  ,  0.0000  , 100.0000 ,  0.0000  ,  0.0000  ,  0.0000  ,  0.0000  ,  0.0000  , 100.0000 ,  0.0000  ,  0.0000  ,  0.0000  ,  0.0000  
 12.0800  , -0.1668  ,  0.2718  , -0.3595  ,  1.5591  , -1.4243  , -0.1360  ,  0.2571  , -0.5496  ,  1.5280  , -1.1741  ,  0.0000  , 100.0000 ,  0.0000  ,  0.0000  ,  0.0000  ,  0.0000  ,  0.0000  , 100.0000 ,  0.0000  ,  0.0000  ,  0.0000  ,  0.0000  
 12.1000  , -0.1687  ,  0.2718  , -0.3585  ,  1.5462  , -1.4399  , -0.1403  ,  0.2570  , -0.5478  ,  1.5234  , -1.1583  ,  0.0000  , 100.0000 ,  0.0000  ,  0.0000  ,  0.0000  ,  0.0000  ,  0.0000  , 100.0000 ,  0.0000  ,  0.0000  ,  0.0000  ,  0.0000  
 12.1200  , -0.1731  ,  0.2706  , -0.3589  ,  1.5305  , -1.4496  , -0.1519  ,  0.2562  , -0.5403  ,  1.5144  , -1.1446  ,  0.0000  , 100.0000 ,  0.0000  ,  0.0000  ,  0.0000  ,  0.0000  ,  0.0000  , 100.0000 ,  0.0000  ,  0.0000  ,  0.0000  ,  0.0000  
 12.1400  , -0.1796  ,  0.2680  , -0.3578  ,  1.5088  , -1.4423  , -0.1678  ,  0.2545  , -0.5236  ,  1.5021  , -1.1496  ,  0.0000  , 100.0000 ,  0.0000  ,  0.0000  ,  0.0000  ,  0.0000  ,  0.0000  , 100.0000 ,  0.0000  ,  0.0000  ,  0.0000  ,  0.0000  
 12.1600  , -0.1870  ,  0.2660  , -0.3531  ,  1.5016  , -1.4471  , -0.1807  ,  0.2533  , -0.5048  ,  1.5068  , -1.1742  ,  0.0000  , 100.0000 ,  0.0000  ,  0.0000  ,  0.0000  ,  0.0000  ,  0.0000  , 100.0000 ,  0.0000  ,  0.0000  ,  0.0000  ,  0.0000  
 12.1800  , -0.1923  ,  0.2636  , -0.3483  ,  1.4978  , -1.5043  , -0.1837  ,  0.2530  , -0.4967  ,  1.5041  , -1.2453  ,  0.0000  , 100.0000 ,  0.0000  ,  0.0000  ,  0.0000  ,  0.0000  ,  0.0000  , 100.0000 ,  0.0000  ,  0.0000  ,  0.0000  ,  0.0000  
 12.2000  , -0.1948  ,  0.2624  , -0.3458  ,  1.4966  , -1.5409  , -0.1845  ,  0.2530  , -0.4934  ,  1.5031  , -1.2639  ,  0.0000  , 100.0000 ,  0.0000  ,  0.0000  ,  0.0000  ,  0.0000  ,  0.0000  , 100.0000 ,  0.0000  ,  0.0000  ,  0.0000  ,  0.0000  
 12.2200  , -0.1995  ,  0.2563  , -0.3326  ,  1.4808  , -1.5854  , -0.1856  ,  0.2494  , -0.4683  ,  1.4990  , -1.2756  ,  0.0000  , 100.0000 ,  0.0000  ,  0.0000  ,  0.0000  ,  0.0000  ,  0.0000  , 100.0000 ,  0.0000  ,  0.0000  ,  0.0000  ,  0.0000  
 12.2400  , -0.1992  ,  0.2543  , -0.3274  ,  1.4726  , -1.6749  , -0.1854  ,  0.2475  , -0.4578  ,  1.4991  , -1.3257  ,  0.0000  , 100.0000 ,  0.0000  ,  0.0000  ,  0.0000  ,  0.0000  ,  0.0000  , 100.0000 ,  0.0000  ,  0.0000  ,  0.0000  ,  0.0000  
 12.2600  , -0.2002  ,  0.2527  , -0.3225  ,  1.4661  , -1.6996  , -0.1840  ,  0.2435  , -0.4434  ,  1.4999  , -1.3764  ,  0.0000  , 100.0000 ,  0.0000  ,  0.0000  ,  0.0000  ,  0.0000  ,  0.0000  , 100.0000 ,  0.0000  ,  0.0000  ,  0.0000  ,  0.0000  
 12.2800  , -0.2006  ,  0.2521  , -0.3211  ,  1.4637  , -1.6960  , -0.1835  ,  0.2419  , -0.4353  ,  1.5020  , -1.4142  ,  0.0000  , 100.0000 ,  0.0000  ,  0.0000  ,  0.0000  ,  0.0000  ,  0.0000  , 100.0000 ,  0.0000  ,  0.0000  ,  0.0000  ,  0.0000  
 12.3000  , -0.2030  ,  0.2476  , -0.3123  ,  1.4497  , -1.6666  , -0.1740  ,  0.2363  , -0.4176  ,  1.4957  , -1.5289  ,  0.0000  , 100.0000 ,  0.0000  ,  0.0000  ,  0.0000  ,  0.0000  ,  0.0000  , 100.0000 ,  0.0000  ,  0.0000  ,  0.0000  ,  0.0000  
 12.3200  , -0.1982  ,  0.2438  , -0.3113  ,  1.4380  , -1.6501  , -0.1645  ,  0.2335  , -0.4131  ,  1.4903  , -1.5375  ,  0.0000  , 100.0000 ,  0.0000  ,  0.0000  ,  0.0000  ,  0.0000  ,  0.0000  , 100.0000 ,  0.0000  ,  0.0000  ,  0.0000  ,  0.0000  
 12.3400  , -0.1910  ,  0.2385  , -0.3106  ,  1.4166  , -1.6335  , -0.1505  ,  0.2292  , -0.3984  ,  1.4856  , -1.5168  ,  0.0000  , 100.0000 ,  0.0000  ,  0.0000  ,  0.0000  ,  0.0000  ,  0.0000  , 100.0000 ,  0.0000  ,  0.0000  ,  0.0000  ,  0.0000  
 12.3600  , -0.1829  ,  0.2336  , -0.3106  ,  1.3957  , -1.5731  , -0.1354  ,  0.2242  , -0.3913  ,  1.4752  , -1.5923  ,  0.0000  , 100.0000 ,  0.0000  ,  0.0000  ,  0.0000  ,  0.0000  ,  0.0000  , 100.0000 ,  0.0000  ,  0.0000  ,  0.0000  ,  0.0000  
 12.3800  , -0.1748  ,  0.2279  , -0.3137  ,  1.3786  , -1.4177  , -0.1139  ,  0.2172  , -0.3800  ,  1.4704  , -1.7376  ,  0.0000  , 100.0000 ,  0.0000  ,  0.0000  ,  0.0000  ,  0.0000  ,  0.0000  , 100.0000 ,  0.0000  ,  0.0000  ,  0.0000  ,  0.0000  
 12.4000  , -0.1732  ,  0.2267  , -0.3150  ,  1.3747  , -1.3737  , -0.1089  ,  0.2156  , -0.3778  ,  1.4695  , -1.7781  ,  0.0000  , 100.0000 ,  0.0000  ,  0.0000  ,  0.0000  ,  0.0000  ,  0.0000  , 100.0000 ,  0.0000  ,  0.0000  ,  0.0000  ,  0.0000  
 12.4200  , -0.1639  ,  0.2147  , -0.3232  ,  1.3557  , -1.2593  , -0.0584  ,  0.2048  , -0.3560  ,  1.4708  , -1.8437  ,  0.0000  , 100.0000 ,  0.0000  ,  0.0000  ,  0.0000  ,  0.0000  ,  0.0000  , 100.0000 ,  0.0000  ,  0.0000  ,  0.0000  ,  0.0000  
 12.4400  , -0.1627  ,  0.2081  , -0.3198  ,  1.3490  , -1.2593  , -0.0314  ,  0.2011  , -0.3536  ,  1.4689  , -1.8437  ,  0.0000  , 100.0000 ,  0.0000  ,  0.0000  ,  0.0000  ,  0.0000  ,  0.0000  , 100.0000 ,  0.0000  ,  0.0000  ,  0.0000  ,  0.0000  
 12.4600  , -0.1621  ,  0.2027  , -0.3166  ,  1.3440  , -1.1490  , -0.0116  ,  0.1973  , -0.3462  ,  1.4763  , -1.9043  ,  0.0000  , 100.0000 ,  0.0000  ,  0.0000  ,  0.0000  ,  0.0000  ,  0.0000  , 100.0000 ,  0.0000  ,  0.0000  ,  0.0000  ,  0.0000  
 12.4800  , -0.1616  ,  0.1979  , -0.3151  ,  1.3386  , -1.0974  ,  0.0051  ,  0.1937  , -0.3368  ,  1.4892  , -1.9537  ,  0.0000  , 100.0000 ,  0.0000  ,  0.0000  ,  0.0000  ,  0.0000  ,  0.0000  , 100.0000 ,  0.0000  ,  0.0000  ,  0.0000  ,  0.0000  
 12.5000  , -0.1757  ,  0.1913  , -0.3046  ,  1.3366  , -1.0132  ,  0.0549  ,  0.1869  , -0.3145  ,  1.5264  , -2.0389  ,  0.0000  , 100.0000 ,  0.0000  ,  0.0000  ,  0.0000  ,  0.0000  ,  0.0000  , 100.0000 ,  0.0000  ,  0.0000  ,  0.0000  ,  0.0000  
 12.5200  , -0.1903  ,  0.1885  , -0.2962  ,  1.3486  , -0.9917  ,  0.0937  ,  0.1856  , -0.3047  ,  1.5473  , -2.0788  ,  0.0000  , 100.0000 ,  0.0000  ,  0.0000  ,  0.0000  ,  0.0000  ,  0.0000  , 100.0000 ,  0.0000  ,  0.0000  ,  0.0000  ,  0.0000  
 12.5400  , -0.2001  ,  0.1867  , -0.2892  ,  1.3578  , -0.9426  ,  0.1169  ,  0.1836  , -0.3022  ,  1.5487  , -2.1549  ,  0.0000  , 100.0000 ,  0.0000  ,  0.0000  ,  0.0000  ,  0.0000  ,  0.0000  , 100.0000 ,  0.0000  ,  0.0000  ,  0.0000  ,  0.0000  
 12.5600  , -0.2128  ,  0.1842  , -0.2791  ,  1.3680  , -0.9277  ,  0.1443  ,  0.1805  , -0.2919  ,  1.5498  , -2.2036  ,  0.0000  , 100.0000 ,  0.0000  ,  0.0000  ,  0.0000  ,  0.0000  ,  0.0000  , 100.0000 ,  0.0000  ,  0.0000  ,  0.0000  ,  0.0000  
 12.5800  , -0.2436  ,  0.1776  , -0.2525  ,  1.3993  , -0.9184  ,  0.2242  ,  0.1744  , -0.2788  ,  1.5580  , -2.2452  ,  0.0000  , 100.0000 ,  0.0000  ,  0.0000  ,  0.0000  ,  0.0000  ,  0.0000  , 100.0000 ,  0.0000  ,  0.0000  ,  0.0000  ,  0.0000  
 12.6000  , -0.2526  ,  0.1754  , -0.2437  ,  1.4085  , -0.8981  ,  0.2476  ,  0.1724  , -0.2736  ,  1.5607  , -2.2782  ,  0.0000  , 100.0000 ,  0.0000  ,  0.0000  ,  0.0000  ,  0.0000  ,  0.0000  , 100.0000 ,  0.0000  ,  0.0000  ,  0.0000  ,  0.0000  
 12.6200  , -0.2693  ,  0.1727  , -0.2294  ,  1.4261  , -0.8916  ,  0.2888  ,  0.1685  , -0.2759  ,  1.5408  , -2.2844  ,  0.0000  , 100.0000 ,  0.0000  ,  0.0000  ,  0.0000  ,  0.0000  ,  0.0000  , 100.0000 ,  0.0000  ,  0.0000  ,  0.0000  ,  0.0000  
 12.6400  , -0.3248  ,  0.1649  , -0.1879  ,  1.4854  , -0.8809  ,  0.4095  ,  0.1545  , -0.2692  ,  1.4959  , -2.3200  ,  0.0000  , 100.0000 ,  0.0000  ,  0.0000  ,  0.0000  ,  0.0000  ,  0.0000  , 100.0000 ,  0.0000  ,  0.0000  ,  0.0000  ,  0.0000  
 12.6600  , -0.3365  ,  0.1636  , -0.1793  ,  1.4977  , -0.8656  ,  0.4328  ,  0.1512  , -0.2645  ,  1.4893  , -2.3955  ,  0.0000  , 100.0000 ,  0.0000  ,  0.0000  ,  0.0000  ,  0.0000  ,  0.0000  , 100.0000 ,  0.0000  ,  0.0000  ,  0.0000  ,  0.0000  
 12.6800  , -0.3580  ,  0.1652  , -0.1676  ,  1.5209  , -0.8581  ,  0.5051  ,  0.1541  , -0.2769  ,  1.4441  , -2.4166  ,  0.0000  , 100.0000 ,  0.0000  ,  0.0000  ,  0.0000  ,  0.0000  ,  0.0000  , 100.0000 ,  0.0000  ,  0.0000  ,  0.0000  ,  0.0000  
 12.7000  , -0.3769  ,  0.1763  , -0.1624  ,  1.5327  , -0.8576  ,  0.6319  ,  0.1690  , -0.3124  ,  1.3489  , -2.4073  ,  0.0000  , 100.0000 ,  0.0000  ,  0.0000  ,  0.0000  ,  0.0000  ,  0.0000  , 100.0000 ,  0.0000  ,  0.0000  ,  0.0000  ,  0.0000  
 12.7200  , -0.3783  ,  0.1842  , -0.1663  ,  1.5366  , -0.8504  ,  0.6830  ,  0.1755  , -0.3309  ,  1.3090  , -2.4514  ,  0.0000  , 100.0000 ,  0.0000  ,  0.0000  ,  0.0000  ,  0.0000  ,  0.0000  , 100.0000 ,  0.0000  ,  0.0000  ,  0.0000  ,  0.0000  
 12.7400  , -0.3779  ,  0.1917  , -0.1697  ,  1.5390  , -0.8562  ,  0.7361  ,  0.1829  , -0.3510  ,  1.2679  , -2.4753  ,  0.0000  , 100.0000 ,  0.0000  ,  0.0000  ,  0.0000  ,  0.0000  ,  0.0000  , 100.0000 ,  0.0000  ,  0.0000  ,  0.0000  ,  0.0000  
 12.7600  , -0.3748  ,  0.2004  , -0.1762  ,  1.5346  , -0.8647  ,  0.8000  ,  0.1914  , -0.3841  ,  1.1971  , -2.4864  ,  0.0000  , 100.0000 ,  0.0000  ,  0.0000  ,  0.0000  ,  0.0000  ,  0.0000  , 100.0000 ,  0.0000  ,  0.0000  ,  0.0000  ,  0.0000  
 12.7800  , -0.3697  ,  0.2101  , -0.1799  ,  1.5337  , -0.8738  ,  0.8844  ,  0.1986  , -0.4323  ,  1.1111  , -2.5035  ,  0.0000  , 100.0000 ,  0.0000  ,  0.0000  ,  0.0000  ,  0.0000  ,  0.0000  , 100.0000 ,  0.0000  ,  0.0000  ,  0.0000  ,  0.0000  
 12.8000  , -0.3692  ,  0.2126  , -0.1792  ,  1.5349  , -0.8740  ,  0.9132  ,  0.2024  , -0.4524  ,  1.0819  , -2.5036  ,  0.0000  , 100.0000 ,  0.0000  ,  0.0000  ,  0.0000  ,  0.0000  ,  0.0000  , 100.0000 ,  0.0000  ,  0.0000  ,  0.0000  ,  0.0000  
 12.8200  , -0.3705  ,  0.2141  , -0.1777  ,  1.5319  , -0.8706  ,  0.9449  ,  0.2075  , -0.4775  ,  1.0457  , -2.4961  ,  0.0000  , 100.0000 ,  0.0000  ,  0.0000  ,  0.0000  ,  0.0000  ,  0.0000  , 100.0000 ,  0.0000  ,  0.0000  ,  0.0000  ,  0.0000  
 12.8400  , -0.3711  ,  0.2148  , -0.1773  ,  1.5342  , -0.8661  ,  0.9548  ,  0.2087  , -0.4788  ,  1.0375  , -2.4816  ,  0.0000  , 100.0000 ,  0.0000  ,  0.0000  ,  0.0000  ,  0.0000  ,  0.0000  , 100.0000 ,  0.0000  ,  0.0000  ,  0.0000  ,  0.0000  
 12.8600  , -0.3777  ,  0.2114  , -0.1716  ,  1.5442  , -0.8604  ,  0.9881  ,  0.2141  , -0.5087  ,  0.9968  , -2.4589  ,  0.0000  , 100.0000 ,  0.0000  ,  0.0000  ,  0.0000  ,  0.0000  ,  0.0000  , 100.0000 ,  0.0000  ,  0.0000  ,  0.0000  ,  0.0000  
 12.8800  , -0.3812  ,  0.2080  , -0.1678  ,  1.5493  , -0.8604  ,  0.9991  ,  0.2141  , -0.5219  ,  0.9871  , -2.4589  ,  0.0000  , 100.0000 ,  0.0000  ,  0.0000  ,  0.0000  ,  0.0000  ,  0.0000  , 100.0000 ,  0.0000  ,  0.0000  ,  0.0000  ,  0.0000  
 12.9000  , -0.3835  ,  0.2056  , -0.1648  ,  1.5460  , -0.8965  ,  1.0049  ,  0.2139  , -0.5254  ,  0.9759  , -2.4402  ,  0.0000  , 100.0000 ,  0.0000  ,  0.0000  ,  0.0000  ,  0.0000  ,  0.0000  , 100.0000 ,  0.0000  ,  0.0000  ,  0.0000  ,  0.0000  
 12.9200  , -0.3854  ,  0.1967  , -0.1561  ,  1.5595  , -0.9199  ,  1.0057  ,  0.2103  , -0.5177  ,  0.9555  , -2.4280  ,  0.0000  , 100.0000 ,  0.0000  ,  0.0000  ,  0.0000  ,  0.0000  ,  0.0000  , 100.0000 ,  0.0000  ,  0.0000  ,  0.0000  ,  0.0000  
 12.9400  , -0.3848  ,  0.1954  , -0.1547  ,  1.5607  , -0.9907  ,  1.0019  ,  0.2104  , -0.5139  ,  0.9579  , -2.3630  ,  0.0000  , 100.0000 ,  0.0000  ,  0.0000  ,  0.0000  ,  0.0000  ,  0.0000  , 100.0000 ,  0.0000  ,  0.0000  ,  0.0000  ,  0.0000  
 12.9600  , -0.3820  ,  0.1904  , -0.1451  ,  1.5735  , -1.0478  ,  0.9898  ,  0.2108  , -0.5071  ,  0.9517  , -2.3026  ,  0.0000  , 100.0000 ,  0.0000  ,  0.0000  ,  0.0000  ,  0.0000  ,  0.0000  , 100.0000 ,  0.0000  ,  0.0000  ,  0.0000  ,  0.0000  
 12.9800  , -0.3724  ,  0.1888  , -0.1397  ,  1.5855  , -1.3520  ,  0.9613  ,  0.2117  , -0.4805  ,  0.9796  , -2.1031  ,  0.0000  , 100.0000 ,  0.0000  ,  0.0000  ,  0.0000  ,  0.0000  ,  0.0000  , 100.0000 ,  0.0000  ,  0.0000  ,  0.0000  ,  0.0000  
 13.0000  , -0.3690  ,  0.1882  , -0.1351  ,  1.5959  , -1.4801  ,  0.9523  ,  0.2119  , -0.4741  ,  0.9842  , -2.0302  ,  0.0000  , 100.0000 ,  0.0000  ,  0.0000  ,  0.0000  ,  0.0000  ,  0.0000  , 100.0000 ,  0.0000  ,  0.0000  ,  0.0000  ,  0.0000  
 13.0200  , -0.3436  ,  0.1914  , -0.1266  ,  1.6250  , -1.8180  ,  0.8923  ,  0.2136  , -0.4307  ,  1.0512  , -1.7744  ,  0.0000  , 100.0000 ,  0.0000  ,  0.0000  ,  0.0000  ,  0.0000  ,  0.0000  , 100.0000 ,  0.0000  ,  0.0000  ,  0.0000  ,  0.0000  
 13.0400  , -0.3309  ,  0.1927  , -0.1206  ,  1.6414  , -1.9093  ,  0.8634  ,  0.2130  , -0.4083  ,  1.0788  , -1.6893  ,  0.0000  , 100.0000 ,  0.0000  ,  0.0000  ,  0.0000  ,  0.0000  ,  0.0000  , 100.0000 ,  0.0000  ,  0.0000  ,  0.0000  ,  0.0000  
 13.0600  , -0.3245  ,  0.1933  , -0.1157  ,  1.6537  , -2.0587  ,  0.8489  ,  0.2125  , -0.3982  ,  1.0908  , -1.5472  ,  0.0000  , 100.0000 ,  0.0000  ,  0.0000  ,  0.0000  ,  0.0000  ,  0.0000  , 100.0000 ,  0.0000  ,  0.0000  ,  0.0000  ,  0.0000  
 13.0800  , -0.2955  ,  0.1985  , -0.1034  ,  1.6787  , -2.0040  ,  0.7579  ,  0.2064  , -0.3421  ,  1.1915  , -1.5160  ,  0.0000  , 100.0000 ,  0.0000  ,  0.0000  ,  0.0000  ,  0.0000  ,  0.0000  , 100.0000 ,  0.0000  ,  0.0000  ,  0.0000  ,  0.0000  
 13.1000  , -0.2701  ,  0.2062  , -0.1066  ,  1.6848  , -2.1018  ,  0.6838  ,  0.2044  , -0.3008  ,  1.2699  , -1.3630  ,  0.0000  , 100.0000 ,  0.0000  ,  0.0000  ,  0.0000  ,  0.0000  ,  0.0000  , 100.0000 ,  0.0000  ,  0.0000  ,  0.0000  ,  0.0000  
 13.1200  , -0.2482  ,  0.2127  , -0.1028  ,  1.7013  , -2.1219  ,  0.6328  ,  0.2020  , -0.2799  ,  1.3137  , -1.3335  ,  0.0000  , 100.0000 ,  0.0000  ,  0.0000  ,  0.0000  ,  0.0000  ,  0.0000  , 100.0000 ,  0.0000  ,  0.0000  ,  0.0000  ,  0.0000  
 13.1400  , -0.1948  ,  0.2280  , -0.0945  ,  1.7170  , -2.2268  ,  0.5400  ,  0.2121  , -0.2702  ,  1.3762  , -1.2858  ,  0.0000  , 100.0000 ,  0.0000  ,  0.0000  ,  0.0000  ,  0.0000  ,  0.0000  , 100.0000 ,  0.0000  ,  0.0000  ,  0.0000  ,  0.0000  
 13.1600  , -0.1436  ,  0.2381  , -0.1023  ,  1.7054  , -2.3130  ,  0.4788  ,  0.2296  , -0.2756  ,  1.4298  , -1.2710  ,  0.0000  , 100.0000 ,  0.0000  ,  0.0000  ,  0.0000  ,  0.0000  ,  0.0000  , 100.0000 ,  0.0000  ,  0.0000  ,  0.0000  ,  0.0000  
 13.1800  , -0.0951  ,  0.2448  , -0.1032  ,  1.7026  , -2.4545  ,  0.4317  ,  0.2431  , -0.2904  ,  1.4546  , -1.2025  ,  0.0000  , 100.0000 ,  0.0000  ,  0.0000  ,  0.0000  ,  0.0000  ,  0.0000  , 100.0000 ,  0.0000  ,  0.0000  ,  0.0000  ,  0.0000  
 13.2000  , -0.0518  ,  0.2567  , -0.1085  ,  1.6979  , -2.6430  ,  0.3909  ,  0.2518  , -0.3121  ,  1.4555  , -1.0970  ,  0.0000  , 100.0000 ,  0.0000  ,  0.0000  ,  0.0000  ,  0.0000  ,  0.0000  , 100.0000 ,  0.0000  ,  0.0000  ,  0.0000  ,  0.0000  
 13.2200  ,  0.0314  ,  0.2881  , -0.1339  ,  1.6603  , -2.6803  ,  0.3212  ,  0.2653  , -0.3227  ,  1.4783  , -1.0679  ,  0.0000  , 100.0000 ,  0.0000  ,  0.0000  ,  0.0000  ,  0.0000  ,  0.0000  , 100.0000 ,  0.0000  ,  0.0000  ,  0.0000  ,  0.0000  
 13.2400  ,  0.0893  ,  0.3083  , -0.1494  ,  1.6410  , -2.7211  ,  0.2856  ,  0.2741  , -0.3504  ,  1.4630  , -1.0341  ,  0.0000  , 100.0000 ,  0.0000  ,  0.0000  ,  0.0000  ,  0.0000  ,  0.0000  , 100.0000 ,  0.0000  ,  0.0000  ,  0.0000  ,  0.0000  
 13.2600  ,  0.1053  ,  0.3129  , -0.1502  ,  1.6385  , -2.8960  ,  0.2767  ,  0.2763  , -0.3650  ,  1.4494  , -0.9252  ,  0.0000  , 100.0000 ,  0.0000  ,  0.0000  ,  0.0000  ,  0.0000  ,  0.0000  , 100.0000 ,  0.0000  ,  0.0000  ,  0.0000  ,  0.0000  
 13.2800  ,  0.1732  ,  0.3475  , -0.1760  ,  1.6040  , -3.0082  ,  0.2141  ,  0.2820  , -0.3822  ,  1.4546  , -0.8617  ,  0.0000  , 100.0000 ,  0.0000  ,  0.0000  ,  0.0000  ,  0.0000  ,  0.0000  , 100.0000 ,  0.0000  ,  0.0000  ,  0.0000  ,  0.0000  
 13.3000  ,  0.2395  ,  0.3995  , -0.2109  ,  1.5804  , -3.0562  ,  0.1514  ,  0.2889  , -0.4089  ,  1.4295  , -0.8351  ,  0.0000  , 100.0000 ,  0.0000  ,  0.0000  ,  0.0000  ,  0.0000  ,  0.0000  , 100.0000 ,  0.0000  ,  0.0000  ,  0.0000  ,  0.0000  
 13.3200  ,  0.2839  ,  0.4372  , -0.2419  ,  1.5613  , -3.1440  ,  0.1119  ,  0.2924  , -0.4330  ,  1.3973  , -0.7726  ,  0.0000  , 100.0000 ,  0.0000  ,  0.0000  ,  0.0000  ,  0.0000  ,  0.0000  , 100.0000 ,  0.0000  ,  0.0000  ,  0.0000  ,  0.0000  
 13.3400  ,  0.3505  ,  0.4911  , -0.3092  ,  1.5263  , -3.2145  ,  0.0552  ,  0.3011  , -0.4186  ,  1.4295  , -0.7502  ,  0.0000  , 100.0000 ,  0.0000  ,  0.0000  ,  0.0000  ,  0.0000  ,  0.0000  , 100.0000 ,  0.0000  ,  0.0000  ,  0.0000  ,  0.0000  
 13.3600  ,  0.3754  ,  0.5080  , -0.3265  ,  1.5151  , -3.2145  ,  0.0360  ,  0.3034  , -0.4265  ,  1.4177  , -0.7502  ,  0.0000  , 100.0000 ,  0.0000  ,  0.0000  ,  0.0000  ,  0.0000  ,  0.0000  , 100.0000 ,  0.0000  ,  0.0000  ,  0.0000  ,  0.0000  
 13.3800  ,  0.5258  ,  0.5988  , -0.4633  ,  1.4424  , -3.2473  , -0.0623  ,  0.3147  , -0.4351  ,  1.3971  , -0.7299  ,  0.0000  , 100.0000 ,  0.0000  ,  0.0000  ,  0.0000  ,  0.0000  ,  0.0000  , 100.0000 ,  0.0000  ,  0.0000  ,  0.0000  ,  0.0000  
 13.4000  ,  0.6212  ,  0.6354  , -0.5669  ,  1.3879  , -3.3141  , -0.1137  ,  0.3223  , -0.4294  ,  1.4108  , -0.6852  ,  0.0000  , 100.0000 ,  0.0000  ,  0.0000  ,  0.0000  ,  0.0000  ,  0.0000  , 100.0000 ,  0.0000  ,  0.0000  ,  0.0000  ,  0.0000  
 13.4200  ,  0.6491  ,  0.6420  , -0.5900  ,  1.3718  , -3.3677  , -0.1282  ,  0.3234  , -0.4341  ,  1.3995  , -0.6713  ,  0.0000  , 100.0000 ,  0.0000  ,  0.0000  ,  0.0000  ,  0.0000  ,  0.0000  , 100.0000 ,  0.0000  ,  0.0000  ,  0.0000  ,  0.0000  
 13.4400  ,  0.7157  ,  0.6630  , -0.6555  ,  1.3378  , -3.3862  , -0.1723  ,  0.3225  , -0.4218  ,  1.3949  , -0.6952  ,  0.0000  , 100.0000 ,  0.0000  ,  0.0000  ,  0.0000  ,  0.0000  ,  0.0000  , 100.0000 ,  0.0000  ,  0.0000  ,  0.0000  ,  0.0000  
 13.4600  ,  0.8219  ,  0.6849  , -0.7702  ,  1.2812  , -3.4161  , -0.2351  ,  0.3196  , -0.3975  ,  1.3927  , -0.7422  ,  0.0000  , 100.0000 ,  0.0000  ,  0.0000  ,  0.0000  ,  0.0000  ,  0.0000  , 100.0000 ,  0.0000  ,  0.0000  ,  0.0000  ,  0.0000  
 13.4800  ,  0.8404  ,  0.6869  , -0.7861  ,  1.2798  , -3.4171  , -0.2445  ,  0.3192  , -0.3943  ,  1.3859  , -0.7821  ,  0.0000  , 100.0000 ,  0.0000  ,  0.0000  ,  0.0000  ,  0.0000  ,  0.0000  , 100.0000 ,  0.0000  ,  0.0000  ,  0.0000  ,  0.0000  
 13.5000  ,  0.8978  ,  0.6972  , -0.8542  ,  1.2518  , -3.4074  , -0.2754  ,  0.3169  , -0.3772  ,  1.3704  , -0.8405  ,  0.0000  , 100.0000 ,  0.0000  ,  0.0000  ,  0.0000  ,  0.0000  ,  0.0000  , 100.0000 ,  0.0000  ,  0.0000  ,  0.0000  ,  0.0000  
 13.5200  ,  0.9446  ,  0.7082  , -0.9096  ,  1.2316  , -3.3956  , -0.3041  ,  0.3127  , -0.3572  ,  1.3503  , -0.8006  ,  0.0000  , 100.0000 ,  0.0000  ,  0.0000  ,  0.0000  ,  0.0000  ,  0.0000  , 100.0000 ,  0.0000  ,  0.0000  ,  0.0000  ,  0.0000  
 13.5400  ,  0.9573  ,  0.7126  , -0.9256  ,  1.2238  , -3.3956  , -0.3130  ,  0.3107  , -0.3547  ,  1.3354  , -0.8006  ,  0.0000  , 100.0000 ,  0.0000  ,  0.0000  ,  0.0000  ,  0.0000  ,  0.0000  , 100.0000 ,  0.0000  ,  0.0000  ,  0.0000  ,  0.0000  
 13.5600  ,  0.9735  ,  0.7192  , -0.9477  ,  1.2184  , -3.3884  , -0.3277  ,  0.3054  , -0.3402  ,  1.3249  , -0.7958  ,  0.0000  , 100.0000 ,  0.0000  ,  0.0000  ,  0.0000  ,  0.0000  ,  0.0000  , 100.0000 ,  0.0000  ,  0.0000  ,  0.0000  ,  0.0000  
 13.5800  ,  0.9861  ,  0.7243  , -0.9659  ,  1.2136  , -3.3674  , -0.3399  ,  0.3002  , -0.3262  ,  1.3162  , -0.8250  ,  0.0000  , 100.0000 ,  0.0000  ,  0.0000  ,  0.0000  ,  0.0000  ,  0.0000  , 100.0000 ,  0.0000  ,  0.0000  ,  0.0000  ,  0.0000  
 13.6000  ,  0.9918  ,  0.7259  , -0.9744  ,  1.2102  , -3.3468  , -0.3447  ,  0.2973  , -0.3191  ,  1.3114  , -0.8352  ,  0.0000  , 100.0000 ,  0.0000  ,  0.0000  ,  0.0000  ,  0.0000  ,  0.0000  , 100.0000 ,  0.0000  ,  0.0000  ,  0.0000  ,  0.0000  
 13.6200  ,  1.0027  ,  0.7299  , -0.9931  ,  1.1996  , -3.3208  , -0.3583  ,  0.2882  , -0.2970  ,  1.3017  , -0.8247  ,  0.0000  , 100.0000 ,  0.0000  ,  0.0000  ,  0.0000  ,  0.0000  ,  0.0000  , 100.0000 ,  0.0000  ,  0.0000  ,  0.0000  ,  0.0000  
 13.6400  ,  1.0032  ,  0.7309  , -0.9967  ,  1.1968  , -3.3207  , -0.3630  ,  0.2855  , -0.2908  ,  1.3025  , -0.8234  ,  0.0000  , 100.0000 ,  0.0000  ,  0.0000  ,  0.0000  ,  0.0000  ,  0.0000  , 100.0000 ,  0.0000  ,  0.0000  ,  0.0000  ,  0.0000  
 13.6600  ,  1.0015  ,  0.7296  , -0.9973  ,  1.1910  , -3.3153  , -0.3671  ,  0.2812  , -0.2835  ,  1.3043  , -0.8277  ,  0.0000  , 100.0000 ,  0.0000  ,  0.0000  ,  0.0000  ,  0.0000  ,  0.0000  , 100.0000 ,  0.0000  ,  0.0000  ,  0.0000  ,  0.0000  
 13.6800  ,  1.0000  ,  0.7283  , -0.9964  ,  1.1881  , -3.3113  , -0.3686  ,  0.2789  , -0.2807  ,  1.3110  , -0.8322  ,  0.0000  , 100.0000 ,  0.0000  ,  0.0000  ,  0.0000  ,  0.0000  ,  0.0000  , 100.0000 ,  0.0000  ,  0.0000  ,  0.0000  ,  0.0000  
 13.7000  ,  0.9942  ,  0.7252  , -0.9977  ,  1.1765  , -3.3079  , -0.3701  ,  0.2734  , -0.2729  ,  1.3234  , -0.8298  ,  0.0000  , 100.0000 ,  0.0000  ,  0.0000  ,  0.0000  ,  0.0000  ,  0.0000  , 100.0000 ,  0.0000  ,  0.0000  ,  0.0000  ,  0.0000  
 13.7200  ,  0.9931  ,  0.7246  , -0.9981  ,  1.1740  , -3.3096  , -0.3690  ,  0.2728  , -0.2727  ,  1.3266  , -0.8290  ,  0.0000  , 100.0000 ,  0.0000  ,  0.0000  ,  0.0000  ,  0.0000  ,  0.0000  , 100.0000 ,  0.0000  ,  0.0000  ,  0.0000  ,  0.0000  
 13.7400  ,  0.9910  ,  0.7234  , -0.9987  ,  1.1691  , -3.3069  , -0.3657  ,  0.2722  , -0.2733  ,  1.3334  , -0.8317  ,  0.0000  , 100.0000 ,  0.0000  ,  0.0000  ,  0.0000  ,  0.0000  ,  0.0000  , 100.0000 ,  0.0000  ,  0.0000  ,  0.0000  ,  0.0000  
 13.7600  ,  0.9841  ,  0.7223  , -0.9966  ,  1.1616  , -3.2978  , -0.3626  ,  0.2728  , -0.2730  ,  1.3545  , -0.8560  ,  0.0000  , 100.0000 ,  0.0000  ,  0.0000  ,  0.0000  ,  0.0000  ,  0.0000  , 100.0000 ,  0.0000  ,  0.0000  ,  0.0000  ,  0.0000  
 13.7800  ,  0.9812  ,  0.7219  , -0.9971  ,  1.1570  , -3.2849  , -0.3616  ,  0.2733  , -0.2709  ,  1.3670  , -0.8771  ,  0.0000  , 100.0000 ,  0.0000  ,  0.0000  ,  0.0000  ,  0.0000  ,  0.0000  , 100.0000 ,  0.0000  ,  0.0000  ,  0.0000  ,  0.0000  
 13.8000  ,  0.9785  ,  0.7223  , -0.9953  ,  1.1561  , -3.2760  , -0.3592  ,  0.2744  , -0.2720  ,  1.3726  , -0.8861  ,  0.0000  , 100.0000 ,  0.0000  ,  0.0000  ,  0.0000  ,  0.0000  ,  0.0000  , 100.0000 ,  0.0000  ,  0.0000  ,  0.0000  ,  0.0000  
 13.8200  ,  0.9672  ,  0.7257  , -0.9869  ,  1.1591  , -3.2615  , -0.3548  ,  0.2774  , -0.2690  ,  1.3997  , -0.9073  ,  0.0000  , 100.0000 ,  0.0000  ,  0.0000  ,  0.0000  ,  0.0000  ,  0.0000  , 100.0000 ,  0.0000  ,  0.0000  ,  0.0000  ,  0.0000  
 13.8400  ,  0.9610  ,  0.7279  , -0.9846  ,  1.1603  , -3.2143  , -0.3538  ,  0.2786  , -0.2635  ,  1.4196  , -0.9713  ,  0.0000  , 100.0000 ,  0.0000  ,  0.0000  ,  0.0000  ,  0.0000  ,  0.0000  , 100.0000 ,  0.0000  ,  0.0000  ,  0.0000  ,  0.0000  
 13.8600  ,  0.9492  ,  0.7280  , -0.9734  ,  1.1640  , -3.1301  , -0.3489  ,  0.2821  , -0.2588  ,  1.4373  , -1.0481  ,  0.0000  , 100.0000 ,  0.0000  ,  0.0000  ,  0.0000  ,  0.0000  ,  0.0000  , 100.0000 ,  0.0000  ,  0.0000  ,  0.0000  ,  0.0000  
 13.8800  ,  0.9447  ,  0.7280  , -0.9706  ,  1.1649  , -3.0878  , -0.3469  ,  0.2834  , -0.2567  ,  1.4480  , -1.0796  ,  0.0000  , 100.0000 ,  0.0000  ,  0.0000  ,  0.0000  ,  0.0000  ,  0.0000  , 100.0000 ,  0.0000  ,  0.0000  ,  0.0000  ,  0.0000  
 13.9000  ,  0.9132  ,  0.7169  , -0.9376  ,  1.1684  , -2.8622  , -0.3330  ,  0.2882  , -0.2472  ,  1.4968  , -1.3142  ,  0.0000  , 100.0000 ,  0.0000  ,  0.0000  ,  0.0000  ,  0.0000  ,  0.0000  , 100.0000 ,  0.0000  ,  0.0000  ,  0.0000  ,  0.0000  
 13.9200  ,  0.9018  ,  0.7122  , -0.9349  ,  1.1699  , -2.7421  , -0.3280  ,  0.2898  , -0.2385  ,  1.5350  , -1.4224  ,  0.0000  , 100.0000 ,  0.0000  ,  0.0000  ,  0.0000  ,  0.0000  ,  0.0000  , 100.0000 ,  0.0000  ,  0.0000  ,  0.0000  ,  0.0000  
 13.9400  ,  0.8612  ,  0.6942  , -0.8780  ,  1.1874  , -2.6707  , -0.3158  ,  0.2928  , -0.2425  ,  1.5747  , -1.4556  ,  0.0000  , 100.0000 ,  0.0000  ,  0.0000  ,  0.0000  ,  0.0000  ,  0.0000  , 100.0000 ,  0.0000  ,  0.0000  ,  0.0000  ,  0.0000  
 13.9600  ,  0.7908  ,  0.6660  , -0.7882  ,  1.2085  , -2.5156  , -0.2954  ,  0.2903  , -0.2362  ,  1.6281  , -1.5146  ,  0.0000  , 100.0000 ,  0.0000  ,  0.0000  ,  0.0000  ,  0.0000  ,  0.0000  , 100.0000 ,  0.0000  ,  0.0000  ,  0.0000  ,  0.0000  
 13.9800  ,  0.7723  ,  0.6583  , -0.7725  ,  1.2136  , -2.2776  , -0.2893  ,  0.2892  , -0.2301  ,  1.6567  , -1.6150  ,  0.0000  , 100.0000 ,  0.0000  ,  0.0000  ,  0.0000  ,  0.0000  ,  0.0000  , 100.0000 ,  0.0000  ,  0.0000  ,  0.0000  ,  0.0000  
 14.0000  ,  0.7178  ,  0.6291  , -0.7023  ,  1.2157  , -2.2092  , -0.2670  ,  0.2865  , -0.2247  ,  1.6810  , -1.6671  ,  0.0000  , 100.0000 ,  0.0000  ,  0.0000  ,  0.0000  ,  0.0000  ,  0.0000  , 100.0000 ,  0.0000  ,  0.0000  ,  0.0000  ,  0.0000  
 14.0200  ,  0.6928  ,  0.6146  , -0.6763  ,  1.2200  , -2.1444  , -0.2555  ,  0.2847  , -0.2206  ,  1.7034  , -1.7175  ,  0.0000  , 100.0000 ,  0.0000  ,  0.0000  ,  0.0000  ,  0.0000  ,  0.0000  , 100.0000 ,  0.0000  ,  0.0000  ,  0.0000  ,  0.0000  
 14.0400  ,  0.6360  ,  0.5884  , -0.6030  ,  1.2414  , -1.9934  , -0.2199  ,  0.2806  , -0.2214  ,  1.7251  , -1.7772  ,  0.0000  , 100.0000 ,  0.0000  ,  0.0000  ,  0.0000  ,  0.0000  ,  0.0000  , 100.0000 ,  0.0000  ,  0.0000  ,  0.0000  ,  0.0000  
 14.0600  ,  0.5305  ,  0.5383  , -0.4698  ,  1.2947  , -1.9053  , -0.1304  ,  0.2729  , -0.2343  ,  1.7264  , -1.7753  ,  0.0000  , 100.0000 ,  0.0000  ,  0.0000  ,  0.0000  ,  0.0000  ,  0.0000  , 100.0000 ,  0.0000  ,  0.0000  ,  0.0000  ,  0.0000  
 14.0800  ,  0.4693  ,  0.5071  , -0.4037  ,  1.3222  , -1.7292  , -0.0737  ,  0.2638  , -0.2348  ,  1.7407  , -1.8197  ,  0.0000  , 100.0000 ,  0.0000  ,  0.0000  ,  0.0000  ,  0.0000  ,  0.0000  , 100.0000 ,  0.0000  ,  0.0000  ,  0.0000  ,  0.0000  
 14.1000  ,  0.4050  ,  0.4727  , -0.3401  ,  1.3508  , -1.6202  , -0.0142  ,  0.2498  , -0.2347  ,  1.7426  , -1.9085  ,  0.0000  , 100.0000 ,  0.0000  ,  0.0000  ,  0.0000  ,  0.0000  ,  0.0000  , 100.0000 ,  0.0000  ,  0.0000  ,  0.0000  ,  0.0000  
 14.1200  ,  0.3852  ,  0.4621  , -0.3299  ,  1.3539  , -1.5645  ,  0.0054  ,  0.2437  , -0.2272  ,  1.7631  , -1.9728  ,  0.0000  , 100.0000 ,  0.0000  ,  0.0000  ,  0.0000  ,  0.0000  ,  0.0000  , 100.0000 ,  0.0000  ,  0.0000  ,  0.0000  ,  0.0000  
 14.1400  ,  0.3016  ,  0.4193  , -0.2631  ,  1.3783  , -1.3993  ,  0.1007  ,  0.2201  , -0.2242  ,  1.7666  , -2.0741  ,  0.0000  , 100.0000 ,  0.0000  ,  0.0000  ,  0.0000  ,  0.0000  ,  0.0000  , 100.0000 ,  0.0000  ,  0.0000  ,  0.0000  ,  0.0000  
 14.1600  ,  0.2490  ,  0.4038  , -0.2338  ,  1.4045  , -1.2904  ,  0.1738  ,  0.2104  , -0.2333  ,  1.7513  , -2.1118  ,  0.0000  , 100.0000 ,  0.0000  ,  0.0000  ,  0.0000  ,  0.0000  ,  0.0000  , 100.0000 ,  0.0000  ,  0.0000  ,  0.0000  ,  0.0000  
 14.1800  ,  0.2313  ,  0.3985  , -0.2302  ,  1.4076  , -1.2494  ,  0.1978  ,  0.2058  , -0.2315  ,  1.7577  , -2.1326  ,  0.0000  , 100.0000 ,  0.0000  ,  0.0000  ,  0.0000  ,  0.0000  ,  0.0000  , 100.0000 ,  0.0000  ,  0.0000  ,  0.0000  ,  0.0000  
 14.2000  ,  0.1617  ,  0.3845  , -0.2082  ,  1.4346  , -1.1611  ,  0.2930  ,  0.1909  , -0.2403  ,  1.7273  , -2.2891  ,  0.0000  , 100.0000 ,  0.0000  ,  0.0000  ,  0.0000  ,  0.0000  ,  0.0000  , 100.0000 ,  0.0000  ,  0.0000  ,  0.0000  ,  0.0000  
 14.2200  ,  0.1084  ,  0.3734  , -0.1991  ,  1.4497  , -1.1611  ,  0.3729  ,  0.1846  , -0.2541  ,  1.7044  , -2.2891  ,  0.0000  , 100.0000 ,  0.0000  ,  0.0000  ,  0.0000  ,  0.0000  ,  0.0000  , 100.0000 ,  0.0000  ,  0.0000  ,  0.0000  ,  0.0000  
 14.2400  ,  0.1021  ,  0.3720  , -0.1991  ,  1.4502  , -1.0693  ,  0.3822  ,  0.1838  , -0.2563  ,  1.6997  , -2.4109  ,  0.0000  , 100.0000 ,  0.0000  ,  0.0000  ,  0.0000  ,  0.0000  ,  0.0000  , 100.0000 ,  0.0000  ,  0.0000  ,  0.0000  ,  0.0000  
 14.2600  ,  0.0507  ,  0.3617  , -0.1875  ,  1.4663  , -1.0399  ,  0.4611  ,  0.1793  , -0.2752  ,  1.6661  , -2.4345  ,  0.0000  , 100.0000 ,  0.0000  ,  0.0000  ,  0.0000  ,  0.0000  ,  0.0000  , 100.0000 ,  0.0000  ,  0.0000  ,  0.0000  ,  0.0000  
 14.2800  , -0.0179  ,  0.3489  , -0.1718  ,  1.4918  , -1.0527  ,  0.5623  ,  0.1742  , -0.3022  ,  1.6111  , -2.4292  ,  0.0000  , 100.0000 ,  0.0000  ,  0.0000  ,  0.0000  ,  0.0000  ,  0.0000  , 100.0000 ,  0.0000  ,  0.0000  ,  0.0000  ,  0.0000  
 14.3000  , -0.0380  ,  0.3452  , -0.1683  ,  1.4973  , -0.9880  ,  0.5897  ,  0.1726  , -0.3101  ,  1.5943  , -2.5236  ,  0.0000  , 100.0000 ,  0.0000  ,  0.0000  ,  0.0000  ,  0.0000  ,  0.0000  , 100.0000 ,  0.0000  ,  0.0000  ,  0.0000  ,  0.0000  
 14.3200  , -0.0774  ,  0.3388  , -0.1640  ,  1.5076  , -0.9716  ,  0.6490  ,  0.1696  , -0.3297  ,  1.5506  , -2.5451  ,  0.0000  , 100.0000 ,  0.0000  ,  0.0000  ,  0.0000  ,  0.0000  ,  0.0000  , 100.0000 ,  0.0000  ,  0.0000  ,  0.0000  ,  0.0000  
 14.3400  , -0.1139  ,  0.3327  , -0.1640  ,  1.5103  , -0.9076  ,  0.7006  ,  0.1656  , -0.3444  ,  1.5159  , -2.6281  ,  0.0000  , 100.0000 ,  0.0000  ,  0.0000  ,  0.0000  ,  0.0000  ,  0.0000  , 100.0000 ,  0.0000  ,  0.0000  ,  0.0000  ,  0.0000  
 14.3600  , -0.1756  ,  0.3245  , -0.1642  ,  1.5299  , -0.8629  ,  0.7908  ,  0.1633  , -0.3797  ,  1.4323  , -2.6824  ,  0.0000  , 100.0000 ,  0.0000  ,  0.0000  ,  0.0000  ,  0.0000  ,  0.0000  , 100.0000 ,  0.0000  ,  0.0000  ,  0.0000  ,  0.0000  
 14.3800  , -0.1897  ,  0.3219  , -0.1703  ,  1.5293  , -0.8306  ,  0.8075  ,  0.1619  , -0.3826  ,  1.4171  , -2.7266  ,  0.0000  , 100.0000 ,  0.0000  ,  0.0000  ,  0.0000  ,  0.0000  ,  0.0000  , 100.0000 ,  0.0000  ,  0.0000  ,  0.0000  ,  0.0000  
 14.4000  , -0.2339  ,  0.3099  , -0.1619  ,  1.5529  , -0.8011  ,  0.8909  ,  0.1701  , -0.4381  ,  1.3276  , -2.7584  ,  0.0000  , 100.0000 ,  0.0000  ,  0.0000  ,  0.0000  ,  0.0000  ,  0.0000  , 100.0000 ,  0.0000  ,  0.0000  ,  0.0000  ,  0.0000  
 14.4200  , -0.2858  ,  0.2962  , -0.1525  ,  1.5737  , -0.7946  ,  0.9839  ,  0.1811  , -0.5132  ,  1.2208  , -2.7645  ,  0.0000  , 100.0000 ,  0.0000  ,  0.0000  ,  0.0000  ,  0.0000  ,  0.0000  , 100.0000 ,  0.0000  ,  0.0000  ,  0.0000  ,  0.0000  
 14.4400  , -0.3141  ,  0.2894  , -0.1458  ,  1.5874  , -0.7776  ,  1.0307  ,  0.1856  , -0.5577  ,  1.1625  , -2.7849  ,  0.0000  , 100.0000 ,  0.0000  ,  0.0000  ,  0.0000  ,  0.0000  ,  0.0000  , 100.0000 ,  0.0000  ,  0.0000  ,  0.0000  ,  0.0000  
 14.4600  , -0.3433  ,  0.2824  , -0.1418  ,  1.5986  , -0.7728  ,  1.0744  ,  0.1882  , -0.6016  ,  1.1054  , -2.7816  ,  0.0000  , 100.0000 ,  0.0000  ,  0.0000  ,  0.0000  ,  0.0000  ,  0.0000  , 100.0000 ,  0.0000  ,  0.0000  ,  0.0000  ,  0.0000  
 14.4800  , -0.3570  ,  0.2784  , -0.1446  ,  1.6011  , -0.7453  ,  1.0917  ,  0.1880  , -0.6171  ,  1.0770  , -2.7988  ,  0.0000  , 100.0000 ,  0.0000  ,  0.0000  ,  0.0000  ,  0.0000  ,  0.0000  , 100.0000 ,  0.0000  ,  0.0000  ,  0.0000  ,  0.0000  
 14.5000  , -0.3913  ,  0.2666  , -0.1384  ,  1.6174  , -0.7526  ,  1.1385  ,  0.1982  , -0.6838  ,  1.0155  , -2.7849  ,  0.0000  , 100.0000 ,  0.0000  ,  0.0000  ,  0.0000  ,  0.0000  ,  0.0000  , 100.0000 ,  0.0000  ,  0.0000  ,  0.0000  ,  0.0000  
 14.5200  , -0.4183  ,  0.2535  , -0.1317  ,  1.6290  , -0.7490  ,  1.1707  ,  0.2035  , -0.7328  ,  0.9686  , -2.7580  ,  0.0000  , 100.0000 ,  0.0000  ,  0.0000  ,  0.0000  ,  0.0000  ,  0.0000  , 100.0000 ,  0.0000  ,  0.0000  ,  0.0000  ,  0.0000  
 14.5400  , -0.4304  ,  0.2465  , -0.1298  ,  1.6322  , -0.7559  ,  1.1842  ,  0.2050  , -0.7547  ,  0.9498  , -2.7405  ,  0.0000  , 100.0000 ,  0.0000  ,  0.0000  ,  0.0000  ,  0.0000  ,  0.0000  , 100.0000 ,  0.0000  ,  0.0000  ,  0.0000  ,  0.0000  
 14.5600  , -0.4487  ,  0.2339  , -0.1211  ,  1.6407  , -0.7726  ,  1.2074  ,  0.2058  , -0.7960  ,  0.9091  , -2.7207  ,  0.0000  , 100.0000 ,  0.0000  ,  0.0000  ,  0.0000  ,  0.0000  ,  0.0000  , 100.0000 ,  0.0000  ,  0.0000  ,  0.0000  ,  0.0000  
 14.5800  , -0.4616  ,  0.2242  , -0.1156  ,  1.6448  , -0.7726  ,  1.2211  ,  0.2061  , -0.8254  ,  0.8810  , -2.7207  ,  0.0000  , 100.0000 ,  0.0000  ,  0.0000  ,  0.0000  ,  0.0000  ,  0.0000  , 100.0000 ,  0.0000  ,  0.0000  ,  0.0000  ,  0.0000  
 14.6000  , -0.4655  ,  0.2211  , -0.1141  ,  1.6474  , -0.7699  ,  1.2246  ,  0.2062  , -0.8385  ,  0.8694  , -2.7149  ,  0.0000  , 100.0000 ,  0.0000  ,  0.0000  ,  0.0000  ,  0.0000  ,  0.0000  , 100.0000 ,  0.0000  ,  0.0000  ,  0.0000  ,  0.0000  
 14.6200  , -0.4706  ,  0.2166  , -0.1117  ,  1.6478  , -0.7626  ,  1.2291  ,  0.2060  , -0.8521  ,  0.8558  , -2.7091  ,  0.0000  , 100.0000 ,  0.0000  ,  0.0000  ,  0.0000  ,  0.0000  ,  0.0000  , 100.0000 ,  0.0000  ,  0.0000  ,  0.0000  ,  0.0000  
 14.6400  , -0.4758  ,  0.2082  , -0.1051  ,  1.6515  , -0.7622  ,  1.2330  ,  0.2078  , -0.8704  ,  0.8433  , -2.7179  ,  0.0000  , 100.0000 ,  0.0000  ,  0.0000  ,  0.0000  ,  0.0000  ,  0.0000  , 100.0000 ,  0.0000  ,  0.0000  ,  0.0000  ,  0.0000  
 14.6600  , -0.4779  ,  0.1989  , -0.0956  ,  1.6551  , -0.7649  ,  1.2305  ,  0.2110  , -0.8816  ,  0.8375  , -2.7262  ,  0.0000  , 100.0000 ,  0.0000  ,  0.0000  ,  0.0000  ,  0.0000  ,  0.0000  , 100.0000 ,  0.0000  ,  0.0000  ,  0.0000  ,  0.0000  
 14.6800  , -0.4761  ,  0.1959  , -0.0927  ,  1.6562  , -0.7754  ,  1.2282  ,  0.2138  , -0.8854  ,  0.8370  , -2.7263  ,  0.0000  , 100.0000 ,  0.0000  ,  0.0000  ,  0.0000  ,  0.0000  ,  0.0000  , 100.0000 ,  0.0000  ,  0.0000  ,  0.0000  ,  0.0000  
 14.7000  , -0.4740  ,  0.1947  , -0.0912  ,  1.6563  , -0.7951  ,  1.2264  ,  0.2161  , -0.8869  ,  0.8380  , -2.7209  ,  0.0000  , 100.0000 ,  0.0000  ,  0.0000  ,  0.0000  ,  0.0000  ,  0.0000  , 100.0000 ,  0.0000  ,  0.0000  ,  0.0000  ,  0.0000  
 14.7200  , -0.4679  ,  0.1904  , -0.0859  ,  1.6610  , -0.7987  ,  1.2179  ,  0.2242  , -0.8853  ,  0.8547  , -2.7060  ,  0.0000  , 100.0000 ,  0.0000  ,  0.0000  ,  0.0000  ,  0.0000  ,  0.0000  , 100.0000 ,  0.0000  ,  0.0000  ,  0.0000  ,  0.0000  
 14.7400  , -0.4644  ,  0.1887  , -0.0815  ,  1.6627  , -0.8027  ,  1.2116  ,  0.2276  , -0.8785  ,  0.8605  , -2.6998  ,  0.0000  , 100.0000 ,  0.0000  ,  0.0000  ,  0.0000  ,  0.0000  ,  0.0000  , 100.0000 ,  0.0000  ,  0.0000  ,  0.0000  ,  0.0000  
 14.7600  , -0.4605  ,  0.1875  , -0.0771  ,  1.6645  , -0.8126  ,  1.2048  ,  0.2304  , -0.8686  ,  0.8654  , -2.6922  ,  0.0000  , 100.0000 ,  0.0000  ,  0.0000  ,  0.0000  ,  0.0000  ,  0.0000  , 100.0000 ,  0.0000  ,  0.0000  ,  0.0000  ,  0.0000  
 14.7800  , -0.4561  ,  0.1880  , -0.0762  ,  1.6652  , -0.8213  ,  1.1971  ,  0.2315  , -0.8566  ,  0.8633  , -2.6759  ,  0.0000  , 100.0000 ,  0.0000  ,  0.0000  ,  0.0000  ,  0.0000  ,  0.0000  , 100.0000 ,  0.0000  ,  0.0000  ,  0.0000  ,  0.0000  
 14.8000  , -0.4522  ,  0.1891  , -0.0743  ,  1.6666  , -0.8213  ,  1.1908  ,  0.2324  , -0.8430  ,  0.8670  , -2.6759  ,  0.0000  , 100.0000 ,  0.0000  ,  0.0000  ,  0.0000  ,  0.0000  ,  0.0000  , 100.0000 ,  0.0000  ,  0.0000  ,  0.0000  ,  0.0000  
 14.8200  , -0.4503  ,  0.1901  , -0.0745  ,  1.6667  , -0.8226  ,  1.1881  ,  0.2328  , -0.8366  ,  0.8689  , -2.6375  ,  0.0000  , 100.0000 ,  0.0000  ,  0.0000  ,  0.0000  ,  0.0000  ,  0.0000  , 100.0000 ,  0.0000  ,  0.0000  ,  0.0000  ,  0.0000  
 14.8400  , -0.4453  ,  0.1946  , -0.0741  ,  1.6703  , -0.8480  ,  1.1783  ,  0.2330  , -0.8094  ,  0.8736  , -2.5753  ,  0.0000  , 100.0000 ,  0.0000  ,  0.0000  ,  0.0000  ,  0.0000  ,  0.0000  , 100.0000 ,  0.0000  ,  0.0000  ,  0.0000  ,  0.0000  
 14.8600  , -0.4441  ,  0.1966  , -0.0731  ,  1.6651  , -0.8651  ,  1.1746  ,  0.2326  , -0.7983  ,  0.8849  , -2.5348  ,  0.0000  , 100.0000 ,  0.0000  ,  0.0000  ,  0.0000  ,  0.0000  ,  0.0000  , 100.0000 ,  0.0000  ,  0.0000  ,  0.0000  ,  0.0000  
 14.8800  , -0.4421  ,  0.2000  , -0.0712  ,  1.6708  , -0.9059  ,  1.1668  ,  0.2320  , -0.7782  ,  0.8904  , -2.4498  ,  0.0000  , 100.0000 ,  0.0000  ,  0.0000  ,  0.0000  ,  0.0000  ,  0.0000  , 100.0000 ,  0.0000  ,  0.0000  ,  0.0000  ,  0.0000  
 14.9000  , -0.4408  ,  0.2021  , -0.0694  ,  1.6755  , -0.9059  ,  1.1615  ,  0.2317  , -0.7659  ,  0.8942  , -2.4498  ,  0.0000  , 100.0000 ,  0.0000  ,  0.0000  ,  0.0000  ,  0.0000  ,  0.0000  , 100.0000 ,  0.0000  ,  0.0000  ,  0.0000  ,  0.0000  
 14.9200  , -0.4394  ,  0.2046  , -0.0678  ,  1.6809  , -1.0174  ,  1.1529  ,  0.2308  , -0.7474  ,  0.9003  , -2.2620  ,  0.0000  , 100.0000 ,  0.0000  ,  0.0000  ,  0.0000  ,  0.0000  ,  0.0000  , 100.0000 ,  0.0000  ,  0.0000  ,  0.0000  ,  0.0000  
 14.9400  , -0.4360  ,  0.2116  , -0.0578  ,  1.7009  , -1.0968  ,  1.1203  ,  0.2252  , -0.6889  ,  0.9192  , -2.1858  ,  0.0000  , 100.0000 ,  0.0000  ,  0.0000  ,  0.0000  ,  0.0000  ,  0.0000  , 100.0000 ,  0.0000  ,  0.0000  ,  0.0000  ,  0.0000  
 14.9600  , -0.4360  ,  0.2116  , -0.0578  ,  1.7009  , -1.2745  ,  1.1203  ,  0.2252  , -0.6888  ,  0.9192  , -2.0619  ,  0.0000  , 100.0000 ,  0.0000  ,  0.0000  ,  0.0000  ,  0.0000  ,  0.0000  , 100.0000 ,  0.0000  ,  0.0000  ,  0.0000  ,  0.0000  
 14.9800  , -0.4298  ,  0.2235  , -0.0484  ,  1.7316  , -1.5702  ,  1.0691  ,  0.2163  , -0.6083  ,  0.9654  , -1.8873  ,  0.0000  , 100.0000 ,  0.0000  ,  0.0000  ,  0.0000  ,  0.0000  ,  0.0000  , 100.0000 ,  0.0000  ,  0.0000  ,  0.0000  ,  0.0000  
 15.0000  , -0.4277  ,  0.2270  , -0.0491  ,  1.7429  , -1.6628  ,  1.0555  ,  0.2141  , -0.5947  ,  0.9707  , -1.8063  ,  0.0000  , 100.0000 ,  0.0000  ,  0.0000  ,  0.0000  ,  0.0000  ,  0.0000  , 100.0000 ,  0.0000  ,  0.0000  ,  0.0000  ,  0.0000  
 15.0200  , -0.4033  ,  0.2520  , -0.0427  ,  1.7805  , -1.8264  ,  0.9668  ,  0.2039  , -0.4949  ,  1.0627  , -1.6347  ,  0.0000  , 100.0000 ,  0.0000  ,  0.0000  ,  0.0000  ,  0.0000  ,  0.0000  , 100.0000 ,  0.0000  ,  0.0000  ,  0.0000  ,  0.0000  
 15.0400  , -0.3776  ,  0.2701  , -0.0466  ,  1.7918  , -1.9562  ,  0.8861  ,  0.1953  , -0.4192  ,  1.1577  , -1.4728  ,  0.0000  , 100.0000 ,  0.0000  ,  0.0000  ,  0.0000  ,  0.0000  ,  0.0000  , 100.0000 ,  0.0000  ,  0.0000  ,  0.0000  ,  0.0000  
 15.0600  , -0.3672  ,  0.2766  , -0.0449  ,  1.8026  , -2.0160  ,  0.8614  ,  0.1920  , -0.4010  ,  1.1810  , -1.4492  ,  0.0000  , 100.0000 ,  0.0000  ,  0.0000  ,  0.0000  ,  0.0000  ,  0.0000  , 100.0000 ,  0.0000  ,  0.0000  ,  0.0000  ,  0.0000  
 15.0800  , -0.3495  ,  0.2858  , -0.0441  ,  1.8112  , -2.1070  ,  0.8191  ,  0.1905  , -0.3772  ,  1.2238  , -1.3947  ,  0.0000  , 100.0000 ,  0.0000  ,  0.0000  ,  0.0000  ,  0.0000  ,  0.0000  , 100.0000 ,  0.0000  ,  0.0000  ,  0.0000  ,  0.0000  
 15.1000  , -0.2633  ,  0.3127  , -0.0558  ,  1.8089  , -2.1863  ,  0.6804  ,  0.2013  , -0.3285  ,  1.3660  , -1.3382  ,  0.0000  , 100.0000 ,  0.0000  ,  0.0000  ,  0.0000  ,  0.0000  ,  0.0000  , 100.0000 ,  0.0000  ,  0.0000  ,  0.0000  ,  0.0000  
 15.1200  , -0.2394  ,  0.3166  , -0.0576  ,  1.7953  , -2.3020  ,  0.6532  ,  0.2065  , -0.3245  ,  1.3869  , -1.2638  ,  0.0000  , 100.0000 ,  0.0000  ,  0.0000  ,  0.0000  ,  0.0000  ,  0.0000  , 100.0000 ,  0.0000  ,  0.0000  ,  0.0000  ,  0.0000  
 15.1400  , -0.2213  ,  0.3191  , -0.0515  ,  1.8057  , -2.3987  ,  0.6365  ,  0.2094  , -0.3351  ,  1.3854  , -1.2454  ,  0.0000  , 100.0000 ,  0.0000  ,  0.0000  ,  0.0000  ,  0.0000  ,  0.0000  , 100.0000 ,  0.0000  ,  0.0000  ,  0.0000  ,  0.0000  
 15.1600  , -0.1778  ,  0.3278  , -0.0646  ,  1.7896  , -2.5744  ,  0.5896  ,  0.2223  , -0.3308  ,  1.4320  , -1.2014  ,  0.0000  , 100.0000 ,  0.0000  ,  0.0000  ,  0.0000  ,  0.0000  ,  0.0000  , 100.0000 ,  0.0000  ,  0.0000  ,  0.0000  ,  0.0000  
 15.1800  , -0.0603  ,  0.3448  , -0.0848  ,  1.7576  , -2.6792  ,  0.4779  ,  0.2518  , -0.3476  ,  1.4922  , -1.1730  ,  0.0000  , 100.0000 ,  0.0000  ,  0.0000  ,  0.0000  ,  0.0000  ,  0.0000  , 100.0000 ,  0.0000  ,  0.0000  ,  0.0000  ,  0.0000  
 15.2000  , -0.0184  ,  0.3487  , -0.0873  ,  1.7518  , -2.8935  ,  0.4444  ,  0.2604  , -0.3698  ,  1.4903  , -1.0840  ,  0.0000  , 100.0000 ,  0.0000  ,  0.0000  ,  0.0000  ,  0.0000  ,  0.0000  , 100.0000 ,  0.0000  ,  0.0000  ,  0.0000  ,  0.0000  
 15.2200  ,  0.0201  ,  0.3654  , -0.1072  ,  1.7324  , -2.9328  ,  0.4087  ,  0.2728  , -0.3733  ,  1.5140  , -1.0474  ,  0.0000  , 100.0000 ,  0.0000  ,  0.0000  ,  0.0000  ,  0.0000  ,  0.0000  , 100.0000 ,  0.0000  ,  0.0000  ,  0.0000  ,  0.0000  
 15.2400  ,  0.1281  ,  0.4135  , -0.1562  ,  1.6887  , -3.0200  ,  0.3165  ,  0.2968  , -0.3943  ,  1.5417  , -0.9728  ,  0.0000  , 100.0000 ,  0.0000  ,  0.0000  ,  0.0000  ,  0.0000  ,  0.0000  , 100.0000 ,  0.0000  ,  0.0000  ,  0.0000  ,  0.0000  
 15.2600  ,  0.1557  ,  0.4260  , -0.1696  ,  1.6733  , -3.0619  ,  0.2944  ,  0.3009  , -0.3962  ,  1.5425  , -0.9404  ,  0.0000  , 100.0000 ,  0.0000  ,  0.0000  ,  0.0000  ,  0.0000  ,  0.0000  , 100.0000 ,  0.0000  ,  0.0000  ,  0.0000  ,  0.0000  
 15.2800  ,  0.2133  ,  0.4605  , -0.2059  ,  1.6476  , -3.2280  ,  0.2450  ,  0.3094  , -0.4006  ,  1.5514  , -0.8544  ,  0.0000  , 100.0000 ,  0.0000  ,  0.0000  ,  0.0000  ,  0.0000  ,  0.0000  , 100.0000 ,  0.0000  ,  0.0000  ,  0.0000  ,  0.0000  
 15.3000  ,  0.2793  ,  0.4987  , -0.2456  ,  1.6205  , -3.2774  ,  0.1939  ,  0.3161  , -0.4242  ,  1.5318  , -0.8351  ,  0.0000  , 100.0000 ,  0.0000  ,  0.0000  ,  0.0000  ,  0.0000  ,  0.0000  , 100.0000 ,  0.0000  ,  0.0000  ,  0.0000  ,  0.0000  
 15.3200  ,  0.3449  ,  0.5452  , -0.3022  ,  1.5861  , -3.3494  ,  0.1439  ,  0.3226  , -0.4223  ,  1.5458  , -0.7940  ,  0.0000  , 100.0000 ,  0.0000  ,  0.0000  ,  0.0000  ,  0.0000  ,  0.0000  , 100.0000 ,  0.0000  ,  0.0000  ,  0.0000  ,  0.0000  
 15.3400  ,  0.4042  ,  0.5815  , -0.3540  ,  1.5594  , -3.3557  ,  0.1069  ,  0.3298  , -0.4315  ,  1.5385  , -0.7417  ,  0.0000  , 100.0000 ,  0.0000  ,  0.0000  ,  0.0000  ,  0.0000  ,  0.0000  , 100.0000 ,  0.0000  ,  0.0000  ,  0.0000  ,  0.0000  
 15.3600  ,  0.4596  ,  0.6099  , -0.4061  ,  1.5326  , -3.3597  ,  0.0761  ,  0.3366  , -0.4403  ,  1.5303  , -0.7380  ,  0.0000  , 100.0000 ,  0.0000  ,  0.0000  ,  0.0000  ,  0.0000  ,  0.0000  , 100.0000 ,  0.0000  ,  0.0000  ,  0.0000  ,  0.0000  
 15.3800  ,  0.5609  ,  0.6502  , -0.4989  ,  1.4881  , -3.4143  ,  0.0185  ,  0.3434  , -0.4478  ,  1.5137  , -0.7200  ,  0.0000  , 100.0000 ,  0.0000  ,  0.0000  ,  0.0000  ,  0.0000  ,  0.0000  , 100.0000 ,  0.0000  ,  0.0000  ,  0.0000  ,  0.0000  
 15.4000  ,  0.6126  ,  0.6662  , -0.5418  ,  1.4632  , -3.4143  , -0.0113  ,  0.3457  , -0.4517  ,  1.5045  , -0.7200  ,  0.0000  , 100.0000 ,  0.0000  ,  0.0000  ,  0.0000  ,  0.0000  ,  0.0000  , 100.0000 ,  0.0000  ,  0.0000  ,  0.0000  ,  0.0000  
 15.4200  ,  0.6575  ,  0.6787  , -0.5856  ,  1.4406  , -3.4398  , -0.0387  ,  0.3473  , -0.4539  ,  1.4990  , -0.6411  ,  0.0000  , 100.0000 ,  0.0000  ,  0.0000  ,  0.0000  ,  0.0000  ,  0.0000  , 100.0000 ,  0.0000  ,  0.0000  ,  0.0000  ,  0.0000  
 15.4400  ,  0.7043  ,  0.6898  , -0.6302  ,  1.4171  , -3.4396  , -0.0670  ,  0.3468  , -0.4567  ,  1.4908  , -0.6074  ,  0.0000  , 100.0000 ,  0.0000  ,  0.0000  ,  0.0000  ,  0.0000  ,  0.0000  , 100.0000 ,  0.0000  ,  0.0000  ,  0.0000  ,  0.0000  
 15.4600  ,  0.7702  ,  0.7022  , -0.6956  ,  1.3776  , -3.4425  , -0.1058  ,  0.3435  , -0.4604  ,  1.4799  , -0.5710  ,  0.0000  , 100.0000 ,  0.0000  ,  0.0000  ,  0.0000  ,  0.0000  ,  0.0000  , 100.0000 ,  0.0000  ,  0.0000  ,  0.0000  ,  0.0000  
 15.4800  ,  0.8219  ,  0.7135  , -0.7561  ,  1.3528  , -3.4503  , -0.1385  ,  0.3388  , -0.4529  ,  1.4761  , -0.5786  ,  0.0000  , 100.0000 ,  0.0000  ,  0.0000  ,  0.0000  ,  0.0000  ,  0.0000  , 100.0000 ,  0.0000  ,  0.0000  ,  0.0000  ,  0.0000  
 15.5000  ,  0.8498  ,  0.7173  , -0.7859  ,  1.3383  , -3.4539  , -0.1575  ,  0.3361  , -0.4505  ,  1.4707  , -0.5817  ,  0.0000  , 100.0000 ,  0.0000  ,  0.0000  ,  0.0000  ,  0.0000  ,  0.0000  , 100.0000 ,  0.0000  ,  0.0000  ,  0.0000  ,  0.0000  
 15.5200  ,  0.8945  ,  0.7204  , -0.8368  ,  1.3105  , -3.4596  , -0.1903  ,  0.3316  , -0.4567  ,  1.4454  , -0.5661  ,  0.0000  , 100.0000 ,  0.0000  ,  0.0000  ,  0.0000  ,  0.0000  ,  0.0000  , 100.0000 ,  0.0000  ,  0.0000  ,  0.0000  ,  0.0000  
 15.5400  ,  0.9188  ,  0.7234  , -0.8675  ,  1.2968  , -3.4485  , -0.2091  ,  0.3289  , -0.4489  ,  1.4448  , -0.5444  ,  0.0000  , 100.0000 ,  0.0000  ,  0.0000  ,  0.0000  ,  0.0000  ,  0.0000  , 100.0000 ,  0.0000  ,  0.0000  ,  0.0000  ,  0.0000  
 15.5600  ,  0.9348  ,  0.7250  , -0.8880  ,  1.2871  , -3.4266  , -0.2209  ,  0.3271  , -0.4517  ,  1.4317  , -0.5230  ,  0.0000  , 100.0000 ,  0.0000  ,  0.0000  ,  0.0000  ,  0.0000  ,  0.0000  , 100.0000 ,  0.0000  ,  0.0000  ,  0.0000  ,  0.0000  
 15.5800  ,  0.9651  ,  0.7287  , -0.9311  ,  1.2730  , -3.4364  , -0.2543  ,  0.3183  , -0.4328  ,  1.4204  , -0.5369  ,  0.0000  , 100.0000 ,  0.0000  ,  0.0000  ,  0.0000  ,  0.0000  ,  0.0000  , 100.0000 ,  0.0000  ,  0.0000  ,  0.0000  ,  0.0000  
 15.6000  ,  0.9803  ,  0.7289  , -0.9541  ,  1.2619  , -3.4384  , -0.2701  ,  0.3137  , -0.4239  ,  1.4145  , -0.5290  ,  0.0000  , 100.0000 ,  0.0000  ,  0.0000  ,  0.0000  ,  0.0000  ,  0.0000  , 100.0000 ,  0.0000  ,  0.0000  ,  0.0000  ,  0.0000  
 15.6200  ,  0.9831  ,  0.7289  , -0.9589  ,  1.2595  , -3.4384  , -0.2728  ,  0.3129  , -0.4223  ,  1.4136  , -0.5290  ,  0.0000  , 100.0000 ,  0.0000  ,  0.0000  ,  0.0000  ,  0.0000  ,  0.0000  , 100.0000 ,  0.0000  ,  0.0000  ,  0.0000  ,  0.0000  
 15.6400  ,  0.9927  ,  0.7280  , -0.9762  ,  1.2500  , -3.4192  , -0.2833  ,  0.3088  , -0.4179  ,  1.4063  , -0.4778  ,  0.0000  , 100.0000 ,  0.0000  ,  0.0000  ,  0.0000  ,  0.0000  ,  0.0000  , 100.0000 ,  0.0000  ,  0.0000  ,  0.0000  ,  0.0000  
 15.6600  ,  0.9994  ,  0.7243  , -0.9899  ,  1.2394  , -3.3978  , -0.2964  ,  0.3022  , -0.4078  ,  1.4124  , -0.4810  ,  0.0000  , 100.0000 ,  0.0000  ,  0.0000  ,  0.0000  ,  0.0000  ,  0.0000  , 100.0000 ,  0.0000  ,  0.0000  ,  0.0000  ,  0.0000  
 15.6800  ,  1.0007  ,  0.7228  , -0.9950  ,  1.2348  , -3.4015  , -0.3003  ,  0.3000  , -0.4027  ,  1.4154  , -0.4945  ,  0.0000  , 100.0000 ,  0.0000  ,  0.0000  ,  0.0000  ,  0.0000  ,  0.0000  , 100.0000 ,  0.0000  ,  0.0000  ,  0.0000  ,  0.0000  
 15.7000  ,  1.0012  ,  0.7203  , -0.9997  ,  1.2290  , -3.4080  , -0.3041  ,  0.2978  , -0.3963  ,  1.4207  , -0.5049  ,  0.0000  , 100.0000 ,  0.0000  ,  0.0000  ,  0.0000  ,  0.0000  ,  0.0000  , 100.0000 ,  0.0000  ,  0.0000  ,  0.0000  ,  0.0000  
 15.7200  ,  1.0001  ,  0.7159  , -1.0044  ,  1.2233  , -3.4095  , -0.3075  ,  0.2956  , -0.3866  ,  1.4221  , -0.5075  ,  0.0000  , 100.0000 ,  0.0000  ,  0.0000  ,  0.0000  ,  0.0000  ,  0.0000  , 100.0000 ,  0.0000  ,  0.0000  ,  0.0000  ,  0.0000  
 15.7400  ,  1.0006  ,  0.7146  , -1.0065  ,  1.2203  , -3.4095  , -0.3082  ,  0.2953  , -0.3841  ,  1.4272  , -0.5075  ,  0.0000  , 100.0000 ,  0.0000  ,  0.0000  ,  0.0000  ,  0.0000  ,  0.0000  , 100.0000 ,  0.0000  ,  0.0000  ,  0.0000  ,  0.0000  
 15.7600  ,  1.0006  ,  0.7121  , -1.0116  ,  1.2136  , -3.3984  , -0.3083  ,  0.2945  , -0.3803  ,  1.4353  , -0.4979  ,  0.0000  , 100.0000 ,  0.0000  ,  0.0000  ,  0.0000  ,  0.0000  ,  0.0000  , 100.0000 ,  0.0000  ,  0.0000  ,  0.0000  ,  0.0000  
 15.7800  ,  0.9997  ,  0.7101  , -1.0119  ,  1.2081  , -3.3927  , -0.3072  ,  0.2934  , -0.3803  ,  1.4438  , -0.5005  ,  0.0000  , 100.0000 ,  0.0000  ,  0.0000  ,  0.0000  ,  0.0000  ,  0.0000  , 100.0000 ,  0.0000  ,  0.0000  ,  0.0000  ,  0.0000  
 15.8000  ,  0.9992  ,  0.7082  , -1.0158  ,  1.2005  , -3.3807  , -0.3033  ,  0.2924  , -0.3772  ,  1.4529  , -0.5122  ,  0.0000  , 100.0000 ,  0.0000  ,  0.0000  ,  0.0000  ,  0.0000  ,  0.0000  , 100.0000 ,  0.0000  ,  0.0000  ,  0.0000  ,  0.0000  
 15.8200  ,  0.9996  ,  0.7081  , -1.0183  ,  1.1969  , -3.3814  , -0.3002  ,  0.2924  , -0.3747  ,  1.4589  , -0.5436  ,  0.0000  , 100.0000 ,  0.0000  ,  0.0000  ,  0.0000  ,  0.0000  ,  0.0000  , 100.0000 ,  0.0000  ,  0.0000  ,  0.0000  ,  0.0000  
 15.8400  ,  0.9993  ,  0.7067  , -1.0186  ,  1.1925  , -3.3807  , -0.2951  ,  0.2936  , -0.3771  ,  1.4585  , -0.5497  ,  0.0000  , 100.0000 ,  0.0000  ,  0.0000  ,  0.0000  ,  0.0000  ,  0.0000  , 100.0000 ,  0.0000  ,  0.0000  ,  0.0000  ,  0.0000  
 15.8600  ,  0.9989  ,  0.7051  , -1.0182  ,  1.1852  , -3.3653  , -0.2894  ,  0.2951  , -0.3766  ,  1.4576  , -0.5555  ,  0.0000  , 100.0000 ,  0.0000  ,  0.0000  ,  0.0000  ,  0.0000  ,  0.0000  , 100.0000 ,  0.0000  ,  0.0000  ,  0.0000  ,  0.0000  
 15.8800  ,  0.9974  ,  0.7057  , -1.0165  ,  1.1841  , -3.3653  , -0.2867  ,  0.2968  , -0.3776  ,  1.4586  , -0.5555  ,  0.0000  , 100.0000 ,  0.0000  ,  0.0000  ,  0.0000  ,  0.0000  ,  0.0000  , 100.0000 ,  0.0000  ,  0.0000  ,  0.0000  ,  0.0000  
 15.9000  ,  0.9963  ,  0.7062  , -1.0151  ,  1.1820  , -3.3203  , -0.2847  ,  0.2981  , -0.3764  ,  1.4604  , -0.5856  ,  0.0000  , 100.0000 ,  0.0000  ,  0.0000  ,  0.0000  ,  0.0000  ,  0.0000  , 100.0000 ,  0.0000  ,  0.0000  ,  0.0000  ,  0.0000  
 15.9200  ,  0.9940  ,  0.7073  , -1.0115  ,  1.1864  , -3.3134  , -0.2832  ,  0.3009  , -0.3764  ,  1.4572  , -0.5935  ,  0.0000  , 100.0000 ,  0.0000  ,  0.0000  ,  0.0000  ,  0.0000  ,  0.0000  , 100.0000 ,  0.0000  ,  0.0000  ,  0.0000  ,  0.0000  
 15.9400  ,  0.9863  ,  0.7084  , -1.0014  ,  1.1836  , -3.2714  , -0.2800  ,  0.3066  , -0.3732  ,  1.4610  , -0.6278  ,  0.0000  , 100.0000 ,  0.0000  ,  0.0000  ,  0.0000  ,  0.0000  ,  0.0000  , 100.0000 ,  0.0000  ,  0.0000  ,  0.0000  ,  0.0000  
 15.9600  ,  0.9851  ,  0.7085  , -1.0000  ,  1.1828  , -3.2363  , -0.2795  ,  0.3075  , -0.3712  ,  1.4618  , -0.6446  ,  0.0000  , 100.0000 ,  0.0000  ,  0.0000  ,  0.0000  ,  0.0000  ,  0.0000  , 100.0000 ,  0.0000  ,  0.0000  ,  0.0000  ,  0.0000  
 15.9800  ,  0.9754  ,  0.7073  , -0.9861  ,  1.1873  , -3.1660  , -0.2761  ,  0.3109  , -0.3686  ,  1.4562  , -0.6678  ,  0.0000  , 100.0000 ,  0.0000  ,  0.0000  ,  0.0000  ,  0.0000  ,  0.0000  , 100.0000 ,  0.0000  ,  0.0000  ,  0.0000  ,  0.0000  
 16.0000  ,  0.9697  ,  0.7061  , -0.9782  ,  1.1876  , -3.0939  , -0.2758  ,  0.3117  , -0.3669  ,  1.4573  , -0.7090  ,  0.0000  , 100.0000 ,  0.0000  ,  0.0000  ,  0.0000  ,  0.0000  ,  0.0000  , 100.0000 ,  0.0000  ,  0.0000  ,  0.0000  ,  0.0000  
 16.0200  ,  0.9543  ,  0.7024  , -0.9607  ,  1.1861  , -2.9554  , -0.2759  ,  0.3132  , -0.3582  ,  1.4627  , -0.8087  ,  0.0000  , 100.0000 ,  0.0000  ,  0.0000  ,  0.0000  ,  0.0000  ,  0.0000  , 100.0000 ,  0.0000  ,  0.0000  ,  0.0000  ,  0.0000  
 16.0400  ,  0.9368  ,  0.6965  , -0.9379  ,  1.1897  , -2.9040  , -0.2775  ,  0.3127  , -0.3503  ,  1.4679  , -0.8477  ,  0.0000  , 100.0000 ,  0.0000  ,  0.0000  ,  0.0000  ,  0.0000  ,  0.0000  , 100.0000 ,  0.0000  ,  0.0000  ,  0.0000  ,  0.0000  
 16.0600  ,  0.9243  ,  0.6920  , -0.9250  ,  1.1895  , -2.8002  , -0.2778  ,  0.3118  , -0.3460  ,  1.4711  , -0.8939  ,  0.0000  , 100.0000 ,  0.0000  ,  0.0000  ,  0.0000  ,  0.0000  ,  0.0000  , 100.0000 ,  0.0000  ,  0.0000  ,  0.0000  ,  0.0000  
 16.0800  ,  0.9063  ,  0.6851  , -0.9072  ,  1.1893  , -2.7281  , -0.2770  ,  0.3097  , -0.3422  ,  1.4739  , -0.8947  ,  0.0000  , 100.0000 ,  0.0000  ,  0.0000  ,  0.0000  ,  0.0000  ,  0.0000  , 100.0000 ,  0.0000  ,  0.0000  ,  0.0000  ,  0.0000  
 16.1000  ,  0.8838  ,  0.6755  , -0.8764  ,  1.1910  , -2.6050  , -0.2749  ,  0.3069  , -0.3406  ,  1.4744  , -0.9180  ,  0.0000  , 100.0000 ,  0.0000  ,  0.0000  ,  0.0000  ,  0.0000  ,  0.0000  , 100.0000 ,  0.0000  ,  0.0000  ,  0.0000  ,  0.0000  
 16.1200  ,  0.8339  ,  0.6524  , -0.8301  ,  1.1833  , -2.5993  , -0.2688  ,  0.2991  , -0.3411  ,  1.4696  , -0.9227  ,  0.0000  , 100.0000 ,  0.0000  ,  0.0000  ,  0.0000  ,  0.0000  ,  0.0000  , 100.0000 ,  0.0000  ,  0.0000  ,  0.0000  ,  0.0000  
 16.1400  ,  0.7934  ,  0.6309  , -0.7787  ,  1.1815  , -2.4636  , -0.2619  ,  0.2911  , -0.3408  ,  1.4655  , -1.0575  ,  0.0000  , 100.0000 ,  0.0000  ,  0.0000  ,  0.0000  ,  0.0000  ,  0.0000  , 100.0000 ,  0.0000  ,  0.0000  ,  0.0000  ,  0.0000  
 16.1600  ,  0.7630  ,  0.6163  , -0.7441  ,  1.1805  , -2.4548  , -0.2535  ,  0.2852  , -0.3428  ,  1.4594  , -1.1105  ,  0.0000  , 100.0000 ,  0.0000  ,  0.0000  ,  0.0000  ,  0.0000  ,  0.0000  , 100.0000 ,  0.0000  ,  0.0000  ,  0.0000  ,  0.0000  
 16.1800  ,  0.7345  ,  0.6028  , -0.7203  ,  1.1720  , -2.4656  , -0.2443  ,  0.2788  , -0.3456  ,  1.4510  , -1.1027  ,  0.0000  , 100.0000 ,  0.0000  ,  0.0000  ,  0.0000  ,  0.0000  ,  0.0000  , 100.0000 ,  0.0000  ,  0.0000  ,  0.0000  ,  0.0000  
 16.2000  ,  0.6628  ,  0.5808  , -0.6614  ,  1.1806  , -2.4761  , -0.2110  ,  0.2670  , -0.3663  ,  1.4301  , -1.0917  ,  0.0000  , 100.0000 ,  0.0000  ,  0.0000  ,  0.0000  ,  0.0000  ,  0.0000  , 100.0000 ,  0.0000  ,  0.0000  ,  0.0000  ,  0.0000  
 16.2200  ,  0.6170  ,  0.5666  , -0.6230  ,  1.1895  , -2.4752  , -0.1873  ,  0.2587  , -0.3802  ,  1.4168  , -1.1048  ,  0.0000  , 100.0000 ,  0.0000  ,  0.0000  ,  0.0000  ,  0.0000  ,  0.0000  , 100.0000 ,  0.0000  ,  0.0000  ,  0.0000  ,  0.0000  
 16.2400  ,  0.5772  ,  0.5532  , -0.6013  ,  1.1949  , -2.4730  , -0.1652  ,  0.2500  , -0.3892  ,  1.4071  , -1.1249  ,  0.0000  , 100.0000 ,  0.0000  ,  0.0000  ,  0.0000  ,  0.0000  ,  0.0000  , 100.0000 ,  0.0000  ,  0.0000  ,  0.0000  ,  0.0000  
 16.2600  ,  0.5472  ,  0.5389  , -0.5828  ,  1.1933  , -2.4543  , -0.1418  ,  0.2442  , -0.4013  ,  1.3976  , -1.1527  ,  0.0000  , 100.0000 ,  0.0000  ,  0.0000  ,  0.0000  ,  0.0000  ,  0.0000  , 100.0000 ,  0.0000  ,  0.0000  ,  0.0000  ,  0.0000  
 16.2800  ,  0.4976  ,  0.5111  , -0.5522  ,  1.1894  , -2.4112  , -0.0957  ,  0.2333  , -0.4225  ,  1.3840  , -1.2186  ,  0.0000  , 100.0000 ,  0.0000  ,  0.0000  ,  0.0000  ,  0.0000  ,  0.0000  , 100.0000 ,  0.0000  ,  0.0000  ,  0.0000  ,  0.0000  
 16.3000  ,  0.4659  ,  0.4891  , -0.5200  ,  1.1919  , -2.3369  , -0.0469  ,  0.2276  , -0.4482  ,  1.3532  , -1.2647  ,  0.0000  , 100.0000 ,  0.0000  ,  0.0000  ,  0.0000  ,  0.0000  ,  0.0000  , 100.0000 ,  0.0000  ,  0.0000  ,  0.0000  ,  0.0000  
 16.3200  ,  0.4431  ,  0.4726  , -0.5189  ,  1.1821  , -2.1149  , -0.0116  ,  0.2209  , -0.4645  ,  1.3464  , -1.3066  ,  0.0000  , 100.0000 ,  0.0000  ,  0.0000  ,  0.0000  ,  0.0000  ,  0.0000  , 100.0000 ,  0.0000  ,  0.0000  ,  0.0000  ,  0.0000  
 16.3400  ,  0.3865  ,  0.4223  , -0.4687  ,  1.1742  , -2.0115  ,  0.0721  ,  0.2023  , -0.5022  ,  1.3199  , -1.3373  ,  0.0000  , 100.0000 ,  0.0000  ,  0.0000  ,  0.0000  ,  0.0000  ,  0.0000  , 100.0000 ,  0.0000  ,  0.0000  ,  0.0000  ,  0.0000  
 16.3600  ,  0.3637  ,  0.3980  , -0.4359  ,  1.1746  , -1.9840  ,  0.1147  ,  0.1926  , -0.5237  ,  1.2907  , -1.3594  ,  0.0000  , 100.0000 ,  0.0000  ,  0.0000  ,  0.0000  ,  0.0000  ,  0.0000  , 100.0000 ,  0.0000  ,  0.0000  ,  0.0000  ,  0.0000  
 16.3800  ,  0.3432  ,  0.3752  , -0.4243  ,  1.1676  , -1.9891  ,  0.1528  ,  0.1816  , -0.5347  ,  1.2793  , -1.3909  ,  0.0000  , 100.0000 ,  0.0000  ,  0.0000  ,  0.0000  ,  0.0000  ,  0.0000  , 100.0000 ,  0.0000  ,  0.0000  ,  0.0000  ,  0.0000  
 16.4000  ,  0.3126  ,  0.3452  , -0.4222  ,  1.1485  , -1.8935  ,  0.2154  ,  0.1659  , -0.5510  ,  1.2876  , -1.4645  ,  0.0000  , 100.0000 ,  0.0000  ,  0.0000  ,  0.0000  ,  0.0000  ,  0.0000  , 100.0000 ,  0.0000  ,  0.0000  ,  0.0000  ,  0.0000  
 16.4200  ,  0.2924  ,  0.3267  , -0.4221  ,  1.1378  , -1.8653  ,  0.2660  ,  0.1527  , -0.5665  ,  1.2689  , -1.4778  ,  0.0000  , 100.0000 ,  0.0000  ,  0.0000  ,  0.0000  ,  0.0000  ,  0.0000  , 100.0000 ,  0.0000  ,  0.0000  ,  0.0000  ,  0.0000  
 16.4400  ,  0.2854  ,  0.3203  , -0.4308  ,  1.1279  , -1.7937  ,  0.2830  ,  0.1476  , -0.5647  ,  1.2840  , -1.4998  ,  0.0000  , 100.0000 ,  0.0000  ,  0.0000  ,  0.0000  ,  0.0000  ,  0.0000  , 100.0000 ,  0.0000  ,  0.0000  ,  0.0000  ,  0.0000  
 16.4600  ,  0.2730  ,  0.3099  , -0.4356  ,  1.1176  , -1.7571  ,  0.3161  ,  0.1397  , -0.5732  ,  1.2787  , -1.5175  ,  0.0000  , 100.0000 ,  0.0000  ,  0.0000  ,  0.0000  ,  0.0000  ,  0.0000  , 100.0000 ,  0.0000  ,  0.0000  ,  0.0000  ,  0.0000  
 16.4800  ,  0.2500  ,  0.2944  , -0.4505  ,  1.0985  , -1.7006  ,  0.3690  ,  0.1248  , -0.5722  ,  1.2997  , -1.5800  ,  0.0000  , 100.0000 ,  0.0000  ,  0.0000  ,  0.0000  ,  0.0000  ,  0.0000  , 100.0000 ,  0.0000  ,  0.0000  ,  0.0000  ,  0.0000  
 16.5000  ,  0.2413  ,  0.2903  , -0.4493  ,  1.0932  , -1.7006  ,  0.3854  ,  0.1191  , -0.5716  ,  1.2931  , -1.5800  ,  0.0000  , 100.0000 ,  0.0000  ,  0.0000  ,  0.0000  ,  0.0000  ,  0.0000  , 100.0000 ,  0.0000  ,  0.0000  ,  0.0000  ,  0.0000  
 16.5200  ,  0.2165  ,  0.2827  , -0.4505  ,  1.0935  , -1.6601  ,  0.4211  ,  0.1094  , -0.5678  ,  1.3087  , -1.6069  ,  0.0000  , 100.0000 ,  0.0000  ,  0.0000  ,  0.0000  ,  0.0000  ,  0.0000  , 100.0000 ,  0.0000  ,  0.0000  ,  0.0000  ,  0.0000  
 16.5400  ,  0.1995  ,  0.2784  , -0.4459  ,  1.0985  , -1.6519  ,  0.4415  ,  0.1045  , -0.5640  ,  1.3221  , -1.6017  ,  0.0000  , 100.0000 ,  0.0000  ,  0.0000  ,  0.0000  ,  0.0000  ,  0.0000  , 100.0000 ,  0.0000  ,  0.0000  ,  0.0000  ,  0.0000  
 16.5600  ,  0.1785  ,  0.2752  , -0.4400  ,  1.1083  , -1.6492  ,  0.4627  ,  0.0998  , -0.5629  ,  1.3283  , -1.5976  ,  0.0000  , 100.0000 ,  0.0000  ,  0.0000  ,  0.0000  ,  0.0000  ,  0.0000  , 100.0000 ,  0.0000  ,  0.0000  ,  0.0000  ,  0.0000  
 16.5800  ,  0.1132  ,  0.2701  , -0.3985  ,  1.1615  , -1.6448  ,  0.5207  ,  0.0868  , -0.5604  ,  1.3391  , -1.6063  ,  0.0000  , 100.0000 ,  0.0000  ,  0.0000  ,  0.0000  ,  0.0000  ,  0.0000  , 100.0000 ,  0.0000  ,  0.0000  ,  0.0000  ,  0.0000  
 16.6000  ,  0.0809  ,  0.2697  , -0.3745  ,  1.1941  , -1.6883  ,  0.5485  ,  0.0802  , -0.5649  ,  1.3279  , -1.6461  ,  0.0000  , 100.0000 ,  0.0000  ,  0.0000  ,  0.0000  ,  0.0000  ,  0.0000  , 100.0000 ,  0.0000  ,  0.0000  ,  0.0000  ,  0.0000  
 16.6200  ,  0.0598  ,  0.2688  , -0.3583  ,  1.2114  , -1.7061  ,  0.5645  ,  0.0760  , -0.5578  ,  1.3452  , -1.6511  ,  0.0000  , 100.0000 ,  0.0000  ,  0.0000  ,  0.0000  ,  0.0000  ,  0.0000  , 100.0000 ,  0.0000  ,  0.0000  ,  0.0000  ,  0.0000  
 16.6400  ,  0.0250  ,  0.2731  , -0.3323  ,  1.2521  , -1.7276  ,  0.5876  ,  0.0718  , -0.5665  ,  1.3294  , -1.6553  ,  0.0000  , 100.0000 ,  0.0000  ,  0.0000  ,  0.0000  ,  0.0000  ,  0.0000  , 100.0000 ,  0.0000  ,  0.0000  ,  0.0000  ,  0.0000  
 16.6600  , -0.0590  ,  0.2853  , -0.2759  ,  1.3498  , -1.7294  ,  0.6403  ,  0.0593  , -0.5698  ,  1.3245  , -1.6451  ,  0.0000  , 100.0000 ,  0.0000  ,  0.0000  ,  0.0000  ,  0.0000  ,  0.0000  , 100.0000 ,  0.0000  ,  0.0000  ,  0.0000  ,  0.0000  
 16.6800  , -0.0747  ,  0.2878  , -0.2632  ,  1.3678  , -1.6799  ,  0.6497  ,  0.0568  , -0.5647  ,  1.3355  , -1.7039  ,  0.0000  , 100.0000 ,  0.0000  ,  0.0000  ,  0.0000  ,  0.0000  ,  0.0000  , 100.0000 ,  0.0000  ,  0.0000  ,  0.0000  ,  0.0000  
 16.7000  , -0.0848  ,  0.2927  , -0.2574  ,  1.3795  , -1.6309  ,  0.6664  ,  0.0515  , -0.5595  ,  1.3335  , -1.7322  ,  0.0000  , 100.0000 ,  0.0000  ,  0.0000  ,  0.0000  ,  0.0000  ,  0.0000  , 100.0000 ,  0.0000  ,  0.0000  ,  0.0000  ,  0.0000  
 16.7200  , -0.0927  ,  0.2962  , -0.2483  ,  1.3917  , -1.6095  ,  0.6782  ,  0.0483  , -0.5505  ,  1.3518  , -1.7279  ,  0.0000  , 100.0000 ,  0.0000  ,  0.0000  ,  0.0000  ,  0.0000  ,  0.0000  , 100.0000 ,  0.0000  ,  0.0000  ,  0.0000  ,  0.0000  
 16.7400  , -0.0905  ,  0.2970  , -0.2450  ,  1.3822  , -1.4414  ,  0.6977  ,  0.0521  , -0.5401  ,  1.3930  , -1.7796  ,  0.0000  , 100.0000 ,  0.0000  ,  0.0000  ,  0.0000  ,  0.0000  ,  0.0000  , 100.0000 ,  0.0000  ,  0.0000  ,  0.0000  ,  0.0000  
 16.7600  , -0.0914  ,  0.2952  , -0.2413  ,  1.3795  , -1.4004  ,  0.7046  ,  0.0587  , -0.5419  ,  1.4082  , -1.7911  ,  0.0000  , 100.0000 ,  0.0000  ,  0.0000  ,  0.0000  ,  0.0000  ,  0.0000  , 100.0000 ,  0.0000  ,  0.0000  ,  0.0000  ,  0.0000  
 16.7800  , -0.1071  ,  0.2875  , -0.2185  ,  1.3744  , -1.4007  ,  0.7362  ,  0.0813  , -0.5409  ,  1.4650  , -1.7933  ,  0.0000  , 100.0000 ,  0.0000  ,  0.0000  ,  0.0000  ,  0.0000  ,  0.0000  , 100.0000 ,  0.0000  ,  0.0000  ,  0.0000  ,  0.0000  
 16.8000  , -0.1108  ,  0.2863  , -0.2157  ,  1.3725  , -1.2752  ,  0.7415  ,  0.0847  , -0.5369  ,  1.4771  , -1.8406  ,  0.0000  , 100.0000 ,  0.0000  ,  0.0000  ,  0.0000  ,  0.0000  ,  0.0000  , 100.0000 ,  0.0000  ,  0.0000  ,  0.0000  ,  0.0000  
 16.8200  , -0.1347  ,  0.2852  , -0.2040  ,  1.3857  , -1.2752  ,  0.7679  ,  0.0965  , -0.5376  ,  1.4923  , -1.8406  ,  0.0000  , 100.0000 ,  0.0000  ,  0.0000  ,  0.0000  ,  0.0000  ,  0.0000  , 100.0000 ,  0.0000  ,  0.0000  ,  0.0000  ,  0.0000  
 16.8400  , -0.1524  ,  0.2850  , -0.1962  ,  1.3924  , -1.2510  ,  0.7853  ,  0.1040  , -0.5324  ,  1.5008  , -1.8595  ,  0.0000  , 100.0000 ,  0.0000  ,  0.0000  ,  0.0000  ,  0.0000  ,  0.0000  , 100.0000 ,  0.0000  ,  0.0000  ,  0.0000  ,  0.0000  
 16.8600  , -0.2055  ,  0.2889  , -0.1828  ,  1.4286  , -1.2277  ,  0.8333  ,  0.1201  , -0.5098  ,  1.5308  , -1.8896  ,  0.0000  , 100.0000 ,  0.0000  ,  0.0000  ,  0.0000  ,  0.0000  ,  0.0000  , 100.0000 ,  0.0000  ,  0.0000  ,  0.0000  ,  0.0000  
 16.8800  , -0.2199  ,  0.2900  , -0.1808  ,  1.4359  , -1.2408  ,  0.8446  ,  0.1241  , -0.4892  ,  1.5504  , -1.9039  ,  0.0000  , 100.0000 ,  0.0000  ,  0.0000  ,  0.0000  ,  0.0000  ,  0.0000  , 100.0000 ,  0.0000  ,  0.0000  ,  0.0000  ,  0.0000  
 16.9000  , -0.2199  ,  0.2900  , -0.1808  ,  1.4359  , -1.2418  ,  0.8446  ,  0.1241  , -0.4892  ,  1.5504  , -1.9173  ,  0.0000  , 100.0000 ,  0.0000  ,  0.0000  ,  0.0000  ,  0.0000  ,  0.0000  , 100.0000 ,  0.0000  ,  0.0000  ,  0.0000  ,  0.0000  
 16.9200  , -0.2884  ,  0.2945  , -0.1638  ,  1.4876  , -1.1903  ,  0.9159  ,  0.1376  , -0.4559  ,  1.5460  , -1.9405  ,  0.0000  , 100.0000 ,  0.0000  ,  0.0000  ,  0.0000  ,  0.0000  ,  0.0000  , 100.0000 ,  0.0000  ,  0.0000  ,  0.0000  ,  0.0000  
 16.9400  , -0.3083  ,  0.2971  , -0.1610  ,  1.5015  , -1.1683  ,  0.9351  ,  0.1431  , -0.4384  ,  1.5530  , -1.9310  ,  0.0000  , 100.0000 ,  0.0000  ,  0.0000  ,  0.0000  ,  0.0000  ,  0.0000  , 100.0000 ,  0.0000  ,  0.0000  ,  0.0000  ,  0.0000  
 16.9600  , -0.3509  ,  0.3067  , -0.1633  ,  1.5280  , -1.1318  ,  1.0085  ,  0.1733  , -0.3857  ,  1.5619  , -1.9169  ,  0.0000  , 100.0000 ,  0.0000  ,  0.0000  ,  0.0000  ,  0.0000  ,  0.0000  , 100.0000 ,  0.0000  ,  0.0000  ,  0.0000  ,  0.0000  
 16.9800  , -0.3706  ,  0.3109  , -0.1662  ,  1.5391  , -1.1169  ,  1.0534  ,  0.1987  , -0.3681  ,  1.5580  , -1.9048  ,  0.0000  , 100.0000 ,  0.0000  ,  0.0000  ,  0.0000  ,  0.0000  ,  0.0000  , 100.0000 ,  0.0000  ,  0.0000  ,  0.0000  ,  0.0000  
 17.0000  , -0.3767  ,  0.3121  , -0.1685  ,  1.5412  , -1.0888  ,  1.0672  ,  0.2069  , -0.3561  ,  1.5593  , -1.8590  ,  0.0000  , 100.0000 ,  0.0000  ,  0.0000  ,  0.0000  ,  0.0000  ,  0.0000  , 100.0000 ,  0.0000  ,  0.0000  ,  0.0000  ,  0.0000  
 17.0200  , -0.3877  ,  0.3146  , -0.1738  ,  1.5453  , -1.0967  ,  1.0989  ,  0.2295  , -0.3319  ,  1.5608  , -1.8463  ,  0.0000  , 100.0000 ,  0.0000  ,  0.0000  ,  0.0000  ,  0.0000  ,  0.0000  , 100.0000 ,  0.0000  ,  0.0000  ,  0.0000  ,  0.0000  
 17.0400  , -0.4032  ,  0.3175  , -0.1855  ,  1.5443  , -1.0805  ,  1.1578  ,  0.2809  , -0.2940  ,  1.5578  , -1.7776  ,  0.0000  , 100.0000 ,  0.0000  ,  0.0000  ,  0.0000  ,  0.0000  ,  0.0000  , 100.0000 ,  0.0000  ,  0.0000  ,  0.0000  ,  0.0000  
 17.0600  , -0.4111  ,  0.3160  , -0.1880  ,  1.5462  , -1.0690  ,  1.1836  ,  0.3088  , -0.2645  ,  1.5596  , -1.6948  ,  0.0000  , 100.0000 ,  0.0000  ,  0.0000  ,  0.0000  ,  0.0000  ,  0.0000  , 100.0000 ,  0.0000  ,  0.0000  ,  0.0000  ,  0.0000  
 17.0800  , -0.4179  ,  0.3134  , -0.1904  ,  1.5467  , -1.0662  ,  1.2083  ,  0.3404  , -0.2456  ,  1.5580  , -1.6842  ,  0.0000  , 100.0000 ,  0.0000  ,  0.0000  ,  0.0000  ,  0.0000  ,  0.0000  , 100.0000 ,  0.0000  ,  0.0000  ,  0.0000  ,  0.0000  
 17.1000  , -0.4205  ,  0.3120  , -0.1922  ,  1.5473  , -1.0614  ,  1.2178  ,  0.3536  , -0.2283  ,  1.5548  , -1.6460  ,  0.0000  , 100.0000 ,  0.0000  ,  0.0000  ,  0.0000  ,  0.0000  ,  0.0000  , 100.0000 ,  0.0000  ,  0.0000  ,  0.0000  ,  0.0000  
 17.1200  , -0.4243  ,  0.3092  , -0.1951  ,  1.5470  , -1.0568  ,  1.2384  ,  0.3803  , -0.2026  ,  1.5523  , -1.5961  ,  0.0000  , 100.0000 ,  0.0000  ,  0.0000  ,  0.0000  ,  0.0000  ,  0.0000  , 100.0000 ,  0.0000  ,  0.0000  ,  0.0000  ,  0.0000  
 17.1400  , -0.4292  ,  0.3036  , -0.2001  ,  1.5474  , -1.0517  ,  1.2777  ,  0.4296  , -0.1550  ,  1.5391  , -1.5403  ,  0.0000  , 100.0000 ,  0.0000  ,  0.0000  ,  0.0000  ,  0.0000  ,  0.0000  , 100.0000 ,  0.0000  ,  0.0000  ,  0.0000  ,  0.0000  
 17.1600  , -0.4327  ,  0.3010  , -0.2033  ,  1.5460  , -1.0454  ,  1.2996  ,  0.4587  , -0.1273  ,  1.5300  , -1.4817  ,  0.0000  , 100.0000 ,  0.0000  ,  0.0000  ,  0.0000  ,  0.0000  ,  0.0000  , 100.0000 ,  0.0000  ,  0.0000  ,  0.0000  ,  0.0000  
 17.1800  , -0.4361  ,  0.2990  , -0.2048  ,  1.5486  , -1.0432  ,  1.3112  ,  0.4793  , -0.1144  ,  1.5218  , -1.4575  ,  0.0000  , 100.0000 ,  0.0000  ,  0.0000  ,  0.0000  ,  0.0000  ,  0.0000  , 100.0000 ,  0.0000  ,  0.0000  ,  0.0000  ,  0.0000  
 17.2000  , -0.4408  ,  0.2968  , -0.2046  ,  1.5527  , -1.0385  ,  1.3211  ,  0.5015  , -0.0904  ,  1.5140  , -1.4157  ,  0.0000  , 100.0000 ,  0.0000  ,  0.0000  ,  0.0000  ,  0.0000  ,  0.0000  , 100.0000 ,  0.0000  ,  0.0000  ,  0.0000  ,  0.0000  
 17.2200  , -0.4489  ,  0.2916  , -0.2063  ,  1.5604  , -1.0367  ,  1.3338  ,  0.5547  , -0.0540  ,  1.4958  , -1.4117  ,  0.0000  , 100.0000 ,  0.0000  ,  0.0000  ,  0.0000  ,  0.0000  ,  0.0000  , 100.0000 ,  0.0000  ,  0.0000  ,  0.0000  ,  0.0000  
 17.2400  , -0.4513  ,  0.2897  , -0.2073  ,  1.5635  , -1.0316  ,  1.3361  ,  0.5737  , -0.0254  ,  1.4886  , -1.4040  ,  0.0000  , 100.0000 ,  0.0000  ,  0.0000  ,  0.0000  ,  0.0000  ,  0.0000  , 100.0000 ,  0.0000  ,  0.0000  ,  0.0000  ,  0.0000  
 17.2600  , -0.4512  ,  0.2871  , -0.2091  ,  1.5649  , -1.0309  ,  1.3363  ,  0.6010  , -0.0201  ,  1.4816  , -1.3870  ,  0.0000  , 100.0000 ,  0.0000  ,  0.0000  ,  0.0000  ,  0.0000  ,  0.0000  , 100.0000 ,  0.0000  ,  0.0000  ,  0.0000  ,  0.0000  
 17.2800  , -0.4495  ,  0.2819  , -0.2128  ,  1.5603  , -1.0307  ,  1.3278  ,  0.6501  ,  0.0372  ,  1.4808  , -1.3249  ,  0.0000  , 100.0000 ,  0.0000  ,  0.0000  ,  0.0000  ,  0.0000  ,  0.0000  , 100.0000 ,  0.0000  ,  0.0000  ,  0.0000  ,  0.0000  
 17.3000  , -0.4487  ,  0.2805  , -0.2133  ,  1.5605  , -1.0325  ,  1.3235  ,  0.6627  ,  0.0556  ,  1.4778  , -1.3189  ,  0.0000  , 100.0000 ,  0.0000  ,  0.0000  ,  0.0000  ,  0.0000  ,  0.0000  , 100.0000 ,  0.0000  ,  0.0000  ,  0.0000  ,  0.0000  
 17.3200  , -0.4479  ,  0.2768  , -0.2128  ,  1.5614  , -1.0345  ,  1.2999  ,  0.6905  ,  0.1020  ,  1.4809  , -1.3140  ,  0.0000  , 100.0000 ,  0.0000  ,  0.0000  ,  0.0000  ,  0.0000  ,  0.0000  , 100.0000 ,  0.0000  ,  0.0000  ,  0.0000  ,  0.0000  
 17.3400  , -0.4478  ,  0.2743  , -0.2118  ,  1.5623  , -1.0352  ,  1.2819  ,  0.7066  ,  0.1280  ,  1.4849  , -1.3257  ,  0.0000  , 100.0000 ,  0.0000  ,  0.0000  ,  0.0000  ,  0.0000  ,  0.0000  , 100.0000 ,  0.0000  ,  0.0000  ,  0.0000  ,  0.0000  
 17.3600  , -0.4470  ,  0.2717  , -0.2110  ,  1.5626  , -1.0374  ,  1.2563  ,  0.7245  ,  0.1616  ,  1.4921  , -1.3268  ,  0.0000  , 100.0000 ,  0.0000  ,  0.0000  ,  0.0000  ,  0.0000  ,  0.0000  , 100.0000 ,  0.0000  ,  0.0000  ,  0.0000  ,  0.0000  
 17.3800  , -0.4430  ,  0.2647  , -0.2088  ,  1.5577  , -1.0375  ,  1.1672  ,  0.7680  ,  0.2676  ,  1.5140  , -1.3211  ,  0.0000  , 100.0000 ,  0.0000  ,  0.0000  ,  0.0000  ,  0.0000  ,  0.0000  , 100.0000 ,  0.0000  ,  0.0000  ,  0.0000  ,  0.0000  
 17.4000  , -0.4411  ,  0.2616  , -0.2064  ,  1.5556  , -1.0388  ,  1.1228  ,  0.7836  ,  0.3215  ,  1.5248  , -1.2945  ,  0.0000  , 100.0000 ,  0.0000  ,  0.0000  ,  0.0000  ,  0.0000  ,  0.0000  , 100.0000 ,  0.0000  ,  0.0000  ,  0.0000  ,  0.0000  
 17.4200  , -0.4408  ,  0.2599  , -0.2050  ,  1.5551  , -1.0414  ,  1.0891  ,  0.7957  ,  0.3510  ,  1.5340  , -1.2892  ,  0.0000  , 100.0000 ,  0.0000  ,  0.0000  ,  0.0000  ,  0.0000  ,  0.0000  , 100.0000 ,  0.0000  ,  0.0000  ,  0.0000  ,  0.0000  
 17.4400  , -0.4406  ,  0.2554  , -0.1981  ,  1.5431  , -1.0453  ,  0.9928  ,  0.8216  ,  0.4779  ,  1.5371  , -1.2978  ,  0.0000  , 100.0000 ,  0.0000  ,  0.0000  ,  0.0000  ,  0.0000  ,  0.0000  , 100.0000 ,  0.0000  ,  0.0000  ,  0.0000  ,  0.0000  
 17.4600  , -0.4409  ,  0.2540  , -0.1960  ,  1.5418  , -1.0553  ,  0.9531  ,  0.8286  ,  0.5221  ,  1.5403  , -1.3210  ,  0.0000  , 100.0000 ,  0.0000  ,  0.0000  ,  0.0000  ,  0.0000  ,  0.0000  , 100.0000 ,  0.0000  ,  0.0000  ,  0.0000  ,  0.0000  
 17.4800  , -0.4421  ,  0.2514  , -0.1920  ,  1.5404  , -1.0641  ,  0.8866  ,  0.8413  ,  0.5670  ,  1.5528  , -1.3254  ,  0.0000  , 100.0000 ,  0.0000  ,  0.0000  ,  0.0000  ,  0.0000  ,  0.0000  , 100.0000 ,  0.0000  ,  0.0000  ,  0.0000  ,  0.0000  
 17.5000  , -0.4428  ,  0.2499  , -0.1895  ,  1.5360  , -1.0678  ,  0.8543  ,  0.8469  ,  0.6064  ,  1.5573  , -1.3187  ,  0.0000  , 100.0000 ,  0.0000  ,  0.0000  ,  0.0000  ,  0.0000  ,  0.0000  , 100.0000 ,  0.0000  ,  0.0000  ,  0.0000  ,  0.0000  
 17.5200  , -0.4449  ,  0.2441  , -0.1819  ,  1.5302  , -1.0735  ,  0.7290  ,  0.8525  ,  0.7267  ,  1.5479  , -1.3121  ,  0.0000  , 100.0000 ,  0.0000  ,  0.0000  ,  0.0000  ,  0.0000  ,  0.0000  , 100.0000 ,  0.0000  ,  0.0000  ,  0.0000  ,  0.0000  
 17.5400  , -0.4450  ,  0.2418  , -0.1797  ,  1.5274  , -1.0691  ,  0.6804  ,  0.8501  ,  0.7642  ,  1.5488  , -1.3257  ,  0.0000  , 100.0000 ,  0.0000  ,  0.0000  ,  0.0000  ,  0.0000  ,  0.0000  , 100.0000 ,  0.0000  ,  0.0000  ,  0.0000  ,  0.0000  
 17.5600  , -0.4442  ,  0.2384  , -0.1766  ,  1.5227  , -1.0662  ,  0.6084  ,  0.8423  ,  0.8200  ,  1.5563  , -1.3498  ,  0.0000  , 100.0000 ,  0.0000  ,  0.0000  ,  0.0000  ,  0.0000  ,  0.0000  , 100.0000 ,  0.0000  ,  0.0000  ,  0.0000  ,  0.0000  
 17.5800  , -0.4436  ,  0.2362  , -0.1751  ,  1.5194  , -1.0666  ,  0.5711  ,  0.8374  ,  0.8557  ,  1.5445  , -1.3626  ,  0.0000  , 100.0000 ,  0.0000  ,  0.0000  ,  0.0000  ,  0.0000  ,  0.0000  , 100.0000 ,  0.0000  ,  0.0000  ,  0.0000  ,  0.0000  
 17.6000  , -0.4427  ,  0.2285  , -0.1697  ,  1.5114  , -1.0700  ,  0.4418  ,  0.8035  ,  0.9438  ,  1.5469  , -1.3725  ,  0.0000  , 100.0000 ,  0.0000  ,  0.0000  ,  0.0000  ,  0.0000  ,  0.0000  , 100.0000 ,  0.0000  ,  0.0000  ,  0.0000  ,  0.0000  
 17.6200  , -0.4419  ,  0.2239  , -0.1667  ,  1.5081  , -1.0721  ,  0.3711  ,  0.7782  ,  0.9908  ,  1.5488  , -1.3734  ,  0.0000  , 100.0000 ,  0.0000  ,  0.0000  ,  0.0000  ,  0.0000  ,  0.0000  , 100.0000 ,  0.0000  ,  0.0000  ,  0.0000  ,  0.0000  
 17.6400  , -0.4414  ,  0.2211  , -0.1651  ,  1.5051  , -1.0726  ,  0.3366  ,  0.7649  ,  1.0171  ,  1.5190  , -1.3722  ,  0.0000  , 100.0000 ,  0.0000  ,  0.0000  ,  0.0000  ,  0.0000  ,  0.0000  , 100.0000 ,  0.0000  ,  0.0000  ,  0.0000  ,  0.0000  
 17.6600  , -0.4409  ,  0.2167  , -0.1623  ,  1.5015  , -1.0709  ,  0.2809  ,  0.7407  ,  1.0400  ,  1.5055  , -1.3989  ,  0.0000  , 100.0000 ,  0.0000  ,  0.0000  ,  0.0000  ,  0.0000  ,  0.0000  , 100.0000 ,  0.0000  ,  0.0000  ,  0.0000  ,  0.0000  
 17.6800  , -0.4407  ,  0.2146  , -0.1612  ,  1.4996  , -1.0690  ,  0.2605  ,  0.7316  ,  1.0511  ,  1.4664  , -1.3979  ,  0.0000  , 100.0000 ,  0.0000  ,  0.0000  ,  0.0000  ,  0.0000  ,  0.0000  , 100.0000 ,  0.0000  ,  0.0000  ,  0.0000  ,  0.0000  
 17.7000  , -0.4389  ,  0.2088  , -0.1563  ,  1.4890  , -1.0721  ,  0.1834  ,  0.6857  ,  1.0645  ,  1.4394  , -1.4400  ,  0.0000  , 100.0000 ,  0.0000  ,  0.0000  ,  0.0000  ,  0.0000  ,  0.0000  , 100.0000 ,  0.0000  ,  0.0000  ,  0.0000  ,  0.0000  
 17.7200  , -0.4377  ,  0.2065  , -0.1554  ,  1.4869  , -1.0741  ,  0.1438  ,  0.6573  ,  1.0626  ,  1.4256  , -1.4619  ,  0.0000  , 100.0000 ,  0.0000  ,  0.0000  ,  0.0000  ,  0.0000  ,  0.0000  , 100.0000 ,  0.0000  ,  0.0000  ,  0.0000  ,  0.0000  
 17.7400  , -0.4368  ,  0.2048  , -0.1550  ,  1.4853  , -1.0782  ,  0.1220  ,  0.6413  ,  1.0539  ,  1.3979  , -1.4885  ,  0.0000  , 100.0000 ,  0.0000  ,  0.0000  ,  0.0000  ,  0.0000  ,  0.0000  , 100.0000 ,  0.0000  ,  0.0000  ,  0.0000  ,  0.0000  
 17.7600  , -0.4338  ,  0.2024  , -0.1529  ,  1.4796  , -1.0768  ,  0.0707  ,  0.5980  ,  1.0298  ,  1.3380  , -1.4773  ,  0.0000  , 100.0000 ,  0.0000  ,  0.0000  ,  0.0000  ,  0.0000  ,  0.0000  , 100.0000 ,  0.0000  ,  0.0000  ,  0.0000  ,  0.0000  
 17.7800  , -0.4295  ,  0.2015  , -0.1535  ,  1.4747  , -1.0737  ,  0.0311  ,  0.5637  ,  0.9991  ,  1.3186  , -1.4735  ,  0.0000  , 100.0000 ,  0.0000  ,  0.0000  ,  0.0000  ,  0.0000  ,  0.0000  , 100.0000 ,  0.0000  ,  0.0000  ,  0.0000  ,  0.0000  
 17.8000  , -0.4281  ,  0.2012  , -0.1538  ,  1.4732  , -1.0730  ,  0.0203  ,  0.5543  ,  0.9835  ,  1.3040  , -1.4659  ,  0.0000  , 100.0000 ,  0.0000  ,  0.0000  ,  0.0000  ,  0.0000  ,  0.0000  , 100.0000 ,  0.0000  ,  0.0000  ,  0.0000  ,  0.0000  
 17.8200  , -0.4257  ,  0.2014  , -0.1545  ,  1.4708  , -1.0733  , -0.0024  ,  0.5317  ,  0.9522  ,  1.2807  , -1.4550  ,  0.0000  , 100.0000 ,  0.0000  ,  0.0000  ,  0.0000  ,  0.0000  ,  0.0000  , 100.0000 ,  0.0000  ,  0.0000  ,  0.0000  ,  0.0000  
 17.8400  , -0.4203  ,  0.2043  , -0.1583  ,  1.4693  , -1.0750  , -0.0521  ,  0.4783  ,  0.8748  ,  1.2328  , -1.4565  ,  0.0000  , 100.0000 ,  0.0000  ,  0.0000  ,  0.0000  ,  0.0000  ,  0.0000  , 100.0000 ,  0.0000  ,  0.0000  ,  0.0000  ,  0.0000  
 17.8600  , -0.4192  ,  0.2058  , -0.1595  ,  1.4690  , -1.0822  , -0.0641  ,  0.4646  ,  0.8518  ,  1.2239  , -1.4667  ,  0.0000  , 100.0000 ,  0.0000  ,  0.0000  ,  0.0000  ,  0.0000  ,  0.0000  , 100.0000 ,  0.0000  ,  0.0000  ,  0.0000  ,  0.0000  
 17.8800  , -0.4174  ,  0.2088  , -0.1621  ,  1.4688  , -1.0918  , -0.0812  ,  0.4444  ,  0.8073  ,  1.2027  , -1.4391  ,  0.0000  , 100.0000 ,  0.0000  ,  0.0000  ,  0.0000  ,  0.0000  ,  0.0000  , 100.0000 ,  0.0000  ,  0.0000  ,  0.0000  ,  0.0000  
 17.9000  , -0.4159  ,  0.2128  , -0.1654  ,  1.4621  , -1.0918  , -0.0970  ,  0.4248  ,  0.7736  ,  1.1957  , -1.4391  ,  0.0000  , 100.0000 ,  0.0000  ,  0.0000  ,  0.0000  ,  0.0000  ,  0.0000  , 100.0000 ,  0.0000  ,  0.0000  ,  0.0000  ,  0.0000  
 17.9200  , -0.4131  ,  0.2185  , -0.1709  ,  1.4605  , -1.0914  , -0.1169  ,  0.3947  ,  0.7233  ,  1.1848  , -1.3549  ,  0.0000  , 100.0000 ,  0.0000  ,  0.0000  ,  0.0000  ,  0.0000  ,  0.0000  , 100.0000 ,  0.0000  ,  0.0000  ,  0.0000  ,  0.0000  
 17.9400  , -0.4110  ,  0.2223  , -0.1742  ,  1.4592  , -1.0878  , -0.1275  ,  0.3774  ,  0.6623  ,  1.1569  , -1.3366  ,  0.0000  , 100.0000 ,  0.0000  ,  0.0000  ,  0.0000  ,  0.0000  ,  0.0000  , 100.0000 ,  0.0000  ,  0.0000  ,  0.0000  ,  0.0000  
 17.9600  , -0.4004  ,  0.2313  , -0.1862  ,  1.4481  , -1.0852  , -0.1513  ,  0.3406  ,  0.5775  ,  1.1566  , -1.3439  ,  0.0000  , 100.0000 ,  0.0000  ,  0.0000  ,  0.0000  ,  0.0000  ,  0.0000  , 100.0000 ,  0.0000  ,  0.0000  ,  0.0000  ,  0.0000  
 17.9800  , -0.3941  ,  0.2341  , -0.1919  ,  1.4415  , -1.0848  , -0.1571  ,  0.3301  ,  0.5465  ,  1.1512  , -1.3372  ,  0.0000  , 100.0000 ,  0.0000  ,  0.0000  ,  0.0000  ,  0.0000  ,  0.0000  , 100.0000 ,  0.0000  ,  0.0000  ,  0.0000  ,  0.0000  
 18.0000  , -0.3871  ,  0.2371  , -0.1989  ,  1.4335  , -1.0903  , -0.1628  ,  0.3199  ,  0.4870  ,  1.1339  , -1.2612  ,  0.0000  , 100.0000 ,  0.0000  ,  0.0000  ,  0.0000  ,  0.0000  ,  0.0000  , 100.0000 ,  0.0000  ,  0.0000  ,  0.0000  ,  0.0000  
 18.0200  , -0.3834  ,  0.2385  , -0.2028  ,  1.4290  , -1.0949  , -0.1705  ,  0.3114  ,  0.4606  ,  1.1354  , -1.2382  ,  0.0000  , 100.0000 ,  0.0000  ,  0.0000  ,  0.0000  ,  0.0000  ,  0.0000  , 100.0000 ,  0.0000  ,  0.0000  ,  0.0000  ,  0.0000  
 18.0400  , -0.3732  ,  0.2412  , -0.2141  ,  1.4119  , -1.0967  , -0.1895  ,  0.2914  ,  0.3614  ,  1.1562  , -1.2356  ,  0.0000  , 100.0000 ,  0.0000  ,  0.0000  ,  0.0000  ,  0.0000  ,  0.0000  , 100.0000 ,  0.0000  ,  0.0000  ,  0.0000  ,  0.0000  
 18.0600  , -0.3687  ,  0.2414  , -0.2193  ,  1.4049  , -1.0900  , -0.1980  ,  0.2834  ,  0.3136  ,  1.1570  , -1.2388  ,  0.0000  , 100.0000 ,  0.0000  ,  0.0000  ,  0.0000  ,  0.0000  ,  0.0000  , 100.0000 ,  0.0000  ,  0.0000  ,  0.0000  ,  0.0000  
 18.0800  , -0.3648  ,  0.2421  , -0.2247  ,  1.3988  , -1.0861  , -0.2061  ,  0.2770  ,  0.2794  ,  1.1627  , -1.2171  ,  0.0000  , 100.0000 ,  0.0000  ,  0.0000  ,  0.0000  ,  0.0000  ,  0.0000  , 100.0000 ,  0.0000  ,  0.0000  ,  0.0000  ,  0.0000  
 18.1000  , -0.3586  ,  0.2422  , -0.2337  ,  1.3884  , -1.0846  , -0.2159  ,  0.2687  ,  0.2149  ,  1.1612  , -1.1859  ,  0.0000  , 100.0000 ,  0.0000  ,  0.0000  ,  0.0000  ,  0.0000  ,  0.0000  , 100.0000 ,  0.0000  ,  0.0000  ,  0.0000  ,  0.0000  
 18.1200  , -0.3546  ,  0.2407  , -0.2365  ,  1.3822  , -1.0966  , -0.2200  ,  0.2642  ,  0.1824  ,  1.1650  , -1.1183  ,  0.0000  , 100.0000 ,  0.0000  ,  0.0000  ,  0.0000  ,  0.0000  ,  0.0000  , 100.0000 ,  0.0000  ,  0.0000  ,  0.0000  ,  0.0000  
 18.1400  , -0.3504  ,  0.2390  , -0.2399  ,  1.3751  , -1.1202  , -0.2223  ,  0.2595  ,  0.1411  ,  1.1676  , -1.1128  ,  0.0000  , 100.0000 ,  0.0000  ,  0.0000  ,  0.0000  ,  0.0000  ,  0.0000  , 100.0000 ,  0.0000  ,  0.0000  ,  0.0000  ,  0.0000  
 18.1600  , -0.3448  ,  0.2368  , -0.2440  ,  1.3629  , -1.1373  , -0.2229  ,  0.2530  ,  0.0935  ,  1.1836  , -1.1273  ,  0.0000  , 100.0000 ,  0.0000  ,  0.0000  ,  0.0000  ,  0.0000  ,  0.0000  , 100.0000 ,  0.0000  ,  0.0000  ,  0.0000  ,  0.0000  
 18.1800  , -0.3353  ,  0.2322  , -0.2479  ,  1.3518  , -1.1542  , -0.2218  ,  0.2465  ,  0.0395  ,  1.1909  , -1.1306  ,  0.0000  , 100.0000 ,  0.0000  ,  0.0000  ,  0.0000  ,  0.0000  ,  0.0000  , 100.0000 ,  0.0000  ,  0.0000  ,  0.0000  ,  0.0000  
 18.2000  , -0.3266  ,  0.2285  , -0.2507  ,  1.3434  , -1.1627  , -0.2226  ,  0.2421  ,  0.0082  ,  1.2001  , -1.1212  ,  0.0000  , 100.0000 ,  0.0000  ,  0.0000  ,  0.0000  ,  0.0000  ,  0.0000  , 100.0000 ,  0.0000  ,  0.0000  ,  0.0000  ,  0.0000  
 18.2200  , -0.3190  ,  0.2254  , -0.2541  ,  1.3323  , -1.1700  , -0.2236  ,  0.2388  , -0.0159  ,  1.2155  , -1.1018  ,  0.0000  , 100.0000 ,  0.0000  ,  0.0000  ,  0.0000  ,  0.0000  ,  0.0000  , 100.0000 ,  0.0000  ,  0.0000  ,  0.0000  ,  0.0000  
 18.2400  , -0.3129  ,  0.2229  , -0.2558  ,  1.3289  , -1.2108  , -0.2242  ,  0.2362  , -0.0472  ,  1.2288  , -1.0663  ,  0.0000  , 100.0000 ,  0.0000  ,  0.0000  ,  0.0000  ,  0.0000  ,  0.0000  , 100.0000 ,  0.0000  ,  0.0000  ,  0.0000  ,  0.0000  
 18.2600  , -0.2918  ,  0.2109  , -0.2528  ,  1.3168  , -1.3125  , -0.2191  ,  0.2306  , -0.0933  ,  1.2514  , -1.0946  ,  0.0000  , 100.0000 ,  0.0000  ,  0.0000  ,  0.0000  ,  0.0000  ,  0.0000  , 100.0000 ,  0.0000  ,  0.0000  ,  0.0000  ,  0.0000  
 18.2800  , -0.2798  ,  0.2064  , -0.2525  ,  1.3090  , -1.3431  , -0.2120  ,  0.2299  , -0.1102  ,  1.2545  , -1.0977  ,  0.0000  , 100.0000 ,  0.0000  ,  0.0000  ,  0.0000  ,  0.0000  ,  0.0000  , 100.0000 ,  0.0000  ,  0.0000  ,  0.0000  ,  0.0000  
 18.3000  , -0.2637  ,  0.2001  , -0.2503  ,  1.3072  , -1.3797  , -0.2025  ,  0.2290  , -0.1349  ,  1.2745  , -1.0847  ,  0.0000  , 100.0000 ,  0.0000  ,  0.0000  ,  0.0000  ,  0.0000  ,  0.0000  , 100.0000 ,  0.0000  ,  0.0000  ,  0.0000  ,  0.0000  
 18.3200  , -0.2338  ,  0.1915  , -0.2457  ,  1.3039  , -1.3792  , -0.1843  ,  0.2273  , -0.1737  ,  1.3022  , -1.0739  ,  0.0000  , 100.0000 ,  0.0000  ,  0.0000  ,  0.0000  ,  0.0000  ,  0.0000  , 100.0000 ,  0.0000  ,  0.0000  ,  0.0000  ,  0.0000  
 18.3400  , -0.2106  ,  0.1862  , -0.2417  ,  1.3058  , -1.3947  , -0.1684  ,  0.2256  , -0.1963  ,  1.3258  , -1.0883  ,  0.0000  , 100.0000 ,  0.0000  ,  0.0000  ,  0.0000  ,  0.0000  ,  0.0000  , 100.0000 ,  0.0000  ,  0.0000  ,  0.0000  ,  0.0000  
 18.3600  , -0.1964  ,  0.1833  , -0.2400  ,  1.3002  , -1.4065  , -0.1574  ,  0.2242  , -0.2025  ,  1.3321  , -1.1025  ,  0.0000  , 100.0000 ,  0.0000  ,  0.0000  ,  0.0000  ,  0.0000  ,  0.0000  , 100.0000 ,  0.0000  ,  0.0000  ,  0.0000  ,  0.0000  
 18.3800  , -0.1505  ,  0.1780  , -0.2352  ,  1.3053  , -1.4583  , -0.1187  ,  0.2213  , -0.2274  ,  1.3675  , -1.1239  ,  0.0000  , 100.0000 ,  0.0000  ,  0.0000  ,  0.0000  ,  0.0000  ,  0.0000  , 100.0000 ,  0.0000  ,  0.0000  ,  0.0000  ,  0.0000  
 18.4000  , -0.1259  ,  0.1761  , -0.2342  ,  1.3044  , -1.4733  , -0.0962  ,  0.2198  , -0.2367  ,  1.3773  , -1.1174  ,  0.0000  , 100.0000 ,  0.0000  ,  0.0000  ,  0.0000  ,  0.0000  ,  0.0000  , 100.0000 ,  0.0000  ,  0.0000  ,  0.0000  ,  0.0000  
 18.4200  , -0.1028  ,  0.1746  , -0.2306  ,  1.3072  , -1.4989  , -0.0738  ,  0.2181  , -0.2405  ,  1.3849  , -1.1062  ,  0.0000  , 100.0000 ,  0.0000  ,  0.0000  ,  0.0000  ,  0.0000  ,  0.0000  , 100.0000 ,  0.0000  ,  0.0000  ,  0.0000  ,  0.0000  
 18.4400  , -0.0712  ,  0.1729  , -0.2276  ,  1.3099  , -1.5003  , -0.0426  ,  0.2154  , -0.2479  ,  1.4034  , -1.1019  ,  0.0000  , 100.0000 ,  0.0000  ,  0.0000  ,  0.0000  ,  0.0000  ,  0.0000  , 100.0000 ,  0.0000  ,  0.0000  ,  0.0000  ,  0.0000  
 18.4600  , -0.0211  ,  0.1707  , -0.2159  ,  1.3309  , -1.4979  ,  0.0084  ,  0.2097  , -0.2535  ,  1.4343  , -1.1221  ,  0.0000  , 100.0000 ,  0.0000  ,  0.0000  ,  0.0000  ,  0.0000  ,  0.0000  , 100.0000 ,  0.0000  ,  0.0000  ,  0.0000  ,  0.0000  
 18.4800  ,  0.0231  ,  0.1706  , -0.2213  ,  1.3081  , -1.5017  ,  0.0530  ,  0.2063  , -0.2603  ,  1.4267  , -1.1354  ,  0.0000  , 100.0000 ,  0.0000  ,  0.0000  ,  0.0000  ,  0.0000  ,  0.0000  , 100.0000 ,  0.0000  ,  0.0000  ,  0.0000  ,  0.0000  
 18.5000  ,  0.0507  ,  0.1698  , -0.2181  ,  1.3103  , -1.5218  ,  0.0810  ,  0.2031  , -0.2627  ,  1.4288  , -1.1505  ,  0.0000  , 100.0000 ,  0.0000  ,  0.0000  ,  0.0000  ,  0.0000  ,  0.0000  , 100.0000 ,  0.0000  ,  0.0000  ,  0.0000  ,  0.0000  
 18.5200  ,  0.1244  ,  0.1693  , -0.2184  ,  1.2941  , -1.5336  ,  0.1562  ,  0.1988  , -0.2743  ,  1.4235  , -1.1581  ,  0.0000  , 100.0000 ,  0.0000  ,  0.0000  ,  0.0000  ,  0.0000  ,  0.0000  , 100.0000 ,  0.0000  ,  0.0000  ,  0.0000  ,  0.0000  
 18.5400  ,  0.1669  ,  0.1722  , -0.2149  ,  1.3010  , -1.5365  ,  0.2012  ,  0.2002  , -0.2820  ,  1.4283  , -1.1578  ,  0.0000  , 100.0000 ,  0.0000  ,  0.0000  ,  0.0000  ,  0.0000  ,  0.0000  , 100.0000 ,  0.0000  ,  0.0000  ,  0.0000  ,  0.0000  
 18.5600  ,  0.2056  ,  0.1750  , -0.2168  ,  1.2937  , -1.5787  ,  0.2429  ,  0.2016  , -0.2879  ,  1.4177  , -1.1853  ,  0.0000  , 100.0000 ,  0.0000  ,  0.0000  ,  0.0000  ,  0.0000  ,  0.0000  , 100.0000 ,  0.0000  ,  0.0000  ,  0.0000  ,  0.0000  
 18.5800  ,  0.2312  ,  0.1774  , -0.2189  ,  1.2892  , -1.5915  ,  0.2681  ,  0.2029  , -0.2936  ,  1.4162  , -1.2011  ,  0.0000  , 100.0000 ,  0.0000  ,  0.0000  ,  0.0000  ,  0.0000  ,  0.0000  , 100.0000 ,  0.0000  ,  0.0000  ,  0.0000  ,  0.0000  
 18.6000  ,  0.3275  ,  0.1893  , -0.2299  ,  1.2701  , -1.5877  ,  0.3657  ,  0.2069  , -0.3147  ,  1.4047  , -1.2143  ,  0.0000  , 100.0000 ,  0.0000  ,  0.0000  ,  0.0000  ,  0.0000  ,  0.0000  , 100.0000 ,  0.0000  ,  0.0000  ,  0.0000  ,  0.0000  
 18.6200  ,  0.3481  ,  0.1929  , -0.2310  ,  1.2669  , -1.5895  ,  0.3880  ,  0.2077  , -0.3197  ,  1.4009  , -1.2335  ,  0.0000  , 100.0000 ,  0.0000  ,  0.0000  ,  0.0000  ,  0.0000  ,  0.0000  , 100.0000 ,  0.0000  ,  0.0000  ,  0.0000  ,  0.0000  
 18.6400  ,  0.3853  ,  0.1994  , -0.2314  ,  1.2705  , -1.6080  ,  0.4287  ,  0.2086  , -0.3261  ,  1.3980  , -1.2568  ,  0.0000  , 100.0000 ,  0.0000  ,  0.0000  ,  0.0000  ,  0.0000  ,  0.0000  , 100.0000 ,  0.0000  ,  0.0000  ,  0.0000  ,  0.0000  
 18.6600  ,  0.4216  ,  0.2056  , -0.2308  ,  1.2742  , -1.6227  ,  0.4688  ,  0.2089  , -0.3304  ,  1.4000  , -1.2659  ,  0.0000  , 100.0000 ,  0.0000  ,  0.0000  ,  0.0000  ,  0.0000  ,  0.0000  , 100.0000 ,  0.0000  ,  0.0000  ,  0.0000  ,  0.0000  
 18.6800  ,  0.4642  ,  0.2198  , -0.2315  ,  1.2840  , -1.6414  ,  0.5191  ,  0.2099  , -0.3363  ,  1.3996  , -1.2769  ,  0.0000  , 100.0000 ,  0.0000  ,  0.0000  ,  0.0000  ,  0.0000  ,  0.0000  , 100.0000 ,  0.0000  ,  0.0000  ,  0.0000  ,  0.0000  
 18.7000  ,  0.5011  ,  0.2363  , -0.2459  ,  1.2820  , -1.6626  ,  0.5630  ,  0.2107  , -0.3395  ,  1.4021  , -1.2951  ,  0.0000  , 100.0000 ,  0.0000  ,  0.0000  ,  0.0000  ,  0.0000  ,  0.0000  , 100.0000 ,  0.0000  ,  0.0000  ,  0.0000  ,  0.0000  
 18.7200  ,  0.5292  ,  0.2492  , -0.2465  ,  1.2988  , -1.6557  ,  0.5953  ,  0.2104  , -0.3384  ,  1.4080  , -1.2991  ,  0.0000  , 100.0000 ,  0.0000  ,  0.0000  ,  0.0000  ,  0.0000  ,  0.0000  , 100.0000 ,  0.0000  ,  0.0000  ,  0.0000  ,  0.0000  
 18.7400  ,  0.5463  ,  0.2573  , -0.2467  ,  1.3099  , -1.6135  ,  0.6152  ,  0.2096  , -0.3338  ,  1.4185  , -1.2898  ,  0.0000  , 100.0000 ,  0.0000  ,  0.0000  ,  0.0000  ,  0.0000  ,  0.0000  , 100.0000 ,  0.0000  ,  0.0000  ,  0.0000  ,  0.0000  
 18.7600  ,  0.5792  ,  0.2742  , -0.2462  ,  1.3280  , -1.5919  ,  0.6545  ,  0.2061  , -0.3228  ,  1.4355  , -1.2860  ,  0.0000  , 100.0000 ,  0.0000  ,  0.0000  ,  0.0000  ,  0.0000  ,  0.0000  , 100.0000 ,  0.0000  ,  0.0000  ,  0.0000  ,  0.0000  
 18.7800  ,  0.6044  ,  0.2881  , -0.2554  ,  1.3333  , -1.5885  ,  0.6825  ,  0.2048  , -0.3176  ,  1.4475  , -1.2835  ,  0.0000  , 100.0000 ,  0.0000  ,  0.0000  ,  0.0000  ,  0.0000  ,  0.0000  , 100.0000 ,  0.0000  ,  0.0000  ,  0.0000  ,  0.0000  
 18.8000  ,  0.6125  ,  0.2926  , -0.2497  ,  1.3493  , -1.5614  ,  0.6915  ,  0.2041  , -0.3112  ,  1.4615  , -1.2771  ,  0.0000  , 100.0000 ,  0.0000  ,  0.0000  ,  0.0000  ,  0.0000  ,  0.0000  , 100.0000 ,  0.0000  ,  0.0000  ,  0.0000  ,  0.0000  
 18.8200  ,  0.6401  ,  0.3101  , -0.2516  ,  1.3713  , -1.5185  ,  0.7259  ,  0.2018  , -0.3022  ,  1.4820  , -1.2647  ,  0.0000  , 100.0000 ,  0.0000  ,  0.0000  ,  0.0000  ,  0.0000  ,  0.0000  , 100.0000 ,  0.0000  ,  0.0000  ,  0.0000  ,  0.0000  
 18.8400  ,  0.6514  ,  0.3176  , -0.2518  ,  1.3838  , -1.4889  ,  0.7403  ,  0.2007  , -0.2968  ,  1.4943  , -1.2549  ,  0.0000  , 100.0000 ,  0.0000  ,  0.0000  ,  0.0000  ,  0.0000  ,  0.0000  , 100.0000 ,  0.0000  ,  0.0000  ,  0.0000  ,  0.0000  
 18.8600  ,  0.6803  ,  0.3315  , -0.2491  ,  1.4147  , -1.4122  ,  0.7773  ,  0.1976  , -0.2860  ,  1.5213  , -1.2294  ,  0.0000  , 100.0000 ,  0.0000  ,  0.0000  ,  0.0000  ,  0.0000  ,  0.0000  , 100.0000 ,  0.0000  ,  0.0000  ,  0.0000  ,  0.0000  
 18.8800  ,  0.6946  ,  0.3413  , -0.2479  ,  1.4363  , -1.4122  ,  0.8057  ,  0.1964  , -0.2817  ,  1.5412  , -1.2294  ,  0.0000  , 100.0000 ,  0.0000  ,  0.0000  ,  0.0000  ,  0.0000  ,  0.0000  , 100.0000 ,  0.0000  ,  0.0000  ,  0.0000  ,  0.0000  
 18.9000  ,  0.7064  ,  0.3507  , -0.2306  ,  1.4825  , -1.3404  ,  0.8315  ,  0.1964  , -0.2732  ,  1.5760  , -1.1961  ,  0.0000  , 100.0000 ,  0.0000  ,  0.0000  ,  0.0000  ,  0.0000  ,  0.0000  , 100.0000 ,  0.0000  ,  0.0000  ,  0.0000  ,  0.0000  
 18.9200  ,  0.7094  ,  0.3534  , -0.2273  ,  1.4955  , -1.2784  ,  0.8386  ,  0.1968  , -0.2695  ,  1.5921  , -1.1706  ,  0.0000  , 100.0000 ,  0.0000  ,  0.0000  ,  0.0000  ,  0.0000  ,  0.0000  , 100.0000 ,  0.0000  ,  0.0000  ,  0.0000  ,  0.0000  
 18.9400  ,  0.7124  ,  0.3566  , -0.2190  ,  1.5207  , -1.2421  ,  0.8461  ,  0.1973  , -0.2633  ,  1.6169  , -1.1592  ,  0.0000  , 100.0000 ,  0.0000  ,  0.0000  ,  0.0000  ,  0.0000  ,  0.0000  , 100.0000 ,  0.0000  ,  0.0000  ,  0.0000  ,  0.0000  
 18.9600  ,  0.7135  ,  0.3643  , -0.2056  ,  1.5659  , -1.1753  ,  0.8563  ,  0.2005  , -0.2569  ,  1.6608  , -1.1397  ,  0.0000  , 100.0000 ,  0.0000  ,  0.0000  ,  0.0000  ,  0.0000  ,  0.0000  , 100.0000 ,  0.0000  ,  0.0000  ,  0.0000  ,  0.0000  
 18.9800  ,  0.7109  ,  0.3727  , -0.1868  ,  1.6317  , -1.1464  ,  0.8623  ,  0.2042  , -0.2438  ,  1.7256  , -1.1276  ,  0.0000  , 100.0000 ,  0.0000  ,  0.0000  ,  0.0000  ,  0.0000  ,  0.0000  , 100.0000 ,  0.0000  ,  0.0000  ,  0.0000  ,  0.0000  
 19.0000  ,  0.7036  ,  0.3738  , -0.1726  ,  1.6690  , -1.0903  ,  0.8570  ,  0.2033  , -0.2339  ,  1.7605  , -1.0969  ,  0.0000  , 100.0000 ,  0.0000  ,  0.0000  ,  0.0000  ,  0.0000  ,  0.0000  , 100.0000 ,  0.0000  ,  0.0000  ,  0.0000  ,  0.0000  
 19.0200  ,  0.6992  ,  0.3734  , -0.1629  ,  1.6870  , -1.0048  ,  0.8529  ,  0.2021  , -0.2289  ,  1.7804  , -1.0409  ,  0.0000  , 100.0000 ,  0.0000  ,  0.0000  ,  0.0000  ,  0.0000  ,  0.0000  , 100.0000 ,  0.0000  ,  0.0000  ,  0.0000  ,  0.0000  
 19.0400  ,  0.6927  ,  0.3730  , -0.1496  ,  1.7257  , -1.0121  ,  0.8472  ,  0.2004  , -0.2189  ,  1.8204  , -1.0445  ,  0.0000  , 100.0000 ,  0.0000  ,  0.0000  ,  0.0000  ,  0.0000  ,  0.0000  , 100.0000 ,  0.0000  ,  0.0000  ,  0.0000  ,  0.0000  
 19.0600  ,  0.6865  ,  0.3730  , -0.1411  ,  1.7526  , -0.9193  ,  0.8416  ,  0.1976  , -0.2112  ,  1.8483  , -1.0000  ,  0.0000  , 100.0000 ,  0.0000  ,  0.0000  ,  0.0000  ,  0.0000  ,  0.0000  , 100.0000 ,  0.0000  ,  0.0000  ,  0.0000  ,  0.0000  
 19.0800  ,  0.6780  ,  0.3719  , -0.1290  ,  1.7940  , -0.9071  ,  0.8322  ,  0.1918  , -0.1997  ,  1.8945  , -0.9991  ,  0.0000  , 100.0000 ,  0.0000  ,  0.0000  ,  0.0000  ,  0.0000  ,  0.0000  , 100.0000 ,  0.0000  ,  0.0000  ,  0.0000  ,  0.0000  
 19.1000  ,  0.6735  ,  0.3700  , -0.1209  ,  1.8345  , -0.8516  ,  0.8248  ,  0.1861  , -0.1938  ,  1.9342  , -0.9892  ,  0.0000  , 100.0000 ,  0.0000  ,  0.0000  ,  0.0000  ,  0.0000  ,  0.0000  , 100.0000 ,  0.0000  ,  0.0000  ,  0.0000  ,  0.0000  
 19.1200  ,  0.6677  ,  0.3676  , -0.1161  ,  1.8671  , -0.8191  ,  0.8124  ,  0.1778  , -0.1879  ,  1.9672  , -0.9867  ,  0.0000  , 100.0000 ,  0.0000  ,  0.0000  ,  0.0000  ,  0.0000  ,  0.0000  , 100.0000 ,  0.0000  ,  0.0000  ,  0.0000  ,  0.0000  
 19.1400  ,  0.6590  ,  0.3641  , -0.1120  ,  1.8966  , -0.8116  ,  0.7975  ,  0.1708  , -0.1893  ,  2.0038  , -0.9925  ,  0.0000  , 100.0000 ,  0.0000  ,  0.0000  ,  0.0000  ,  0.0000  ,  0.0000  , 100.0000 ,  0.0000  ,  0.0000  ,  0.0000  ,  0.0000  
 19.1600  ,  0.6512  ,  0.3609  , -0.1110  ,  1.9184  , -0.8016  ,  0.7857  ,  0.1676  , -0.1913  ,  2.0256  , -1.0161  ,  0.0000  , 100.0000 ,  0.0000  ,  0.0000  ,  0.0000  ,  0.0000  ,  0.0000  , 100.0000 ,  0.0000  ,  0.0000  ,  0.0000  ,  0.0000  
 19.1800  ,  0.6432  ,  0.3577  , -0.1103  ,  1.9349  , -0.8061  ,  0.7748  ,  0.1663  , -0.1940  ,  2.0414  , -1.0203  ,  0.0000  , 100.0000 ,  0.0000  ,  0.0000  ,  0.0000  ,  0.0000  ,  0.0000  , 100.0000 ,  0.0000  ,  0.0000  ,  0.0000  ,  0.0000  
 19.2000  ,  0.6241  ,  0.3519  , -0.1126  ,  1.9669  , -0.8228  ,  0.7510  ,  0.1647  , -0.2010  ,  2.0700  , -1.0329  ,  0.0000  , 100.0000 ,  0.0000  ,  0.0000  ,  0.0000  ,  0.0000  ,  0.0000  , 100.0000 ,  0.0000  ,  0.0000  ,  0.0000  ,  0.0000  
 19.2200  ,  0.6161  ,  0.3497  , -0.1129  ,  1.9701  , -0.8518  ,  0.7415  ,  0.1643  , -0.2054  ,  2.0771  , -1.0434  ,  0.0000  , 100.0000 ,  0.0000  ,  0.0000  ,  0.0000  ,  0.0000  ,  0.0000  , 100.0000 ,  0.0000  ,  0.0000  ,  0.0000  ,  0.0000  
 19.2400  ,  0.5992  ,  0.3444  , -0.1135  ,  1.9870  , -0.8518  ,  0.7205  ,  0.1637  , -0.2111  ,  2.0943  , -1.0434  ,  0.0000  , 100.0000 ,  0.0000  ,  0.0000  ,  0.0000  ,  0.0000  ,  0.0000  , 100.0000 ,  0.0000  ,  0.0000  ,  0.0000  ,  0.0000  
 19.2600  ,  0.5869  ,  0.3402  , -0.1154  ,  1.9982  , -0.9234  ,  0.7050  ,  0.1633  , -0.2176  ,  2.1067  , -1.0841  ,  0.0000  , 100.0000 ,  0.0000  ,  0.0000  ,  0.0000  ,  0.0000  ,  0.0000  , 100.0000 ,  0.0000  ,  0.0000  ,  0.0000  ,  0.0000  
 19.2800  ,  0.5516  ,  0.3284  , -0.1196  ,  2.0318  , -0.9823  ,  0.6664  ,  0.1647  , -0.2236  ,  2.1260  , -1.1033  ,  0.0000  , 100.0000 ,  0.0000  ,  0.0000  ,  0.0000  ,  0.0000  ,  0.0000  , 100.0000 ,  0.0000  ,  0.0000  ,  0.0000  ,  0.0000  
 19.3000  ,  0.5292  ,  0.3212  , -0.1223  ,  2.0427  , -0.9823  ,  0.6440  ,  0.1667  , -0.2323  ,  2.1360  , -1.1033  ,  0.0000  , 100.0000 ,  0.0000  ,  0.0000  ,  0.0000  ,  0.0000  ,  0.0000  , 100.0000 ,  0.0000  ,  0.0000  ,  0.0000  ,  0.0000  
 19.3200  ,  0.5068  ,  0.3148  , -0.1225  ,  2.0510  , -1.0334  ,  0.6234  ,  0.1698  , -0.2417  ,  2.1430  , -1.0997  ,  0.0000  , 100.0000 ,  0.0000  ,  0.0000  ,  0.0000  ,  0.0000  ,  0.0000  , 100.0000 ,  0.0000  ,  0.0000  ,  0.0000  ,  0.0000  
 19.3400  ,  0.4904  ,  0.3099  , -0.1330  ,  2.0540  , -1.0400  ,  0.6083  ,  0.1719  , -0.2548  ,  2.1463  , -1.0979  ,  0.0000  , 100.0000 ,  0.0000  ,  0.0000  ,  0.0000  ,  0.0000  ,  0.0000  , 100.0000 ,  0.0000  ,  0.0000  ,  0.0000  ,  0.0000  
 19.3600  ,  0.4562  ,  0.2963  , -0.1289  ,  2.0569  , -1.0547  ,  0.5752  ,  0.1743  , -0.2614  ,  2.1526  , -1.0964  ,  0.0000  , 100.0000 ,  0.0000  ,  0.0000  ,  0.0000  ,  0.0000  ,  0.0000  , 100.0000 ,  0.0000  ,  0.0000  ,  0.0000  ,  0.0000  
 19.3800  ,  0.4130  ,  0.2850  , -0.1348  ,  2.0607  , -1.0578  ,  0.5381  ,  0.1774  , -0.2755  ,  2.1549  , -1.0954  ,  0.0000  , 100.0000 ,  0.0000  ,  0.0000  ,  0.0000  ,  0.0000  ,  0.0000  , 100.0000 ,  0.0000  ,  0.0000  ,  0.0000  ,  0.0000  
 19.4000  ,  0.3952  ,  0.2803  , -0.1475  ,  2.0558  , -1.0691  ,  0.5229  ,  0.1785  , -0.2929  ,  2.1486  , -1.0949  ,  0.0000  , 100.0000 ,  0.0000  ,  0.0000  ,  0.0000  ,  0.0000  ,  0.0000  , 100.0000 ,  0.0000  ,  0.0000  ,  0.0000  ,  0.0000  
 19.4200  ,  0.3593  ,  0.2712  , -0.1399  ,  2.0538  , -1.0858  ,  0.4933  ,  0.1860  , -0.3022  ,  2.1482  , -1.0946  ,  0.0000  , 100.0000 ,  0.0000  ,  0.0000  ,  0.0000  ,  0.0000  ,  0.0000  , 100.0000 ,  0.0000  ,  0.0000  ,  0.0000  ,  0.0000  
 19.4400  ,  0.3296  ,  0.2682  , -0.1426  ,  2.0529  , -1.1417  ,  0.4685  ,  0.1923  , -0.3113  ,  2.1461  , -1.0764  ,  0.0000  , 100.0000 ,  0.0000  ,  0.0000  ,  0.0000  ,  0.0000  ,  0.0000  , 100.0000 ,  0.0000  ,  0.0000  ,  0.0000  ,  0.0000  
 19.4600  ,  0.2780  ,  0.2642  , -0.1555  ,  2.0396  , -1.1377  ,  0.4242  ,  0.2021  , -0.3418  ,  2.1272  , -1.0576  ,  0.0000  , 100.0000 ,  0.0000  ,  0.0000  ,  0.0000  ,  0.0000  ,  0.0000  , 100.0000 ,  0.0000  ,  0.0000  ,  0.0000  ,  0.0000  
 19.4800  ,  0.2491  ,  0.2626  , -0.1636  ,  2.0466  , -1.1211  ,  0.3985  ,  0.2070  , -0.3484  ,  2.1237  , -1.0064  ,  0.0000  , 100.0000 ,  0.0000  ,  0.0000  ,  0.0000  ,  0.0000  ,  0.0000  , 100.0000 ,  0.0000  ,  0.0000  ,  0.0000  ,  0.0000  
 19.5000  ,  0.2252  ,  0.2615  , -0.1650  ,  2.0443  , -1.1185  ,  0.3781  ,  0.2105  , -0.3585  ,  2.1148  , -1.0020  ,  0.0000  , 100.0000 ,  0.0000  ,  0.0000  ,  0.0000  ,  0.0000  ,  0.0000  , 100.0000 ,  0.0000  ,  0.0000  ,  0.0000  ,  0.0000  
