  6.5000  , -0.2050  ,  0.5397  , -0.2976  ,  1.9478  , -2.3530  , -0.2298  ,  0.4785  , -0.1993  ,  1.9415  , -2.1591  ,  0.0000  , 100.0000 ,  0.0000  ,  0.0000  ,  0.0000  ,  0.0000  ,  0.0000  , 100.0000 ,  0.0000  ,  0.0000  ,  0.0000  ,  0.0000
  6.5200  , -0.1684  ,  0.5290  , -0.3101  ,  1.9202  , -2.3612  , -0.1855  ,  0.4792  , -0.2112  ,  1.9158  , -2.1633  ,  0.0000  , 100.0000 ,  0.0000  ,  0.0000  ,  0.0000  ,  0.0000  ,  0.0000  , 100.0000 ,  0.0000  ,  0.0000  ,  0.0000  ,  0.0000  
  6.5400  , -0.1273  ,  0.5200  , -0.3280  ,  1.8913  , -2.3945  , -0.1417  ,  0.4788  , -0.2270  ,  1.8894  , -2.1781  ,  0.0000  , 100.0000 ,  0.0000  ,  0.0000  ,  0.0000  ,  0.0000  ,  0.0000  , 100.0000 ,  0.0000  ,  0.0000  ,  0.0000  ,  0.0000  
  6.5600  , -0.0889  ,  0.5099  , -0.3435  ,  1.8575  , -2.5100  , -0.1017  ,  0.4762  , -0.2453  ,  1.8617  , -2.2056  ,  0.0000  , 100.0000 ,  0.0000  ,  0.0000  ,  0.0000  ,  0.0000  ,  0.0000  , 100.0000 ,  0.0000  ,  0.0000  ,  0.0000  ,  0.0000  
  6.5800  , -0.0444  ,  0.4953  , -0.3604  ,  1.8225  , -2.5090  , -0.0556  ,  0.4700  , -0.2647  ,  1.8308  , -2.2366  ,  0.0000  , 100.0000 ,  0.0000  ,  0.0000  ,  0.0000  ,  0.0000  ,  0.0000  , 100.0000 ,  0.0000  ,  0.0000  ,  0.0000  ,  0.0000  
  6.6000  ,  0.0590  ,  0.4609  , -0.4021  ,  1.7352  , -2.4847  ,  0.0509  ,  0.4500  , -0.3112  ,  1.7532  , -2.2671  ,  0.0000  , 100.0000 ,  0.0000  ,  0.0000  ,  0.0000  ,  0.0000  ,  0.0000  , 100.0000 ,  0.0000  ,  0.0000  ,  0.0000  ,  0.0000  
  6.6200  ,  0.0834  ,  0.4522  , -0.4119  ,  1.7129  , -2.5809  ,  0.0762  ,  0.4441  , -0.3220  ,  1.7335  , -2.2455  ,  0.0000  , 100.0000 ,  0.0000  ,  0.0000  ,  0.0000  ,  0.0000  ,  0.0000  , 100.0000 ,  0.0000  ,  0.0000  ,  0.0000  ,  0.0000  
  6.6400  ,  0.1955  ,  0.4119  , -0.4570  ,  1.6143  , -2.6795  ,  0.1824  ,  0.4171  , -0.3691  ,  1.6484  , -2.2288  ,  0.0000  , 100.0000 ,  0.0000  ,  0.0000  ,  0.0000  ,  0.0000  ,  0.0000  , 100.0000 ,  0.0000  ,  0.0000  ,  0.0000  ,  0.0000  
  6.6600  ,  0.2773  ,  0.3753  , -0.4856  ,  1.5221  , -2.6799  ,  0.2610  ,  0.3896  , -0.4015  ,  1.5710  , -2.2731  ,  0.0000  , 100.0000 ,  0.0000  ,  0.0000  ,  0.0000  ,  0.0000  ,  0.0000  , 100.0000 ,  0.0000  ,  0.0000  ,  0.0000  ,  0.0000  
  6.6800  ,  0.3036  ,  0.3641  , -0.4941  ,  1.4880  , -2.6513  ,  0.2862  ,  0.3801  , -0.4117  ,  1.5441  , -2.3172  ,  0.0000  , 100.0000 ,  0.0000  ,  0.0000  ,  0.0000  ,  0.0000  ,  0.0000  , 100.0000 ,  0.0000  ,  0.0000  ,  0.0000  ,  0.0000  
  6.7000  ,  0.3497  ,  0.3479  , -0.5156  ,  1.4339  , -2.6424  ,  0.3289  ,  0.3639  , -0.4329  ,  1.4978  , -2.3382  ,  0.0000  , 100.0000 ,  0.0000  ,  0.0000  ,  0.0000  ,  0.0000  ,  0.0000  , 100.0000 ,  0.0000  ,  0.0000  ,  0.0000  ,  0.0000  
  6.7200  ,  0.3764  ,  0.3374  , -0.5262  ,  1.3959  , -2.6951  ,  0.3529  ,  0.3545  , -0.4425  ,  1.4706  , -2.3114  ,  0.0000  , 100.0000 ,  0.0000  ,  0.0000  ,  0.0000  ,  0.0000  ,  0.0000  , 100.0000 ,  0.0000  ,  0.0000  ,  0.0000  ,  0.0000  
  6.7400  ,  0.4185  ,  0.3197  , -0.5408  ,  1.3298  , -2.7288  ,  0.3907  ,  0.3390  , -0.4567  ,  1.4254  , -2.2798  ,  0.0000  , 100.0000 ,  0.0000  ,  0.0000  ,  0.0000  ,  0.0000  ,  0.0000  , 100.0000 ,  0.0000  ,  0.0000  ,  0.0000  ,  0.0000  
  6.7600  ,  0.4502  ,  0.3074  , -0.5552  ,  1.2838  , -2.7457  ,  0.4178  ,  0.3263  , -0.4665  ,  1.3913  , -2.2632  ,  0.0000  , 100.0000 ,  0.0000  ,  0.0000  ,  0.0000  ,  0.0000  ,  0.0000  , 100.0000 ,  0.0000  ,  0.0000  ,  0.0000  ,  0.0000  
  6.7800  ,  0.4685  ,  0.2998  , -0.5612  ,  1.2511  , -2.7312  ,  0.4338  ,  0.3186  , -0.4726  ,  1.3696  , -2.2905  ,  0.0000  , 100.0000 ,  0.0000  ,  0.0000  ,  0.0000  ,  0.0000  ,  0.0000  , 100.0000 ,  0.0000  ,  0.0000  ,  0.0000  ,  0.0000  
  6.8000  ,  0.5100  ,  0.2846  , -0.5841  ,  1.1901  , -2.6760  ,  0.4691  ,  0.2982  , -0.4886  ,  1.3199  , -2.3045  ,  0.0000  , 100.0000 ,  0.0000  ,  0.0000  ,  0.0000  ,  0.0000  ,  0.0000  , 100.0000 ,  0.0000  ,  0.0000  ,  0.0000  ,  0.0000  
  6.8200  ,  0.5264  ,  0.2789  , -0.5935  ,  1.1610  , -2.6566  ,  0.4851  ,  0.2904  , -0.4965  ,  1.2973  , -2.2926  ,  0.0000  , 100.0000 ,  0.0000  ,  0.0000  ,  0.0000  ,  0.0000  ,  0.0000  , 100.0000 ,  0.0000  ,  0.0000  ,  0.0000  ,  0.0000  
  6.8400  ,  0.5363  ,  0.2753  , -0.5986  ,  1.1409  , -2.6486  ,  0.4948  ,  0.2855  , -0.5014  ,  1.2828  , -2.2718  ,  0.0000  , 100.0000 ,  0.0000  ,  0.0000  ,  0.0000  ,  0.0000  ,  0.0000  , 100.0000 ,  0.0000  ,  0.0000  ,  0.0000  ,  0.0000  
  6.8600  ,  0.5421  ,  0.2726  , -0.6044  ,  1.1212  , -2.6319  ,  0.5039  ,  0.2775  , -0.5086  ,  1.2695  , -2.2285  ,  0.0000  , 100.0000 ,  0.0000  ,  0.0000  ,  0.0000  ,  0.0000  ,  0.0000  , 100.0000 ,  0.0000  ,  0.0000  ,  0.0000  ,  0.0000  
  6.8800  ,  0.5426  ,  0.2721  , -0.6051  ,  1.1157  , -2.6113  ,  0.5059  ,  0.2750  , -0.5105  ,  1.2630  , -2.2114  ,  0.0000  , 100.0000 ,  0.0000  ,  0.0000  ,  0.0000  ,  0.0000  ,  0.0000  , 100.0000 ,  0.0000  ,  0.0000  ,  0.0000  ,  0.0000  
  6.9000  ,  0.5366  ,  0.2746  , -0.6020  ,  1.1221  , -2.5846  ,  0.5017  ,  0.2743  , -0.5078  ,  1.2647  , -2.1891  ,  0.0000  , 100.0000 ,  0.0000  ,  0.0000  ,  0.0000  ,  0.0000  ,  0.0000  , 100.0000 ,  0.0000  ,  0.0000  ,  0.0000  ,  0.0000  
  6.9200  ,  0.5030  ,  0.2874  , -0.5836  ,  1.1608  , -2.5570  ,  0.4780  ,  0.2727  , -0.4924  ,  1.2802  , -2.1644  ,  0.0000  , 100.0000 ,  0.0000  ,  0.0000  ,  0.0000  ,  0.0000  ,  0.0000  , 100.0000 ,  0.0000  ,  0.0000  ,  0.0000  ,  0.0000  
  6.9400  ,  0.4950  ,  0.2902  , -0.5792  ,  1.1707  , -2.5091  ,  0.4725  ,  0.2725  , -0.4891  ,  1.2836  , -2.1183  ,  0.0000  , 100.0000 ,  0.0000  ,  0.0000  ,  0.0000  ,  0.0000  ,  0.0000  , 100.0000 ,  0.0000  ,  0.0000  ,  0.0000  ,  0.0000  
  6.9600  ,  0.4498  ,  0.3072  , -0.5611  ,  1.2380  , -2.4813  ,  0.4347  ,  0.2769  , -0.4675  ,  1.3157  , -2.0779  ,  0.0000  , 100.0000 ,  0.0000  ,  0.0000  ,  0.0000  ,  0.0000  ,  0.0000  , 100.0000 ,  0.0000  ,  0.0000  ,  0.0000  ,  0.0000  
  6.9800  ,  0.4195  ,  0.3200  , -0.5500  ,  1.2791  , -2.4003  ,  0.4096  ,  0.2821  , -0.4576  ,  1.3409  , -1.9701  ,  0.0000  , 100.0000 ,  0.0000  ,  0.0000  ,  0.0000  ,  0.0000  ,  0.0000  , 100.0000 ,  0.0000  ,  0.0000  ,  0.0000  ,  0.0000  
  7.0000  ,  0.4036  ,  0.3274  , -0.5444  ,  1.3008  , -2.3605  ,  0.3961  ,  0.2858  , -0.4531  ,  1.3549  , -1.9340  ,  0.0000  , 100.0000 ,  0.0000  ,  0.0000  ,  0.0000  ,  0.0000  ,  0.0000  , 100.0000 ,  0.0000  ,  0.0000  ,  0.0000  ,  0.0000  
  7.0200  ,  0.3237  ,  0.3636  , -0.5173  ,  1.4088  , -2.3258  ,  0.3238  ,  0.3041  , -0.4287  ,  1.4337  , -1.9157  ,  0.0000  , 100.0000 ,  0.0000  ,  0.0000  ,  0.0000  ,  0.0000  ,  0.0000  , 100.0000 ,  0.0000  ,  0.0000  ,  0.0000  ,  0.0000  
  7.0400  ,  0.3062  ,  0.3709  , -0.5134  ,  1.4301  , -2.2996  ,  0.3072  ,  0.3077  , -0.4244  ,  1.4499  , -1.9106  ,  0.0000  , 100.0000 ,  0.0000  ,  0.0000  ,  0.0000  ,  0.0000  ,  0.0000  , 100.0000 ,  0.0000  ,  0.0000  ,  0.0000  ,  0.0000  
  7.0600  ,  0.2475  ,  0.3886  , -0.4880  ,  1.4932  , -2.2690  ,  0.2480  ,  0.3230  , -0.4089  ,  1.5067  , -1.8636  ,  0.0000  , 100.0000 ,  0.0000  ,  0.0000  ,  0.0000  ,  0.0000  ,  0.0000  , 100.0000 ,  0.0000  ,  0.0000  ,  0.0000  ,  0.0000  
  7.0800  ,  0.2265  ,  0.3937  , -0.4785  ,  1.5116  , -2.2792  ,  0.2262  ,  0.3283  , -0.4047  ,  1.5253  , -1.8403  ,  0.0000  , 100.0000 ,  0.0000  ,  0.0000  ,  0.0000  ,  0.0000  ,  0.0000  , 100.0000 ,  0.0000  ,  0.0000  ,  0.0000  ,  0.0000  
  7.1000  ,  0.1619  ,  0.4094  , -0.4540  ,  1.5723  , -2.2820  ,  0.1506  ,  0.3443  , -0.3790  ,  1.5903  , -1.8250  ,  0.0000  , 100.0000 ,  0.0000  ,  0.0000  ,  0.0000  ,  0.0000  ,  0.0000  , 100.0000 ,  0.0000  ,  0.0000  ,  0.0000  ,  0.0000  
  7.1200  ,  0.0944  ,  0.4234  , -0.4309  ,  1.6274  , -2.2395  ,  0.0703  ,  0.3564  , -0.3581  ,  1.6450  , -1.8200  ,  0.0000  , 100.0000 ,  0.0000  ,  0.0000  ,  0.0000  ,  0.0000  ,  0.0000  , 100.0000 ,  0.0000  ,  0.0000  ,  0.0000  ,  0.0000  
  7.1400  ,  0.0572  ,  0.4303  , -0.4183  ,  1.6531  , -2.2196  ,  0.0273  ,  0.3610  , -0.3455  ,  1.6713  , -1.8260  ,  0.0000  , 100.0000 ,  0.0000  ,  0.0000  ,  0.0000  ,  0.0000  ,  0.0000  , 100.0000 ,  0.0000  ,  0.0000  ,  0.0000  ,  0.0000  
  7.1600  , -0.0396  ,  0.4470  , -0.3870  ,  1.7070  , -2.2052  , -0.0797  ,  0.3623  , -0.3081  ,  1.7280  , -1.8322  ,  0.0000  , 100.0000 ,  0.0000  ,  0.0000  ,  0.0000  ,  0.0000  ,  0.0000  , 100.0000 ,  0.0000  ,  0.0000  ,  0.0000  ,  0.0000  
  7.1800  , -0.0886  ,  0.4540  , -0.3666  ,  1.7405  , -2.1939  , -0.1273  ,  0.3597  , -0.2877  ,  1.7463  , -1.8137  ,  0.0000  , 100.0000 ,  0.0000  ,  0.0000  ,  0.0000  ,  0.0000  ,  0.0000  , 100.0000 ,  0.0000  ,  0.0000  ,  0.0000  ,  0.0000  
  7.2000  , -0.1177  ,  0.4575  , -0.3552  ,  1.7515  , -2.1970  , -0.1543  ,  0.3575  , -0.2796  ,  1.7560  , -1.8161  ,  0.0000  , 100.0000 ,  0.0000  ,  0.0000  ,  0.0000  ,  0.0000  ,  0.0000  , 100.0000 ,  0.0000  ,  0.0000  ,  0.0000  ,  0.0000  
  7.2200  , -0.2121  ,  0.4636  , -0.3189  ,  1.7797  , -2.1821  , -0.2370  ,  0.3418  , -0.2454  ,  1.7870  , -1.8247  ,  0.0000  , 100.0000 ,  0.0000  ,  0.0000  ,  0.0000  ,  0.0000  ,  0.0000  , 100.0000 ,  0.0000  ,  0.0000  ,  0.0000  ,  0.0000  
  7.2400  , -0.2457  ,  0.4645  , -0.3088  ,  1.7857  , -2.1806  , -0.2653  ,  0.3346  , -0.2334  ,  1.7975  , -1.8483  ,  0.0000  , 100.0000 ,  0.0000  ,  0.0000  ,  0.0000  ,  0.0000  ,  0.0000  , 100.0000 ,  0.0000  ,  0.0000  ,  0.0000  ,  0.0000  
  7.2600  , -0.2799  ,  0.4613  , -0.2865  ,  1.8073  , -2.1912  , -0.2947  ,  0.3265  , -0.2141  ,  1.8183  , -1.8773  ,  0.0000  , 100.0000 ,  0.0000  ,  0.0000  ,  0.0000  ,  0.0000  ,  0.0000  , 100.0000 ,  0.0000  ,  0.0000  ,  0.0000  ,  0.0000  
  7.2800  , -0.3239  ,  0.4551  , -0.2621  ,  1.8242  , -2.2158  , -0.3292  ,  0.3164  , -0.1929  ,  1.8409  , -1.8879  ,  0.0000  , 100.0000 ,  0.0000  ,  0.0000  ,  0.0000  ,  0.0000  ,  0.0000  , 100.0000 ,  0.0000  ,  0.0000  ,  0.0000  ,  0.0000  
  7.3000  , -0.3356  ,  0.4529  , -0.2556  ,  1.8298  , -2.2302  , -0.3374  ,  0.3139  , -0.1872  ,  1.8486  , -1.9015  ,  0.0000  , 100.0000 ,  0.0000  ,  0.0000  ,  0.0000  ,  0.0000  ,  0.0000  , 100.0000 ,  0.0000  ,  0.0000  ,  0.0000  ,  0.0000  
  7.3200  , -0.3524  ,  0.4486  , -0.2445  ,  1.8464  , -2.2661  , -0.3443  ,  0.3091  , -0.1734  ,  1.8742  , -1.9384  ,  0.0000  , 100.0000 ,  0.0000  ,  0.0000  ,  0.0000  ,  0.0000  ,  0.0000  , 100.0000 ,  0.0000  ,  0.0000  ,  0.0000  ,  0.0000  
  7.3400  , -0.3535  ,  0.4479  , -0.2402  ,  1.8531  , -2.2661  , -0.3427  ,  0.3083  , -0.1683  ,  1.8778  , -1.9384  ,  0.0000  , 100.0000 ,  0.0000  ,  0.0000  ,  0.0000  ,  0.0000  ,  0.0000  , 100.0000 ,  0.0000  ,  0.0000  ,  0.0000  ,  0.0000  
  7.3600  , -0.3435  ,  0.4465  , -0.2419  ,  1.8571  , -2.3493  , -0.3270  ,  0.3095  , -0.1678  ,  1.8847  , -2.0091  ,  0.0000  , 100.0000 ,  0.0000  ,  0.0000  ,  0.0000  ,  0.0000  ,  0.0000  , 100.0000 ,  0.0000  ,  0.0000  ,  0.0000  ,  0.0000  
  7.3800  , -0.3195  ,  0.4445  , -0.2459  ,  1.8685  , -2.3734  , -0.2914  ,  0.3117  , -0.1676  ,  1.8943  , -2.0283  ,  0.0000  , 100.0000 ,  0.0000  ,  0.0000  ,  0.0000  ,  0.0000  ,  0.0000  , 100.0000 ,  0.0000  ,  0.0000  ,  0.0000  ,  0.0000  
  7.4000  , -0.3096  ,  0.4437  , -0.2462  ,  1.8742  , -2.4531  , -0.2766  ,  0.3124  , -0.1657  ,  1.9012  , -2.1234  ,  0.0000  , 100.0000 ,  0.0000  ,  0.0000  ,  0.0000  ,  0.0000  ,  0.0000  , 100.0000 ,  0.0000  ,  0.0000  ,  0.0000  ,  0.0000  
  7.4200  , -0.2927  ,  0.4429  , -0.2500  ,  1.8711  , -2.4974  , -0.2557  ,  0.3151  , -0.1718  ,  1.8954  , -2.1688  ,  0.0000  , 100.0000 ,  0.0000  ,  0.0000  ,  0.0000  ,  0.0000  ,  0.0000  , 100.0000 ,  0.0000  ,  0.0000  ,  0.0000  ,  0.0000  
  7.4400  , -0.2451  ,  0.4412  , -0.2604  ,  1.8666  , -2.5630  , -0.1958  ,  0.3234  , -0.1835  ,  1.8927  , -2.2107  ,  0.0000  , 100.0000 ,  0.0000  ,  0.0000  ,  0.0000  ,  0.0000  ,  0.0000  , 100.0000 ,  0.0000  ,  0.0000  ,  0.0000  ,  0.0000  
  7.4600  , -0.2248  ,  0.4411  , -0.2665  ,  1.8615  , -2.6102  , -0.1725  ,  0.3277  , -0.1918  ,  1.8837  , -2.2302  ,  0.0000  , 100.0000 ,  0.0000  ,  0.0000  ,  0.0000  ,  0.0000  ,  0.0000  , 100.0000 ,  0.0000  ,  0.0000  ,  0.0000  ,  0.0000  
  7.4800  , -0.1813  ,  0.4398  , -0.2800  ,  1.8483  , -2.6605  , -0.1240  ,  0.3344  , -0.2074  ,  1.8657  , -2.2242  ,  0.0000  , 100.0000 ,  0.0000  ,  0.0000  ,  0.0000  ,  0.0000  ,  0.0000  , 100.0000 ,  0.0000  ,  0.0000  ,  0.0000  ,  0.0000  
  7.5000  , -0.1073  ,  0.4334  , -0.3040  ,  1.8220  , -2.6771  , -0.0464  ,  0.3383  , -0.2323  ,  1.8247  , -2.2371  ,  0.0000  , 100.0000 ,  0.0000  ,  0.0000  ,  0.0000  ,  0.0000  ,  0.0000  , 100.0000 ,  0.0000  ,  0.0000  ,  0.0000  ,  0.0000  
  7.5200  , -0.0386  ,  0.4236  , -0.3268  ,  1.7874  , -2.7069  ,  0.0239  ,  0.3389  , -0.2577  ,  1.7842  , -2.2718  ,  0.0000  , 100.0000 ,  0.0000  ,  0.0000  ,  0.0000  ,  0.0000  ,  0.0000  , 100.0000 ,  0.0000  ,  0.0000  ,  0.0000  ,  0.0000  
  7.5400  ,  0.0407  ,  0.4116  , -0.3554  ,  1.7385  , -2.7602  ,  0.0981  ,  0.3386  , -0.2850  ,  1.7368  , -2.3259  ,  0.0000  , 100.0000 ,  0.0000  ,  0.0000  ,  0.0000  ,  0.0000  ,  0.0000  , 100.0000 ,  0.0000  ,  0.0000  ,  0.0000  ,  0.0000  
  7.5600  ,  0.0798  ,  0.4051  , -0.3677  ,  1.7113  , -2.8685  ,  0.1335  ,  0.3379  , -0.3000  ,  1.7099  , -2.3873  ,  0.0000  , 100.0000 ,  0.0000  ,  0.0000  ,  0.0000  ,  0.0000  ,  0.0000  , 100.0000 ,  0.0000  ,  0.0000  ,  0.0000  ,  0.0000  
  7.5800  ,  0.0969  ,  0.4019  , -0.3726  ,  1.6972  , -2.8605  ,  0.1491  ,  0.3374  , -0.3054  ,  1.6942  , -2.3018  ,  0.0000  , 100.0000 ,  0.0000  ,  0.0000  ,  0.0000  ,  0.0000  ,  0.0000  , 100.0000 ,  0.0000  ,  0.0000  ,  0.0000  ,  0.0000  
  7.6000  ,  0.1630  ,  0.3942  , -0.4019  ,  1.6438  , -2.8374  ,  0.2027  ,  0.3351  , -0.3288  ,  1.6492  , -2.3160  ,  0.0000  , 100.0000 ,  0.0000  ,  0.0000  ,  0.0000  ,  0.0000  ,  0.0000  , 100.0000 ,  0.0000  ,  0.0000  ,  0.0000  ,  0.0000  
  7.6200  ,  0.2686  ,  0.3728  , -0.4476  ,  1.5436  , -2.8439  ,  0.2907  ,  0.3227  , -0.3634  ,  1.5667  , -2.3749  ,  0.0000  , 100.0000 ,  0.0000  ,  0.0000  ,  0.0000  ,  0.0000  ,  0.0000  , 100.0000 ,  0.0000  ,  0.0000  ,  0.0000  ,  0.0000  
  7.6400  ,  0.2809  ,  0.3696  , -0.4529  ,  1.5308  , -2.8947  ,  0.3010  ,  0.3207  , -0.3670  ,  1.5563  , -2.4725  ,  0.0000  , 100.0000 ,  0.0000  ,  0.0000  ,  0.0000  ,  0.0000  ,  0.0000  , 100.0000 ,  0.0000  ,  0.0000  ,  0.0000  ,  0.0000  
  7.6600  ,  0.3314  ,  0.3528  , -0.4714  ,  1.4779  , -2.9101  ,  0.3472  ,  0.3143  , -0.3880  ,  1.5164  , -2.4849  ,  0.0000  , 100.0000 ,  0.0000  ,  0.0000  ,  0.0000  ,  0.0000  ,  0.0000  , 100.0000 ,  0.0000  ,  0.0000  ,  0.0000  ,  0.0000  
  7.6800  ,  0.4028  ,  0.3327  , -0.5029  ,  1.3907  , -2.9149  ,  0.4088  ,  0.3057  , -0.4184  ,  1.4463  , -2.4524  ,  0.0000  , 100.0000 ,  0.0000  ,  0.0000  ,  0.0000  ,  0.0000  ,  0.0000  , 100.0000 ,  0.0000  ,  0.0000  ,  0.0000  ,  0.0000  
  7.7000  ,  0.4261  ,  0.3265  , -0.5137  ,  1.3579  , -2.9152  ,  0.4285  ,  0.3027  , -0.4282  ,  1.4202  , -2.3952  ,  0.0000  , 100.0000 ,  0.0000  ,  0.0000  ,  0.0000  ,  0.0000  ,  0.0000  , 100.0000 ,  0.0000  ,  0.0000  ,  0.0000  ,  0.0000  
  7.7200  ,  0.4609  ,  0.3190  , -0.5353  ,  1.3140  , -2.8888  ,  0.4529  ,  0.2969  , -0.4396  ,  1.3883  , -2.3271  ,  0.0000  , 100.0000 ,  0.0000  ,  0.0000  ,  0.0000  ,  0.0000  ,  0.0000  , 100.0000 ,  0.0000  ,  0.0000  ,  0.0000  ,  0.0000  
  7.7400  ,  0.5075  ,  0.3064  , -0.5634  ,  1.2493  , -2.8864  ,  0.4861  ,  0.2862  , -0.4552  ,  1.3451  , -2.3681  ,  0.0000  , 100.0000 ,  0.0000  ,  0.0000  ,  0.0000  ,  0.0000  ,  0.0000  , 100.0000 ,  0.0000  ,  0.0000  ,  0.0000  ,  0.0000  
  7.7600  ,  0.5276  ,  0.2999  , -0.5754  ,  1.2204  , -2.9079  ,  0.5004  ,  0.2799  , -0.4598  ,  1.3234  , -2.4327  ,  0.0000  , 100.0000 ,  0.0000  ,  0.0000  ,  0.0000  ,  0.0000  ,  0.0000  , 100.0000 ,  0.0000  ,  0.0000  ,  0.0000  ,  0.0000  
  7.7800  ,  0.5500  ,  0.2928  , -0.5892  ,  1.1871  , -2.9015  ,  0.5174  ,  0.2738  , -0.4665  ,  1.2980  , -2.4295  ,  0.0000  , 100.0000 ,  0.0000  ,  0.0000  ,  0.0000  ,  0.0000  ,  0.0000  , 100.0000 ,  0.0000  ,  0.0000  ,  0.0000  ,  0.0000  
  7.8000  ,  0.5691  ,  0.2866  , -0.6014  ,  1.1582  , -2.8860  ,  0.5328  ,  0.2688  , -0.4724  ,  1.2730  , -2.4048  ,  0.0000  , 100.0000 ,  0.0000  ,  0.0000  ,  0.0000  ,  0.0000  ,  0.0000  , 100.0000 ,  0.0000  ,  0.0000  ,  0.0000  ,  0.0000  
  7.8200  ,  0.5810  ,  0.2873  , -0.6157  ,  1.1423  , -2.8540  ,  0.5403  ,  0.2647  , -0.4761  ,  1.2589  , -2.3626  ,  0.0000  , 100.0000 ,  0.0000  ,  0.0000  ,  0.0000  ,  0.0000  ,  0.0000  , 100.0000 ,  0.0000  ,  0.0000  ,  0.0000  ,  0.0000  
  7.8400  ,  0.5853  ,  0.2875  , -0.6209  ,  1.1372  , -2.8070  ,  0.5431  ,  0.2630  , -0.4752  ,  1.2526  , -2.3180  ,  0.0000  , 100.0000 ,  0.0000  ,  0.0000  ,  0.0000  ,  0.0000  ,  0.0000  , 100.0000 ,  0.0000  ,  0.0000  ,  0.0000  ,  0.0000  
  7.8600  ,  0.5789  ,  0.2912  , -0.6208  ,  1.1478  , -2.7770  ,  0.5365  ,  0.2624  , -0.4654  ,  1.2575  , -2.2917  ,  0.0000  , 100.0000 ,  0.0000  ,  0.0000  ,  0.0000  ,  0.0000  ,  0.0000  , 100.0000 ,  0.0000  ,  0.0000  ,  0.0000  ,  0.0000  
  7.8800  ,  0.5643  ,  0.2972  , -0.6130  ,  1.1711  , -2.7676  ,  0.5244  ,  0.2640  , -0.4531  ,  1.2726  , -2.2744  ,  0.0000  , 100.0000 ,  0.0000  ,  0.0000  ,  0.0000  ,  0.0000  ,  0.0000  , 100.0000 ,  0.0000  ,  0.0000  ,  0.0000  ,  0.0000  
  7.9000  ,  0.5561  ,  0.3004  , -0.6105  ,  1.1902  , -2.7537  ,  0.5177  ,  0.2649  , -0.4480  ,  1.2861  , -2.2432  ,  0.0000  , 100.0000 ,  0.0000  ,  0.0000  ,  0.0000  ,  0.0000  ,  0.0000  , 100.0000 ,  0.0000  ,  0.0000  ,  0.0000  ,  0.0000  
  7.9200  ,  0.5182  ,  0.3155  , -0.5907  ,  1.2532  , -2.7282  ,  0.4886  ,  0.2732  , -0.4276  ,  1.3283  , -2.1965  ,  0.0000  , 100.0000 ,  0.0000  ,  0.0000  ,  0.0000  ,  0.0000  ,  0.0000  , 100.0000 ,  0.0000  ,  0.0000  ,  0.0000  ,  0.0000  
  7.9400  ,  0.4763  ,  0.3364  , -0.5731  ,  1.3177  , -2.7008  ,  0.4549  ,  0.2838  , -0.4098  ,  1.3733  , -2.1566  ,  0.0000  , 100.0000 ,  0.0000  ,  0.0000  ,  0.0000  ,  0.0000  ,  0.0000  , 100.0000 ,  0.0000  ,  0.0000  ,  0.0000  ,  0.0000  
  7.9600  ,  0.4516  ,  0.3479  , -0.5633  ,  1.3554  , -2.6772  ,  0.4344  ,  0.2899  , -0.3987  ,  1.4009  , -2.1484  ,  0.0000  , 100.0000 ,  0.0000  ,  0.0000  ,  0.0000  ,  0.0000  ,  0.0000  , 100.0000 ,  0.0000  ,  0.0000  ,  0.0000  ,  0.0000  
  7.9800  ,  0.3901  ,  0.3773  , -0.5398  ,  1.4466  , -2.6661  ,  0.3795  ,  0.3079  , -0.3801  ,  1.4605  , -2.1980  ,  0.0000  , 100.0000 ,  0.0000  ,  0.0000  ,  0.0000  ,  0.0000  ,  0.0000  , 100.0000 ,  0.0000  ,  0.0000  ,  0.0000  ,  0.0000  
  8.0000  ,  0.3440  ,  0.3995  , -0.5253  ,  1.5101  , -2.6595  ,  0.3327  ,  0.3260  , -0.3645  ,  1.5193  , -2.1971  ,  0.0000  , 100.0000 ,  0.0000  ,  0.0000  ,  0.0000  ,  0.0000  ,  0.0000  , 100.0000 ,  0.0000  ,  0.0000  ,  0.0000  ,  0.0000  
  8.0200  ,  0.2953  ,  0.4240  , -0.5145  ,  1.5756  , -2.6457  ,  0.2749  ,  0.3525  , -0.3516  ,  1.5880  , -2.1400  ,  0.0000  , 100.0000 ,  0.0000  ,  0.0000  ,  0.0000  ,  0.0000  ,  0.0000  , 100.0000 ,  0.0000  ,  0.0000  ,  0.0000  ,  0.0000  
  8.0400  ,  0.2788  ,  0.4315  , -0.5089  ,  1.5949  , -2.6419  ,  0.2538  ,  0.3635  , -0.3476  ,  1.6101  , -2.1148  ,  0.0000  , 100.0000 ,  0.0000  ,  0.0000  ,  0.0000  ,  0.0000  ,  0.0000  , 100.0000 ,  0.0000  ,  0.0000  ,  0.0000  ,  0.0000  
  8.0600  ,  0.2386  ,  0.4471  , -0.4996  ,  1.6403  , -2.6452  ,  0.2022  ,  0.3871  , -0.3408  ,  1.6513  , -2.1102  ,  0.0000  , 100.0000 ,  0.0000  ,  0.0000  ,  0.0000  ,  0.0000  ,  0.0000  , 100.0000 ,  0.0000  ,  0.0000  ,  0.0000  ,  0.0000  
  8.0800  ,  0.1785  ,  0.4675  , -0.4792  ,  1.6954  , -2.6678  ,  0.1342  ,  0.4095  , -0.3233  ,  1.7090  , -2.1085  ,  0.0000  , 100.0000 ,  0.0000  ,  0.0000  ,  0.0000  ,  0.0000  ,  0.0000  , 100.0000 ,  0.0000  ,  0.0000  ,  0.0000  ,  0.0000  
  8.1000  ,  0.1310  ,  0.4869  , -0.4667  ,  1.7335  , -2.6885  ,  0.0838  ,  0.4234  , -0.3097  ,  1.7469  , -2.1204  ,  0.0000  , 100.0000 ,  0.0000  ,  0.0000  ,  0.0000  ,  0.0000  ,  0.0000  , 100.0000 ,  0.0000  ,  0.0000  ,  0.0000  ,  0.0000  
  8.1200  ,  0.0880  ,  0.5039  , -0.4569  ,  1.7559  , -2.6766  ,  0.0401  ,  0.4335  , -0.2970  ,  1.7797  , -2.0969  ,  0.0000  , 100.0000 ,  0.0000  ,  0.0000  ,  0.0000  ,  0.0000  ,  0.0000  , 100.0000 ,  0.0000  ,  0.0000  ,  0.0000  ,  0.0000  
  8.1400  ,  0.0061  ,  0.5285  , -0.4324  ,  1.8044  , -2.6454  , -0.0428  ,  0.4436  , -0.2691  ,  1.8264  , -2.0656  ,  0.0000  , 100.0000 ,  0.0000  ,  0.0000  ,  0.0000  ,  0.0000  ,  0.0000  , 100.0000 ,  0.0000  ,  0.0000  ,  0.0000  ,  0.0000  
  8.1600  , -0.0563  ,  0.5411  , -0.4110  ,  1.8342  , -2.6141  , -0.1026  ,  0.4450  , -0.2481  ,  1.8554  , -2.0394  ,  0.0000  , 100.0000 ,  0.0000  ,  0.0000  ,  0.0000  ,  0.0000  ,  0.0000  , 100.0000 ,  0.0000  ,  0.0000  ,  0.0000  ,  0.0000  
  8.1800  , -0.0966  ,  0.5466  , -0.3963  ,  1.8503  , -2.6092  , -0.1395  ,  0.4437  , -0.2348  ,  1.8720  , -2.0138  ,  0.0000  , 100.0000 ,  0.0000  ,  0.0000  ,  0.0000  ,  0.0000  ,  0.0000  , 100.0000 ,  0.0000  ,  0.0000  ,  0.0000  ,  0.0000  
  8.2000  , -0.1676  ,  0.5545  , -0.3716  ,  1.8825  , -2.6155  , -0.2038  ,  0.4365  , -0.2180  ,  1.8876  , -2.0019  ,  0.0000  , 100.0000 ,  0.0000  ,  0.0000  ,  0.0000  ,  0.0000  ,  0.0000  , 100.0000 ,  0.0000  ,  0.0000  ,  0.0000  ,  0.0000  
  8.2200  , -0.1878  ,  0.5562  , -0.3673  ,  1.8892  , -2.6232  , -0.2222  ,  0.4335  , -0.2127  ,  1.8936  , -1.9730  ,  0.0000  , 100.0000 ,  0.0000  ,  0.0000  ,  0.0000  ,  0.0000  ,  0.0000  , 100.0000 ,  0.0000  ,  0.0000  ,  0.0000  ,  0.0000  
  8.2400  , -0.2255  ,  0.5614  , -0.3635  ,  1.9005  , -2.6134  , -0.2598  ,  0.4235  , -0.2055  ,  1.9035  , -1.9265  ,  0.0000  , 100.0000 ,  0.0000  ,  0.0000  ,  0.0000  ,  0.0000  ,  0.0000  , 100.0000 ,  0.0000  ,  0.0000  ,  0.0000  ,  0.0000  
  8.2600  , -0.2467  ,  0.5647  , -0.3659  ,  1.9051  , -2.6134  , -0.2818  ,  0.4163  , -0.1990  ,  1.9092  , -1.9265  ,  0.0000  , 100.0000 ,  0.0000  ,  0.0000  ,  0.0000  ,  0.0000  ,  0.0000  , 100.0000 ,  0.0000  ,  0.0000  ,  0.0000  ,  0.0000  
  8.2800  , -0.2910  ,  0.5675  , -0.3659  ,  1.9142  , -2.5236  , -0.3229  ,  0.4014  , -0.1911  ,  1.9180  , -1.8913  ,  0.0000  , 100.0000 ,  0.0000  ,  0.0000  ,  0.0000  ,  0.0000  ,  0.0000  , 100.0000 ,  0.0000  ,  0.0000  ,  0.0000  ,  0.0000  
  8.3000  , -0.3350  ,  0.5628  , -0.3554  ,  1.9221  , -2.4897  , -0.3547  ,  0.3830  , -0.1811  ,  1.9212  , -1.8783  ,  0.0000  , 100.0000 ,  0.0000  ,  0.0000  ,  0.0000  ,  0.0000  ,  0.0000  , 100.0000 ,  0.0000  ,  0.0000  ,  0.0000  ,  0.0000  
  8.3200  , -0.3466  ,  0.5611  , -0.3536  ,  1.9251  , -2.4446  , -0.3625  ,  0.3779  , -0.1791  ,  1.9214  , -1.8510  ,  0.0000  , 100.0000 ,  0.0000  ,  0.0000  ,  0.0000  ,  0.0000  ,  0.0000  , 100.0000 ,  0.0000  ,  0.0000  ,  0.0000  ,  0.0000  
  8.3400  , -0.3770  ,  0.5533  , -0.3418  ,  1.9341  , -2.4110  , -0.3841  ,  0.3578  , -0.1652  ,  1.9252  , -1.8212  ,  0.0000  , 100.0000 ,  0.0000  ,  0.0000  ,  0.0000  ,  0.0000  ,  0.0000  , 100.0000 ,  0.0000  ,  0.0000  ,  0.0000  ,  0.0000  
  8.3600  , -0.3992  ,  0.5425  , -0.3310  ,  1.9453  , -2.3807  , -0.3959  ,  0.3429  , -0.1528  ,  1.9272  , -1.8023  ,  0.0000  , 100.0000 ,  0.0000  ,  0.0000  ,  0.0000  ,  0.0000  ,  0.0000  , 100.0000 ,  0.0000  ,  0.0000  ,  0.0000  ,  0.0000  
  8.3800  , -0.4079  ,  0.5360  , -0.3240  ,  1.9488  , -2.3478  , -0.3984  ,  0.3374  , -0.1480  ,  1.9284  , -1.7821  ,  0.0000  , 100.0000 ,  0.0000  ,  0.0000  ,  0.0000  ,  0.0000  ,  0.0000  , 100.0000 ,  0.0000  ,  0.0000  ,  0.0000  ,  0.0000  
  8.4000  , -0.4124  ,  0.5328  , -0.3203  ,  1.9521  , -2.2759  , -0.3999  ,  0.3345  , -0.1437  ,  1.9312  , -1.7651  ,  0.0000  , 100.0000 ,  0.0000  ,  0.0000  ,  0.0000  ,  0.0000  ,  0.0000  , 100.0000 ,  0.0000  ,  0.0000  ,  0.0000  ,  0.0000  
  8.4200  , -0.4118  ,  0.5127  , -0.3049  ,  1.9558  , -2.2534  , -0.3915  ,  0.3252  , -0.1352  ,  1.9368  , -1.7691  ,  0.0000  , 100.0000 ,  0.0000  ,  0.0000  ,  0.0000  ,  0.0000  ,  0.0000  , 100.0000 ,  0.0000  ,  0.0000  ,  0.0000  ,  0.0000  
  8.4400  , -0.3989  ,  0.4983  , -0.2996  ,  1.9570  , -2.2512  , -0.3760  ,  0.3213  , -0.1347  ,  1.9431  , -1.7928  ,  0.0000  , 100.0000 ,  0.0000  ,  0.0000  ,  0.0000  ,  0.0000  ,  0.0000  , 100.0000 ,  0.0000  ,  0.0000  ,  0.0000  ,  0.0000  
  8.4600  , -0.3931  ,  0.4918  , -0.2946  ,  1.9611  , -2.2970  , -0.3687  ,  0.3194  , -0.1323  ,  1.9504  , -1.9057  ,  0.0000  , 100.0000 ,  0.0000  ,  0.0000  ,  0.0000  ,  0.0000  ,  0.0000  , 100.0000 ,  0.0000  ,  0.0000  ,  0.0000  ,  0.0000  
  8.4800  , -0.3560  ,  0.4727  , -0.2918  ,  1.9589  , -2.3438  , -0.3299  ,  0.3191  , -0.1382  ,  1.9533  , -1.9410  ,  0.0000  , 100.0000 ,  0.0000  ,  0.0000  ,  0.0000  ,  0.0000  ,  0.0000  , 100.0000 ,  0.0000  ,  0.0000  ,  0.0000  ,  0.0000  
  8.5000  , -0.3392  ,  0.4662  , -0.2885  ,  1.9582  , -2.4105  , -0.3123  ,  0.3201  , -0.1406  ,  1.9565  , -1.9665  ,  0.0000  , 100.0000 ,  0.0000  ,  0.0000  ,  0.0000  ,  0.0000  ,  0.0000  , 100.0000 ,  0.0000  ,  0.0000  ,  0.0000  ,  0.0000  
  8.5200  , -0.3061  ,  0.4563  , -0.2883  ,  1.9480  , -2.5628  , -0.2776  ,  0.3233  , -0.1478  ,  1.9527  , -2.0260  ,  0.0000  , 100.0000 ,  0.0000  ,  0.0000  ,  0.0000  ,  0.0000  ,  0.0000  , 100.0000 ,  0.0000  ,  0.0000  ,  0.0000  ,  0.0000  
  8.5400  , -0.2584  ,  0.4483  , -0.2901  ,  1.9362  , -2.6054  , -0.2301  ,  0.3276  , -0.1598  ,  1.9452  , -2.0555  ,  0.0000  , 100.0000 ,  0.0000  ,  0.0000  ,  0.0000  ,  0.0000  ,  0.0000  , 100.0000 ,  0.0000  ,  0.0000  ,  0.0000  ,  0.0000  
  8.5600  , -0.2247  ,  0.4436  , -0.2925  ,  1.9268  , -2.6068  , -0.1958  ,  0.3308  , -0.1680  ,  1.9382  , -2.0827  ,  0.0000  , 100.0000 ,  0.0000  ,  0.0000  ,  0.0000  ,  0.0000  ,  0.0000  , 100.0000 ,  0.0000  ,  0.0000  ,  0.0000  ,  0.0000  
  8.5800  , -0.2121  ,  0.4421  , -0.2957  ,  1.9216  , -2.5704  , -0.1824  ,  0.3325  , -0.1719  ,  1.9342  , -2.1203  ,  0.0000  , 100.0000 ,  0.0000  ,  0.0000  ,  0.0000  ,  0.0000  ,  0.0000  , 100.0000 ,  0.0000  ,  0.0000  ,  0.0000  ,  0.0000  
  8.6000  , -0.1539  ,  0.4353  , -0.3046  ,  1.9017  , -2.6285  , -0.1213  ,  0.3409  , -0.1900  ,  1.9115  , -2.1862  ,  0.0000  , 100.0000 ,  0.0000  ,  0.0000  ,  0.0000  ,  0.0000  ,  0.0000  , 100.0000 ,  0.0000  ,  0.0000  ,  0.0000  ,  0.0000  
  8.6200  , -0.0786  ,  0.4268  , -0.3189  ,  1.8701  , -2.7158  , -0.0447  ,  0.3533  , -0.2154  ,  1.8701  , -2.2223  ,  0.0000  , 100.0000 ,  0.0000  ,  0.0000  ,  0.0000  ,  0.0000  ,  0.0000  , 100.0000 ,  0.0000  ,  0.0000  ,  0.0000  ,  0.0000  
  8.6400  , -0.0366  ,  0.4241  , -0.3343  ,  1.8453  , -2.8690  , -0.0069  ,  0.3608  , -0.2331  ,  1.8473  , -2.3525  ,  0.0000  , 100.0000 ,  0.0000  ,  0.0000  ,  0.0000  ,  0.0000  ,  0.0000  , 100.0000 ,  0.0000  ,  0.0000  ,  0.0000  ,  0.0000  
  8.6600  ,  0.0084  ,  0.4200  , -0.3490  ,  1.8172  , -2.8572  ,  0.0341  ,  0.3677  , -0.2518  ,  1.8219  , -2.3908  ,  0.0000  , 100.0000 ,  0.0000  ,  0.0000  ,  0.0000  ,  0.0000  ,  0.0000  , 100.0000 ,  0.0000  ,  0.0000  ,  0.0000  ,  0.0000  
  8.6800  ,  0.1384  ,  0.4083  , -0.4005  ,  1.7209  , -2.8382  ,  0.1486  ,  0.3794  , -0.3058  ,  1.7427  , -2.4126  ,  0.0000  , 100.0000 ,  0.0000  ,  0.0000  ,  0.0000  ,  0.0000  ,  0.0000  , 100.0000 ,  0.0000  ,  0.0000  ,  0.0000  ,  0.0000  
  8.7000  ,  0.1959  ,  0.4019  , -0.4277  ,  1.6727  , -2.8814  ,  0.2026  ,  0.3819  , -0.3344  ,  1.6988  , -2.4090  ,  0.0000  , 100.0000 ,  0.0000  ,  0.0000  ,  0.0000  ,  0.0000  ,  0.0000  , 100.0000 ,  0.0000  ,  0.0000  ,  0.0000  ,  0.0000  
  8.7200  ,  0.2395  ,  0.3957  , -0.4473  ,  1.6332  , -2.9254  ,  0.2439  ,  0.3823  , -0.3547  ,  1.6620  , -2.4233  ,  0.0000  , 100.0000 ,  0.0000  ,  0.0000  ,  0.0000  ,  0.0000  ,  0.0000  , 100.0000 ,  0.0000  ,  0.0000  ,  0.0000  ,  0.0000  
  8.7400  ,  0.3824  ,  0.3692  , -0.5194  ,  1.4910  , -2.9569  ,  0.3720  ,  0.3754  , -0.4245  ,  1.5381  , -2.4508  ,  0.0000  , 100.0000 ,  0.0000  ,  0.0000  ,  0.0000  ,  0.0000  ,  0.0000  , 100.0000 ,  0.0000  ,  0.0000  ,  0.0000  ,  0.0000  
  8.7600  ,  0.4401  ,  0.3552  , -0.5492  ,  1.4316  , -2.9664  ,  0.4229  ,  0.3683  , -0.4565  ,  1.4835  , -2.5248  ,  0.0000  , 100.0000 ,  0.0000  ,  0.0000  ,  0.0000  ,  0.0000  ,  0.0000  , 100.0000 ,  0.0000  ,  0.0000  ,  0.0000  ,  0.0000  
  8.7800  ,  0.5101  ,  0.3351  , -0.5878  ,  1.3444  , -2.9584  ,  0.4833  ,  0.3556  , -0.4892  ,  1.4127  , -2.5492  ,  0.0000  , 100.0000 ,  0.0000  ,  0.0000  ,  0.0000  ,  0.0000  ,  0.0000  , 100.0000 ,  0.0000  ,  0.0000  ,  0.0000  ,  0.0000  
  8.8000  ,  0.5931  ,  0.3064  , -0.6354  ,  1.2239  , -2.9738  ,  0.5549  ,  0.3378  , -0.5279  ,  1.3207  , -2.5542  ,  0.0000  , 100.0000 ,  0.0000  ,  0.0000  ,  0.0000  ,  0.0000  ,  0.0000  , 100.0000 ,  0.0000  ,  0.0000  ,  0.0000  ,  0.0000  
  8.8200  ,  0.6188  ,  0.2964  , -0.6502  ,  1.1828  , -2.9855  ,  0.5773  ,  0.3316  , -0.5396  ,  1.2872  , -2.5483  ,  0.0000  , 100.0000 ,  0.0000  ,  0.0000  ,  0.0000  ,  0.0000  ,  0.0000  , 100.0000 ,  0.0000  ,  0.0000  ,  0.0000  ,  0.0000  
  8.8400  ,  0.6633  ,  0.2792  , -0.6781  ,  1.1144  , -3.0018  ,  0.6184  ,  0.3201  , -0.5667  ,  1.2364  , -2.5465  ,  0.0000  , 100.0000 ,  0.0000  ,  0.0000  ,  0.0000  ,  0.0000  ,  0.0000  , 100.0000 ,  0.0000  ,  0.0000  ,  0.0000  ,  0.0000  
  8.8600  ,  0.6796  ,  0.2724  , -0.6854  ,  1.0825  , -2.9942  ,  0.6339  ,  0.3153  , -0.5766  ,  1.2104  , -2.5439  ,  0.0000  , 100.0000 ,  0.0000  ,  0.0000  ,  0.0000  ,  0.0000  ,  0.0000  , 100.0000 ,  0.0000  ,  0.0000  ,  0.0000  ,  0.0000  
  8.8800  ,  0.6962  ,  0.2695  , -0.7012  ,  1.0576  , -2.9469  ,  0.6456  ,  0.3069  , -0.5791  ,  1.1903  , -2.5539  ,  0.0000  , 100.0000 ,  0.0000  ,  0.0000  ,  0.0000  ,  0.0000  ,  0.0000  , 100.0000 ,  0.0000  ,  0.0000  ,  0.0000  ,  0.0000  
  8.9000  ,  0.7224  ,  0.2644  , -0.7264  ,  1.0133  , -2.9236  ,  0.6653  ,  0.2877  , -0.5771  ,  1.1522  , -2.5588  ,  0.0000  , 100.0000 ,  0.0000  ,  0.0000  ,  0.0000  ,  0.0000  ,  0.0000  , 100.0000 ,  0.0000  ,  0.0000  ,  0.0000  ,  0.0000  
  8.9200  ,  0.7284  ,  0.2632  , -0.7369  ,  0.9962  , -2.9101  ,  0.6700  ,  0.2816  , -0.5774  ,  1.1626  , -2.5494  ,  0.0000  , 100.0000 ,  0.0000  ,  0.0000  ,  0.0000  ,  0.0000  ,  0.0000  , 100.0000 ,  0.0000  ,  0.0000  ,  0.0000  ,  0.0000  
  8.9400  ,  0.7242  ,  0.2648  , -0.7333  ,  0.9999  , -2.9055  ,  0.6689  ,  0.2824  , -0.5771  ,  1.1640  , -2.5298  ,  0.0000  , 100.0000 ,  0.0000  ,  0.0000  ,  0.0000  ,  0.0000  ,  0.0000  , 100.0000 ,  0.0000  ,  0.0000  ,  0.0000  ,  0.0000  
  8.9600  ,  0.7105  ,  0.2712  , -0.7226  ,  1.0168  , -2.8987  ,  0.6625  ,  0.2867  , -0.5719  ,  1.1747  , -2.4837  ,  0.0000  , 100.0000 ,  0.0000  ,  0.0000  ,  0.0000  ,  0.0000  ,  0.0000  , 100.0000 ,  0.0000  ,  0.0000  ,  0.0000  ,  0.0000  
  8.9800  ,  0.7005  ,  0.2767  , -0.7162  ,  1.0333  , -2.8971  ,  0.6557  ,  0.2908  , -0.5674  ,  1.1858  , -2.4623  ,  0.0000  , 100.0000 ,  0.0000  ,  0.0000  ,  0.0000  ,  0.0000  ,  0.0000  , 100.0000 ,  0.0000  ,  0.0000  ,  0.0000  ,  0.0000  
  9.0000  ,  0.6842  ,  0.2854  , -0.7073  ,  1.0652  , -2.8771  ,  0.6439  ,  0.2960  , -0.5537  ,  1.1900  , -2.4256  ,  0.0000  , 100.0000 ,  0.0000  ,  0.0000  ,  0.0000  ,  0.0000  ,  0.0000  , 100.0000 ,  0.0000  ,  0.0000  ,  0.0000  ,  0.0000  
  9.0200  ,  0.6690  ,  0.2934  , -0.6993  ,  1.0912  , -2.8688  ,  0.6325  ,  0.2996  , -0.5431  ,  1.2077  , -2.4263  ,  0.0000  , 100.0000 ,  0.0000  ,  0.0000  ,  0.0000  ,  0.0000  ,  0.0000  , 100.0000 ,  0.0000  ,  0.0000  ,  0.0000  ,  0.0000  
  9.0400  ,  0.6264  ,  0.3171  , -0.6777  ,  1.1638  , -2.8562  ,  0.5988  ,  0.3114  , -0.5172  ,  1.2596  , -2.4260  ,  0.0000  , 100.0000 ,  0.0000  ,  0.0000  ,  0.0000  ,  0.0000  ,  0.0000  , 100.0000 ,  0.0000  ,  0.0000  ,  0.0000  ,  0.0000  
  9.0600  ,  0.6113  ,  0.3251  , -0.6718  ,  1.1900  , -2.8303  ,  0.5871  ,  0.3154  , -0.5087  ,  1.2789  , -2.3851  ,  0.0000  , 100.0000 ,  0.0000  ,  0.0000  ,  0.0000  ,  0.0000  ,  0.0000  , 100.0000 ,  0.0000  ,  0.0000  ,  0.0000  ,  0.0000  
  9.0800  ,  0.5576  ,  0.3560  , -0.6464  ,  1.2763  , -2.8201  ,  0.5448  ,  0.3336  , -0.4877  ,  1.3340  , -2.3459  ,  0.0000  , 100.0000 ,  0.0000  ,  0.0000  ,  0.0000  ,  0.0000  ,  0.0000  , 100.0000 ,  0.0000  ,  0.0000  ,  0.0000  ,  0.0000  
  9.1000  ,  0.5398  ,  0.3653  , -0.6379  ,  1.3112  , -2.8123  ,  0.5304  ,  0.3394  , -0.4799  ,  1.3553  , -2.3182  ,  0.0000  , 100.0000 ,  0.0000  ,  0.0000  ,  0.0000  ,  0.0000  ,  0.0000  , 100.0000 ,  0.0000  ,  0.0000  ,  0.0000  ,  0.0000  
  9.1200  ,  0.4613  ,  0.4061  , -0.6034  ,  1.4272  , -2.7989  ,  0.4574  ,  0.3703  , -0.4469  ,  1.4539  , -2.3202  ,  0.0000  , 100.0000 ,  0.0000  ,  0.0000  ,  0.0000  ,  0.0000  ,  0.0000  , 100.0000 ,  0.0000  ,  0.0000  ,  0.0000  ,  0.0000  
  9.1400  ,  0.4110  ,  0.4316  , -0.5814  ,  1.4945  , -2.7975  ,  0.4018  ,  0.3977  , -0.4274  ,  1.5235  , -2.3359  ,  0.0000  , 100.0000 ,  0.0000  ,  0.0000  ,  0.0000  ,  0.0000  ,  0.0000  , 100.0000 ,  0.0000  ,  0.0000  ,  0.0000  ,  0.0000  
  9.1600  ,  0.3459  ,  0.4635  , -0.5554  ,  1.5834  , -2.7800  ,  0.3264  ,  0.4365  , -0.4063  ,  1.6095  , -2.3263  ,  0.0000  , 100.0000 ,  0.0000  ,  0.0000  ,  0.0000  ,  0.0000  ,  0.0000  , 100.0000 ,  0.0000  ,  0.0000  ,  0.0000  ,  0.0000  
  9.1800  ,  0.3231  ,  0.4755  , -0.5486  ,  1.6103  , -2.7864  ,  0.2995  ,  0.4521  , -0.4015  ,  1.6389  , -2.3070  ,  0.0000  , 100.0000 ,  0.0000  ,  0.0000  ,  0.0000  ,  0.0000  ,  0.0000  , 100.0000 ,  0.0000  ,  0.0000  ,  0.0000  ,  0.0000  
  9.2000  ,  0.2923  ,  0.4907  , -0.5393  ,  1.6433  , -2.8029  ,  0.2655  ,  0.4703  , -0.3955  ,  1.6740  , -2.2457  ,  0.0000  , 100.0000 ,  0.0000  ,  0.0000  ,  0.0000  ,  0.0000  ,  0.0000  , 100.0000 ,  0.0000  ,  0.0000  ,  0.0000  ,  0.0000  
  9.2200  ,  0.2147  ,  0.5247  , -0.5176  ,  1.7142  , -2.7887  ,  0.1860  ,  0.5021  , -0.3782  ,  1.7449  , -2.2525  ,  0.0000  , 100.0000 ,  0.0000  ,  0.0000  ,  0.0000  ,  0.0000  ,  0.0000  , 100.0000 ,  0.0000  ,  0.0000  ,  0.0000  ,  0.0000  
  9.2400  ,  0.1698  ,  0.5414  , -0.5029  ,  1.7403  , -2.7827  ,  0.1427  ,  0.5114  , -0.3601  ,  1.7805  , -2.2516  ,  0.0000  , 100.0000 ,  0.0000  ,  0.0000  ,  0.0000  ,  0.0000  ,  0.0000  , 100.0000 ,  0.0000  ,  0.0000  ,  0.0000  ,  0.0000  
  9.2600  ,  0.1370  ,  0.5521  , -0.5033  ,  1.7627  , -2.7661  ,  0.1116  ,  0.5169  , -0.3584  ,  1.8027  , -2.2076  ,  0.0000  , 100.0000 ,  0.0000  ,  0.0000  ,  0.0000  ,  0.0000  ,  0.0000  , 100.0000 ,  0.0000  ,  0.0000  ,  0.0000  ,  0.0000  
  9.2800  ,  0.0549  ,  0.5719  , -0.4702  ,  1.8100  , -2.7322  ,  0.0277  ,  0.5243  , -0.3203  ,  1.8524  , -2.1344  ,  0.0000  , 100.0000 ,  0.0000  ,  0.0000  ,  0.0000  ,  0.0000  ,  0.0000  , 100.0000 ,  0.0000  ,  0.0000  ,  0.0000  ,  0.0000  
  9.3000  ,  0.0034  ,  0.5794  , -0.4530  ,  1.8351  , -2.7194  , -0.0234  ,  0.5237  , -0.2990  ,  1.8781  , -2.0829  ,  0.0000  , 100.0000 ,  0.0000  ,  0.0000  ,  0.0000  ,  0.0000  ,  0.0000  , 100.0000 ,  0.0000  ,  0.0000  ,  0.0000  ,  0.0000  
  9.3200  , -0.0819  ,  0.5851  , -0.4277  ,  1.8796  , -2.7033  , -0.1055  ,  0.5165  , -0.2770  ,  1.9084  , -2.0562  ,  0.0000  , 100.0000 ,  0.0000  ,  0.0000  ,  0.0000  ,  0.0000  ,  0.0000  , 100.0000 ,  0.0000  ,  0.0000  ,  0.0000  ,  0.0000  
  9.3400  , -0.1534  ,  0.5867  , -0.4000  ,  1.9053  , -2.6529  , -0.1766  ,  0.4997  , -0.2450  ,  1.9349  , -2.0476  ,  0.0000  , 100.0000 ,  0.0000  ,  0.0000  ,  0.0000  ,  0.0000  ,  0.0000  , 100.0000 ,  0.0000  ,  0.0000  ,  0.0000  ,  0.0000  
  9.3600  , -0.2065  ,  0.5852  , -0.3953  ,  1.9172  , -2.6399  , -0.2285  ,  0.4841  , -0.2316  ,  1.9482  , -2.0438  ,  0.0000  , 100.0000 ,  0.0000  ,  0.0000  ,  0.0000  ,  0.0000  ,  0.0000  , 100.0000 ,  0.0000  ,  0.0000  ,  0.0000  ,  0.0000  
  9.3800  , -0.2547  ,  0.5816  , -0.3804  ,  1.9294  , -2.6364  , -0.2750  ,  0.4669  , -0.2124  ,  1.9608  , -2.0218  ,  0.0000  , 100.0000 ,  0.0000  ,  0.0000  ,  0.0000  ,  0.0000  ,  0.0000  , 100.0000 ,  0.0000  ,  0.0000  ,  0.0000  ,  0.0000  
  9.4000  , -0.2866  ,  0.5783  , -0.3606  ,  1.9403  , -2.6107  , -0.3045  ,  0.4555  , -0.1972  ,  1.9728  , -1.9857  ,  0.0000  , 100.0000 ,  0.0000  ,  0.0000  ,  0.0000  ,  0.0000  ,  0.0000  , 100.0000 ,  0.0000  ,  0.0000  ,  0.0000  ,  0.0000  
  9.4200  , -0.3227  ,  0.5743  , -0.3516  ,  1.9492  , -2.4680  , -0.3372  ,  0.4426  , -0.1889  ,  1.9763  , -1.8477  ,  0.0000  , 100.0000 ,  0.0000  ,  0.0000  ,  0.0000  ,  0.0000  ,  0.0000  , 100.0000 ,  0.0000  ,  0.0000  ,  0.0000  ,  0.0000  
  9.4400  , -0.3731  ,  0.5636  , -0.3342  ,  1.9620  , -2.4104  , -0.3809  ,  0.4112  , -0.1705  ,  1.9787  , -1.8172  ,  0.0000  , 100.0000 ,  0.0000  ,  0.0000  ,  0.0000  ,  0.0000  ,  0.0000  , 100.0000 ,  0.0000  ,  0.0000  ,  0.0000  ,  0.0000  
  9.4600  , -0.3921  ,  0.5537  , -0.3201  ,  1.9677  , -2.3597  , -0.3929  ,  0.3959  , -0.1640  ,  1.9778  , -1.8289  ,  0.0000  , 100.0000 ,  0.0000  ,  0.0000  ,  0.0000  ,  0.0000  ,  0.0000  , 100.0000 ,  0.0000  ,  0.0000  ,  0.0000  ,  0.0000  
  9.4800  , -0.4119  ,  0.5418  , -0.2959  ,  1.9811  , -2.3520  , -0.4041  ,  0.3794  , -0.1578  ,  1.9889  , -1.8482  ,  0.0000  , 100.0000 ,  0.0000  ,  0.0000  ,  0.0000  ,  0.0000  ,  0.0000  , 100.0000 ,  0.0000  ,  0.0000  ,  0.0000  ,  0.0000  
  9.5000  , -0.4239  ,  0.5318  , -0.2706  ,  1.9923  , -2.3644  , -0.4101  ,  0.3685  , -0.1554  ,  1.9881  , -1.8643  ,  0.0000  , 100.0000 ,  0.0000  ,  0.0000  ,  0.0000  ,  0.0000  ,  0.0000  , 100.0000 ,  0.0000  ,  0.0000  ,  0.0000  ,  0.0000  
  9.5200  , -0.4335  ,  0.5164  , -0.2345  ,  2.0040  , -2.3910  , -0.4122  ,  0.3572  , -0.1508  ,  1.9860  , -1.8909  ,  0.0000  , 100.0000 ,  0.0000  ,  0.0000  ,  0.0000  ,  0.0000  ,  0.0000  , 100.0000 ,  0.0000  ,  0.0000  ,  0.0000  ,  0.0000  
  9.5400  , -0.4293  ,  0.5063  , -0.2198  ,  2.0055  , -2.4073  , -0.4082  ,  0.3526  , -0.1505  ,  1.9824  , -1.9238  ,  0.0000  , 100.0000 ,  0.0000  ,  0.0000  ,  0.0000  ,  0.0000  ,  0.0000  , 100.0000 ,  0.0000  ,  0.0000  ,  0.0000  ,  0.0000  
  9.5600  , -0.4233  ,  0.4918  , -0.1704  ,  2.0222  , -2.4157  , -0.4025  ,  0.3464  , -0.1495  ,  1.9714  , -1.9440  ,  0.0000  , 100.0000 ,  0.0000  ,  0.0000  ,  0.0000  ,  0.0000  ,  0.0000  , 100.0000 ,  0.0000  ,  0.0000  ,  0.0000  ,  0.0000  
  9.5800  , -0.3791  ,  0.4770  , -0.1333  ,  2.0260  , -2.4051  , -0.3791  ,  0.3449  , -0.1566  ,  1.9633  , -1.9337  ,  0.0000  , 100.0000 ,  0.0000  ,  0.0000  ,  0.0000  ,  0.0000  ,  0.0000  , 100.0000 ,  0.0000  ,  0.0000  ,  0.0000  ,  0.0000  
  9.6000  , -0.3522  ,  0.4739  , -0.1187  ,  2.0277  , -2.3548  , -0.3619  ,  0.3454  , -0.1607  ,  1.9604  , -1.9063  ,  0.0000  , 100.0000 ,  0.0000  ,  0.0000  ,  0.0000  ,  0.0000  ,  0.0000  , 100.0000 ,  0.0000  ,  0.0000  ,  0.0000  ,  0.0000  
  9.6200  , -0.3169  ,  0.4711  , -0.1012  ,  2.0312  , -2.2551  , -0.3388  ,  0.3459  , -0.1643  ,  1.9615  , -1.9022  ,  0.0000  , 100.0000 ,  0.0000  ,  0.0000  ,  0.0000  ,  0.0000  ,  0.0000  , 100.0000 ,  0.0000  ,  0.0000  ,  0.0000  ,  0.0000  
  9.6400  , -0.2545  ,  0.4660  , -0.0767  ,  2.0428  , -2.2739  , -0.3026  ,  0.3439  , -0.1634  ,  1.9736  , -1.9533  ,  0.0000  , 100.0000 ,  0.0000  ,  0.0000  ,  0.0000  ,  0.0000  ,  0.0000  , 100.0000 ,  0.0000  ,  0.0000  ,  0.0000  ,  0.0000  
  9.6600  , -0.2262  ,  0.4644  , -0.0622  ,  2.0530  , -2.1760  , -0.2869  ,  0.3438  , -0.1583  ,  1.9892  , -2.0548  ,  0.0000  , 100.0000 ,  0.0000  ,  0.0000  ,  0.0000  ,  0.0000  ,  0.0000  , 100.0000 ,  0.0000  ,  0.0000  ,  0.0000  ,  0.0000  
  9.6800  , -0.1813  ,  0.4637  , -0.0544  ,  2.0593  , -2.0444  , -0.2620  ,  0.3459  , -0.1538  ,  2.0077  , -2.0591  ,  0.0000  , 100.0000 ,  0.0000  ,  0.0000  ,  0.0000  ,  0.0000  ,  0.0000  , 100.0000 ,  0.0000  ,  0.0000  ,  0.0000  ,  0.0000  
  9.7000  , -0.1409  ,  0.4644  , -0.0473  ,  2.0752  , -1.9169  , -0.2380  ,  0.3508  , -0.1443  ,  2.0338  , -1.9792  ,  0.0000  , 100.0000 ,  0.0000  ,  0.0000  ,  0.0000  ,  0.0000  ,  0.0000  , 100.0000 ,  0.0000  ,  0.0000  ,  0.0000  ,  0.0000  
  9.7200  , -0.0706  ,  0.4679  , -0.0590  ,  2.0839  , -1.7985  , -0.1909  ,  0.3661  , -0.1438  ,  2.0553  , -1.8554  ,  0.0000  , 100.0000 ,  0.0000  ,  0.0000  ,  0.0000  ,  0.0000  ,  0.0000  , 100.0000 ,  0.0000  ,  0.0000  ,  0.0000  ,  0.0000  
  9.7400  ,  0.0113  ,  0.4641  , -0.0830  ,  2.0796  , -1.7544  , -0.1273  ,  0.3801  , -0.1516  ,  2.0594  , -1.6818  ,  0.0000  , 100.0000 ,  0.0000  ,  0.0000  ,  0.0000  ,  0.0000  ,  0.0000  , 100.0000 ,  0.0000  ,  0.0000  ,  0.0000  ,  0.0000  
  9.7600  ,  0.0710  ,  0.4622  , -0.0990  ,  2.0918  , -1.5858  , -0.0759  ,  0.3866  , -0.1537  ,  2.0644  , -1.4989  ,  0.0000  , 100.0000 ,  0.0000  ,  0.0000  ,  0.0000  ,  0.0000  ,  0.0000  , 100.0000 ,  0.0000  ,  0.0000  ,  0.0000  ,  0.0000  
  9.7800  ,  0.1383  ,  0.4620  , -0.1245  ,  2.1085  , -1.3311  , -0.0144  ,  0.3874  , -0.1515  ,  2.0729  , -1.3569  ,  0.0000  , 100.0000 ,  0.0000  ,  0.0000  ,  0.0000  ,  0.0000  ,  0.0000  , 100.0000 ,  0.0000  ,  0.0000  ,  0.0000  ,  0.0000  
  9.8000  ,  0.1959  ,  0.4570  , -0.1525  ,  2.1158  , -1.1573  ,  0.0493  ,  0.3849  , -0.1603  ,  2.0599  , -1.2787  ,  0.0000  , 100.0000 ,  0.0000  ,  0.0000  ,  0.0000  ,  0.0000  ,  0.0000  , 100.0000 ,  0.0000  ,  0.0000  ,  0.0000  ,  0.0000  
  9.8200  ,  0.2671  ,  0.4479  , -0.1924  ,  2.1358  , -1.0307  ,  0.1310  ,  0.3779  , -0.1610  ,  2.0600  , -1.1775  ,  0.0000  , 100.0000 ,  0.0000  ,  0.0000  ,  0.0000  ,  0.0000  ,  0.0000  , 100.0000 ,  0.0000  ,  0.0000  ,  0.0000  ,  0.0000  
  9.8400  ,  0.3418  ,  0.4257  , -0.2301  ,  2.1232  , -0.8384  ,  0.2165  ,  0.3666  , -0.1775  ,  2.0359  , -0.9291  ,  0.0000  , 100.0000 ,  0.0000  ,  0.0000  ,  0.0000  ,  0.0000  ,  0.0000  , 100.0000 ,  0.0000  ,  0.0000  ,  0.0000  ,  0.0000  
  9.8600  ,  0.4063  ,  0.4016  , -0.2670  ,  2.1242  , -0.7144  ,  0.2904  ,  0.3505  , -0.1836  ,  2.0205  , -0.7120  ,  0.0000  , 100.0000 ,  0.0000  ,  0.0000  ,  0.0000  ,  0.0000  ,  0.0000  , 100.0000 ,  0.0000  ,  0.0000  ,  0.0000  ,  0.0000  
  9.8800  ,  0.4853  ,  0.3649  , -0.3160  ,  2.1273  , -0.6750  ,  0.3807  ,  0.3218  , -0.1889  ,  2.0002  , -0.6428  ,  0.0000  , 100.0000 ,  0.0000  ,  0.0000  ,  0.0000  ,  0.0000  ,  0.0000  , 100.0000 ,  0.0000  ,  0.0000  ,  0.0000  ,  0.0000  
  9.9000  ,  0.5335  ,  0.3344  , -0.3492  ,  2.1269  , -0.6572  ,  0.4356  ,  0.2969  , -0.1890  ,  1.9834  , -0.5744  ,  0.0000  , 100.0000 ,  0.0000  ,  0.0000  ,  0.0000  ,  0.0000  ,  0.0000  , 100.0000 ,  0.0000  ,  0.0000  ,  0.0000  ,  0.0000  
  9.9200  ,  0.5579  ,  0.3192  , -0.3761  ,  2.1346  , -0.5751  ,  0.4641  ,  0.2834  , -0.1871  ,  1.9801  , -0.3841  ,  0.0000  , 100.0000 ,  0.0000  ,  0.0000  ,  0.0000  ,  0.0000  ,  0.0000  , 100.0000 ,  0.0000  ,  0.0000  ,  0.0000  ,  0.0000  
  9.9400  ,  0.6031  ,  0.2887  , -0.4112  ,  2.1277  , -0.5793  ,  0.5220  ,  0.2636  , -0.1965  ,  1.9552  , -0.3364  ,  0.0000  , 100.0000 ,  0.0000  ,  0.0000  ,  0.0000  ,  0.0000  ,  0.0000  , 100.0000 ,  0.0000  ,  0.0000  ,  0.0000  ,  0.0000  
  9.9600  ,  0.6504  ,  0.2515  , -0.4467  ,  2.1209  , -0.6299  ,  0.5792  ,  0.2373  , -0.2060  ,  1.9298  , -0.2530  ,  0.0000  , 100.0000 ,  0.0000  ,  0.0000  ,  0.0000  ,  0.0000  ,  0.0000  , 100.0000 ,  0.0000  ,  0.0000  ,  0.0000  ,  0.0000  
  9.9800  ,  0.6691  ,  0.2361  , -0.4713  ,  2.1234  , -0.6620  ,  0.6019  ,  0.2255  , -0.2096  ,  1.9212  , -0.2148  ,  0.0000  , 100.0000 ,  0.0000  ,  0.0000  ,  0.0000  ,  0.0000  ,  0.0000  , 100.0000 ,  0.0000  ,  0.0000  ,  0.0000  ,  0.0000  
 10.0000  ,  0.7005  ,  0.2030  , -0.5130  ,  2.1224  , -0.6824  ,  0.6411  ,  0.2020  , -0.2181  ,  1.9066  , -0.0835  ,  0.0000  , 100.0000 ,  0.0000  ,  0.0000  ,  0.0000  ,  0.0000  ,  0.0000  , 100.0000 ,  0.0000  ,  0.0000  ,  0.0000  ,  0.0000  
 10.0200  ,  0.7123  ,  0.1899  , -0.5423  ,  2.1257  , -0.7320  ,  0.6565  ,  0.1925  , -0.2275  ,  1.9027  , -0.0550  ,  0.0000  , 100.0000 ,  0.0000  ,  0.0000  ,  0.0000  ,  0.0000  ,  0.0000  , 100.0000 ,  0.0000  ,  0.0000  ,  0.0000  ,  0.0000  
 10.0400  ,  0.7285  ,  0.1628  , -0.5680  ,  2.1148  , -0.7879  ,  0.6761  ,  0.1775  , -0.2435  ,  1.8997  , -0.0497  ,  0.0000  , 100.0000 ,  0.0000  ,  0.0000  ,  0.0000  ,  0.0000  ,  0.0000  , 100.0000 ,  0.0000  ,  0.0000  ,  0.0000  ,  0.0000  
 10.0600  ,  0.7458  ,  0.1315  , -0.6147  ,  2.1100  , -0.8832  ,  0.6983  ,  0.1543  , -0.2618  ,  1.8872  , -0.0609  ,  0.0000  , 100.0000 ,  0.0000  ,  0.0000  ,  0.0000  ,  0.0000  ,  0.0000  , 100.0000 ,  0.0000  ,  0.0000  ,  0.0000  ,  0.0000  
 10.0800  ,  0.7510  ,  0.1219  , -0.6399  ,  2.1094  , -0.9445  ,  0.7054  ,  0.1459  , -0.2725  ,  1.8822  , -0.0753  ,  0.0000  , 100.0000 ,  0.0000  ,  0.0000  ,  0.0000  ,  0.0000  ,  0.0000  , 100.0000 ,  0.0000  ,  0.0000  ,  0.0000  ,  0.0000  
 10.1000  ,  0.7616  ,  0.1014  , -0.6637  ,  2.1020  , -1.0139  ,  0.7206  ,  0.1333  , -0.2902  ,  1.8693  , -0.1121  ,  0.0000  , 100.0000 ,  0.0000  ,  0.0000  ,  0.0000  ,  0.0000  ,  0.0000  , 100.0000 ,  0.0000  ,  0.0000  ,  0.0000  ,  0.0000  
 10.1200  ,  0.7677  ,  0.0878  , -0.7043  ,  2.1055  , -0.9861  ,  0.7320  ,  0.1247  , -0.3131  ,  1.8590  , -0.1294  ,  0.0000  , 100.0000 ,  0.0000  ,  0.0000  ,  0.0000  ,  0.0000  ,  0.0000  , 100.0000 ,  0.0000  ,  0.0000  ,  0.0000  ,  0.0000  
 10.1400  ,  0.7713  ,  0.0746  , -0.7318  ,  2.1003  , -0.9677  ,  0.7435  ,  0.1171  , -0.3351  ,  1.8457  , -0.1706  ,  0.0000  , 100.0000 ,  0.0000  ,  0.0000  ,  0.0000  ,  0.0000  ,  0.0000  , 100.0000 ,  0.0000  ,  0.0000  ,  0.0000  ,  0.0000  
 10.1600  ,  0.7715  ,  0.0610  , -0.7607  ,  2.0949  , -1.0136  ,  0.7517  ,  0.1105  , -0.3550  ,  1.8345  , -0.2253  ,  0.0000  , 100.0000 ,  0.0000  ,  0.0000  ,  0.0000  ,  0.0000  ,  0.0000  , 100.0000 ,  0.0000  ,  0.0000  ,  0.0000  ,  0.0000  
 10.1800  ,  0.7707  ,  0.0515  , -0.7894  ,  2.0897  , -1.0398  ,  0.7563  ,  0.1063  , -0.3775  ,  1.8256  , -0.2501  ,  0.0000  , 100.0000 ,  0.0000  ,  0.0000  ,  0.0000  ,  0.0000  ,  0.0000  , 100.0000 ,  0.0000  ,  0.0000  ,  0.0000  ,  0.0000  
 10.2000  ,  0.7599  ,  0.0353  , -0.8255  ,  2.0831  , -1.0453  ,  0.7545  ,  0.0971  , -0.4111  ,  1.8158  , -0.2848  ,  0.0000  , 100.0000 ,  0.0000  ,  0.0000  ,  0.0000  ,  0.0000  ,  0.0000  , 100.0000 ,  0.0000  ,  0.0000  ,  0.0000  ,  0.0000  
 10.2200  ,  0.7555  ,  0.0319  , -0.8376  ,  2.0819  , -1.0506  ,  0.7516  ,  0.0938  , -0.4194  ,  1.8138  , -0.3059  ,  0.0000  , 100.0000 ,  0.0000  ,  0.0000  ,  0.0000  ,  0.0000  ,  0.0000  , 100.0000 ,  0.0000  ,  0.0000  ,  0.0000  ,  0.0000  
 10.2400  ,  0.7507  ,  0.0289  , -0.8464  ,  2.0814  , -1.0506  ,  0.7478  ,  0.0902  , -0.4248  ,  1.8127  , -0.3059  ,  0.0000  , 100.0000 ,  0.0000  ,  0.0000  ,  0.0000  ,  0.0000  ,  0.0000  , 100.0000 ,  0.0000  ,  0.0000  ,  0.0000  ,  0.0000  
 10.2600  ,  0.7391  ,  0.0234  , -0.8807  ,  2.0775  , -1.0598  ,  0.7372  ,  0.0830  , -0.4460  ,  1.8089  , -0.3527  ,  0.0000  , 100.0000 ,  0.0000  ,  0.0000  ,  0.0000  ,  0.0000  ,  0.0000  , 100.0000 ,  0.0000  ,  0.0000  ,  0.0000  ,  0.0000  
 10.2800  ,  0.7347  ,  0.0218  , -0.8910  ,  2.0765  , -1.0598  ,  0.7327  ,  0.0806  , -0.4505  ,  1.8095  , -0.3527  ,  0.0000  , 100.0000 ,  0.0000  ,  0.0000  ,  0.0000  ,  0.0000  ,  0.0000  , 100.0000 ,  0.0000  ,  0.0000  ,  0.0000  ,  0.0000  
 10.3000  ,  0.7180  ,  0.0173  , -0.9295  ,  2.0702  , -1.0562  ,  0.7161  ,  0.0732  , -0.4750  ,  1.8074  , -0.4711  ,  0.0000  , 100.0000 ,  0.0000  ,  0.0000  ,  0.0000  ,  0.0000  ,  0.0000  , 100.0000 ,  0.0000  ,  0.0000  ,  0.0000  ,  0.0000  
 10.3200  ,  0.7119  ,  0.0168  , -0.9408  ,  2.0699  , -1.0527  ,  0.7092  ,  0.0726  , -0.4838  ,  1.8076  , -0.5090  ,  0.0000  , 100.0000 ,  0.0000  ,  0.0000  ,  0.0000  ,  0.0000  ,  0.0000  , 100.0000 ,  0.0000  ,  0.0000  ,  0.0000  ,  0.0000  
 10.3400  ,  0.7082  ,  0.0166  , -0.9470  ,  2.0700  , -1.0556  ,  0.7049  ,  0.0725  , -0.4878  ,  1.8085  , -0.5361  ,  0.0000  , 100.0000 ,  0.0000  ,  0.0000  ,  0.0000  ,  0.0000  ,  0.0000  , 100.0000 ,  0.0000  ,  0.0000  ,  0.0000  ,  0.0000  
 10.3600  ,  0.6976  ,  0.0164  , -0.9662  ,  2.0681  , -1.0641  ,  0.6923  ,  0.0735  , -0.5020  ,  1.8101  , -0.5613  ,  0.0000  , 100.0000 ,  0.0000  ,  0.0000  ,  0.0000  ,  0.0000  ,  0.0000  , 100.0000 ,  0.0000  ,  0.0000  ,  0.0000  ,  0.0000  
 10.3800  ,  0.6920  ,  0.0170  , -0.9780  ,  2.0671  , -1.0984  ,  0.6856  ,  0.0747  , -0.5084  ,  1.8125  , -0.6250  ,  0.0000  , 100.0000 ,  0.0000  ,  0.0000  ,  0.0000  ,  0.0000  ,  0.0000  , 100.0000 ,  0.0000  ,  0.0000  ,  0.0000  ,  0.0000  
 10.4000  ,  0.6881  ,  0.0183  , -0.9833  ,  2.0675  , -1.1165  ,  0.6806  ,  0.0759  , -0.5124  ,  1.8147  , -0.6376  ,  0.0000  , 100.0000 ,  0.0000  ,  0.0000  ,  0.0000  ,  0.0000  ,  0.0000  , 100.0000 ,  0.0000  ,  0.0000  ,  0.0000  ,  0.0000  
 10.4200  ,  0.6821  ,  0.0220  , -0.9876  ,  2.0687  , -1.1286  ,  0.6722  ,  0.0793  , -0.5140  ,  1.8213  , -0.6295  ,  0.0000  , 100.0000 ,  0.0000  ,  0.0000  ,  0.0000  ,  0.0000  ,  0.0000  , 100.0000 ,  0.0000  ,  0.0000  ,  0.0000  ,  0.0000  
 10.4400  ,  0.6798  ,  0.0239  , -0.9840  ,  2.0672  , -1.1228  ,  0.6686  ,  0.0811  , -0.5107  ,  1.8240  , -0.6175  ,  0.0000  , 100.0000 ,  0.0000  ,  0.0000  ,  0.0000  ,  0.0000  ,  0.0000  , 100.0000 ,  0.0000  ,  0.0000  ,  0.0000  ,  0.0000  
 10.4600  ,  0.6779  ,  0.0268  , -0.9792  ,  2.0691  , -1.1097  ,  0.6641  ,  0.0831  , -0.5032  ,  1.8306  , -0.5995  ,  0.0000  , 100.0000 ,  0.0000  ,  0.0000  ,  0.0000  ,  0.0000  ,  0.0000  , 100.0000 ,  0.0000  ,  0.0000  ,  0.0000  ,  0.0000  
 10.4800  ,  0.6763  ,  0.0306  , -0.9633  ,  2.0720  , -1.0870  ,  0.6598  ,  0.0858  , -0.4883  ,  1.8390  , -0.5812  ,  0.0000  , 100.0000 ,  0.0000  ,  0.0000  ,  0.0000  ,  0.0000  ,  0.0000  , 100.0000 ,  0.0000  ,  0.0000  ,  0.0000  ,  0.0000  
 10.5000  ,  0.6756  ,  0.0353  , -0.9469  ,  2.0757  , -1.0417  ,  0.6584  ,  0.0894  , -0.4702  ,  1.8463  , -0.4934  ,  0.0000  , 100.0000 ,  0.0000  ,  0.0000  ,  0.0000  ,  0.0000  ,  0.0000  , 100.0000 ,  0.0000  ,  0.0000  ,  0.0000  ,  0.0000  
 10.5200  ,  0.6753  ,  0.0375  , -0.9290  ,  2.0751  , -1.0306  ,  0.6577  ,  0.0912  , -0.4516  ,  1.8477  , -0.4773  ,  0.0000  , 100.0000 ,  0.0000  ,  0.0000  ,  0.0000  ,  0.0000  ,  0.0000  , 100.0000 ,  0.0000  ,  0.0000  ,  0.0000  ,  0.0000  
 10.5400  ,  0.6783  ,  0.0475  , -0.8867  ,  2.0803  , -0.9342  ,  0.6607  ,  0.0973  , -0.4081  ,  1.8595  , -0.3588  ,  0.0000  , 100.0000 ,  0.0000  ,  0.0000  ,  0.0000  ,  0.0000  ,  0.0000  , 100.0000 ,  0.0000  ,  0.0000  ,  0.0000  ,  0.0000  
 10.5600  ,  0.6813  ,  0.0536  , -0.8633  ,  2.0822  , -0.8936  ,  0.6634  ,  0.1011  , -0.3897  ,  1.8642  , -0.3222  ,  0.0000  , 100.0000 ,  0.0000  ,  0.0000  ,  0.0000  ,  0.0000  ,  0.0000  , 100.0000 ,  0.0000  ,  0.0000  ,  0.0000  ,  0.0000  
 10.5800  ,  0.6855  ,  0.0630  , -0.8216  ,  2.0850  , -0.8455  ,  0.6677  ,  0.1068  , -0.3464  ,  1.8747  , -0.2174  ,  0.0000  , 100.0000 ,  0.0000  ,  0.0000  ,  0.0000  ,  0.0000  ,  0.0000  , 100.0000 ,  0.0000  ,  0.0000  ,  0.0000  ,  0.0000  
 10.6000  ,  0.6895  ,  0.0726  , -0.7886  ,  2.0843  , -0.8559  ,  0.6729  ,  0.1127  , -0.3256  ,  1.8775  , -0.2112  ,  0.0000  , 100.0000 ,  0.0000  ,  0.0000  ,  0.0000  ,  0.0000  ,  0.0000  , 100.0000 ,  0.0000  ,  0.0000  ,  0.0000  ,  0.0000  
 10.6200  ,  0.6960  ,  0.0926  , -0.7189  ,  2.0866  , -0.8016  ,  0.6818  ,  0.1253  , -0.2645  ,  1.8912  , -0.1202  ,  0.0000  , 100.0000 ,  0.0000  ,  0.0000  ,  0.0000  ,  0.0000  ,  0.0000  , 100.0000 ,  0.0000  ,  0.0000  ,  0.0000  ,  0.0000  
 10.6400  ,  0.6996  ,  0.1069  , -0.6853  ,  2.0875  , -0.7356  ,  0.6870  ,  0.1346  , -0.2311  ,  1.8991  , -0.0348  ,  0.0000  , 100.0000 ,  0.0000  ,  0.0000  ,  0.0000  ,  0.0000  ,  0.0000  , 100.0000 ,  0.0000  ,  0.0000  ,  0.0000  ,  0.0000  
 10.6600  ,  0.7019  ,  0.1163  , -0.6486  ,  2.0881  , -0.6529  ,  0.6905  ,  0.1407  , -0.1994  ,  1.9068  ,  0.0177  ,  0.0000  , 100.0000 ,  0.0000  ,  0.0000  ,  0.0000  ,  0.0000  ,  0.0000  , 100.0000 ,  0.0000  ,  0.0000  ,  0.0000  ,  0.0000  
 10.6800  ,  0.7086  ,  0.1619  , -0.5532  ,  2.0865  , -0.6071  ,  0.6973  ,  0.1699  , -0.1233  ,  1.9224  ,  0.0446  ,  0.0000  , 100.0000 ,  0.0000  ,  0.0000  ,  0.0000  ,  0.0000  ,  0.0000  , 100.0000 ,  0.0000  ,  0.0000  ,  0.0000  ,  0.0000  
 10.7000  ,  0.7093  ,  0.1735  , -0.5257  ,  2.0849  , -0.5786  ,  0.6982  ,  0.1777  , -0.1015  ,  1.9279  ,  0.0750  ,  0.0000  , 100.0000 ,  0.0000  ,  0.0000  ,  0.0000  ,  0.0000  ,  0.0000  , 100.0000 ,  0.0000  ,  0.0000  ,  0.0000  ,  0.0000  
 10.7200  ,  0.7101  ,  0.1870  , -0.4858  ,  2.0818  , -0.5549  ,  0.6991  ,  0.1867  , -0.0702  ,  1.9354  ,  0.1256  ,  0.0000  , 100.0000 ,  0.0000  ,  0.0000  ,  0.0000  ,  0.0000  ,  0.0000  , 100.0000 ,  0.0000  ,  0.0000  ,  0.0000  ,  0.0000  
 10.7400  ,  0.7174  ,  0.2285  , -0.4078  ,  2.0684  , -0.5654  ,  0.7004  ,  0.2205  , -0.0177  ,  1.9479  ,  0.1153  ,  0.0000  , 100.0000 ,  0.0000  ,  0.0000  ,  0.0000  ,  0.0000  ,  0.0000  , 100.0000 ,  0.0000  ,  0.0000  ,  0.0000  ,  0.0000  
 10.7600  ,  0.7211  ,  0.2478  , -0.3789  ,  2.0644  , -0.4999  ,  0.7010  ,  0.2367  ,  0.0090  ,  1.9510  ,  0.1529  ,  0.0000  , 100.0000 ,  0.0000  ,  0.0000  ,  0.0000  ,  0.0000  ,  0.0000  , 100.0000 ,  0.0000  ,  0.0000  ,  0.0000  ,  0.0000  
 10.7800  ,  0.7258  ,  0.2704  , -0.3460  ,  2.0537  , -0.4690  ,  0.7016  ,  0.2559  ,  0.0323  ,  1.9545  ,  0.1597  ,  0.0000  , 100.0000 ,  0.0000  ,  0.0000  ,  0.0000  ,  0.0000  ,  0.0000  , 100.0000 ,  0.0000  ,  0.0000  ,  0.0000  ,  0.0000  
 10.8000  ,  0.7331  ,  0.3254  , -0.2615  ,  2.0216  , -0.4431  ,  0.7050  ,  0.3075  ,  0.0882  ,  1.9569  ,  0.1656  ,  0.0000  , 100.0000 ,  0.0000  ,  0.0000  ,  0.0000  ,  0.0000  ,  0.0000  , 100.0000 ,  0.0000  ,  0.0000  ,  0.0000  ,  0.0000  
 10.8200  ,  0.7355  ,  0.3469  , -0.2236  ,  2.0063  , -0.3627  ,  0.7076  ,  0.3301  ,  0.1074  ,  1.9547  ,  0.2124  ,  0.0000  , 100.0000 ,  0.0000  ,  0.0000  ,  0.0000  ,  0.0000  ,  0.0000  , 100.0000 ,  0.0000  ,  0.0000  ,  0.0000  ,  0.0000  
 10.8400  ,  0.7368  ,  0.3609  , -0.1979  ,  1.9902  , -0.3349  ,  0.7094  ,  0.3456  ,  0.1134  ,  1.9585  ,  0.2252  ,  0.0000  , 100.0000 ,  0.0000  ,  0.0000  ,  0.0000  ,  0.0000  ,  0.0000  , 100.0000 ,  0.0000  ,  0.0000  ,  0.0000  ,  0.0000  
 10.8600  ,  0.7361  ,  0.4129  , -0.1138  ,  1.9534  , -0.3002  ,  0.7108  ,  0.3957  ,  0.1630  ,  1.9515  ,  0.2229  ,  0.0000  , 100.0000 ,  0.0000  ,  0.0000  ,  0.0000  ,  0.0000  ,  0.0000  , 100.0000 ,  0.0000  ,  0.0000  ,  0.0000  ,  0.0000  
 10.8800  ,  0.7350  ,  0.4237  , -0.0724  ,  1.9377  , -0.2355  ,  0.7108  ,  0.4064  ,  0.1871  ,  1.9491  ,  0.2099  ,  0.0000  , 100.0000 ,  0.0000  ,  0.0000  ,  0.0000  ,  0.0000  ,  0.0000  , 100.0000 ,  0.0000  ,  0.0000  ,  0.0000  ,  0.0000  
 10.9000  ,  0.7267  ,  0.4522  , -0.0412  ,  1.9241  , -0.2122  ,  0.7034  ,  0.4310  ,  0.2188  ,  1.9458  ,  0.2182  ,  0.0000  , 100.0000 ,  0.0000  ,  0.0000  ,  0.0000  ,  0.0000  ,  0.0000  , 100.0000 ,  0.0000  ,  0.0000  ,  0.0000  ,  0.0000  
 10.9200  ,  0.7005  ,  0.4828  ,  0.0276  ,  1.9198  , -0.1707  ,  0.6920  ,  0.4654  ,  0.2501  ,  1.9536  ,  0.2148  ,  0.0000  , 100.0000 ,  0.0000  ,  0.0000  ,  0.0000  ,  0.0000  ,  0.0000  , 100.0000 ,  0.0000  ,  0.0000  ,  0.0000  ,  0.0000  
 10.9400  ,  0.6918  ,  0.4897  ,  0.0549  ,  1.9140  , -0.1503  ,  0.6887  ,  0.4744  ,  0.2672  ,  1.9505  ,  0.2093  ,  0.0000  , 100.0000 ,  0.0000  ,  0.0000  ,  0.0000  ,  0.0000  ,  0.0000  , 100.0000 ,  0.0000  ,  0.0000  ,  0.0000  ,  0.0000  
 10.9600  ,  0.6706  ,  0.5088  ,  0.1053  ,  1.9031  , -0.1168  ,  0.6722  ,  0.4895  ,  0.3006  ,  1.9494  ,  0.1995  ,  0.0000  , 100.0000 ,  0.0000  ,  0.0000  ,  0.0000  ,  0.0000  ,  0.0000  , 100.0000 ,  0.0000  ,  0.0000  ,  0.0000  ,  0.0000  
 10.9800  ,  0.6300  ,  0.5378  ,  0.1654  ,  1.8984  , -0.0940  ,  0.6377  ,  0.5118  ,  0.3732  ,  1.9185  ,  0.1857  ,  0.0000  , 100.0000 ,  0.0000  ,  0.0000  ,  0.0000  ,  0.0000  ,  0.0000  , 100.0000 ,  0.0000  ,  0.0000  ,  0.0000  ,  0.0000  
 11.0000  ,  0.6126  ,  0.5472  ,  0.1905  ,  1.8950  , -0.0757  ,  0.6233  ,  0.5200  ,  0.3877  ,  1.9188  ,  0.1504  ,  0.0000  , 100.0000 ,  0.0000  ,  0.0000  ,  0.0000  ,  0.0000  ,  0.0000  , 100.0000 ,  0.0000  ,  0.0000  ,  0.0000  ,  0.0000  
 11.0200  ,  0.5743  ,  0.5609  ,  0.2581  ,  1.8826  , -0.0800  ,  0.5938  ,  0.5339  ,  0.4362  ,  1.9124  ,  0.1384  ,  0.0000  , 100.0000 ,  0.0000  ,  0.0000  ,  0.0000  ,  0.0000  ,  0.0000  , 100.0000 ,  0.0000  ,  0.0000  ,  0.0000  ,  0.0000  
 11.0400  ,  0.5333  ,  0.5673  ,  0.3174  ,  1.8747  , -0.0787  ,  0.5660  ,  0.5440  ,  0.4783  ,  1.9051  ,  0.1275  ,  0.0000  , 100.0000 ,  0.0000  ,  0.0000  ,  0.0000  ,  0.0000  ,  0.0000  , 100.0000 ,  0.0000  ,  0.0000  ,  0.0000  ,  0.0000  
 11.0600  ,  0.4943  ,  0.5691  ,  0.3653  ,  1.8690  , -0.0866  ,  0.5359  ,  0.5453  ,  0.5124  ,  1.9051  ,  0.0946  ,  0.0000  , 100.0000 ,  0.0000  ,  0.0000  ,  0.0000  ,  0.0000  ,  0.0000  , 100.0000 ,  0.0000  ,  0.0000  ,  0.0000  ,  0.0000  
 11.0800  ,  0.4775  ,  0.5695  ,  0.3969  ,  1.8479  , -0.0902  ,  0.5222  ,  0.5455  ,  0.5358  ,  1.8966  ,  0.0834  ,  0.0000  , 100.0000 ,  0.0000  ,  0.0000  ,  0.0000  ,  0.0000  ,  0.0000  , 100.0000 ,  0.0000  ,  0.0000  ,  0.0000  ,  0.0000  
 11.1000  ,  0.4259  ,  0.5701  ,  0.4596  ,  1.8266  , -0.1007  ,  0.4777  ,  0.5425  ,  0.5825  ,  1.8908  ,  0.0597  ,  0.0000  , 100.0000 ,  0.0000  ,  0.0000  ,  0.0000  ,  0.0000  ,  0.0000  , 100.0000 ,  0.0000  ,  0.0000  ,  0.0000  ,  0.0000  
 11.1200  ,  0.3928  ,  0.5655  ,  0.4956  ,  1.8142  , -0.1564  ,  0.4506  ,  0.5375  ,  0.6118  ,  1.8838  , -0.0133  ,  0.0000  , 100.0000 ,  0.0000  ,  0.0000  ,  0.0000  ,  0.0000  ,  0.0000  , 100.0000 ,  0.0000  ,  0.0000  ,  0.0000  ,  0.0000  
 11.1400  ,  0.3708  ,  0.5612  ,  0.5199  ,  1.8014  , -0.2105  ,  0.4326  ,  0.5334  ,  0.6297  ,  1.8776  , -0.0667  ,  0.0000  , 100.0000 ,  0.0000  ,  0.0000  ,  0.0000  ,  0.0000  ,  0.0000  , 100.0000 ,  0.0000  ,  0.0000  ,  0.0000  ,  0.0000  
 11.1600  ,  0.3226  ,  0.5502  ,  0.5654  ,  1.7736  , -0.2547  ,  0.3946  ,  0.5210  ,  0.6560  ,  1.8727  , -0.1231  ,  0.0000  , 100.0000 ,  0.0000  ,  0.0000  ,  0.0000  ,  0.0000  ,  0.0000  , 100.0000 ,  0.0000  ,  0.0000  ,  0.0000  ,  0.0000  
 11.1800  ,  0.2911  ,  0.5412  ,  0.5889  ,  1.7521  , -0.3047  ,  0.3698  ,  0.5125  ,  0.6727  ,  1.8627  , -0.1974  ,  0.0000  , 100.0000 ,  0.0000  ,  0.0000  ,  0.0000  ,  0.0000  ,  0.0000  , 100.0000 ,  0.0000  ,  0.0000  ,  0.0000  ,  0.0000  
 11.2000  ,  0.2584  ,  0.5299  ,  0.6066  ,  1.7395  , -0.3347  ,  0.3450  ,  0.5047  ,  0.6843  ,  1.8565  , -0.2397  ,  0.0000  , 100.0000 ,  0.0000  ,  0.0000  ,  0.0000  ,  0.0000  ,  0.0000  , 100.0000 ,  0.0000  ,  0.0000  ,  0.0000  ,  0.0000  
 11.2200  ,  0.2351  ,  0.5214  ,  0.6191  ,  1.7142  , -0.3695  ,  0.3256  ,  0.4985  ,  0.6953  ,  1.8397  , -0.2798  ,  0.0000  , 100.0000 ,  0.0000  ,  0.0000  ,  0.0000  ,  0.0000  ,  0.0000  , 100.0000 ,  0.0000  ,  0.0000  ,  0.0000  ,  0.0000  
 11.2400  ,  0.1782  ,  0.4942  ,  0.6393  ,  1.6908  , -0.4014  ,  0.2787  ,  0.4820  ,  0.7054  ,  1.8380  , -0.3121  ,  0.0000  , 100.0000 ,  0.0000  ,  0.0000  ,  0.0000  ,  0.0000  ,  0.0000  , 100.0000 ,  0.0000  ,  0.0000  ,  0.0000  ,  0.0000  
 11.2600  ,  0.1475  ,  0.4783  ,  0.6484  ,  1.6872  , -0.4962  ,  0.2534  ,  0.4729  ,  0.7106  ,  1.8326  , -0.3767  ,  0.0000  , 100.0000 ,  0.0000  ,  0.0000  ,  0.0000  ,  0.0000  ,  0.0000  , 100.0000 ,  0.0000  ,  0.0000  ,  0.0000  ,  0.0000  
 11.2800  ,  0.0857  ,  0.4422  ,  0.6590  ,  1.6449  , -0.5186  ,  0.1970  ,  0.4506  ,  0.7189  ,  1.7980  , -0.3911  ,  0.0000  , 100.0000 ,  0.0000  ,  0.0000  ,  0.0000  ,  0.0000  ,  0.0000  , 100.0000 ,  0.0000  ,  0.0000  ,  0.0000  ,  0.0000  
 11.3000  ,  0.0655  ,  0.4293  ,  0.6570  ,  1.6242  , -0.5403  ,  0.1771  ,  0.4419  ,  0.7212  ,  1.7681  , -0.4087  ,  0.0000  , 100.0000 ,  0.0000  ,  0.0000  ,  0.0000  ,  0.0000  ,  0.0000  , 100.0000 ,  0.0000  ,  0.0000  ,  0.0000  ,  0.0000  
 11.3200  ,  0.0330  ,  0.4049  ,  0.6627  ,  1.6218  , -0.5684  ,  0.1461  ,  0.4241  ,  0.7255  ,  1.7635  , -0.4345  ,  0.0000  , 100.0000 ,  0.0000  ,  0.0000  ,  0.0000  ,  0.0000  ,  0.0000  , 100.0000 ,  0.0000  ,  0.0000  ,  0.0000  ,  0.0000  
 11.3400  ,  0.0126  ,  0.3888  ,  0.6640  ,  1.6123  , -0.6384  ,  0.1262  ,  0.4116  ,  0.7283  ,  1.7498  , -0.5014  ,  0.0000  , 100.0000 ,  0.0000  ,  0.0000  ,  0.0000  ,  0.0000  ,  0.0000  , 100.0000 ,  0.0000  ,  0.0000  ,  0.0000  ,  0.0000  
 11.3600  , -0.0370  ,  0.3506  ,  0.6576  ,  1.5711  , -0.7116  ,  0.0773  ,  0.3726  ,  0.7384  ,  1.7181  , -0.5656  ,  0.0000  , 100.0000 ,  0.0000  ,  0.0000  ,  0.0000  ,  0.0000  ,  0.0000  , 100.0000 ,  0.0000  ,  0.0000  ,  0.0000  ,  0.0000  
 11.3800  , -0.0581  ,  0.3342  ,  0.6530  ,  1.5468  , -0.7116  ,  0.0548  ,  0.3524  ,  0.7488  ,  1.7019  , -0.5656  ,  0.0000  , 100.0000 ,  0.0000  ,  0.0000  ,  0.0000  ,  0.0000  ,  0.0000  , 100.0000 ,  0.0000  ,  0.0000  ,  0.0000  ,  0.0000  
 11.4000  , -0.0726  ,  0.3229  ,  0.6446  ,  1.5200  , -0.7669  ,  0.0388  ,  0.3378  ,  0.7515  ,  1.6870  , -0.6436  ,  0.0000  , 100.0000 ,  0.0000  ,  0.0000  ,  0.0000  ,  0.0000  ,  0.0000  , 100.0000 ,  0.0000  ,  0.0000  ,  0.0000  ,  0.0000  
 11.4200  , -0.0864  ,  0.3114  ,  0.6379  ,  1.4986  , -0.8492  ,  0.0224  ,  0.3243  ,  0.7518  ,  1.6590  , -0.7026  ,  0.0000  , 100.0000 ,  0.0000  ,  0.0000  ,  0.0000  ,  0.0000  ,  0.0000  , 100.0000 ,  0.0000  ,  0.0000  ,  0.0000  ,  0.0000  
 11.4400  , -0.1152  ,  0.2871  ,  0.6221  ,  1.4455  , -0.9063  , -0.0112  ,  0.2974  ,  0.7485  ,  1.5985  , -0.7285  ,  0.0000  , 100.0000 ,  0.0000  ,  0.0000  ,  0.0000  ,  0.0000  ,  0.0000  , 100.0000 ,  0.0000  ,  0.0000  ,  0.0000  ,  0.0000  
 11.4600  , -0.1290  ,  0.2761  ,  0.6140  ,  1.4171  , -1.0261  , -0.0248  ,  0.2850  ,  0.7653  ,  1.5467  , -0.7961  ,  0.0000  , 100.0000 ,  0.0000  ,  0.0000  ,  0.0000  ,  0.0000  ,  0.0000  , 100.0000 ,  0.0000  ,  0.0000  ,  0.0000  ,  0.0000  
 11.4800  , -0.1290  ,  0.2761  ,  0.6140  ,  1.4171  , -1.0653  , -0.0248  ,  0.2850  ,  0.7653  ,  1.5467  , -0.8421  ,  0.0000  , 100.0000 ,  0.0000  ,  0.0000  ,  0.0000  ,  0.0000  ,  0.0000  , 100.0000 ,  0.0000  ,  0.0000  ,  0.0000  ,  0.0000  
 11.5000  , -0.1604  ,  0.2568  ,  0.5931  ,  1.3302  , -1.0859  , -0.0562  ,  0.2591  ,  0.7582  ,  1.4465  , -0.8919  ,  0.0000  , 100.0000 ,  0.0000  ,  0.0000  ,  0.0000  ,  0.0000  ,  0.0000  , 100.0000 ,  0.0000  ,  0.0000  ,  0.0000  ,  0.0000  
 11.5200  , -0.1801  ,  0.2484  ,  0.5773  ,  1.3002  , -1.1223  , -0.0730  ,  0.2470  ,  0.7497  ,  1.3941  , -0.9261  ,  0.0000  , 100.0000 ,  0.0000  ,  0.0000  ,  0.0000  ,  0.0000  ,  0.0000  , 100.0000 ,  0.0000  ,  0.0000  ,  0.0000  ,  0.0000  
 11.5400  , -0.1895  ,  0.2449  ,  0.5641  ,  1.2638  , -1.2641  , -0.0811  ,  0.2417  ,  0.7425  ,  1.3519  , -0.9698  ,  0.0000  , 100.0000 ,  0.0000  ,  0.0000  ,  0.0000  ,  0.0000  ,  0.0000  , 100.0000 ,  0.0000  ,  0.0000  ,  0.0000  ,  0.0000  
 11.5600  , -0.2013  ,  0.2432  ,  0.5417  ,  1.1787  , -1.3435  , -0.0926  ,  0.2342  ,  0.7415  ,  1.2390  , -0.9806  ,  0.0000  , 100.0000 ,  0.0000  ,  0.0000  ,  0.0000  ,  0.0000  ,  0.0000  , 100.0000 ,  0.0000  ,  0.0000  ,  0.0000  ,  0.0000  
 11.5800  , -0.2042  ,  0.2430  ,  0.5278  ,  1.1405  , -1.5057  , -0.0957  ,  0.2321  ,  0.7330  ,  1.1923  , -1.0258  ,  0.0000  , 100.0000 ,  0.0000  ,  0.0000  ,  0.0000  ,  0.0000  ,  0.0000  , 100.0000 ,  0.0000  ,  0.0000  ,  0.0000  ,  0.0000  
 11.6000  , -0.2096  ,  0.2426  ,  0.5072  ,  1.0905  , -1.5167  , -0.1026  ,  0.2217  ,  0.7258  ,  1.1401  , -1.0723  ,  0.0000  , 100.0000 ,  0.0000  ,  0.0000  ,  0.0000  ,  0.0000  ,  0.0000  , 100.0000 ,  0.0000  ,  0.0000  ,  0.0000  ,  0.0000  
 11.6200  , -0.2036  ,  0.2477  ,  0.4826  ,  1.0029  , -1.5077  , -0.1043  ,  0.2145  ,  0.7127  ,  1.0655  , -1.1300  ,  0.0000  , 100.0000 ,  0.0000  ,  0.0000  ,  0.0000  ,  0.0000  ,  0.0000  , 100.0000 ,  0.0000  ,  0.0000  ,  0.0000  ,  0.0000  
 11.6400  , -0.1958  ,  0.2525  ,  0.4624  ,  0.9442  , -1.5158  , -0.1030  ,  0.2135  ,  0.6994  ,  1.0024  , -1.1679  ,  0.0000  , 100.0000 ,  0.0000  ,  0.0000  ,  0.0000  ,  0.0000  ,  0.0000  , 100.0000 ,  0.0000  ,  0.0000  ,  0.0000  ,  0.0000  
 11.6600  , -0.1875  ,  0.2570  ,  0.4443  ,  0.8964  , -1.6078  , -0.1008  ,  0.2154  ,  0.6873  ,  0.9626  , -1.1633  ,  0.0000  , 100.0000 ,  0.0000  ,  0.0000  ,  0.0000  ,  0.0000  ,  0.0000  , 100.0000 ,  0.0000  ,  0.0000  ,  0.0000  ,  0.0000  
 11.6800  , -0.1826  ,  0.2595  ,  0.4301  ,  0.8657  , -1.6602  , -0.0995  ,  0.2164  ,  0.6760  ,  0.9314  , -1.1693  ,  0.0000  , 100.0000 ,  0.0000  ,  0.0000  ,  0.0000  ,  0.0000  ,  0.0000  , 100.0000 ,  0.0000  ,  0.0000  ,  0.0000  ,  0.0000  
 11.7000  , -0.1631  ,  0.2651  ,  0.3758  ,  0.7712  , -1.6860  , -0.0951  ,  0.2138  ,  0.6495  ,  0.8359  , -1.1936  ,  0.0000  , 100.0000 ,  0.0000  ,  0.0000  ,  0.0000  ,  0.0000  ,  0.0000  , 100.0000 ,  0.0000  ,  0.0000  ,  0.0000  ,  0.0000  
 11.7200  , -0.1536  ,  0.2656  ,  0.3460  ,  0.7182  , -1.6778  , -0.0936  ,  0.2109  ,  0.6321  ,  0.7957  , -1.2730  ,  0.0000  , 100.0000 ,  0.0000  ,  0.0000  ,  0.0000  ,  0.0000  ,  0.0000  , 100.0000 ,  0.0000  ,  0.0000  ,  0.0000  ,  0.0000  
 11.7400  , -0.1448  ,  0.2650  ,  0.3175  ,  0.6735  , -1.6764  , -0.0924  ,  0.2076  ,  0.6091  ,  0.7555  , -1.2658  ,  0.0000  , 100.0000 ,  0.0000  ,  0.0000  ,  0.0000  ,  0.0000  ,  0.0000  , 100.0000 ,  0.0000  ,  0.0000  ,  0.0000  ,  0.0000  
 11.7600  , -0.1378  ,  0.2634  ,  0.2921  ,  0.6384  , -1.6840  , -0.0888  ,  0.2071  ,  0.5859  ,  0.7207  , -1.2485  ,  0.0000  , 100.0000 ,  0.0000  ,  0.0000  ,  0.0000  ,  0.0000  ,  0.0000  , 100.0000 ,  0.0000  ,  0.0000  ,  0.0000  ,  0.0000  
 11.7800  , -0.1275  ,  0.2600  ,  0.2256  ,  0.5919  , -1.7828  , -0.0834  ,  0.2036  ,  0.5165  ,  0.6794  , -1.2658  ,  0.0000  , 100.0000 ,  0.0000  ,  0.0000  ,  0.0000  ,  0.0000  ,  0.0000  , 100.0000 ,  0.0000  ,  0.0000  ,  0.0000  ,  0.0000  
 11.8000  , -0.1248  ,  0.2587  ,  0.2080  ,  0.5787  , -1.7997  , -0.0819  ,  0.2017  ,  0.5037  ,  0.6685  , -1.2751  ,  0.0000  , 100.0000 ,  0.0000  ,  0.0000  ,  0.0000  ,  0.0000  ,  0.0000  , 100.0000 ,  0.0000  ,  0.0000  ,  0.0000  ,  0.0000  
 11.8200  , -0.1198  ,  0.2554  ,  0.1542  ,  0.5515  , -1.7934  , -0.0790  ,  0.1964  ,  0.4695  ,  0.6456  , -1.2856  ,  0.0000  , 100.0000 ,  0.0000  ,  0.0000  ,  0.0000  ,  0.0000  ,  0.0000  , 100.0000 ,  0.0000  ,  0.0000  ,  0.0000  ,  0.0000  
 11.8400  , -0.1112  ,  0.2466  ,  0.0888  ,  0.5195  , -1.7666  , -0.0766  ,  0.1811  ,  0.4208  ,  0.6255  , -1.2919  ,  0.0000  , 100.0000 ,  0.0000  ,  0.0000  ,  0.0000  ,  0.0000  ,  0.0000  , 100.0000 ,  0.0000  ,  0.0000  ,  0.0000  ,  0.0000  
 11.8600  , -0.1089  ,  0.2435  ,  0.0701  ,  0.5136  , -1.7487  , -0.0789  ,  0.1748  ,  0.4139  ,  0.6284  , -1.2978  ,  0.0000  , 100.0000 ,  0.0000  ,  0.0000  ,  0.0000  ,  0.0000  ,  0.0000  , 100.0000 ,  0.0000  ,  0.0000  ,  0.0000  ,  0.0000  
 11.8800  , -0.1063  ,  0.2398  ,  0.0383  ,  0.5144  , -1.7391  , -0.0814  ,  0.1678  ,  0.3912  ,  0.6322  , -1.2917  ,  0.0000  , 100.0000 ,  0.0000  ,  0.0000  ,  0.0000  ,  0.0000  ,  0.0000  , 100.0000 ,  0.0000  ,  0.0000  ,  0.0000  ,  0.0000  
 11.9000  , -0.0976  ,  0.2303  , -0.0427  ,  0.5049  , -1.7186  , -0.0787  ,  0.1568  ,  0.3156  ,  0.6238  , -1.2875  ,  0.0000  , 100.0000 ,  0.0000  ,  0.0000  ,  0.0000  ,  0.0000  ,  0.0000  , 100.0000 ,  0.0000  ,  0.0000  ,  0.0000  ,  0.0000  
 11.9200  , -0.0948  ,  0.2246  , -0.0626  ,  0.5035  , -1.6950  , -0.0775  ,  0.1523  ,  0.2897  ,  0.6242  , -1.2927  ,  0.0000  , 100.0000 ,  0.0000  ,  0.0000  ,  0.0000  ,  0.0000  ,  0.0000  , 100.0000 ,  0.0000  ,  0.0000  ,  0.0000  ,  0.0000  
 11.9400  , -0.0923  ,  0.2195  , -0.0960  ,  0.5105  , -1.6694  , -0.0762  ,  0.1484  ,  0.2534  ,  0.6281  , -1.2978  ,  0.0000  , 100.0000 ,  0.0000  ,  0.0000  ,  0.0000  ,  0.0000  ,  0.0000  , 100.0000 ,  0.0000  ,  0.0000  ,  0.0000  ,  0.0000  
 11.9600  , -0.0857  ,  0.2117  , -0.1310  ,  0.5083  , -1.6478  , -0.0746  ,  0.1405  ,  0.2109  ,  0.6384  , -1.2948  ,  0.0000  , 100.0000 ,  0.0000  ,  0.0000  ,  0.0000  ,  0.0000  ,  0.0000  , 100.0000 ,  0.0000  ,  0.0000  ,  0.0000  ,  0.0000  
 11.9800  , -0.0838  ,  0.2096  , -0.1507  ,  0.5105  , -1.6054  , -0.0740  ,  0.1385  ,  0.1920  ,  0.6426  , -1.2763  ,  0.0000  , 100.0000 ,  0.0000  ,  0.0000  ,  0.0000  ,  0.0000  ,  0.0000  , 100.0000 ,  0.0000  ,  0.0000  ,  0.0000  ,  0.0000  
 12.0000  , -0.0761  ,  0.2010  , -0.2098  ,  0.5174  , -1.5760  , -0.0687  ,  0.1319  ,  0.1313  ,  0.6527  , -1.2731  ,  0.0000  , 100.0000 ,  0.0000  ,  0.0000  ,  0.0000  ,  0.0000  ,  0.0000  , 100.0000 ,  0.0000  ,  0.0000  ,  0.0000  ,  0.0000  
 12.0200  , -0.0712  ,  0.1974  , -0.2442  ,  0.5301  , -1.5541  , -0.0632  ,  0.1291  ,  0.0953  ,  0.6648  , -1.2738  ,  0.0000  , 100.0000 ,  0.0000  ,  0.0000  ,  0.0000  ,  0.0000  ,  0.0000  , 100.0000 ,  0.0000  ,  0.0000  ,  0.0000  ,  0.0000  
 12.0400  , -0.0689  ,  0.1957  , -0.2714  ,  0.5401  , -1.5233  , -0.0607  ,  0.1279  ,  0.0700  ,  0.6718  , -1.2730  ,  0.0000  , 100.0000 ,  0.0000  ,  0.0000  ,  0.0000  ,  0.0000  ,  0.0000  , 100.0000 ,  0.0000  ,  0.0000  ,  0.0000  ,  0.0000  
 12.0600  , -0.0631  ,  0.1903  , -0.3091  ,  0.5513  , -1.5383  , -0.0545  ,  0.1222  ,  0.0322  ,  0.6868  , -1.2709  ,  0.0000  , 100.0000 ,  0.0000  ,  0.0000  ,  0.0000  ,  0.0000  ,  0.0000  , 100.0000 ,  0.0000  ,  0.0000  ,  0.0000  ,  0.0000  
 12.0800  , -0.0607  ,  0.1876  , -0.3286  ,  0.5627  , -1.5409  , -0.0522  ,  0.1201  ,  0.0131  ,  0.6961  , -1.2667  ,  0.0000  , 100.0000 ,  0.0000  ,  0.0000  ,  0.0000  ,  0.0000  ,  0.0000  , 100.0000 ,  0.0000  ,  0.0000  ,  0.0000  ,  0.0000  
 12.1000  , -0.0577  ,  0.1837  , -0.3432  ,  0.5797  , -1.5452  , -0.0496  ,  0.1179  , -0.0131  ,  0.7119  , -1.2462  ,  0.0000  , 100.0000 ,  0.0000  ,  0.0000  ,  0.0000  ,  0.0000  ,  0.0000  , 100.0000 ,  0.0000  ,  0.0000  ,  0.0000  ,  0.0000  
 12.1200  , -0.0531  ,  0.1781  , -0.3590  ,  0.6007  , -1.5085  , -0.0443  ,  0.1157  , -0.0424  ,  0.7283  , -1.2311  ,  0.0000  , 100.0000 ,  0.0000  ,  0.0000  ,  0.0000  ,  0.0000  ,  0.0000  , 100.0000 ,  0.0000  ,  0.0000  ,  0.0000  ,  0.0000  
 12.1400  , -0.0483  ,  0.1740  , -0.3703  ,  0.6192  , -1.5085  , -0.0389  ,  0.1144  , -0.0676  ,  0.7457  , -1.2311  ,  0.0000  , 100.0000 ,  0.0000  ,  0.0000  ,  0.0000  ,  0.0000  ,  0.0000  , 100.0000 ,  0.0000  ,  0.0000  ,  0.0000  ,  0.0000  
 12.1600  , -0.0428  ,  0.1711  , -0.3805  ,  0.6368  , -1.4541  , -0.0329  ,  0.1137  , -0.0888  ,  0.7624  , -1.2296  ,  0.0000  , 100.0000 ,  0.0000  ,  0.0000  ,  0.0000  ,  0.0000  ,  0.0000  , 100.0000 ,  0.0000  ,  0.0000  ,  0.0000  ,  0.0000  
 12.1800  , -0.0371  ,  0.1693  , -0.3897  ,  0.6836  , -1.4446  , -0.0257  ,  0.1138  , -0.1209  ,  0.8064  , -1.2068  ,  0.0000  , 100.0000 ,  0.0000  ,  0.0000  ,  0.0000  ,  0.0000  ,  0.0000  , 100.0000 ,  0.0000  ,  0.0000  ,  0.0000  ,  0.0000  
 12.2000  , -0.0352  ,  0.1687  , -0.3921  ,  0.7108  , -1.4567  , -0.0229  ,  0.1141  , -0.1351  ,  0.8285  , -1.1730  ,  0.0000  , 100.0000 ,  0.0000  ,  0.0000  ,  0.0000  ,  0.0000  ,  0.0000  , 100.0000 ,  0.0000  ,  0.0000  ,  0.0000  ,  0.0000  
 12.2200  , -0.0291  ,  0.1694  , -0.4009  ,  0.7330  , -1.4657  , -0.0161  ,  0.1160  , -0.1553  ,  0.8506  , -1.1557  ,  0.0000  , 100.0000 ,  0.0000  ,  0.0000  ,  0.0000  ,  0.0000  ,  0.0000  , 100.0000 ,  0.0000  ,  0.0000  ,  0.0000  ,  0.0000  
 12.2400  , -0.0257  ,  0.1697  , -0.4051  ,  0.7521  , -1.4708  , -0.0121  ,  0.1171  , -0.1688  ,  0.8763  , -1.1608  ,  0.0000  , 100.0000 ,  0.0000  ,  0.0000  ,  0.0000  ,  0.0000  ,  0.0000  , 100.0000 ,  0.0000  ,  0.0000  ,  0.0000  ,  0.0000  
 12.2600  , -0.0199  ,  0.1724  , -0.4131  ,  0.8297  , -1.4430  , -0.0029  ,  0.1218  , -0.1990  ,  0.9516  , -1.1978  ,  0.0000  , 100.0000 ,  0.0000  ,  0.0000  ,  0.0000  ,  0.0000  ,  0.0000  , 100.0000 ,  0.0000  ,  0.0000  ,  0.0000  ,  0.0000  
 12.2800  , -0.0184  ,  0.1752  , -0.4152  ,  0.8614  , -1.4043  ,  0.0016  ,  0.1268  , -0.2162  ,  0.9822  , -1.2083  ,  0.0000  , 100.0000 ,  0.0000  ,  0.0000  ,  0.0000  ,  0.0000  ,  0.0000  , 100.0000 ,  0.0000  ,  0.0000  ,  0.0000  ,  0.0000  
 12.3000  , -0.0179  ,  0.1769  , -0.4104  ,  0.9051  , -1.4013  ,  0.0040  ,  0.1297  , -0.2263  ,  1.0233  , -1.2161  ,  0.0000  , 100.0000 ,  0.0000  ,  0.0000  ,  0.0000  ,  0.0000  ,  0.0000  , 100.0000 ,  0.0000  ,  0.0000  ,  0.0000  ,  0.0000  
 12.3200  , -0.0285  ,  0.1865  , -0.3972  ,  1.0061  , -1.4132  ,  0.0048  ,  0.1386  , -0.2469  ,  1.1065  , -1.2288  ,  0.0000  , 100.0000 ,  0.0000  ,  0.0000  ,  0.0000  ,  0.0000  ,  0.0000  , 100.0000 ,  0.0000  ,  0.0000  ,  0.0000  ,  0.0000  
 12.3400  , -0.0366  ,  0.1917  , -0.3885  ,  1.0505  , -1.4472  ,  0.0028  ,  0.1425  , -0.2529  ,  1.1348  , -1.2717  ,  0.0000  , 100.0000 ,  0.0000  ,  0.0000  ,  0.0000  ,  0.0000  ,  0.0000  , 100.0000 ,  0.0000  ,  0.0000  ,  0.0000  ,  0.0000  
 12.3600  , -0.0425  ,  0.1952  , -0.3836  ,  1.0813  , -1.4545  ,  0.0010  ,  0.1451  , -0.2562  ,  1.1611  , -1.2975  ,  0.0000  , 100.0000 ,  0.0000  ,  0.0000  ,  0.0000  ,  0.0000  ,  0.0000  , 100.0000 ,  0.0000  ,  0.0000  ,  0.0000  ,  0.0000  
 12.3800  , -0.0506  ,  0.2069  , -0.3704  ,  1.1861  , -1.4499  ,  0.0009  ,  0.1549  , -0.2688  ,  1.2337  , -1.2934  ,  0.0000  , 100.0000 ,  0.0000  ,  0.0000  ,  0.0000  ,  0.0000  ,  0.0000  , 100.0000 ,  0.0000  ,  0.0000  ,  0.0000  ,  0.0000  
 12.4000  , -0.0522  ,  0.2118  , -0.3605  ,  1.2405  , -1.4553  ,  0.0019  ,  0.1590  , -0.2733  ,  1.2673  , -1.3023  ,  0.0000  , 100.0000 ,  0.0000  ,  0.0000  ,  0.0000  ,  0.0000  ,  0.0000  , 100.0000 ,  0.0000  ,  0.0000  ,  0.0000  ,  0.0000  
 12.4200  , -0.0513  ,  0.2140  , -0.3602  ,  1.2506  , -1.4705  ,  0.0036  ,  0.1612  , -0.2768  ,  1.2748  , -1.3122  ,  0.0000  , 100.0000 ,  0.0000  ,  0.0000  ,  0.0000  ,  0.0000  ,  0.0000  , 100.0000 ,  0.0000  ,  0.0000  ,  0.0000  ,  0.0000  
 12.4400  , -0.0445  ,  0.2236  , -0.3466  ,  1.3353  , -1.4843  ,  0.0136  ,  0.1715  , -0.2939  ,  1.3024  , -1.3103  ,  0.0000  , 100.0000 ,  0.0000  ,  0.0000  ,  0.0000  ,  0.0000  ,  0.0000  , 100.0000 ,  0.0000  ,  0.0000  ,  0.0000  ,  0.0000  
 12.4600  , -0.0418  ,  0.2251  , -0.3402  ,  1.3655  , -1.4923  ,  0.0167  ,  0.1736  , -0.2974  ,  1.3104  , -1.3150  ,  0.0000  , 100.0000 ,  0.0000  ,  0.0000  ,  0.0000  ,  0.0000  ,  0.0000  , 100.0000 ,  0.0000  ,  0.0000  ,  0.0000  ,  0.0000  
 12.4800  , -0.0333  ,  0.2273  , -0.3314  ,  1.4106  , -1.5162  ,  0.0235  ,  0.1764  , -0.3036  ,  1.3203  , -1.3366  ,  0.0000  , 100.0000 ,  0.0000  ,  0.0000  ,  0.0000  ,  0.0000  ,  0.0000  , 100.0000 ,  0.0000  ,  0.0000  ,  0.0000  ,  0.0000  
 12.5000  , -0.0276  ,  0.2281  , -0.3274  ,  1.4369  , -1.5443  ,  0.0274  ,  0.1776  , -0.3084  ,  1.3201  , -1.3603  ,  0.0000  , 100.0000 ,  0.0000  ,  0.0000  ,  0.0000  ,  0.0000  ,  0.0000  , 100.0000 ,  0.0000  ,  0.0000  ,  0.0000  ,  0.0000  
 12.5200  , -0.0167  ,  0.2264  , -0.3197  ,  1.4630  , -1.5662  ,  0.0298  ,  0.1781  , -0.3109  ,  1.3222  , -1.3829  ,  0.0000  , 100.0000 ,  0.0000  ,  0.0000  ,  0.0000  ,  0.0000  ,  0.0000  , 100.0000 ,  0.0000  ,  0.0000  ,  0.0000  ,  0.0000  
 12.5400  , -0.0033  ,  0.2240  , -0.3066  ,  1.5052  , -1.5683  ,  0.0322  ,  0.1782  , -0.3140  ,  1.3168  , -1.3999  ,  0.0000  , 100.0000 ,  0.0000  ,  0.0000  ,  0.0000  ,  0.0000  ,  0.0000  , 100.0000 ,  0.0000  ,  0.0000  ,  0.0000  ,  0.0000  
 12.5600  , -0.0003  ,  0.2235  , -0.3036  ,  1.5152  , -1.5685  ,  0.0327  ,  0.1781  , -0.3146  ,  1.3132  , -1.4544  ,  0.0000  , 100.0000 ,  0.0000  ,  0.0000  ,  0.0000  ,  0.0000  ,  0.0000  , 100.0000 ,  0.0000  ,  0.0000  ,  0.0000  ,  0.0000  
 12.5800  ,  0.0118  ,  0.2201  , -0.2971  ,  1.5317  , -1.5788  ,  0.0351  ,  0.1785  , -0.3194  ,  1.2823  , -1.4888  ,  0.0000  , 100.0000 ,  0.0000  ,  0.0000  ,  0.0000  ,  0.0000  ,  0.0000  , 100.0000 ,  0.0000  ,  0.0000  ,  0.0000  ,  0.0000  
 12.6000  ,  0.0144  ,  0.2194  , -0.2952  ,  1.5379  , -1.5934  ,  0.0356  ,  0.1787  , -0.3204  ,  1.2706  , -1.5185  ,  0.0000  , 100.0000 ,  0.0000  ,  0.0000  ,  0.0000  ,  0.0000  ,  0.0000  , 100.0000 ,  0.0000  ,  0.0000  ,  0.0000  ,  0.0000  
 12.6200  ,  0.0217  ,  0.2169  , -0.2933  ,  1.5408  , -1.6204  ,  0.0374  ,  0.1785  , -0.3223  ,  1.2493  , -1.5619  ,  0.0000  , 100.0000 ,  0.0000  ,  0.0000  ,  0.0000  ,  0.0000  ,  0.0000  , 100.0000 ,  0.0000  ,  0.0000  ,  0.0000  ,  0.0000  
 12.6400  ,  0.0304  ,  0.2144  , -0.2915  ,  1.5432  , -1.6235  ,  0.0392  ,  0.1782  , -0.3245  ,  1.2155  , -1.5552  ,  0.0000  , 100.0000 ,  0.0000  ,  0.0000  ,  0.0000  ,  0.0000  ,  0.0000  , 100.0000 ,  0.0000  ,  0.0000  ,  0.0000  ,  0.0000  
 12.6600  ,  0.0396  ,  0.2126  , -0.2906  ,  1.5387  , -1.6471  ,  0.0405  ,  0.1778  , -0.3280  ,  1.1540  , -1.5852  ,  0.0000  , 100.0000 ,  0.0000  ,  0.0000  ,  0.0000  ,  0.0000  ,  0.0000  , 100.0000 ,  0.0000  ,  0.0000  ,  0.0000  ,  0.0000  
 12.6800  ,  0.0459  ,  0.2113  , -0.2898  ,  1.5355  , -1.6509  ,  0.0380  ,  0.1761  , -0.3266  ,  1.1099  , -1.5864  ,  0.0000  , 100.0000 ,  0.0000  ,  0.0000  ,  0.0000  ,  0.0000  ,  0.0000  , 100.0000 ,  0.0000  ,  0.0000  ,  0.0000  ,  0.0000  
 12.7000  ,  0.0500  ,  0.2105  , -0.2895  ,  1.5317  , -1.6438  ,  0.0345  ,  0.1741  , -0.3249  ,  1.0675  , -1.6085  ,  0.0000  , 100.0000 ,  0.0000  ,  0.0000  ,  0.0000  ,  0.0000  ,  0.0000  , 100.0000 ,  0.0000  ,  0.0000  ,  0.0000  ,  0.0000  
 12.7200  ,  0.0574  ,  0.2084  , -0.2895  ,  1.5209  , -1.6485  ,  0.0256  ,  0.1687  , -0.3169  ,  0.9900  , -1.6482  ,  0.0000  , 100.0000 ,  0.0000  ,  0.0000  ,  0.0000  ,  0.0000  ,  0.0000  , 100.0000 ,  0.0000  ,  0.0000  ,  0.0000  ,  0.0000  
 12.7400  ,  0.0620  ,  0.2066  , -0.2887  ,  1.5060  , -1.6533  ,  0.0167  ,  0.1643  , -0.3073  ,  0.9187  , -1.6731  ,  0.0000  , 100.0000 ,  0.0000  ,  0.0000  ,  0.0000  ,  0.0000  ,  0.0000  , 100.0000 ,  0.0000  ,  0.0000  ,  0.0000  ,  0.0000  
 12.7600  ,  0.0639  ,  0.2058  , -0.2888  ,  1.5016  , -1.6609  ,  0.0124  ,  0.1623  , -0.3015  ,  0.8899  , -1.7009  ,  0.0000  , 100.0000 ,  0.0000  ,  0.0000  ,  0.0000  ,  0.0000  ,  0.0000  , 100.0000 ,  0.0000  ,  0.0000  ,  0.0000  ,  0.0000  
 12.7800  ,  0.0669  ,  0.2029  , -0.2867  ,  1.4890  , -1.6552  , -0.0030  ,  0.1571  , -0.2818  ,  0.8282  , -1.7039  ,  0.0000  , 100.0000 ,  0.0000  ,  0.0000  ,  0.0000  ,  0.0000  ,  0.0000  , 100.0000 ,  0.0000  ,  0.0000  ,  0.0000  ,  0.0000  
 12.8000  ,  0.0681  ,  0.2011  , -0.2847  ,  1.4798  , -1.6532  , -0.0135  ,  0.1538  , -0.2689  ,  0.7816  , -1.7084  ,  0.0000  , 100.0000 ,  0.0000  ,  0.0000  ,  0.0000  ,  0.0000  ,  0.0000  , 100.0000 ,  0.0000  ,  0.0000  ,  0.0000  ,  0.0000  
 12.8200  ,  0.0670  ,  0.1999  , -0.2804  ,  1.4698  , -1.6532  , -0.0278  ,  0.1510  , -0.2547  ,  0.7367  , -1.7084  ,  0.0000  , 100.0000 ,  0.0000  ,  0.0000  ,  0.0000  ,  0.0000  ,  0.0000  , 100.0000 ,  0.0000  ,  0.0000  ,  0.0000  ,  0.0000  
 12.8400  ,  0.0652  ,  0.1989  , -0.2780  ,  1.4614  , -1.6557  , -0.0438  ,  0.1482  , -0.2357  ,  0.7057  , -1.7588  ,  0.0000  , 100.0000 ,  0.0000  ,  0.0000  ,  0.0000  ,  0.0000  ,  0.0000  , 100.0000 ,  0.0000  ,  0.0000  ,  0.0000  ,  0.0000  
 12.8600  ,  0.0627  ,  0.1981  , -0.2754  ,  1.4478  , -1.6615  , -0.0658  ,  0.1446  , -0.2075  ,  0.6791  , -1.7695  ,  0.0000  , 100.0000 ,  0.0000  ,  0.0000  ,  0.0000  ,  0.0000  ,  0.0000  , 100.0000 ,  0.0000  ,  0.0000  ,  0.0000  ,  0.0000  
 12.8800  ,  0.0591  ,  0.1969  , -0.2721  ,  1.4339  , -1.6788  , -0.0876  ,  0.1398  , -0.1754  ,  0.6600  , -1.7811  ,  0.0000  , 100.0000 ,  0.0000  ,  0.0000  ,  0.0000  ,  0.0000  ,  0.0000  , 100.0000 ,  0.0000  ,  0.0000  ,  0.0000  ,  0.0000  
 12.9000  ,  0.0571  ,  0.1962  , -0.2703  ,  1.4271  , -1.6855  , -0.0982  ,  0.1372  , -0.1588  ,  0.6482  , -1.7848  ,  0.0000  , 100.0000 ,  0.0000  ,  0.0000  ,  0.0000  ,  0.0000  ,  0.0000  , 100.0000 ,  0.0000  ,  0.0000  ,  0.0000  ,  0.0000  
 12.9200  ,  0.0518  ,  0.1937  , -0.2614  ,  1.3926  , -1.6944  , -0.1259  ,  0.1319  , -0.1177  ,  0.6320  , -1.7853  ,  0.0000  , 100.0000 ,  0.0000  ,  0.0000  ,  0.0000  ,  0.0000  ,  0.0000  , 100.0000 ,  0.0000  ,  0.0000  ,  0.0000  ,  0.0000  
 12.9400  ,  0.0509  ,  0.1933  , -0.2599  ,  1.3844  , -1.7148  , -0.1305  ,  0.1309  , -0.1105  ,  0.6291  , -1.7814  ,  0.0000  , 100.0000 ,  0.0000  ,  0.0000  ,  0.0000  ,  0.0000  ,  0.0000  , 100.0000 ,  0.0000  ,  0.0000  ,  0.0000  ,  0.0000  
 12.9600  ,  0.0479  ,  0.1921  , -0.2561  ,  1.3618  , -1.7218  , -0.1419  ,  0.1281  , -0.0916  ,  0.6289  , -1.7777  ,  0.0000  , 100.0000 ,  0.0000  ,  0.0000  ,  0.0000  ,  0.0000  ,  0.0000  , 100.0000 ,  0.0000  ,  0.0000  ,  0.0000  ,  0.0000  
 12.9800  ,  0.0433  ,  0.1910  , -0.2494  ,  1.3239  , -1.7254  , -0.1532  ,  0.1242  , -0.0719  ,  0.6383  , -1.7760  ,  0.0000  , 100.0000 ,  0.0000  ,  0.0000  ,  0.0000  ,  0.0000  ,  0.0000  , 100.0000 ,  0.0000  ,  0.0000  ,  0.0000  ,  0.0000  
 13.0000  ,  0.0411  ,  0.1906  , -0.2476  ,  1.2910  , -1.7372  , -0.1574  ,  0.1224  , -0.0627  ,  0.6447  , -1.7746  ,  0.0000  , 100.0000 ,  0.0000  ,  0.0000  ,  0.0000  ,  0.0000  ,  0.0000  , 100.0000 ,  0.0000  ,  0.0000  ,  0.0000  ,  0.0000  
 13.0200  ,  0.0384  ,  0.1905  , -0.2467  ,  1.2703  , -1.7440  , -0.1583  ,  0.1211  , -0.0579  ,  0.6485  , -1.7672  ,  0.0000  , 100.0000 ,  0.0000  ,  0.0000  ,  0.0000  ,  0.0000  ,  0.0000  , 100.0000 ,  0.0000  ,  0.0000  ,  0.0000  ,  0.0000  
 13.0400  ,  0.0306  ,  0.1905  , -0.2461  ,  1.1973  , -1.7594  , -0.1571  ,  0.1185  , -0.0538  ,  0.6730  , -1.7540  ,  0.0000  , 100.0000 ,  0.0000  ,  0.0000  ,  0.0000  ,  0.0000  ,  0.0000  , 100.0000 ,  0.0000  ,  0.0000  ,  0.0000  ,  0.0000  
 13.0600  ,  0.0289  ,  0.1906  , -0.2475  ,  1.1796  , -1.7694  , -0.1563  ,  0.1181  , -0.0519  ,  0.6809  , -1.7384  ,  0.0000  , 100.0000 ,  0.0000  ,  0.0000  ,  0.0000  ,  0.0000  ,  0.0000  , 100.0000 ,  0.0000  ,  0.0000  ,  0.0000  ,  0.0000  
 13.0800  ,  0.0225  ,  0.1896  , -0.2468  ,  1.1230  , -1.7711  , -0.1510  ,  0.1174  , -0.0573  ,  0.7036  , -1.7111  ,  0.0000  , 100.0000 ,  0.0000  ,  0.0000  ,  0.0000  ,  0.0000  ,  0.0000  , 100.0000 ,  0.0000  ,  0.0000  ,  0.0000  ,  0.0000  
 13.1000  ,  0.0149  ,  0.1879  , -0.2456  ,  1.0628  , -1.7774  , -0.1436  ,  0.1169  , -0.0656  ,  0.7371  , -1.6972  ,  0.0000  , 100.0000 ,  0.0000  ,  0.0000  ,  0.0000  ,  0.0000  ,  0.0000  , 100.0000 ,  0.0000  ,  0.0000  ,  0.0000  ,  0.0000  
 13.1200  ,  0.0066  ,  0.1872  , -0.2462  ,  1.0119  , -1.8100  , -0.1323  ,  0.1179  , -0.0769  ,  0.7547  , -1.6686  ,  0.0000  , 100.0000 ,  0.0000  ,  0.0000  ,  0.0000  ,  0.0000  ,  0.0000  , 100.0000 ,  0.0000  ,  0.0000  ,  0.0000  ,  0.0000  
 13.1400  ,  0.0026  ,  0.1869  , -0.2458  ,  0.9649  , -1.8411  , -0.1267  ,  0.1183  , -0.0850  ,  0.7823  , -1.6554  ,  0.0000  , 100.0000 ,  0.0000  ,  0.0000  ,  0.0000  ,  0.0000  ,  0.0000  , 100.0000 ,  0.0000  ,  0.0000  ,  0.0000  ,  0.0000  
 13.1600  , -0.0023  ,  0.1856  , -0.2532  ,  0.8775  , -1.9029  , -0.1052  ,  0.1206  , -0.1029  ,  0.8102  , -1.6285  ,  0.0000  , 100.0000 ,  0.0000  ,  0.0000  ,  0.0000  ,  0.0000  ,  0.0000  , 100.0000 ,  0.0000  ,  0.0000  ,  0.0000  ,  0.0000  
 13.1800  , -0.0031  ,  0.1846  , -0.2583  ,  0.8280  , -1.9513  , -0.0896  ,  0.1224  , -0.1149  ,  0.8267  , -1.5994  ,  0.0000  , 100.0000 ,  0.0000  ,  0.0000  ,  0.0000  ,  0.0000  ,  0.0000  , 100.0000 ,  0.0000  ,  0.0000  ,  0.0000  ,  0.0000  
 13.2000  , -0.0036  ,  0.1840  , -0.2638  ,  0.7844  , -1.9696  , -0.0799  ,  0.1235  , -0.1222  ,  0.8429  , -1.5843  ,  0.0000  , 100.0000 ,  0.0000  ,  0.0000  ,  0.0000  ,  0.0000  ,  0.0000  , 100.0000 ,  0.0000  ,  0.0000  ,  0.0000  ,  0.0000  
 13.2200  , -0.0038  ,  0.1830  , -0.2749  ,  0.7023  , -1.9861  , -0.0592  ,  0.1257  , -0.1338  ,  0.8567  , -1.5722  ,  0.0000  , 100.0000 ,  0.0000  ,  0.0000  ,  0.0000  ,  0.0000  ,  0.0000  , 100.0000 ,  0.0000  ,  0.0000  ,  0.0000  ,  0.0000  
 13.2400  , -0.0045  ,  0.1826  , -0.2900  ,  0.5991  , -2.0026  , -0.0378  ,  0.1276  , -0.1472  ,  0.8970  , -1.5630  ,  0.0000  , 100.0000 ,  0.0000  ,  0.0000  ,  0.0000  ,  0.0000  ,  0.0000  , 100.0000 ,  0.0000  ,  0.0000  ,  0.0000  ,  0.0000  
 13.2600  , -0.0069  ,  0.1840  , -0.3051  ,  0.5322  , -2.0461  , -0.0186  ,  0.1288  , -0.1570  ,  0.9266  , -1.5472  ,  0.0000  , 100.0000 ,  0.0000  ,  0.0000  ,  0.0000  ,  0.0000  ,  0.0000  , 100.0000 ,  0.0000  ,  0.0000  ,  0.0000  ,  0.0000  
 13.2800  , -0.0118  ,  0.1853  , -0.3143  ,  0.4921  , -2.1056  , -0.0063  ,  0.1294  , -0.1627  ,  0.9502  , -1.5352  ,  0.0000  , 100.0000 ,  0.0000  ,  0.0000  ,  0.0000  ,  0.0000  ,  0.0000  , 100.0000 ,  0.0000  ,  0.0000  ,  0.0000  ,  0.0000  
 13.3000  , -0.0302  ,  0.1889  , -0.3258  ,  0.4324  , -2.1145  ,  0.0160  ,  0.1317  , -0.1742  ,  0.9905  , -1.5344  ,  0.0000  , 100.0000 ,  0.0000  ,  0.0000  ,  0.0000  ,  0.0000  ,  0.0000  , 100.0000 ,  0.0000  ,  0.0000  ,  0.0000  ,  0.0000  
 13.3200  , -0.0456  ,  0.1919  , -0.3293  ,  0.4019  , -2.1025  ,  0.0297  ,  0.1350  , -0.1825  ,  1.0365  , -1.5284  ,  0.0000  , 100.0000 ,  0.0000  ,  0.0000  ,  0.0000  ,  0.0000  ,  0.0000  , 100.0000 ,  0.0000  ,  0.0000  ,  0.0000  ,  0.0000  
 13.3400  , -0.0712  ,  0.1941  , -0.3096  ,  0.3627  , -2.0915  ,  0.0480  ,  0.1421  , -0.1960  ,  1.1029  , -1.5217  ,  0.0000  , 100.0000 ,  0.0000  ,  0.0000  ,  0.0000  ,  0.0000  ,  0.0000  , 100.0000 ,  0.0000  ,  0.0000  ,  0.0000  ,  0.0000  
 13.3600  , -0.0784  ,  0.1945  , -0.2989  ,  0.3474  , -2.0718  ,  0.0535  ,  0.1444  , -0.1984  ,  1.1338  , -1.5077  ,  0.0000  , 100.0000 ,  0.0000  ,  0.0000  ,  0.0000  ,  0.0000  ,  0.0000  , 100.0000 ,  0.0000  ,  0.0000  ,  0.0000  ,  0.0000  
 13.3800  , -0.0897  ,  0.1952  , -0.2849  ,  0.3533  , -1.9903  ,  0.0586  ,  0.1475  , -0.2030  ,  1.1505  , -1.4752  ,  0.0000  , 100.0000 ,  0.0000  ,  0.0000  ,  0.0000  ,  0.0000  ,  0.0000  , 100.0000 ,  0.0000  ,  0.0000  ,  0.0000  ,  0.0000  
 13.4000  , -0.1136  ,  0.1968  , -0.2268  ,  0.3615  , -1.9587  ,  0.0674  ,  0.1558  , -0.2085  ,  1.2252  , -1.4798  ,  0.0000  , 100.0000 ,  0.0000  ,  0.0000  ,  0.0000  ,  0.0000  ,  0.0000  , 100.0000 ,  0.0000  ,  0.0000  ,  0.0000  ,  0.0000  
 13.4200  , -0.1200  ,  0.1972  , -0.2056  ,  0.3700  , -1.9475  ,  0.0689  ,  0.1587  , -0.2082  ,  1.2527  , -1.5412  ,  0.0000  , 100.0000 ,  0.0000  ,  0.0000  ,  0.0000  ,  0.0000  ,  0.0000  , 100.0000 ,  0.0000  ,  0.0000  ,  0.0000  ,  0.0000  
 13.4400  , -0.1282  ,  0.1977  , -0.1690  ,  0.3923  , -1.9700  ,  0.0734  ,  0.1637  , -0.2091  ,  1.2909  , -1.5655  ,  0.0000  , 100.0000 ,  0.0000  ,  0.0000  ,  0.0000  ,  0.0000  ,  0.0000  , 100.0000 ,  0.0000  ,  0.0000  ,  0.0000  ,  0.0000  
 13.4600  , -0.1326  ,  0.1991  , -0.1372  ,  0.4421  , -2.0476  ,  0.0809  ,  0.1712  , -0.2073  ,  1.3530  , -1.5978  ,  0.0000  , 100.0000 ,  0.0000  ,  0.0000  ,  0.0000  ,  0.0000  ,  0.0000  , 100.0000 ,  0.0000  ,  0.0000  ,  0.0000  ,  0.0000  
 13.4800  , -0.1315  ,  0.2003  , -0.1194  ,  0.4768  , -2.0673  ,  0.0847  ,  0.1751  , -0.2082  ,  1.3767  , -1.5882  ,  0.0000  , 100.0000 ,  0.0000  ,  0.0000  ,  0.0000  ,  0.0000  ,  0.0000  , 100.0000 ,  0.0000  ,  0.0000  ,  0.0000  ,  0.0000  
 13.5000  , -0.1310  ,  0.2007  , -0.1101  ,  0.5011  , -2.0687  ,  0.0865  ,  0.1768  , -0.2069  ,  1.3974  , -1.5953  ,  0.0000  , 100.0000 ,  0.0000  ,  0.0000  ,  0.0000  ,  0.0000  ,  0.0000  , 100.0000 ,  0.0000  ,  0.0000  ,  0.0000  ,  0.0000  
 13.5200  , -0.1129  ,  0.2104  , -0.1220  ,  0.5729  , -2.0339  ,  0.1068  ,  0.1848  , -0.2093  ,  1.4497  , -1.6568  ,  0.0000  , 100.0000 ,  0.0000  ,  0.0000  ,  0.0000  ,  0.0000  ,  0.0000  , 100.0000 ,  0.0000  ,  0.0000  ,  0.0000  ,  0.0000  
 13.5400  , -0.1004  ,  0.2150  , -0.1319  ,  0.6094  , -2.0339  ,  0.1218  ,  0.1874  , -0.2085  ,  1.4571  , -1.6568  ,  0.0000  , 100.0000 ,  0.0000  ,  0.0000  ,  0.0000  ,  0.0000  ,  0.0000  , 100.0000 ,  0.0000  ,  0.0000  ,  0.0000  ,  0.0000  
 13.5600  , -0.0873  ,  0.2197  , -0.1347  ,  0.6715  , -2.0072  ,  0.1370  ,  0.1897  , -0.2080  ,  1.4876  , -1.7365  ,  0.0000  , 100.0000 ,  0.0000  ,  0.0000  ,  0.0000  ,  0.0000  ,  0.0000  , 100.0000 ,  0.0000  ,  0.0000  ,  0.0000  ,  0.0000  
 13.5800  , -0.0615  ,  0.2239  , -0.1368  ,  0.7690  , -2.0220  ,  0.1659  ,  0.1954  , -0.2139  ,  1.5179  , -1.7432  ,  0.0000  , 100.0000 ,  0.0000  ,  0.0000  ,  0.0000  ,  0.0000  ,  0.0000  , 100.0000 ,  0.0000  ,  0.0000  ,  0.0000  ,  0.0000  
 13.6000  , -0.0494  ,  0.2261  , -0.1403  ,  0.8093  , -2.0823  ,  0.1795  ,  0.1996  , -0.2168  ,  1.5391  , -1.8634  ,  0.0000  , 100.0000 ,  0.0000  ,  0.0000  ,  0.0000  ,  0.0000  ,  0.0000  , 100.0000 ,  0.0000  ,  0.0000  ,  0.0000  ,  0.0000  
 13.6200  , -0.0164  ,  0.2321  , -0.1512  ,  0.9209  , -2.1125  ,  0.2164  ,  0.2142  , -0.2304  ,  1.5607  , -1.9155  ,  0.0000  , 100.0000 ,  0.0000  ,  0.0000  ,  0.0000  ,  0.0000  ,  0.0000  , 100.0000 ,  0.0000  ,  0.0000  ,  0.0000  ,  0.0000  
 13.6400  ,  0.0005  ,  0.2354  , -0.1584  ,  0.9564  , -2.1403  ,  0.2351  ,  0.2228  , -0.2408  ,  1.5599  , -1.9764  ,  0.0000  , 100.0000 ,  0.0000  ,  0.0000  ,  0.0000  ,  0.0000  ,  0.0000  , 100.0000 ,  0.0000  ,  0.0000  ,  0.0000  ,  0.0000  
 13.6600  ,  0.0253  ,  0.2399  , -0.1663  ,  1.0191  , -2.1974  ,  0.2613  ,  0.2345  , -0.2525  ,  1.5650  , -2.0914  ,  0.0000  , 100.0000 ,  0.0000  ,  0.0000  ,  0.0000  ,  0.0000  ,  0.0000  , 100.0000 ,  0.0000  ,  0.0000  ,  0.0000  ,  0.0000  
 13.6800  ,  0.0521  ,  0.2443  , -0.1738  ,  1.0838  , -2.2255  ,  0.2876  ,  0.2465  , -0.2626  ,  1.5746  , -2.1208  ,  0.0000  , 100.0000 ,  0.0000  ,  0.0000  ,  0.0000  ,  0.0000  ,  0.0000  , 100.0000 ,  0.0000  ,  0.0000  ,  0.0000  ,  0.0000  
 13.7000  ,  0.0800  ,  0.2513  , -0.1877  ,  1.1266  , -2.3187  ,  0.3159  ,  0.2555  , -0.2754  ,  1.5623  , -2.1740  ,  0.0000  , 100.0000 ,  0.0000  ,  0.0000  ,  0.0000  ,  0.0000  ,  0.0000  , 100.0000 ,  0.0000  ,  0.0000  ,  0.0000  ,  0.0000  
 13.7200  ,  0.0977  ,  0.2560  , -0.1958  ,  1.1588  , -2.3473  ,  0.3340  ,  0.2605  , -0.2831  ,  1.5529  , -2.1749  ,  0.0000  , 100.0000 ,  0.0000  ,  0.0000  ,  0.0000  ,  0.0000  ,  0.0000  , 100.0000 ,  0.0000  ,  0.0000  ,  0.0000  ,  0.0000  
 13.7400  ,  0.1746  ,  0.2687  , -0.2374  ,  1.1796  , -2.3726  ,  0.3994  ,  0.2667  , -0.3119  ,  1.4943  , -2.1774  ,  0.0000  , 100.0000 ,  0.0000  ,  0.0000  ,  0.0000  ,  0.0000  ,  0.0000  , 100.0000 ,  0.0000  ,  0.0000  ,  0.0000  ,  0.0000  
 13.7600  ,  0.1841  ,  0.2699  , -0.2414  ,  1.1859  , -2.4168  ,  0.4073  ,  0.2672  , -0.3150  ,  1.4859  , -2.1905  ,  0.0000  , 100.0000 ,  0.0000  ,  0.0000  ,  0.0000  ,  0.0000  ,  0.0000  , 100.0000 ,  0.0000  ,  0.0000  ,  0.0000  ,  0.0000  
 13.7800  ,  0.2545  ,  0.2763  , -0.2817  ,  1.1519  , -2.4352  ,  0.4555  ,  0.2657  , -0.3370  ,  1.4242  , -2.2116  ,  0.0000  , 100.0000 ,  0.0000  ,  0.0000  ,  0.0000  ,  0.0000  ,  0.0000  , 100.0000 ,  0.0000  ,  0.0000  ,  0.0000  ,  0.0000  
 13.8000  ,  0.3026  ,  0.2775  , -0.3053  ,  1.1398  , -2.4726  ,  0.4878  ,  0.2643  , -0.3520  ,  1.3800  , -2.2591  ,  0.0000  , 100.0000 ,  0.0000  ,  0.0000  ,  0.0000  ,  0.0000  ,  0.0000  , 100.0000 ,  0.0000  ,  0.0000  ,  0.0000  ,  0.0000  
 13.8200  ,  0.3841  ,  0.2734  , -0.3437  ,  1.0999  , -2.4847  ,  0.5427  ,  0.2610  , -0.3801  ,  1.3040  , -2.2982  ,  0.0000  , 100.0000 ,  0.0000  ,  0.0000  ,  0.0000  ,  0.0000  ,  0.0000  , 100.0000 ,  0.0000  ,  0.0000  ,  0.0000  ,  0.0000  
 13.8400  ,  0.4129  ,  0.2716  , -0.3600  ,  1.0795  , -2.5032  ,  0.5618  ,  0.2613  , -0.3916  ,  1.2800  , -2.3209  ,  0.0000  , 100.0000 ,  0.0000  ,  0.0000  ,  0.0000  ,  0.0000  ,  0.0000  , 100.0000 ,  0.0000  ,  0.0000  ,  0.0000  ,  0.0000  
 13.8600  ,  0.4482  ,  0.2681  , -0.3746  ,  1.0462  , -2.5330  ,  0.5855  ,  0.2615  , -0.4082  ,  1.2538  , -2.2970  ,  0.0000  , 100.0000 ,  0.0000  ,  0.0000  ,  0.0000  ,  0.0000  ,  0.0000  , 100.0000 ,  0.0000  ,  0.0000  ,  0.0000  ,  0.0000  
 13.8800  ,  0.4940  ,  0.2637  , -0.3969  ,  1.0288  , -2.5376  ,  0.6139  ,  0.2621  , -0.4209  ,  1.2206  , -2.2386  ,  0.0000  , 100.0000 ,  0.0000  ,  0.0000  ,  0.0000  ,  0.0000  ,  0.0000  , 100.0000 ,  0.0000  ,  0.0000  ,  0.0000  ,  0.0000  
 13.9000  ,  0.5173  ,  0.2625  , -0.4094  ,  1.0281  , -2.5224  ,  0.6248  ,  0.2605  , -0.4184  ,  1.2139  , -2.2103  ,  0.0000  , 100.0000 ,  0.0000  ,  0.0000  ,  0.0000  ,  0.0000  ,  0.0000  , 100.0000 ,  0.0000  ,  0.0000  ,  0.0000  ,  0.0000  
 13.9200  ,  0.5315  ,  0.2645  , -0.4208  ,  1.0351  , -2.4968  ,  0.6255  ,  0.2553  , -0.4048  ,  1.2203  , -2.1157  ,  0.0000  , 100.0000 ,  0.0000  ,  0.0000  ,  0.0000  ,  0.0000  ,  0.0000  , 100.0000 ,  0.0000  ,  0.0000  ,  0.0000  ,  0.0000  
 13.9400  ,  0.5333  ,  0.2662  , -0.4263  ,  1.0673  , -2.4920  ,  0.6223  ,  0.2530  , -0.3941  ,  1.2298  , -2.1213  ,  0.0000  , 100.0000 ,  0.0000  ,  0.0000  ,  0.0000  ,  0.0000  ,  0.0000  , 100.0000 ,  0.0000  ,  0.0000  ,  0.0000  ,  0.0000  
 13.9600  ,  0.5294  ,  0.2740  , -0.4245  ,  1.1263  , -2.5332  ,  0.6098  ,  0.2513  , -0.3630  ,  1.2781  , -2.1592  ,  0.0000  , 100.0000 ,  0.0000  ,  0.0000  ,  0.0000  ,  0.0000  ,  0.0000  , 100.0000 ,  0.0000  ,  0.0000  ,  0.0000  ,  0.0000  
 13.9800  ,  0.5157  ,  0.2825  , -0.4195  ,  1.1726  , -2.5332  ,  0.5981  ,  0.2551  , -0.3511  ,  1.3107  , -2.1592  ,  0.0000  , 100.0000 ,  0.0000  ,  0.0000  ,  0.0000  ,  0.0000  ,  0.0000  , 100.0000 ,  0.0000  ,  0.0000  ,  0.0000  ,  0.0000  
 14.0000  ,  0.4866  ,  0.2998  , -0.4114  ,  1.2449  , -2.5767  ,  0.5733  ,  0.2664  , -0.3366  ,  1.3674  , -2.1338  ,  0.0000  , 100.0000 ,  0.0000  ,  0.0000  ,  0.0000  ,  0.0000  ,  0.0000  , 100.0000 ,  0.0000  ,  0.0000  ,  0.0000  ,  0.0000  
 14.0200  ,  0.4253  ,  0.3315  , -0.3934  ,  1.3680  , -2.5709  ,  0.5198  ,  0.2905  , -0.3149  ,  1.4765  , -2.1110  ,  0.0000  , 100.0000 ,  0.0000  ,  0.0000  ,  0.0000  ,  0.0000  ,  0.0000  , 100.0000 ,  0.0000  ,  0.0000  ,  0.0000  ,  0.0000  
 14.0400  ,  0.3761  ,  0.3517  , -0.3738  ,  1.4494  , -2.5747  ,  0.4760  ,  0.3079  , -0.2970  ,  1.5476  , -2.1394  ,  0.0000  , 100.0000 ,  0.0000  ,  0.0000  ,  0.0000  ,  0.0000  ,  0.0000  , 100.0000 ,  0.0000  ,  0.0000  ,  0.0000  ,  0.0000  
 14.0600  ,  0.3460  ,  0.3628  , -0.3598  ,  1.5077  , -2.5913  ,  0.4486  ,  0.3178  , -0.2840  ,  1.5968  , -2.1858  ,  0.0000  , 100.0000 ,  0.0000  ,  0.0000  ,  0.0000  ,  0.0000  ,  0.0000  , 100.0000 ,  0.0000  ,  0.0000  ,  0.0000  ,  0.0000  
 14.0800  ,  0.2609  ,  0.3892  , -0.3232  ,  1.6343  , -2.5929  ,  0.3476  ,  0.3491  , -0.2445  ,  1.7322  , -2.1950  ,  0.0000  , 100.0000 ,  0.0000  ,  0.0000  ,  0.0000  ,  0.0000  ,  0.0000  , 100.0000 ,  0.0000  ,  0.0000  ,  0.0000  ,  0.0000  
 14.1000  ,  0.2251  ,  0.4004  , -0.3090  ,  1.6904  , -2.6609  ,  0.2989  ,  0.3667  , -0.2290  ,  1.7941  , -2.2152  ,  0.0000  , 100.0000 ,  0.0000  ,  0.0000  ,  0.0000  ,  0.0000  ,  0.0000  , 100.0000 ,  0.0000  ,  0.0000  ,  0.0000  ,  0.0000  
 14.1200  ,  0.2028  ,  0.4072  , -0.3017  ,  1.7258  , -2.7050  ,  0.2671  ,  0.3782  , -0.2204  ,  1.8343  , -2.1961  ,  0.0000  , 100.0000 ,  0.0000  ,  0.0000  ,  0.0000  ,  0.0000  ,  0.0000  , 100.0000 ,  0.0000  ,  0.0000  ,  0.0000  ,  0.0000  
 14.1400  ,  0.1496  ,  0.4203  , -0.2841  ,  1.7892  , -2.6908  ,  0.2005  ,  0.4000  , -0.2043  ,  1.8968  , -2.1924  ,  0.0000  , 100.0000 ,  0.0000  ,  0.0000  ,  0.0000  ,  0.0000  ,  0.0000  , 100.0000 ,  0.0000  ,  0.0000  ,  0.0000  ,  0.0000  
 14.1600  ,  0.1105  ,  0.4290  , -0.2763  ,  1.8289  , -2.6747  ,  0.1598  ,  0.4091  , -0.1979  ,  1.9320  , -2.2081  ,  0.0000  , 100.0000 ,  0.0000  ,  0.0000  ,  0.0000  ,  0.0000  ,  0.0000  , 100.0000 ,  0.0000  ,  0.0000  ,  0.0000  ,  0.0000  
 14.1800  ,  0.0249  ,  0.4466  , -0.2678  ,  1.8878  , -2.6409  ,  0.0843  ,  0.4187  , -0.1896  ,  1.9737  , -2.2095  ,  0.0000  , 100.0000 ,  0.0000  ,  0.0000  ,  0.0000  ,  0.0000  ,  0.0000  , 100.0000 ,  0.0000  ,  0.0000  ,  0.0000  ,  0.0000  
 14.2000  , -0.0356  ,  0.4545  , -0.2483  ,  1.9167  , -2.6348  ,  0.0209  ,  0.4182  , -0.1668  ,  2.0027  , -2.1881  ,  0.0000  , 100.0000 ,  0.0000  ,  0.0000  ,  0.0000  ,  0.0000  ,  0.0000  , 100.0000 ,  0.0000  ,  0.0000  ,  0.0000  ,  0.0000  
 14.2200  , -0.1240  ,  0.4579  , -0.2196  ,  1.9537  , -2.6358  , -0.0682  ,  0.4101  , -0.1428  ,  2.0347  , -2.1513  ,  0.0000  , 100.0000 ,  0.0000  ,  0.0000  ,  0.0000  ,  0.0000  ,  0.0000  , 100.0000 ,  0.0000  ,  0.0000  ,  0.0000  ,  0.0000  
 14.2400  , -0.1632  ,  0.4563  , -0.2044  ,  1.9689  , -2.5982  , -0.1069  ,  0.4039  , -0.1309  ,  2.0471  , -2.0682  ,  0.0000  , 100.0000 ,  0.0000  ,  0.0000  ,  0.0000  ,  0.0000  ,  0.0000  , 100.0000 ,  0.0000  ,  0.0000  ,  0.0000  ,  0.0000  
 14.2600  , -0.1968  ,  0.4542  , -0.2003  ,  1.9823  , -2.5867  , -0.1389  ,  0.3982  , -0.1303  ,  2.0521  , -2.0726  ,  0.0000  , 100.0000 ,  0.0000  ,  0.0000  ,  0.0000  ,  0.0000  ,  0.0000  , 100.0000 ,  0.0000  ,  0.0000  ,  0.0000  ,  0.0000  
 14.2800  , -0.2568  ,  0.4455  , -0.1825  ,  2.0037  , -2.5932  , -0.2025  ,  0.3731  , -0.1141  ,  2.0651  , -2.1058  ,  0.0000  , 100.0000 ,  0.0000  ,  0.0000  ,  0.0000  ,  0.0000  ,  0.0000  , 100.0000 ,  0.0000  ,  0.0000  ,  0.0000  ,  0.0000  
 14.3000  , -0.2849  ,  0.4383  , -0.1747  ,  2.0150  , -2.6247  , -0.2334  ,  0.3618  , -0.1098  ,  2.0708  , -2.1228  ,  0.0000  , 100.0000 ,  0.0000  ,  0.0000  ,  0.0000  ,  0.0000  ,  0.0000  , 100.0000 ,  0.0000  ,  0.0000  ,  0.0000  ,  0.0000  
 14.3200  , -0.3159  ,  0.4293  , -0.1676  ,  2.0377  , -2.6738  , -0.2685  ,  0.3510  , -0.1066  ,  2.0834  , -2.1458  ,  0.0000  , 100.0000 ,  0.0000  ,  0.0000  ,  0.0000  ,  0.0000  ,  0.0000  , 100.0000 ,  0.0000  ,  0.0000  ,  0.0000  ,  0.0000  
 14.3400  , -0.3228  ,  0.4282  , -0.1668  ,  2.0441  , -2.6879  , -0.2778  ,  0.3497  , -0.1057  ,  2.0875  , -2.1578  ,  0.0000  , 100.0000 ,  0.0000  ,  0.0000  ,  0.0000  ,  0.0000  ,  0.0000  , 100.0000 ,  0.0000  ,  0.0000  ,  0.0000  ,  0.0000  
 14.3600  , -0.3244  ,  0.4280  , -0.1670  ,  2.0467  , -2.6879  , -0.2801  ,  0.3494  , -0.1051  ,  2.0889  , -2.1578  ,  0.0000  , 100.0000 ,  0.0000  ,  0.0000  ,  0.0000  ,  0.0000  ,  0.0000  , 100.0000 ,  0.0000  ,  0.0000  ,  0.0000  ,  0.0000  
 14.3800  , -0.3222  ,  0.4336  , -0.1701  ,  2.0589  , -2.7006  , -0.2749  ,  0.3554  , -0.1043  ,  2.0919  , -2.1882  ,  0.0000  , 100.0000 ,  0.0000  ,  0.0000  ,  0.0000  ,  0.0000  ,  0.0000  , 100.0000 ,  0.0000  ,  0.0000  ,  0.0000  ,  0.0000  
 14.4000  , -0.3077  ,  0.4387  , -0.1744  ,  2.0668  , -2.7189  , -0.2570  ,  0.3631  , -0.1047  ,  2.0888  , -2.2030  ,  0.0000  , 100.0000 ,  0.0000  ,  0.0000  ,  0.0000  ,  0.0000  ,  0.0000  , 100.0000 ,  0.0000  ,  0.0000  ,  0.0000  ,  0.0000  
 14.4200  , -0.3032  ,  0.4404  , -0.1752  ,  2.0671  , -2.7972  , -0.2515  ,  0.3653  , -0.1035  ,  2.0883  , -2.2626  ,  0.0000  , 100.0000 ,  0.0000  ,  0.0000  ,  0.0000  ,  0.0000  ,  0.0000  , 100.0000 ,  0.0000  ,  0.0000  ,  0.0000  ,  0.0000  
 14.4400  , -0.2745  ,  0.4478  , -0.1855  ,  2.0597  , -2.8229  , -0.2233  ,  0.3735  , -0.1085  ,  2.0789  , -2.2866  ,  0.0000  , 100.0000 ,  0.0000  ,  0.0000  ,  0.0000  ,  0.0000  ,  0.0000  , 100.0000 ,  0.0000  ,  0.0000  ,  0.0000  ,  0.0000  
 14.4600  , -0.2383  ,  0.4555  , -0.1924  ,  2.0470  , -2.8388  , -0.1892  ,  0.3831  , -0.1142  ,  2.0655  , -2.3032  ,  0.0000  , 100.0000 ,  0.0000  ,  0.0000  ,  0.0000  ,  0.0000  ,  0.0000  , 100.0000 ,  0.0000  ,  0.0000  ,  0.0000  ,  0.0000  
 14.4800  , -0.2205  ,  0.4584  , -0.1997  ,  2.0385  , -2.8389  , -0.1730  ,  0.3883  , -0.1190  ,  2.0583  , -2.3168  ,  0.0000  , 100.0000 ,  0.0000  ,  0.0000  ,  0.0000  ,  0.0000  ,  0.0000  , 100.0000 ,  0.0000  ,  0.0000  ,  0.0000  ,  0.0000  
 14.5000  , -0.1695  ,  0.4641  , -0.2178  ,  2.0121  , -2.8108  , -0.1289  ,  0.4000  , -0.1351  ,  2.0361  , -2.3556  ,  0.0000  , 100.0000 ,  0.0000  ,  0.0000  ,  0.0000  ,  0.0000  ,  0.0000  , 100.0000 ,  0.0000  ,  0.0000  ,  0.0000  ,  0.0000  
 14.5200  , -0.0900  ,  0.4656  , -0.2500  ,  1.9657  , -2.8032  , -0.0606  ,  0.4138  , -0.1622  ,  1.9965  , -2.3821  ,  0.0000  , 100.0000 ,  0.0000  ,  0.0000  ,  0.0000  ,  0.0000  ,  0.0000  , 100.0000 ,  0.0000  ,  0.0000  ,  0.0000  ,  0.0000  
 14.5400  , -0.0199  ,  0.4587  , -0.2780  ,  1.9201  , -2.8217  ,  0.0013  ,  0.4229  , -0.1912  ,  1.9568  , -2.4120  ,  0.0000  , 100.0000 ,  0.0000  ,  0.0000  ,  0.0000  ,  0.0000  ,  0.0000  , 100.0000 ,  0.0000  ,  0.0000  ,  0.0000  ,  0.0000  
 14.5600  ,  0.0086  ,  0.4548  , -0.2862  ,  1.8980  , -2.8313  ,  0.0275  ,  0.4259  , -0.2027  ,  1.9368  , -2.4246  ,  0.0000  , 100.0000 ,  0.0000  ,  0.0000  ,  0.0000  ,  0.0000  ,  0.0000  , 100.0000 ,  0.0000  ,  0.0000  ,  0.0000  ,  0.0000  
 14.5800  ,  0.1267  ,  0.4370  , -0.3365  ,  1.8131  , -2.8756  ,  0.1393  ,  0.4299  , -0.2616  ,  1.8578  , -2.4310  ,  0.0000  , 100.0000 ,  0.0000  ,  0.0000  ,  0.0000  ,  0.0000  ,  0.0000  , 100.0000 ,  0.0000  ,  0.0000  ,  0.0000  ,  0.0000  
 14.6000  ,  0.2077  ,  0.4209  , -0.3732  ,  1.7472  , -2.8930  ,  0.2139  ,  0.4215  , -0.2981  ,  1.7977  , -2.4430  ,  0.0000  , 100.0000 ,  0.0000  ,  0.0000  ,  0.0000  ,  0.0000  ,  0.0000  , 100.0000 ,  0.0000  ,  0.0000  ,  0.0000  ,  0.0000  
 14.6200  ,  0.2579  ,  0.4085  , -0.3931  ,  1.6995  , -2.9086  ,  0.2622  ,  0.4138  , -0.3211  ,  1.7527  , -2.4803  ,  0.0000  , 100.0000 ,  0.0000  ,  0.0000  ,  0.0000  ,  0.0000  ,  0.0000  , 100.0000 ,  0.0000  ,  0.0000  ,  0.0000  ,  0.0000  
 14.6400  ,  0.3444  ,  0.3770  , -0.4274  ,  1.6094  , -2.8977  ,  0.3472  ,  0.3852  , -0.3567  ,  1.6699  , -2.5156  ,  0.0000  , 100.0000 ,  0.0000  ,  0.0000  ,  0.0000  ,  0.0000  ,  0.0000  , 100.0000 ,  0.0000  ,  0.0000  ,  0.0000  ,  0.0000  
 14.6600  ,  0.3976  ,  0.3520  , -0.4463  ,  1.5440  , -2.8863  ,  0.4025  ,  0.3597  , -0.3745  ,  1.6039  , -2.5118  ,  0.0000  , 100.0000 ,  0.0000  ,  0.0000  ,  0.0000  ,  0.0000  ,  0.0000  , 100.0000 ,  0.0000  ,  0.0000  ,  0.0000  ,  0.0000  
 14.6800  ,  0.4130  ,  0.3445  , -0.4512  ,  1.5213  , -2.9122  ,  0.4186  ,  0.3519  , -0.3794  ,  1.5840  , -2.4834  ,  0.0000  , 100.0000 ,  0.0000  ,  0.0000  ,  0.0000  ,  0.0000  ,  0.0000  , 100.0000 ,  0.0000  ,  0.0000  ,  0.0000  ,  0.0000  
 14.7000  ,  0.4918  ,  0.3124  , -0.4837  ,  1.4106  , -2.9491  ,  0.4851  ,  0.3190  , -0.3980  ,  1.4919  , -2.4452  ,  0.0000  , 100.0000 ,  0.0000  ,  0.0000  ,  0.0000  ,  0.0000  ,  0.0000  , 100.0000 ,  0.0000  ,  0.0000  ,  0.0000  ,  0.0000  
 14.7200  ,  0.5194  ,  0.3026  , -0.4987  ,  1.3737  , -2.9477  ,  0.5060  ,  0.3086  , -0.4045  ,  1.4705  , -2.4670  ,  0.0000  , 100.0000 ,  0.0000  ,  0.0000  ,  0.0000  ,  0.0000  ,  0.0000  , 100.0000 ,  0.0000  ,  0.0000  ,  0.0000  ,  0.0000  
 14.7400  ,  0.5622  ,  0.2862  , -0.5205  ,  1.3093  , -2.9330  ,  0.5379  ,  0.2925  , -0.4128  ,  1.4221  , -2.5045  ,  0.0000  , 100.0000 ,  0.0000  ,  0.0000  ,  0.0000  ,  0.0000  ,  0.0000  , 100.0000 ,  0.0000  ,  0.0000  ,  0.0000  ,  0.0000  
 14.7600  ,  0.5769  ,  0.2799  , -0.5278  ,  1.2802  , -2.9330  ,  0.5490  ,  0.2870  , -0.4164  ,  1.3999  , -2.5045  ,  0.0000  , 100.0000 ,  0.0000  ,  0.0000  ,  0.0000  ,  0.0000  ,  0.0000  , 100.0000 ,  0.0000  ,  0.0000  ,  0.0000  ,  0.0000  
 14.7800  ,  0.6252  ,  0.2614  , -0.5545  ,  1.1990  , -2.9457  ,  0.5870  ,  0.2708  , -0.4298  ,  1.3399  , -2.5095  ,  0.0000  , 100.0000 ,  0.0000  ,  0.0000  ,  0.0000  ,  0.0000  ,  0.0000  , 100.0000 ,  0.0000  ,  0.0000  ,  0.0000  ,  0.0000  
 14.8000  ,  0.6462  ,  0.2526  , -0.5658  ,  1.1623  , -2.9511  ,  0.6043  ,  0.2630  , -0.4355  ,  1.3113  , -2.4966  ,  0.0000  , 100.0000 ,  0.0000  ,  0.0000  ,  0.0000  ,  0.0000  ,  0.0000  , 100.0000 ,  0.0000  ,  0.0000  ,  0.0000  ,  0.0000  
 14.8200  ,  0.6908  ,  0.2334  , -0.5938  ,  1.0809  , -2.9396  ,  0.6419  ,  0.2440  , -0.4524  ,  1.2506  , -2.4982  ,  0.0000  , 100.0000 ,  0.0000  ,  0.0000  ,  0.0000  ,  0.0000  ,  0.0000  , 100.0000 ,  0.0000  ,  0.0000  ,  0.0000  ,  0.0000  
 14.8400  ,  0.7032  ,  0.2295  , -0.6035  ,  1.0560  , -2.9235  ,  0.6523  ,  0.2375  , -0.4543  ,  1.2298  , -2.4997  ,  0.0000  , 100.0000 ,  0.0000  ,  0.0000  ,  0.0000  ,  0.0000  ,  0.0000  , 100.0000 ,  0.0000  ,  0.0000  ,  0.0000  ,  0.0000  
 14.8600  ,  0.7133  ,  0.2270  , -0.6129  ,  1.0343  , -2.9047  ,  0.6616  ,  0.2323  , -0.4562  ,  1.2121  , -2.4967  ,  0.0000  , 100.0000 ,  0.0000  ,  0.0000  ,  0.0000  ,  0.0000  ,  0.0000  , 100.0000 ,  0.0000  ,  0.0000  ,  0.0000  ,  0.0000  
 14.8800  ,  0.7180  ,  0.2278  , -0.6236  ,  1.0261  , -2.8658  ,  0.6676  ,  0.2284  , -0.4577  ,  1.2002  , -2.4668  ,  0.0000  , 100.0000 ,  0.0000  ,  0.0000  ,  0.0000  ,  0.0000  ,  0.0000  , 100.0000 ,  0.0000  ,  0.0000  ,  0.0000  ,  0.0000  
 14.9000  ,  0.7146  ,  0.2317  , -0.6254  ,  1.0296  , -2.8691  ,  0.6667  ,  0.2272  , -0.4542  ,  1.1999  , -2.4564  ,  0.0000  , 100.0000 ,  0.0000  ,  0.0000  ,  0.0000  ,  0.0000  ,  0.0000  , 100.0000 ,  0.0000  ,  0.0000  ,  0.0000  ,  0.0000  
 14.9200  ,  0.7093  ,  0.2360  , -0.6245  ,  1.0385  , -2.8782  ,  0.6629  ,  0.2272  , -0.4488  ,  1.2053  , -2.4486  ,  0.0000  , 100.0000 ,  0.0000  ,  0.0000  ,  0.0000  ,  0.0000  ,  0.0000  , 100.0000 ,  0.0000  ,  0.0000  ,  0.0000  ,  0.0000  
 14.9400  ,  0.6970  ,  0.2450  , -0.6194  ,  1.0631  , -2.8818  ,  0.6525  ,  0.2283  , -0.4352  ,  1.2227  , -2.4403  ,  0.0000  , 100.0000 ,  0.0000  ,  0.0000  ,  0.0000  ,  0.0000  ,  0.0000  , 100.0000 ,  0.0000  ,  0.0000  ,  0.0000  ,  0.0000  
 14.9600  ,  0.6789  ,  0.2528  , -0.6101  ,  1.1015  , -2.8755  ,  0.6388  ,  0.2313  , -0.4248  ,  1.2335  , -2.3860  ,  0.0000  , 100.0000 ,  0.0000  ,  0.0000  ,  0.0000  ,  0.0000  ,  0.0000  , 100.0000 ,  0.0000  ,  0.0000  ,  0.0000  ,  0.0000  
 14.9800  ,  0.6649  ,  0.2587  , -0.6006  ,  1.1277  , -2.8644  ,  0.6284  ,  0.2335  , -0.4149  ,  1.2514  , -2.3653  ,  0.0000  , 100.0000 ,  0.0000  ,  0.0000  ,  0.0000  ,  0.0000  ,  0.0000  , 100.0000 ,  0.0000  ,  0.0000  ,  0.0000  ,  0.0000  
 15.0000  ,  0.6236  ,  0.2797  , -0.5784  ,  1.2030  , -2.8512  ,  0.5950  ,  0.2402  , -0.3892  ,  1.3071  , -2.3571  ,  0.0000  , 100.0000 ,  0.0000  ,  0.0000  ,  0.0000  ,  0.0000  ,  0.0000  , 100.0000 ,  0.0000  ,  0.0000  ,  0.0000  ,  0.0000  
 15.0200  ,  0.5897  ,  0.2973  , -0.5608  ,  1.2631  , -2.8218  ,  0.5657  ,  0.2477  , -0.3708  ,  1.3559  , -2.3221  ,  0.0000  , 100.0000 ,  0.0000  ,  0.0000  ,  0.0000  ,  0.0000  ,  0.0000  , 100.0000 ,  0.0000  ,  0.0000  ,  0.0000  ,  0.0000  
 15.0400  ,  0.5651  ,  0.3095  , -0.5491  ,  1.3066  , -2.8148  ,  0.5441  ,  0.2533  , -0.3539  ,  1.3908  , -2.2977  ,  0.0000  , 100.0000 ,  0.0000  ,  0.0000  ,  0.0000  ,  0.0000  ,  0.0000  , 100.0000 ,  0.0000  ,  0.0000  ,  0.0000  ,  0.0000  
 15.0600  ,  0.4855  ,  0.3470  , -0.5098  ,  1.4289  , -2.8072  ,  0.4742  ,  0.2750  , -0.3217  ,  1.4942  , -2.2661  ,  0.0000  , 100.0000 ,  0.0000  ,  0.0000  ,  0.0000  ,  0.0000  ,  0.0000  , 100.0000 ,  0.0000  ,  0.0000  ,  0.0000  ,  0.0000  
 15.0800  ,  0.4138  ,  0.3748  , -0.4716  ,  1.5231  , -2.8060  ,  0.4045  ,  0.2975  , -0.2973  ,  1.5826  , -2.2454  ,  0.0000  , 100.0000 ,  0.0000  ,  0.0000  ,  0.0000  ,  0.0000  ,  0.0000  , 100.0000 ,  0.0000  ,  0.0000  ,  0.0000  ,  0.0000  
 15.1000  ,  0.3735  ,  0.3875  , -0.4480  ,  1.5760  , -2.7971  ,  0.3644  ,  0.3089  , -0.2826  ,  1.6329  , -2.2446  ,  0.0000  , 100.0000 ,  0.0000  ,  0.0000  ,  0.0000  ,  0.0000  ,  0.0000  , 100.0000 ,  0.0000  ,  0.0000  ,  0.0000  ,  0.0000  
 15.1200  ,  0.3208  ,  0.4042  , -0.4205  ,  1.6366  , -2.7309  ,  0.3049  ,  0.3294  , -0.2679  ,  1.6977  , -2.2115  ,  0.0000  , 100.0000 ,  0.0000  ,  0.0000  ,  0.0000  ,  0.0000  ,  0.0000  , 100.0000 ,  0.0000  ,  0.0000  ,  0.0000  ,  0.0000  
 15.1400  ,  0.3041  ,  0.4088  , -0.4111  ,  1.6546  , -2.6978  ,  0.2859  ,  0.3351  , -0.2635  ,  1.7195  , -2.1983  ,  0.0000  , 100.0000 ,  0.0000  ,  0.0000  ,  0.0000  ,  0.0000  ,  0.0000  , 100.0000 ,  0.0000  ,  0.0000  ,  0.0000  ,  0.0000  
 15.1600  ,  0.2061  ,  0.4275  , -0.3553  ,  1.7404  , -2.6882  ,  0.1843  ,  0.3553  , -0.2315  ,  1.8097  , -2.1845  ,  0.0000  , 100.0000 ,  0.0000  ,  0.0000  ,  0.0000  ,  0.0000  ,  0.0000  , 100.0000 ,  0.0000  ,  0.0000  ,  0.0000  ,  0.0000  
 15.1800  ,  0.1513  ,  0.4357  , -0.3248  ,  1.7793  , -2.7011  ,  0.1316  ,  0.3613  , -0.2133  ,  1.8486  , -2.1815  ,  0.0000  , 100.0000 ,  0.0000  ,  0.0000  ,  0.0000  ,  0.0000  ,  0.0000  , 100.0000 ,  0.0000  ,  0.0000  ,  0.0000  ,  0.0000  
 15.2000  ,  0.1151  ,  0.4400  , -0.3051  ,  1.8027  , -2.7011  ,  0.0974  ,  0.3640  , -0.2019  ,  1.8621  , -2.1815  ,  0.0000  , 100.0000 ,  0.0000  ,  0.0000  ,  0.0000  ,  0.0000  ,  0.0000  , 100.0000 ,  0.0000  ,  0.0000  ,  0.0000  ,  0.0000  
 15.2200  ,  0.0316  ,  0.4484  , -0.2640  ,  1.8503  , -2.7214  ,  0.0183  ,  0.3659  , -0.1772  ,  1.9089  , -2.1344  ,  0.0000  , 100.0000 ,  0.0000  ,  0.0000  ,  0.0000  ,  0.0000  ,  0.0000  , 100.0000 ,  0.0000  ,  0.0000  ,  0.0000  ,  0.0000  
 15.2400  , -0.0129  ,  0.4512  , -0.2470  ,  1.8696  , -2.6961  , -0.0234  ,  0.3649  , -0.1678  ,  1.9291  , -2.1121  ,  0.0000  , 100.0000 ,  0.0000  ,  0.0000  ,  0.0000  ,  0.0000  ,  0.0000  , 100.0000 ,  0.0000  ,  0.0000  ,  0.0000  ,  0.0000  
 15.2600  , -0.1111  ,  0.4523  , -0.2092  ,  1.9068  , -2.6387  , -0.1122  ,  0.3512  , -0.1403  ,  1.9658  , -2.0681  ,  0.0000  , 100.0000 ,  0.0000  ,  0.0000  ,  0.0000  ,  0.0000  ,  0.0000  , 100.0000 ,  0.0000  ,  0.0000  ,  0.0000  ,  0.0000  
 15.2800  , -0.1278  ,  0.4518  , -0.2056  ,  1.9104  , -2.5914  , -0.1270  ,  0.3482  , -0.1394  ,  1.9682  , -2.0458  ,  0.0000  , 100.0000 ,  0.0000  ,  0.0000  ,  0.0000  ,  0.0000  ,  0.0000  , 100.0000 ,  0.0000  ,  0.0000  ,  0.0000  ,  0.0000  
 15.3000  , -0.2121  ,  0.4442  , -0.1726  ,  1.9331  , -2.6012  , -0.1984  ,  0.3305  , -0.1160  ,  1.9882  , -2.0598  ,  0.0000  , 100.0000 ,  0.0000  ,  0.0000  ,  0.0000  ,  0.0000  ,  0.0000  , 100.0000 ,  0.0000  ,  0.0000  ,  0.0000  ,  0.0000  
 15.3200  , -0.2787  ,  0.4347  , -0.1492  ,  1.9493  , -2.6159  , -0.2523  ,  0.3183  , -0.1053  ,  1.9984  , -2.0694  ,  0.0000  , 100.0000 ,  0.0000  ,  0.0000  ,  0.0000  ,  0.0000  ,  0.0000  , 100.0000 ,  0.0000  ,  0.0000  ,  0.0000  ,  0.0000  
 15.3400  , -0.3193  ,  0.4278  , -0.1383  ,  1.9587  , -2.6413  , -0.2866  ,  0.3105  , -0.0998  ,  2.0035  , -2.0530  ,  0.0000  , 100.0000 ,  0.0000  ,  0.0000  ,  0.0000  ,  0.0000  ,  0.0000  , 100.0000 ,  0.0000  ,  0.0000  ,  0.0000  ,  0.0000  
 15.3600  , -0.3509  ,  0.4218  , -0.1287  ,  1.9713  , -2.6516  , -0.3150  ,  0.3037  , -0.0944  ,  2.0124  , -2.0404  ,  0.0000  , 100.0000 ,  0.0000  ,  0.0000  ,  0.0000  ,  0.0000  ,  0.0000  , 100.0000 ,  0.0000  ,  0.0000  ,  0.0000  ,  0.0000  
 15.3800  , -0.3743  ,  0.4171  , -0.1283  ,  1.9775  , -2.6547  , -0.3362  ,  0.2986  , -0.0924  ,  2.0152  , -2.0479  ,  0.0000  , 100.0000 ,  0.0000  ,  0.0000  ,  0.0000  ,  0.0000  ,  0.0000  , 100.0000 ,  0.0000  ,  0.0000  ,  0.0000  ,  0.0000  
 15.4000  , -0.4123  ,  0.4100  , -0.1224  ,  1.9937  , -2.6545  , -0.3661  ,  0.2906  , -0.0868  ,  2.0241  , -2.0738  ,  0.0000  , 100.0000 ,  0.0000  ,  0.0000  ,  0.0000  ,  0.0000  ,  0.0000  , 100.0000 ,  0.0000  ,  0.0000  ,  0.0000  ,  0.0000  
 15.4200  , -0.4240  ,  0.4097  , -0.1240  ,  2.0009  , -2.6649  , -0.3730  ,  0.2900  , -0.0864  ,  2.0280  , -2.1387  ,  0.0000  , 100.0000 ,  0.0000  ,  0.0000  ,  0.0000  ,  0.0000  ,  0.0000  , 100.0000 ,  0.0000  ,  0.0000  ,  0.0000  ,  0.0000  
 15.4400  , -0.4437  ,  0.4126  , -0.1243  ,  2.0163  , -2.6727  , -0.3812  ,  0.2921  , -0.0846  ,  2.0435  , -2.1542  ,  0.0000  , 100.0000 ,  0.0000  ,  0.0000  ,  0.0000  ,  0.0000  ,  0.0000  , 100.0000 ,  0.0000  ,  0.0000  ,  0.0000  ,  0.0000  
 15.4600  , -0.4422  ,  0.4160  , -0.1285  ,  2.0183  , -2.6857  , -0.3745  ,  0.2980  , -0.0877  ,  2.0430  , -2.1581  ,  0.0000  , 100.0000 ,  0.0000  ,  0.0000  ,  0.0000  ,  0.0000  ,  0.0000  , 100.0000 ,  0.0000  ,  0.0000  ,  0.0000  ,  0.0000  
 15.4800  , -0.4358  ,  0.4209  , -0.1351  ,  2.0227  , -2.7407  , -0.3635  ,  0.3064  , -0.0916  ,  2.0417  , -2.1711  ,  0.0000  , 100.0000 ,  0.0000  ,  0.0000  ,  0.0000  ,  0.0000  ,  0.0000  , 100.0000 ,  0.0000  ,  0.0000  ,  0.0000  ,  0.0000  
 15.5000  , -0.4243  ,  0.4256  , -0.1430  ,  2.0237  , -2.7794  , -0.3508  ,  0.3143  , -0.0957  ,  2.0403  , -2.1845  ,  0.0000  , 100.0000 ,  0.0000  ,  0.0000  ,  0.0000  ,  0.0000  ,  0.0000  , 100.0000 ,  0.0000  ,  0.0000  ,  0.0000  ,  0.0000  
 15.5200  , -0.4012  ,  0.4336  , -0.1527  ,  2.0317  , -2.8141  , -0.3262  ,  0.3273  , -0.1012  ,  2.0326  , -2.2311  ,  0.0000  , 100.0000 ,  0.0000  ,  0.0000  ,  0.0000  ,  0.0000  ,  0.0000  , 100.0000 ,  0.0000  ,  0.0000  ,  0.0000  ,  0.0000  
 15.5400  , -0.3752  ,  0.4409  , -0.1650  ,  2.0275  , -2.8358  , -0.3001  ,  0.3392  , -0.1103  ,  2.0272  , -2.2852  ,  0.0000  , 100.0000 ,  0.0000  ,  0.0000  ,  0.0000  ,  0.0000  ,  0.0000  , 100.0000 ,  0.0000  ,  0.0000  ,  0.0000  ,  0.0000  
 15.5600  , -0.3512  ,  0.4462  , -0.1752  ,  2.0216  , -2.8378  , -0.2772  ,  0.3494  , -0.1201  ,  2.0202  , -2.3174  ,  0.0000  , 100.0000 ,  0.0000  ,  0.0000  ,  0.0000  ,  0.0000  ,  0.0000  , 100.0000 ,  0.0000  ,  0.0000  ,  0.0000  ,  0.0000  
 15.5800  , -0.2958  ,  0.4546  , -0.1942  ,  2.0052  , -2.8389  , -0.2248  ,  0.3689  , -0.1385  ,  2.0016  , -2.3415  ,  0.0000  , 100.0000 ,  0.0000  ,  0.0000  ,  0.0000  ,  0.0000  ,  0.0000  , 100.0000 ,  0.0000  ,  0.0000  ,  0.0000  ,  0.0000  
 15.6000  , -0.2779  ,  0.4565  , -0.1996  ,  1.9998  , -2.8873  , -0.2081  ,  0.3742  , -0.1442  ,  1.9961  , -2.3766  ,  0.0000  , 100.0000 ,  0.0000  ,  0.0000  ,  0.0000  ,  0.0000  ,  0.0000  , 100.0000 ,  0.0000  ,  0.0000  ,  0.0000  ,  0.0000  
 15.6200  , -0.2119  ,  0.4601  , -0.2222  ,  1.9744  , -2.9083  , -0.1478  ,  0.3907  , -0.1667  ,  1.9707  , -2.4010  ,  0.0000  , 100.0000 ,  0.0000  ,  0.0000  ,  0.0000  ,  0.0000  ,  0.0000  , 100.0000 ,  0.0000  ,  0.0000  ,  0.0000  ,  0.0000  
 15.6400  , -0.1254  ,  0.4584  , -0.2528  ,  1.9332  , -2.9132  , -0.0661  ,  0.4042  , -0.1993  ,  1.9281  , -2.4433  ,  0.0000  , 100.0000 ,  0.0000  ,  0.0000  ,  0.0000  ,  0.0000  ,  0.0000  , 100.0000 ,  0.0000  ,  0.0000  ,  0.0000  ,  0.0000  
 15.6600  , -0.0933  ,  0.4561  , -0.2629  ,  1.9130  , -2.9039  , -0.0350  ,  0.4074  , -0.2109  ,  1.9142  , -2.4940  ,  0.0000  , 100.0000 ,  0.0000  ,  0.0000  ,  0.0000  ,  0.0000  ,  0.0000  , 100.0000 ,  0.0000  ,  0.0000  ,  0.0000  ,  0.0000  
 15.6800  , -0.0789  ,  0.4549  , -0.2658  ,  1.9061  , -2.9172  , -0.0209  ,  0.4085  , -0.2149  ,  1.9060  , -2.4962  ,  0.0000  , 100.0000 ,  0.0000  ,  0.0000  ,  0.0000  ,  0.0000  ,  0.0000  , 100.0000 ,  0.0000  ,  0.0000  ,  0.0000  ,  0.0000  
 15.7000  ,  0.0355  ,  0.4410  , -0.3135  ,  1.8347  , -2.9591  ,  0.0925  ,  0.4134  , -0.2695  ,  1.8311  , -2.5049  ,  0.0000  , 100.0000 ,  0.0000  ,  0.0000  ,  0.0000  ,  0.0000  ,  0.0000  , 100.0000 ,  0.0000  ,  0.0000  ,  0.0000  ,  0.0000  
 15.7200  ,  0.1481  ,  0.4240  , -0.3616  ,  1.7540  , -2.9891  ,  0.1953  ,  0.4014  , -0.3137  ,  1.7551  , -2.5313  ,  0.0000  , 100.0000 ,  0.0000  ,  0.0000  ,  0.0000  ,  0.0000  ,  0.0000  , 100.0000 ,  0.0000  ,  0.0000  ,  0.0000  ,  0.0000  
 15.7400  ,  0.1772  ,  0.4183  , -0.3702  ,  1.7307  , -3.0011  ,  0.2223  ,  0.3970  , -0.3224  ,  1.7333  , -2.6085  ,  0.0000  , 100.0000 ,  0.0000  ,  0.0000  ,  0.0000  ,  0.0000  ,  0.0000  , 100.0000 ,  0.0000  ,  0.0000  ,  0.0000  ,  0.0000  
 15.7600  ,  0.2901  ,  0.3938  , -0.4156  ,  1.6318  , -3.0070  ,  0.3231  ,  0.3766  , -0.3619  ,  1.6487  , -2.6230  ,  0.0000  , 100.0000 ,  0.0000  ,  0.0000  ,  0.0000  ,  0.0000  ,  0.0000  , 100.0000 ,  0.0000  ,  0.0000  ,  0.0000  ,  0.0000  
 15.7800  ,  0.3676  ,  0.3705  , -0.4479  ,  1.5565  , -3.0172  ,  0.3959  ,  0.3639  , -0.3966  ,  1.5797  , -2.6200  ,  0.0000  , 100.0000 ,  0.0000  ,  0.0000  ,  0.0000  ,  0.0000  ,  0.0000  , 100.0000 ,  0.0000  ,  0.0000  ,  0.0000  ,  0.0000  
 15.8000  ,  0.3954  ,  0.3610  , -0.4582  ,  1.5270  , -3.0229  ,  0.4224  ,  0.3584  , -0.4083  ,  1.5513  , -2.5918  ,  0.0000  , 100.0000 ,  0.0000  ,  0.0000  ,  0.0000  ,  0.0000  ,  0.0000  , 100.0000 ,  0.0000  ,  0.0000  ,  0.0000  ,  0.0000  
 15.8200  ,  0.4674  ,  0.3401  , -0.4905  ,  1.4485  , -3.0143  ,  0.4847  ,  0.3411  , -0.4354  ,  1.4811  , -2.5961  ,  0.0000  , 100.0000 ,  0.0000  ,  0.0000  ,  0.0000  ,  0.0000  ,  0.0000  , 100.0000 ,  0.0000  ,  0.0000  ,  0.0000  ,  0.0000  
 15.8400  ,  0.5497  ,  0.3130  , -0.5277  ,  1.3506  , -3.0038  ,  0.5534  ,  0.3188  , -0.4648  ,  1.3923  , -2.6564  ,  0.0000  , 100.0000 ,  0.0000  ,  0.0000  ,  0.0000  ,  0.0000  ,  0.0000  , 100.0000 ,  0.0000  ,  0.0000  ,  0.0000  ,  0.0000  
 15.8600  ,  0.5855  ,  0.2998  , -0.5451  ,  1.3029  , -3.0034  ,  0.5817  ,  0.3087  , -0.4763  ,  1.3552  , -2.6774  ,  0.0000  , 100.0000 ,  0.0000  ,  0.0000  ,  0.0000  ,  0.0000  ,  0.0000  , 100.0000 ,  0.0000  ,  0.0000  ,  0.0000  ,  0.0000  
 15.8800  ,  0.6387  ,  0.2794  , -0.5699  ,  1.2241  , -3.0036  ,  0.6252  ,  0.2966  , -0.4975  ,  1.2934  , -2.6745  ,  0.0000  , 100.0000 ,  0.0000  ,  0.0000  ,  0.0000  ,  0.0000  ,  0.0000  , 100.0000 ,  0.0000  ,  0.0000  ,  0.0000  ,  0.0000  
 15.9000  ,  0.6887  ,  0.2593  , -0.5943  ,  1.1458  , -2.9806  ,  0.6672  ,  0.2864  , -0.5231  ,  1.2305  , -2.5835  ,  0.0000  , 100.0000 ,  0.0000  ,  0.0000  ,  0.0000  ,  0.0000  ,  0.0000  , 100.0000 ,  0.0000  ,  0.0000  ,  0.0000  ,  0.0000  
 15.9200  ,  0.7128  ,  0.2494  , -0.6055  ,  1.1067  , -2.9806  ,  0.6866  ,  0.2788  , -0.5309  ,  1.1992  , -2.5835  ,  0.0000  , 100.0000 ,  0.0000  ,  0.0000  ,  0.0000  ,  0.0000  ,  0.0000  , 100.0000 ,  0.0000  ,  0.0000  ,  0.0000  ,  0.0000  
 15.9400  ,  0.7321  ,  0.2410  , -0.6126  ,  1.0736  , -2.9349  ,  0.7021  ,  0.2686  , -0.5308  ,  1.1700  , -2.5632  ,  0.0000  , 100.0000 ,  0.0000  ,  0.0000  ,  0.0000  ,  0.0000  ,  0.0000  , 100.0000 ,  0.0000  ,  0.0000  ,  0.0000  ,  0.0000  
 15.9600  ,  0.7459  ,  0.2349  , -0.6186  ,  1.0498  , -2.9126  ,  0.7128  ,  0.2571  , -0.5245  ,  1.1483  , -2.5623  ,  0.0000  , 100.0000 ,  0.0000  ,  0.0000  ,  0.0000  ,  0.0000  ,  0.0000  , 100.0000 ,  0.0000  ,  0.0000  ,  0.0000  ,  0.0000  
 15.9800  ,  0.7509  ,  0.2340  , -0.6225  ,  1.0423  , -2.8824  ,  0.7160  ,  0.2526  , -0.5186  ,  1.1419  , -2.5419  ,  0.0000  , 100.0000 ,  0.0000  ,  0.0000  ,  0.0000  ,  0.0000  ,  0.0000  , 100.0000 ,  0.0000  ,  0.0000  ,  0.0000  ,  0.0000  
 16.0000  ,  0.7515  ,  0.2373  , -0.6293  ,  1.0390  , -2.8824  ,  0.7146  ,  0.2508  , -0.5162  ,  1.1538  , -2.5419  ,  0.0000  , 100.0000 ,  0.0000  ,  0.0000  ,  0.0000  ,  0.0000  ,  0.0000  , 100.0000 ,  0.0000  ,  0.0000  ,  0.0000  ,  0.0000  
 16.0200  ,  0.7401  ,  0.2464  , -0.6266  ,  1.0614  , -2.8419  ,  0.7053  ,  0.2507  , -0.5047  ,  1.1676  , -2.4550  ,  0.0000  , 100.0000 ,  0.0000  ,  0.0000  ,  0.0000  ,  0.0000  ,  0.0000  , 100.0000 ,  0.0000  ,  0.0000  ,  0.0000  ,  0.0000  
 16.0400  ,  0.7223  ,  0.2582  , -0.6197  ,  1.0959  , -2.8313  ,  0.6909  ,  0.2524  , -0.4885  ,  1.1917  , -2.4226  ,  0.0000  , 100.0000 ,  0.0000  ,  0.0000  ,  0.0000  ,  0.0000  ,  0.0000  , 100.0000 ,  0.0000  ,  0.0000  ,  0.0000  ,  0.0000  
 16.0600  ,  0.7022  ,  0.2697  , -0.6113  ,  1.1323  , -2.7873  ,  0.6741  ,  0.2555  , -0.4718  ,  1.2195  , -2.3598  ,  0.0000  , 100.0000 ,  0.0000  ,  0.0000  ,  0.0000  ,  0.0000  ,  0.0000  , 100.0000 ,  0.0000  ,  0.0000  ,  0.0000  ,  0.0000  
 16.0800  ,  0.6780  ,  0.2818  , -0.6020  ,  1.1801  , -2.7444  ,  0.6532  ,  0.2595  , -0.4509  ,  1.2509  , -2.3243  ,  0.0000  , 100.0000 ,  0.0000  ,  0.0000  ,  0.0000  ,  0.0000  ,  0.0000  , 100.0000 ,  0.0000  ,  0.0000  ,  0.0000  ,  0.0000  
 16.1000  ,  0.6318  ,  0.3008  , -0.5754  ,  1.2544  , -2.7049  ,  0.6129  ,  0.2671  , -0.4174  ,  1.3134  , -2.2853  ,  0.0000  , 100.0000 ,  0.0000  ,  0.0000  ,  0.0000  ,  0.0000  ,  0.0000  , 100.0000 ,  0.0000  ,  0.0000  ,  0.0000  ,  0.0000  
 16.1200  ,  0.5923  ,  0.3171  , -0.5538  ,  1.3135  , -2.6392  ,  0.5789  ,  0.2791  , -0.4001  ,  1.3632  , -2.2007  ,  0.0000  , 100.0000 ,  0.0000  ,  0.0000  ,  0.0000  ,  0.0000  ,  0.0000  , 100.0000 ,  0.0000  ,  0.0000  ,  0.0000  ,  0.0000  
 16.1400  ,  0.5575  ,  0.3300  , -0.5357  ,  1.3645  , -2.6227  ,  0.5487  ,  0.2888  , -0.3828  ,  1.4085  , -2.1650  ,  0.0000  , 100.0000 ,  0.0000  ,  0.0000  ,  0.0000  ,  0.0000  ,  0.0000  , 100.0000 ,  0.0000  ,  0.0000  ,  0.0000  ,  0.0000  
 16.1600  ,  0.4761  ,  0.3584  , -0.4932  ,  1.4689  , -2.5849  ,  0.4692  ,  0.3194  , -0.3515  ,  1.4974  , -2.1165  ,  0.0000  , 100.0000 ,  0.0000  ,  0.0000  ,  0.0000  ,  0.0000  ,  0.0000  , 100.0000 ,  0.0000  ,  0.0000  ,  0.0000  ,  0.0000  
 16.1800  ,  0.4219  ,  0.3779  , -0.4685  ,  1.5339  , -2.5335  ,  0.4109  ,  0.3413  , -0.3304  ,  1.5680  , -2.0656  ,  0.0000  , 100.0000 ,  0.0000  ,  0.0000  ,  0.0000  ,  0.0000  ,  0.0000  , 100.0000 ,  0.0000  ,  0.0000  ,  0.0000  ,  0.0000  
 16.2000  ,  0.3609  ,  0.4002  , -0.4468  ,  1.6010  , -2.5106  ,  0.3426  ,  0.3672  , -0.3075  ,  1.6460  , -2.0306  ,  0.0000  , 100.0000 ,  0.0000  ,  0.0000  ,  0.0000  ,  0.0000  ,  0.0000  , 100.0000 ,  0.0000  ,  0.0000  ,  0.0000  ,  0.0000  
 16.2200  ,  0.3609  ,  0.4002  , -0.4468  ,  1.6010  , -2.4969  ,  0.3426  ,  0.3672  , -0.3075  ,  1.6460  , -1.9692  ,  0.0000  , 100.0000 ,  0.0000  ,  0.0000  ,  0.0000  ,  0.0000  ,  0.0000  , 100.0000 ,  0.0000  ,  0.0000  ,  0.0000  ,  0.0000  
 16.2400  ,  0.3069  ,  0.4196  , -0.4367  ,  1.6607  , -2.4899  ,  0.2818  ,  0.3884  , -0.2884  ,  1.7026  , -1.9120  ,  0.0000  , 100.0000 ,  0.0000  ,  0.0000  ,  0.0000  ,  0.0000  ,  0.0000  , 100.0000 ,  0.0000  ,  0.0000  ,  0.0000  ,  0.0000  
 16.2600  ,  0.2440  ,  0.4382  , -0.4170  ,  1.7098  , -2.5172  ,  0.2139  ,  0.3978  , -0.2579  ,  1.7536  , -1.7697  ,  0.0000  , 100.0000 ,  0.0000  ,  0.0000  ,  0.0000  ,  0.0000  ,  0.0000  , 100.0000 ,  0.0000  ,  0.0000  ,  0.0000  ,  0.0000  
 16.2800  ,  0.2038  ,  0.4490  , -0.4016  ,  1.7381  , -2.4851  ,  0.1758  ,  0.4002  , -0.2407  ,  1.7787  , -1.7393  ,  0.0000  , 100.0000 ,  0.0000  ,  0.0000  ,  0.0000  ,  0.0000  ,  0.0000  , 100.0000 ,  0.0000  ,  0.0000  ,  0.0000  ,  0.0000  
 16.3000  ,  0.1124  ,  0.4694  , -0.3712  ,  1.7864  , -2.4338  ,  0.0946  ,  0.4004  , -0.2053  ,  1.8254  , -1.7203  ,  0.0000  , 100.0000 ,  0.0000  ,  0.0000  ,  0.0000  ,  0.0000  ,  0.0000  , 100.0000 ,  0.0000  ,  0.0000  ,  0.0000  ,  0.0000  
 16.3200  ,  0.0431  ,  0.4810  , -0.3493  ,  1.8205  , -2.3129  ,  0.0310  ,  0.3972  , -0.1774  ,  1.8569  , -1.6852  ,  0.0000  , 100.0000 ,  0.0000  ,  0.0000  ,  0.0000  ,  0.0000  ,  0.0000  , 100.0000 ,  0.0000  ,  0.0000  ,  0.0000  ,  0.0000  
 16.3400  ,  0.0025  ,  0.4860  , -0.3429  ,  1.8365  , -2.2612  , -0.0056  ,  0.3940  , -0.1672  ,  1.8669  , -1.6446  ,  0.0000  , 100.0000 ,  0.0000  ,  0.0000  ,  0.0000  ,  0.0000  ,  0.0000  , 100.0000 ,  0.0000  ,  0.0000  ,  0.0000  ,  0.0000  
 16.3600  , -0.0916  ,  0.4788  , -0.3059  ,  1.8708  , -2.2444  , -0.0933  ,  0.3717  , -0.1261  ,  1.8978  , -1.6041  ,  0.0000  , 100.0000 ,  0.0000  ,  0.0000  ,  0.0000  ,  0.0000  ,  0.0000  , 100.0000 ,  0.0000  ,  0.0000  ,  0.0000  ,  0.0000  
 16.3800  , -0.1305  ,  0.4701  , -0.2841  ,  1.8851  , -2.2416  , -0.1257  ,  0.3579  , -0.1091  ,  1.9079  , -1.5342  ,  0.0000  , 100.0000 ,  0.0000  ,  0.0000  ,  0.0000  ,  0.0000  ,  0.0000  , 100.0000 ,  0.0000  ,  0.0000  ,  0.0000  ,  0.0000  
 16.4000  , -0.1794  ,  0.4579  , -0.2626  ,  1.9043  , -2.2357  , -0.1663  ,  0.3399  , -0.0916  ,  1.9135  , -1.5161  ,  0.0000  , 100.0000 ,  0.0000  ,  0.0000  ,  0.0000  ,  0.0000  ,  0.0000  , 100.0000 ,  0.0000  ,  0.0000  ,  0.0000  ,  0.0000  
 16.4200  , -0.2470  ,  0.4396  , -0.2357  ,  1.9266  , -2.2287  , -0.2276  ,  0.3100  , -0.0706  ,  1.9249  , -1.5094  ,  0.0000  , 100.0000 ,  0.0000  ,  0.0000  ,  0.0000  ,  0.0000  ,  0.0000  , 100.0000 ,  0.0000  ,  0.0000  ,  0.0000  ,  0.0000  
 16.4400  , -0.2922  ,  0.4260  , -0.2238  ,  1.9416  , -2.1772  , -0.2659  ,  0.2894  , -0.0600  ,  1.9304  , -1.4359  ,  0.0000  , 100.0000 ,  0.0000  ,  0.0000  ,  0.0000  ,  0.0000  ,  0.0000  , 100.0000 ,  0.0000  ,  0.0000  ,  0.0000  ,  0.0000  
 16.4600  , -0.3186  ,  0.4175  , -0.2183  ,  1.9509  , -2.1557  , -0.2876  ,  0.2772  , -0.0576  ,  1.9304  , -1.4009  ,  0.0000  , 100.0000 ,  0.0000  ,  0.0000  ,  0.0000  ,  0.0000  ,  0.0000  , 100.0000 ,  0.0000  ,  0.0000  ,  0.0000  ,  0.0000  
 16.4800  , -0.3759  ,  0.3952  , -0.1979  ,  1.9731  , -2.1998  , -0.3338  ,  0.2454  , -0.0445  ,  1.9441  , -1.3929  ,  0.0000  , 100.0000 ,  0.0000  ,  0.0000  ,  0.0000  ,  0.0000  ,  0.0000  , 100.0000 ,  0.0000  ,  0.0000  ,  0.0000  ,  0.0000  
 16.5000  , -0.3832  ,  0.3922  , -0.1976  ,  1.9767  , -2.2717  , -0.3396  ,  0.2412  , -0.0431  ,  1.9458  , -1.4250  ,  0.0000  , 100.0000 ,  0.0000  ,  0.0000  ,  0.0000  ,  0.0000  ,  0.0000  , 100.0000 ,  0.0000  ,  0.0000  ,  0.0000  ,  0.0000  
 16.5200  , -0.4299  ,  0.3699  , -0.1893  ,  2.0075  , -2.3723  , -0.3793  ,  0.2079  , -0.0393  ,  1.9640  , -1.5099  ,  0.0000  , 100.0000 ,  0.0000  ,  0.0000  ,  0.0000  ,  0.0000  ,  0.0000  , 100.0000 ,  0.0000  ,  0.0000  ,  0.0000  ,  0.0000  
 16.5400  , -0.4430  ,  0.3669  , -0.1851  ,  2.0234  , -2.3723  , -0.3925  ,  0.1970  , -0.0372  ,  1.9762  , -1.5099  ,  0.0000  , 100.0000 ,  0.0000  ,  0.0000  ,  0.0000  ,  0.0000  ,  0.0000  , 100.0000 ,  0.0000  ,  0.0000  ,  0.0000  ,  0.0000  
 16.5600  , -0.4471  ,  0.3662  , -0.1866  ,  2.0310  , -2.3943  , -0.3967  ,  0.1938  , -0.0385  ,  1.9843  , -1.5483  ,  0.0000  , 100.0000 ,  0.0000  ,  0.0000  ,  0.0000  ,  0.0000  ,  0.0000  , 100.0000 ,  0.0000  ,  0.0000  ,  0.0000  ,  0.0000  
 16.5800  , -0.4464  ,  0.3686  , -0.1917  ,  2.0371  , -2.4507  , -0.3962  ,  0.1932  , -0.0417  ,  1.9921  , -1.6269  ,  0.0000  , 100.0000 ,  0.0000  ,  0.0000  ,  0.0000  ,  0.0000  ,  0.0000  , 100.0000 ,  0.0000  ,  0.0000  ,  0.0000  ,  0.0000  
 16.6000  , -0.4327  ,  0.3799  , -0.2067  ,  2.0432  , -2.4890  , -0.3828  ,  0.1995  , -0.0513  ,  2.0046  , -1.6675  ,  0.0000  , 100.0000 ,  0.0000  ,  0.0000  ,  0.0000  ,  0.0000  ,  0.0000  , 100.0000 ,  0.0000  ,  0.0000  ,  0.0000  ,  0.0000  
 16.6200  , -0.4204  ,  0.3877  , -0.2114  ,  2.0496  , -2.6411  , -0.3696  ,  0.2073  , -0.0582  ,  2.0148  , -1.8098  ,  0.0000  , 100.0000 ,  0.0000  ,  0.0000  ,  0.0000  ,  0.0000  ,  0.0000  , 100.0000 ,  0.0000  ,  0.0000  ,  0.0000  ,  0.0000  
 16.6400  , -0.3871  ,  0.4031  , -0.2266  ,  2.0489  , -2.6983  , -0.3366  ,  0.2226  , -0.0723  ,  2.0259  , -1.8691  ,  0.0000  , 100.0000 ,  0.0000  ,  0.0000  ,  0.0000  ,  0.0000  ,  0.0000  , 100.0000 ,  0.0000  ,  0.0000  ,  0.0000  ,  0.0000  
 16.6600  , -0.3766  ,  0.4074  , -0.2275  ,  2.0509  , -2.7496  , -0.3264  ,  0.2269  , -0.0749  ,  2.0317  , -1.9471  ,  0.0000  , 100.0000 ,  0.0000  ,  0.0000  ,  0.0000  ,  0.0000  ,  0.0000  , 100.0000 ,  0.0000  ,  0.0000  ,  0.0000  ,  0.0000  
 16.6800  , -0.3542  ,  0.4144  , -0.2381  ,  2.0440  , -2.7496  , -0.3058  ,  0.2357  , -0.0822  ,  2.0285  , -1.9471  ,  0.0000  , 100.0000 ,  0.0000  ,  0.0000  ,  0.0000  ,  0.0000  ,  0.0000  , 100.0000 ,  0.0000  ,  0.0000  ,  0.0000  ,  0.0000  
 16.7000  , -0.3201  ,  0.4239  , -0.2498  ,  2.0361  , -2.7217  , -0.2745  ,  0.2481  , -0.0914  ,  2.0249  , -1.9282  ,  0.0000  , 100.0000 ,  0.0000  ,  0.0000  ,  0.0000  ,  0.0000  ,  0.0000  , 100.0000 ,  0.0000  ,  0.0000  ,  0.0000  ,  0.0000  
 16.7200  , -0.2555  ,  0.4372  , -0.2683  ,  2.0177  , -2.7467  , -0.2150  ,  0.2682  , -0.1059  ,  2.0136  , -1.9776  ,  0.0000  , 100.0000 ,  0.0000  ,  0.0000  ,  0.0000  ,  0.0000  ,  0.0000  , 100.0000 ,  0.0000  ,  0.0000  ,  0.0000  ,  0.0000  
 16.7400  , -0.2347  ,  0.4402  , -0.2743  ,  2.0104  , -2.8017  , -0.1967  ,  0.2740  , -0.1110  ,  2.0084  , -2.1000  ,  0.0000  , 100.0000 ,  0.0000  ,  0.0000  ,  0.0000  ,  0.0000  ,  0.0000  , 100.0000 ,  0.0000  ,  0.0000  ,  0.0000  ,  0.0000  
 16.7600  , -0.1426  ,  0.4475  , -0.3055  ,  1.9711  , -2.8443  , -0.1176  ,  0.2981  , -0.1352  ,  1.9828  , -2.1805  ,  0.0000  , 100.0000 ,  0.0000  ,  0.0000  ,  0.0000  ,  0.0000  ,  0.0000  , 100.0000 ,  0.0000  ,  0.0000  ,  0.0000  ,  0.0000  
 16.7800  , -0.0898  ,  0.4481  , -0.3219  ,  1.9443  , -2.9027  , -0.0708  ,  0.3114  , -0.1519  ,  1.9579  , -2.2455  ,  0.0000  , 100.0000 ,  0.0000  ,  0.0000  ,  0.0000  ,  0.0000  ,  0.0000  , 100.0000 ,  0.0000  ,  0.0000  ,  0.0000  ,  0.0000  
 16.8000  , -0.0587  ,  0.4476  , -0.3292  ,  1.9288  , -2.9089  , -0.0429  ,  0.3184  , -0.1598  ,  1.9465  , -2.2653  ,  0.0000  , 100.0000 ,  0.0000  ,  0.0000  ,  0.0000  ,  0.0000  ,  0.0000  , 100.0000 ,  0.0000  ,  0.0000  ,  0.0000  ,  0.0000  
 16.8200  ,  0.0625  ,  0.4429  , -0.3800  ,  1.8566  , -2.9050  ,  0.0682  ,  0.3358  , -0.2031  ,  1.8831  , -2.2555  ,  0.0000  , 100.0000 ,  0.0000  ,  0.0000  ,  0.0000  ,  0.0000  ,  0.0000  , 100.0000 ,  0.0000  ,  0.0000  ,  0.0000  ,  0.0000  
 16.8400  ,  0.1330  ,  0.4340  , -0.4058  ,  1.8094  , -2.9191  ,  0.1334  ,  0.3396  , -0.2256  ,  1.8425  , -2.3504  ,  0.0000  , 100.0000 ,  0.0000  ,  0.0000  ,  0.0000  ,  0.0000  ,  0.0000  , 100.0000 ,  0.0000  ,  0.0000  ,  0.0000  ,  0.0000  
 16.8600  ,  0.1730  ,  0.4272  , -0.4188  ,  1.7806  , -2.9514  ,  0.1709  ,  0.3403  , -0.2362  ,  1.8201  , -2.4146  ,  0.0000  , 100.0000 ,  0.0000  ,  0.0000  ,  0.0000  ,  0.0000  ,  0.0000  , 100.0000 ,  0.0000  ,  0.0000  ,  0.0000  ,  0.0000  
 16.8800  ,  0.3027  ,  0.3991  , -0.4644  ,  1.6752  , -3.0080  ,  0.2885  ,  0.3424  , -0.2815  ,  1.7305  , -2.4583  ,  0.0000  , 100.0000 ,  0.0000  ,  0.0000  ,  0.0000  ,  0.0000  ,  0.0000  , 100.0000 ,  0.0000  ,  0.0000  ,  0.0000  ,  0.0000  
 16.9000  ,  0.3506  ,  0.3893  , -0.4856  ,  1.6325  , -3.0499  ,  0.3339  ,  0.3433  , -0.3033  ,  1.6929  , -2.4730  ,  0.0000  , 100.0000 ,  0.0000  ,  0.0000  ,  0.0000  ,  0.0000  ,  0.0000  , 100.0000 ,  0.0000  ,  0.0000  ,  0.0000  ,  0.0000  
 16.9200  ,  0.3954  ,  0.3787  , -0.5009  ,  1.5875  , -3.0509  ,  0.3772  ,  0.3430  , -0.3211  ,  1.6529  , -2.4168  ,  0.0000  , 100.0000 ,  0.0000  ,  0.0000  ,  0.0000  ,  0.0000  ,  0.0000  , 100.0000 ,  0.0000  ,  0.0000  ,  0.0000  ,  0.0000  
 16.9400  ,  0.4141  ,  0.3739  , -0.5052  ,  1.5664  , -3.0426  ,  0.3956  ,  0.3425  , -0.3282  ,  1.6344  , -2.4162  ,  0.0000  , 100.0000 ,  0.0000  ,  0.0000  ,  0.0000  ,  0.0000  ,  0.0000  , 100.0000 ,  0.0000  ,  0.0000  ,  0.0000  ,  0.0000  
 16.9600  ,  0.5933  ,  0.3244  , -0.5953  ,  1.3724  , -3.0494  ,  0.5507  ,  0.3228  , -0.3967  ,  1.4751  , -2.4877  ,  0.0000  , 100.0000 ,  0.0000  ,  0.0000  ,  0.0000  ,  0.0000  ,  0.0000  , 100.0000 ,  0.0000  ,  0.0000  ,  0.0000  ,  0.0000  
 16.9800  ,  0.6294  ,  0.3128  , -0.6139  ,  1.3254  , -3.0828  ,  0.5822  ,  0.3187  , -0.4131  ,  1.4370  , -2.6073  ,  0.0000  , 100.0000 ,  0.0000  ,  0.0000  ,  0.0000  ,  0.0000  ,  0.0000  , 100.0000 ,  0.0000  ,  0.0000  ,  0.0000  ,  0.0000  
 17.0000  ,  0.6845  ,  0.2951  , -0.6432  ,  1.2485  , -3.0963  ,  0.6310  ,  0.3134  , -0.4393  ,  1.3727  , -2.6051  ,  0.0000  , 100.0000 ,  0.0000  ,  0.0000  ,  0.0000  ,  0.0000  ,  0.0000  , 100.0000 ,  0.0000  ,  0.0000  ,  0.0000  ,  0.0000  
 17.0200  ,  0.7383  ,  0.2765  , -0.6760  ,  1.1653  , -3.0997  ,  0.6792  ,  0.3081  , -0.4719  ,  1.3076  , -2.5755  ,  0.0000  , 100.0000 ,  0.0000  ,  0.0000  ,  0.0000  ,  0.0000  ,  0.0000  , 100.0000 ,  0.0000  ,  0.0000  ,  0.0000  ,  0.0000  
 17.0400  ,  0.7769  ,  0.2618  , -0.6983  ,  1.1013  , -3.0903  ,  0.7124  ,  0.3028  , -0.4901  ,  1.2565  , -2.5554  ,  0.0000  , 100.0000 ,  0.0000  ,  0.0000  ,  0.0000  ,  0.0000  ,  0.0000  , 100.0000 ,  0.0000  ,  0.0000  ,  0.0000  ,  0.0000  
 17.0600  ,  0.7925  ,  0.2554  , -0.7063  ,  1.0735  , -3.0808  ,  0.7258  ,  0.3003  , -0.4978  ,  1.2354  , -2.5695  ,  0.0000  , 100.0000 ,  0.0000  ,  0.0000  ,  0.0000  ,  0.0000  ,  0.0000  , 100.0000 ,  0.0000  ,  0.0000  ,  0.0000  ,  0.0000  
 17.0800  ,  0.8438  ,  0.2370  , -0.7352  ,  0.9842  , -3.0662  ,  0.7676  ,  0.2835  , -0.5132  ,  1.1621  , -2.5855  ,  0.0000  , 100.0000 ,  0.0000  ,  0.0000  ,  0.0000  ,  0.0000  ,  0.0000  , 100.0000 ,  0.0000  ,  0.0000  ,  0.0000  ,  0.0000  
 17.1000  ,  0.8544  ,  0.2339  , -0.7446  ,  0.9672  , -3.0344  ,  0.7758  ,  0.2784  , -0.5172  ,  1.1514  , -2.5977  ,  0.0000  , 100.0000 ,  0.0000  ,  0.0000  ,  0.0000  ,  0.0000  ,  0.0000  , 100.0000 ,  0.0000  ,  0.0000  ,  0.0000  ,  0.0000  
 17.1200  ,  0.8677  ,  0.2306  , -0.7546  ,  0.9433  , -2.9810  ,  0.7859  ,  0.2708  , -0.5178  ,  1.1316  , -2.5540  ,  0.0000  , 100.0000 ,  0.0000  ,  0.0000  ,  0.0000  ,  0.0000  ,  0.0000  , 100.0000 ,  0.0000  ,  0.0000  ,  0.0000  ,  0.0000  
 17.1400  ,  0.8735  ,  0.2335  , -0.7600  ,  0.9327  , -2.9598  ,  0.7944  ,  0.2653  , -0.5214  ,  1.1137  , -2.5216  ,  0.0000  , 100.0000 ,  0.0000  ,  0.0000  ,  0.0000  ,  0.0000  ,  0.0000  , 100.0000 ,  0.0000  ,  0.0000  ,  0.0000  ,  0.0000  
 17.1600  ,  0.8737  ,  0.2349  , -0.7604  ,  0.9333  , -2.9478  ,  0.7957  ,  0.2646  , -0.5222  ,  1.1109  , -2.4937  ,  0.0000  , 100.0000 ,  0.0000  ,  0.0000  ,  0.0000  ,  0.0000  ,  0.0000  , 100.0000 ,  0.0000  ,  0.0000  ,  0.0000  ,  0.0000  
 17.1800  ,  0.8691  ,  0.2398  , -0.7592  ,  0.9437  , -2.9439  ,  0.7930  ,  0.2660  , -0.5219  ,  1.1142  , -2.4610  ,  0.0000  , 100.0000 ,  0.0000  ,  0.0000  ,  0.0000  ,  0.0000  ,  0.0000  , 100.0000 ,  0.0000  ,  0.0000  ,  0.0000  ,  0.0000  
 17.2000  ,  0.8634  ,  0.2461  , -0.7590  ,  0.9606  , -2.9341  ,  0.7897  ,  0.2676  , -0.5222  ,  1.1248  , -2.4555  ,  0.0000  , 100.0000 ,  0.0000  ,  0.0000  ,  0.0000  ,  0.0000  ,  0.0000  , 100.0000 ,  0.0000  ,  0.0000  ,  0.0000  ,  0.0000  
 17.2200  ,  0.8278  ,  0.2646  , -0.7305  ,  1.0284  , -2.8970  ,  0.7653  ,  0.2725  , -0.5038  ,  1.1612  , -2.4293  ,  0.0000  , 100.0000 ,  0.0000  ,  0.0000  ,  0.0000  ,  0.0000  ,  0.0000  , 100.0000 ,  0.0000  ,  0.0000  ,  0.0000  ,  0.0000  
 17.2400  ,  0.7873  ,  0.2848  , -0.7005  ,  1.0999  , -2.8848  ,  0.7314  ,  0.2807  , -0.4798  ,  1.2097  , -2.4145  ,  0.0000  , 100.0000 ,  0.0000  ,  0.0000  ,  0.0000  ,  0.0000  ,  0.0000  , 100.0000 ,  0.0000  ,  0.0000  ,  0.0000  ,  0.0000  
 17.2600  ,  0.7724  ,  0.2917  , -0.6927  ,  1.1292  , -2.7743  ,  0.7194  ,  0.2833  , -0.4702  ,  1.2142  , -2.2697  ,  0.0000  , 100.0000 ,  0.0000  ,  0.0000  ,  0.0000  ,  0.0000  ,  0.0000  , 100.0000 ,  0.0000  ,  0.0000  ,  0.0000  ,  0.0000  
 17.2800  ,  0.7477  ,  0.3020  , -0.6753  ,  1.1709  , -2.7403  ,  0.6988  ,  0.2880  , -0.4557  ,  1.2436  , -2.2181  ,  0.0000  , 100.0000 ,  0.0000  ,  0.0000  ,  0.0000  ,  0.0000  ,  0.0000  , 100.0000 ,  0.0000  ,  0.0000  ,  0.0000  ,  0.0000  
 17.3000  ,  0.6888  ,  0.3226  , -0.6341  ,  1.2635  , -2.7139  ,  0.6490  ,  0.2986  , -0.4213  ,  1.3124  , -2.1828  ,  0.0000  , 100.0000 ,  0.0000  ,  0.0000  ,  0.0000  ,  0.0000  ,  0.0000  , 100.0000 ,  0.0000  ,  0.0000  ,  0.0000  ,  0.0000  
 17.3200  ,  0.6215  ,  0.3476  , -0.5899  ,  1.3590  , -2.6826  ,  0.5872  ,  0.3140  , -0.3870  ,  1.3918  , -2.1257  ,  0.0000  , 100.0000 ,  0.0000  ,  0.0000  ,  0.0000  ,  0.0000  ,  0.0000  , 100.0000 ,  0.0000  ,  0.0000  ,  0.0000  ,  0.0000  
 17.3400  ,  0.5393  ,  0.3821  , -0.5419  ,  1.4739  , -2.6554  ,  0.4982  ,  0.3482  , -0.3520  ,  1.5035  , -2.0677  ,  0.0000  , 100.0000 ,  0.0000  ,  0.0000  ,  0.0000  ,  0.0000  ,  0.0000  , 100.0000 ,  0.0000  ,  0.0000  ,  0.0000  ,  0.0000  
 17.3600  ,  0.5252  ,  0.3876  , -0.5345  ,  1.4927  , -2.5394  ,  0.4823  ,  0.3542  , -0.3461  ,  1.5223  , -1.8869  ,  0.0000  , 100.0000 ,  0.0000  ,  0.0000  ,  0.0000  ,  0.0000  ,  0.0000  , 100.0000 ,  0.0000  ,  0.0000  ,  0.0000  ,  0.0000  
 17.3800  ,  0.5252  ,  0.3876  , -0.5345  ,  1.4927  , -2.4791  ,  0.4823  ,  0.3542  , -0.3461  ,  1.5223  , -1.8058  ,  0.0000  , 100.0000 ,  0.0000  ,  0.0000  ,  0.0000  ,  0.0000  ,  0.0000  , 100.0000 ,  0.0000  ,  0.0000  ,  0.0000  ,  0.0000  
 17.4000  ,  0.4287  ,  0.4255  , -0.4971  ,  1.6024  , -2.4409  ,  0.3747  ,  0.3879  , -0.3095  ,  1.6333  , -1.7600  ,  0.0000  , 100.0000 ,  0.0000  ,  0.0000  ,  0.0000  ,  0.0000  ,  0.0000  , 100.0000 ,  0.0000  ,  0.0000  ,  0.0000  ,  0.0000  
 17.4200  ,  0.3707  ,  0.4465  , -0.4765  ,  1.6473  , -2.4208  ,  0.3116  ,  0.4021  , -0.2853  ,  1.6835  , -1.7325  ,  0.0000  , 100.0000 ,  0.0000  ,  0.0000  ,  0.0000  ,  0.0000  ,  0.0000  , 100.0000 ,  0.0000  ,  0.0000  ,  0.0000  ,  0.0000  
 17.4400  ,  0.3206  ,  0.4608  , -0.4630  ,  1.6911  , -2.3962  ,  0.2609  ,  0.4090  , -0.2675  ,  1.7249  , -1.6252  ,  0.0000  , 100.0000 ,  0.0000  ,  0.0000  ,  0.0000  ,  0.0000  ,  0.0000  , 100.0000 ,  0.0000  ,  0.0000  ,  0.0000  ,  0.0000  
 17.4600  ,  0.2333  ,  0.4782  , -0.4350  ,  1.7563  , -2.3956  ,  0.1833  ,  0.4091  , -0.2368  ,  1.7788  , -1.5567  ,  0.0000  , 100.0000 ,  0.0000  ,  0.0000  ,  0.0000  ,  0.0000  ,  0.0000  , 100.0000 ,  0.0000  ,  0.0000  ,  0.0000  ,  0.0000  
 17.4800  ,  0.1778  ,  0.4864  , -0.4104  ,  1.7923  , -2.3967  ,  0.1375  ,  0.4021  , -0.2156  ,  1.8055  , -1.4799  ,  0.0000  , 100.0000 ,  0.0000  ,  0.0000  ,  0.0000  ,  0.0000  ,  0.0000  , 100.0000 ,  0.0000  ,  0.0000  ,  0.0000  ,  0.0000  
 17.5000  ,  0.1175  ,  0.4922  , -0.3930  ,  1.8315  , -2.2990  ,  0.0882  ,  0.3907  , -0.1907  ,  1.8332  , -1.3698  ,  0.0000  , 100.0000 ,  0.0000  ,  0.0000  ,  0.0000  ,  0.0000  ,  0.0000  , 100.0000 ,  0.0000  ,  0.0000  ,  0.0000  ,  0.0000  
 17.5200  ,  0.0103  ,  0.4957  , -0.3606  ,  1.8850  , -2.2041  ,  0.0015  ,  0.3617  , -0.1526  ,  1.8718  , -1.3545  ,  0.0000  , 100.0000 ,  0.0000  ,  0.0000  ,  0.0000  ,  0.0000  ,  0.0000  , 100.0000 ,  0.0000  ,  0.0000  ,  0.0000  ,  0.0000  
 17.5400  , -0.0530  ,  0.4920  , -0.3289  ,  1.9125  , -2.1335  , -0.0478  ,  0.3404  , -0.1231  ,  1.8965  , -1.3493  ,  0.0000  , 100.0000 ,  0.0000  ,  0.0000  ,  0.0000  ,  0.0000  ,  0.0000  , 100.0000 ,  0.0000  ,  0.0000  ,  0.0000  ,  0.0000  
 17.5600  , -0.1108  ,  0.4864  , -0.3100  ,  1.9340  , -2.0237  , -0.0922  ,  0.3198  , -0.1039  ,  1.9148  , -1.3389  ,  0.0000  , 100.0000 ,  0.0000  ,  0.0000  ,  0.0000  ,  0.0000  ,  0.0000  , 100.0000 ,  0.0000  ,  0.0000  ,  0.0000  ,  0.0000  
 17.5800  , -0.2067  ,  0.4514  , -0.2560  ,  1.9742  , -2.0039  , -0.1759  ,  0.2824  , -0.0673  ,  1.9533  , -1.2836  ,  0.0000  , 100.0000 ,  0.0000  ,  0.0000  ,  0.0000  ,  0.0000  ,  0.0000  , 100.0000 ,  0.0000  ,  0.0000  ,  0.0000  ,  0.0000  
 17.6000  , -0.2458  ,  0.4261  , -0.2276  ,  1.9887  , -2.0004  , -0.2135  ,  0.2581  , -0.0469  ,  1.9730  , -1.2566  ,  0.0000  , 100.0000 ,  0.0000  ,  0.0000  ,  0.0000  ,  0.0000  ,  0.0000  , 100.0000 ,  0.0000  ,  0.0000  ,  0.0000  ,  0.0000  
 17.6200  , -0.2983  ,  0.3849  , -0.1912  ,  2.0141  , -2.0048  , -0.2541  ,  0.2213  , -0.0207  ,  2.0041  , -1.2813  ,  0.0000  , 100.0000 ,  0.0000  ,  0.0000  ,  0.0000  ,  0.0000  ,  0.0000  , 100.0000 ,  0.0000  ,  0.0000  ,  0.0000  ,  0.0000  
 17.6400  , -0.3154  ,  0.3701  , -0.1766  ,  2.0263  , -2.0052  , -0.2632  ,  0.2088  , -0.0103  ,  2.0188  , -1.3152  ,  0.0000  , 100.0000 ,  0.0000  ,  0.0000  ,  0.0000  ,  0.0000  ,  0.0000  , 100.0000 ,  0.0000  ,  0.0000  ,  0.0000  ,  0.0000  
 17.6600  , -0.3423  ,  0.3415  , -0.1454  ,  2.0528  , -2.0190  , -0.2702  ,  0.1888  ,  0.0100  ,  2.0501  , -1.3495  ,  0.0000  , 100.0000 ,  0.0000  ,  0.0000  ,  0.0000  ,  0.0000  ,  0.0000  , 100.0000 ,  0.0000  ,  0.0000  ,  0.0000  ,  0.0000  
 17.6800  , -0.3477  ,  0.3353  , -0.1360  ,  2.0645  , -2.0450  , -0.2709  ,  0.1847  ,  0.0164  ,  2.0620  , -1.3905  ,  0.0000  , 100.0000 ,  0.0000  ,  0.0000  ,  0.0000  ,  0.0000  ,  0.0000  , 100.0000 ,  0.0000  ,  0.0000  ,  0.0000  ,  0.0000  
 17.7000  , -0.3515  ,  0.3242  , -0.1204  ,  2.0792  , -2.1323  , -0.2650  ,  0.1796  ,  0.0270  ,  2.0801  , -1.4565  ,  0.0000  , 100.0000 ,  0.0000  ,  0.0000  ,  0.0000  ,  0.0000  ,  0.0000  , 100.0000 ,  0.0000  ,  0.0000  ,  0.0000  ,  0.0000  
 17.7200  , -0.3519  ,  0.3191  , -0.1099  ,  2.0904  , -2.2007  , -0.2605  ,  0.1777  ,  0.0328  ,  2.0899  , -1.4878  ,  0.0000  , 100.0000 ,  0.0000  ,  0.0000  ,  0.0000  ,  0.0000  ,  0.0000  , 100.0000 ,  0.0000  ,  0.0000  ,  0.0000  ,  0.0000  
 17.7400  , -0.3303  ,  0.3110  , -0.0817  ,  2.1182  , -2.2633  , -0.2300  ,  0.1796  ,  0.0491  ,  2.1203  , -1.5211  ,  0.0000  , 100.0000 ,  0.0000  ,  0.0000  ,  0.0000  ,  0.0000  ,  0.0000  , 100.0000 ,  0.0000  ,  0.0000  ,  0.0000  ,  0.0000  
 17.7600  , -0.3015  ,  0.3152  , -0.0781  ,  2.1247  , -2.4160  , -0.2010  ,  0.1885  ,  0.0515  ,  2.1279  , -1.6603  ,  0.0000  , 100.0000 ,  0.0000  ,  0.0000  ,  0.0000  ,  0.0000  ,  0.0000  , 100.0000 ,  0.0000  ,  0.0000  ,  0.0000  ,  0.0000  
 17.7800  , -0.2845  ,  0.3180  , -0.0749  ,  2.1306  , -2.4434  , -0.1835  ,  0.1940  ,  0.0550  ,  2.1371  , -1.7088  ,  0.0000  , 100.0000 ,  0.0000  ,  0.0000  ,  0.0000  ,  0.0000  ,  0.0000  , 100.0000 ,  0.0000  ,  0.0000  ,  0.0000  ,  0.0000  
 17.8000  , -0.2564  ,  0.3245  , -0.0692  ,  2.1405  , -2.4757  , -0.1543  ,  0.2049  ,  0.0582  ,  2.1475  , -1.7106  ,  0.0000  , 100.0000 ,  0.0000  ,  0.0000  ,  0.0000  ,  0.0000  ,  0.0000  , 100.0000 ,  0.0000  ,  0.0000  ,  0.0000  ,  0.0000  
 17.8200  , -0.2118  ,  0.3368  , -0.0698  ,  2.1462  , -2.5165  , -0.1092  ,  0.2232  ,  0.0547  ,  2.1459  , -1.6923  ,  0.0000  , 100.0000 ,  0.0000  ,  0.0000  ,  0.0000  ,  0.0000  ,  0.0000  , 100.0000 ,  0.0000  ,  0.0000  ,  0.0000  ,  0.0000  
 17.8400  , -0.1573  ,  0.3505  , -0.0779  ,  2.1411  , -2.4362  , -0.0593  ,  0.2428  ,  0.0490  ,  2.1439  , -1.5003  ,  0.0000  , 100.0000 ,  0.0000  ,  0.0000  ,  0.0000  ,  0.0000  ,  0.0000  , 100.0000 ,  0.0000  ,  0.0000  ,  0.0000  ,  0.0000  
 17.8600  , -0.0534  ,  0.3709  , -0.0955  ,  2.1348  , -2.2932  ,  0.0350  ,  0.2761  ,  0.0349  ,  2.1316  , -1.3891  ,  0.0000  , 100.0000 ,  0.0000  ,  0.0000  ,  0.0000  ,  0.0000  ,  0.0000  , 100.0000 ,  0.0000  ,  0.0000  ,  0.0000  ,  0.0000  
 17.8800  , -0.0409  ,  0.3729  , -0.0985  ,  2.1332  , -1.9585  ,  0.0462  ,  0.2797  ,  0.0325  ,  2.1285  , -1.2220  ,  0.0000  , 100.0000 ,  0.0000  ,  0.0000  ,  0.0000  ,  0.0000  ,  0.0000  , 100.0000 ,  0.0000  ,  0.0000  ,  0.0000  ,  0.0000  
 17.9000  ,  0.0080  ,  0.3789  , -0.1090  ,  2.1334  , -1.8605  ,  0.0905  ,  0.2916  ,  0.0239  ,  2.1150  , -1.1837  ,  0.0000  , 100.0000 ,  0.0000  ,  0.0000  ,  0.0000  ,  0.0000  ,  0.0000  , 100.0000 ,  0.0000  ,  0.0000  ,  0.0000  ,  0.0000  
 17.9200  ,  0.1090  ,  0.3845  , -0.1404  ,  2.1149  , -1.8082  ,  0.1824  ,  0.3097  ,  0.0013  ,  2.0835  , -1.1177  ,  0.0000  , 100.0000 ,  0.0000  ,  0.0000  ,  0.0000  ,  0.0000  ,  0.0000  , 100.0000 ,  0.0000  ,  0.0000  ,  0.0000  ,  0.0000  
 17.9400  ,  0.1631  ,  0.3840  , -0.1582  ,  2.1031  , -1.5575  ,  0.2306  ,  0.3177  , -0.0120  ,  2.0682  , -0.7092  ,  0.0000  , 100.0000 ,  0.0000  ,  0.0000  ,  0.0000  ,  0.0000  ,  0.0000  , 100.0000 ,  0.0000  ,  0.0000  ,  0.0000  ,  0.0000  
 17.9600  ,  0.2757  ,  0.3767  , -0.1961  ,  2.0840  , -1.2182  ,  0.3326  ,  0.3177  , -0.0406  ,  2.0327  , -0.4354  ,  0.0000  , 100.0000 ,  0.0000  ,  0.0000  ,  0.0000  ,  0.0000  ,  0.0000  , 100.0000 ,  0.0000  ,  0.0000  ,  0.0000  ,  0.0000  
 17.9800  ,  0.3097  ,  0.3727  , -0.2075  ,  2.0833  , -1.0936  ,  0.3635  ,  0.3145  , -0.0494  ,  2.0250  , -0.3307  ,  0.0000  , 100.0000 ,  0.0000  ,  0.0000  ,  0.0000  ,  0.0000  ,  0.0000  , 100.0000 ,  0.0000  ,  0.0000  ,  0.0000  ,  0.0000  
 18.0000  ,  0.3817  ,  0.3583  , -0.2337  ,  2.0657  , -1.1261  ,  0.4257  ,  0.2952  , -0.0619  ,  2.0013  , -0.3137  ,  0.0000  , 100.0000 ,  0.0000  ,  0.0000  ,  0.0000  ,  0.0000  ,  0.0000  , 100.0000 ,  0.0000  ,  0.0000  ,  0.0000  ,  0.0000  
 18.0200  ,  0.4744  ,  0.3317  , -0.2663  ,  2.0496  , -0.9138  ,  0.5026  ,  0.2679  , -0.0759  ,  1.9800  , -0.1062  ,  0.0000  , 100.0000 ,  0.0000  ,  0.0000  ,  0.0000  ,  0.0000  ,  0.0000  , 100.0000 ,  0.0000  ,  0.0000  ,  0.0000  ,  0.0000  
 18.0400  ,  0.5015  ,  0.3225  , -0.2755  ,  2.0517  , -0.8143  ,  0.5254  ,  0.2590  , -0.0820  ,  1.9847  ,  0.0614  ,  0.0000  , 100.0000 ,  0.0000  ,  0.0000  ,  0.0000  ,  0.0000  ,  0.0000  , 100.0000 ,  0.0000  ,  0.0000  ,  0.0000  ,  0.0000  
 18.0600  ,  0.5570  ,  0.3002  , -0.2915  ,  2.0374  , -0.8135  ,  0.5694  ,  0.2398  , -0.0889  ,  1.9732  ,  0.1439  ,  0.0000  , 100.0000 ,  0.0000  ,  0.0000  ,  0.0000  ,  0.0000  ,  0.0000  , 100.0000 ,  0.0000  ,  0.0000  ,  0.0000  ,  0.0000  
 18.0800  ,  0.6041  ,  0.2811  , -0.3040  ,  2.0266  , -0.7670  ,  0.6058  ,  0.2217  , -0.0982  ,  1.9761  ,  0.2172  ,  0.0000  , 100.0000 ,  0.0000  ,  0.0000  ,  0.0000  ,  0.0000  ,  0.0000  , 100.0000 ,  0.0000  ,  0.0000  ,  0.0000  ,  0.0000  
 18.1000  ,  0.6433  ,  0.2669  , -0.3163  ,  2.0177  , -0.5907  ,  0.6328  ,  0.2056  , -0.1044  ,  1.9761  ,  0.3403  ,  0.0000  , 100.0000 ,  0.0000  ,  0.0000  ,  0.0000  ,  0.0000  ,  0.0000  , 100.0000 ,  0.0000  ,  0.0000  ,  0.0000  ,  0.0000  
 18.1200  ,  0.6538  ,  0.2631  , -0.3204  ,  2.0174  , -0.4454  ,  0.6403  ,  0.2012  , -0.1080  ,  1.9801  ,  0.3916  ,  0.0000  , 100.0000 ,  0.0000  ,  0.0000  ,  0.0000  ,  0.0000  ,  0.0000  , 100.0000 ,  0.0000  ,  0.0000  ,  0.0000  ,  0.0000  
 18.1400  ,  0.7085  ,  0.2474  , -0.3440  ,  2.0064  , -0.4286  ,  0.6730  ,  0.1893  , -0.1307  ,  1.9921  ,  0.3948  ,  0.0000  , 100.0000 ,  0.0000  ,  0.0000  ,  0.0000  ,  0.0000  ,  0.0000  , 100.0000 ,  0.0000  ,  0.0000  ,  0.0000  ,  0.0000  
 18.1600  ,  0.7347  ,  0.2293  , -0.3541  ,  2.0036  , -0.4276  ,  0.6944  ,  0.1712  , -0.1392  ,  1.9883  ,  0.3755  ,  0.0000  , 100.0000 ,  0.0000  ,  0.0000  ,  0.0000  ,  0.0000  ,  0.0000  , 100.0000 ,  0.0000  ,  0.0000  ,  0.0000  ,  0.0000  
 18.1800  ,  0.7447  ,  0.2223  , -0.3613  ,  2.0071  , -0.4109  ,  0.7028  ,  0.1643  , -0.1464  ,  1.9872  ,  0.3645  ,  0.0000  , 100.0000 ,  0.0000  ,  0.0000  ,  0.0000  ,  0.0000  ,  0.0000  , 100.0000 ,  0.0000  ,  0.0000  ,  0.0000  ,  0.0000  
 18.2000  ,  0.7618  ,  0.2131  , -0.3711  ,  2.0055  , -0.3607  ,  0.7159  ,  0.1552  , -0.1562  ,  1.9827  ,  0.3249  ,  0.0000  , 100.0000 ,  0.0000  ,  0.0000  ,  0.0000  ,  0.0000  ,  0.0000  , 100.0000 ,  0.0000  ,  0.0000  ,  0.0000  ,  0.0000  
 18.2200  ,  0.7901  ,  0.1995  , -0.3922  ,  2.0118  , -0.4084  ,  0.7416  ,  0.1404  , -0.1847  ,  1.9713  ,  0.3252  ,  0.0000  , 100.0000 ,  0.0000  ,  0.0000  ,  0.0000  ,  0.0000  ,  0.0000  , 100.0000 ,  0.0000  ,  0.0000  ,  0.0000  ,  0.0000  
 18.2400  ,  0.7999  ,  0.1956  , -0.4049  ,  2.0134  , -0.4798  ,  0.7520  ,  0.1351  , -0.2030  ,  1.9695  ,  0.3312  ,  0.0000  , 100.0000 ,  0.0000  ,  0.0000  ,  0.0000  ,  0.0000  ,  0.0000  , 100.0000 ,  0.0000  ,  0.0000  ,  0.0000  ,  0.0000  
 18.2600  ,  0.8063  ,  0.1903  , -0.4139  ,  2.0127  , -0.5943  ,  0.7623  ,  0.1269  , -0.2173  ,  1.9672  ,  0.3626  ,  0.0000  , 100.0000 ,  0.0000  ,  0.0000  ,  0.0000  ,  0.0000  ,  0.0000  , 100.0000 ,  0.0000  ,  0.0000  ,  0.0000  ,  0.0000  
 18.2800  ,  0.8101  ,  0.1798  , -0.4360  ,  2.0107  , -0.6681  ,  0.7728  ,  0.1118  , -0.2587  ,  1.9740  ,  0.3797  ,  0.0000  , 100.0000 ,  0.0000  ,  0.0000  ,  0.0000  ,  0.0000  ,  0.0000  , 100.0000 ,  0.0000  ,  0.0000  ,  0.0000  ,  0.0000  
 18.3000  ,  0.8098  ,  0.1771  , -0.4414  ,  2.0088  , -0.8317  ,  0.7740  ,  0.1081  , -0.2717  ,  1.9769  ,  0.3831  ,  0.0000  , 100.0000 ,  0.0000  ,  0.0000  ,  0.0000  ,  0.0000  ,  0.0000  , 100.0000 ,  0.0000  ,  0.0000  ,  0.0000  ,  0.0000  
 18.3200  ,  0.8071  ,  0.1727  , -0.4504  ,  2.0040  , -0.9280  ,  0.7733  ,  0.1011  , -0.2951  ,  1.9838  ,  0.3574  ,  0.0000  , 100.0000 ,  0.0000  ,  0.0000  ,  0.0000  ,  0.0000  ,  0.0000  , 100.0000 ,  0.0000  ,  0.0000  ,  0.0000  ,  0.0000  
 18.3400  ,  0.7980  ,  0.1660  , -0.4601  ,  1.9958  , -0.9613  ,  0.7653  ,  0.0891  , -0.3273  ,  1.9969  ,  0.3353  ,  0.0000  , 100.0000 ,  0.0000  ,  0.0000  ,  0.0000  ,  0.0000  ,  0.0000  , 100.0000 ,  0.0000  ,  0.0000  ,  0.0000  ,  0.0000  
 18.3600  ,  0.7914  ,  0.1627  , -0.4657  ,  1.9899  , -1.2050  ,  0.7591  ,  0.0831  , -0.3426  ,  2.0031  ,  0.1221  ,  0.0000  , 100.0000 ,  0.0000  ,  0.0000  ,  0.0000  ,  0.0000  ,  0.0000  , 100.0000 ,  0.0000  ,  0.0000  ,  0.0000  ,  0.0000  
 18.3800  ,  0.7774  ,  0.1594  , -0.4854  ,  1.9701  , -1.4138  ,  0.7473  ,  0.0736  , -0.3949  ,  2.0174  , -0.3825  ,  0.0000  , 100.0000 ,  0.0000  ,  0.0000  ,  0.0000  ,  0.0000  ,  0.0000  , 100.0000 ,  0.0000  ,  0.0000  ,  0.0000  ,  0.0000  
 18.4000  ,  0.7713  ,  0.1592  , -0.4960  ,  1.9606  , -1.4802  ,  0.7426  ,  0.0706  , -0.4158  ,  2.0222  , -0.6053  ,  0.0000  , 100.0000 ,  0.0000  ,  0.0000  ,  0.0000  ,  0.0000  ,  0.0000  , 100.0000 ,  0.0000  ,  0.0000  ,  0.0000  ,  0.0000  
 18.4200  ,  0.7647  ,  0.1616  , -0.5030  ,  1.9567  , -1.5392  ,  0.7387  ,  0.0700  , -0.4313  ,  2.0259  , -0.9030  ,  0.0000  , 100.0000 ,  0.0000  ,  0.0000  ,  0.0000  ,  0.0000  ,  0.0000  , 100.0000 ,  0.0000  ,  0.0000  ,  0.0000  ,  0.0000  
 18.4400  ,  0.7498  ,  0.1685  , -0.5354  ,  1.9338  , -1.6040  ,  0.7301  ,  0.0708  , -0.4895  ,  2.0337  , -1.3750  ,  0.0000  , 100.0000 ,  0.0000  ,  0.0000  ,  0.0000  ,  0.0000  ,  0.0000  , 100.0000 ,  0.0000  ,  0.0000  ,  0.0000  ,  0.0000  
 18.4600  ,  0.7450  ,  0.1717  , -0.5481  ,  1.9257  , -1.6106  ,  0.7274  ,  0.0723  , -0.5071  ,  2.0356  , -1.4747  ,  0.0000  , 100.0000 ,  0.0000  ,  0.0000  ,  0.0000  ,  0.0000  ,  0.0000  , 100.0000 ,  0.0000  ,  0.0000  ,  0.0000  ,  0.0000  
 18.4800  ,  0.7430  ,  0.1730  , -0.5594  ,  1.9173  , -1.6134  ,  0.7262  ,  0.0729  , -0.5214  ,  2.0362  , -1.5433  ,  0.0000  , 100.0000 ,  0.0000  ,  0.0000  ,  0.0000  ,  0.0000  ,  0.0000  , 100.0000 ,  0.0000  ,  0.0000  ,  0.0000  ,  0.0000  
 18.5000  ,  0.7270  ,  0.1838  , -0.5871  ,  1.9050  , -1.6198  ,  0.7141  ,  0.0797  , -0.5629  ,  2.0418  , -1.5913  ,  0.0000  , 100.0000 ,  0.0000  ,  0.0000  ,  0.0000  ,  0.0000  ,  0.0000  , 100.0000 ,  0.0000  ,  0.0000  ,  0.0000  ,  0.0000  
 18.5200  ,  0.7212  ,  0.1893  , -0.5981  ,  1.9001  , -1.6418  ,  0.7109  ,  0.0838  , -0.5757  ,  2.0418  , -1.7005  ,  0.0000  , 100.0000 ,  0.0000  ,  0.0000  ,  0.0000  ,  0.0000  ,  0.0000  , 100.0000 ,  0.0000  ,  0.0000  ,  0.0000  ,  0.0000  
 18.5400  ,  0.7160  ,  0.1941  , -0.6156  ,  1.8925  , -1.6426  ,  0.7081  ,  0.0874  , -0.5909  ,  2.0416  , -1.7148  ,  0.0000  , 100.0000 ,  0.0000  ,  0.0000  ,  0.0000  ,  0.0000  ,  0.0000  , 100.0000 ,  0.0000  ,  0.0000  ,  0.0000  ,  0.0000  
 18.5600  ,  0.7059  ,  0.2056  , -0.6352  ,  1.8885  , -1.5352  ,  0.7006  ,  0.0959  , -0.6039  ,  2.0455  , -1.7124  ,  0.0000  , 100.0000 ,  0.0000  ,  0.0000  ,  0.0000  ,  0.0000  ,  0.0000  , 100.0000 ,  0.0000  ,  0.0000  ,  0.0000  ,  0.0000  
 18.5800  ,  0.6999  ,  0.2122  , -0.6458  ,  1.8872  , -1.4440  ,  0.6982  ,  0.1022  , -0.6059  ,  2.0478  , -1.6556  ,  0.0000  , 100.0000 ,  0.0000  ,  0.0000  ,  0.0000  ,  0.0000  ,  0.0000  , 100.0000 ,  0.0000  ,  0.0000  ,  0.0000  ,  0.0000  
 18.6000  ,  0.6924  ,  0.2222  , -0.6503  ,  1.8865  , -1.4899  ,  0.6961  ,  0.1133  , -0.5962  ,  2.0497  , -1.5953  ,  0.0000  , 100.0000 ,  0.0000  ,  0.0000  ,  0.0000  ,  0.0000  ,  0.0000  , 100.0000 ,  0.0000  ,  0.0000  ,  0.0000  ,  0.0000  
 18.6200  ,  0.6905  ,  0.2258  , -0.6501  ,  1.8873  , -1.5332  ,  0.6952  ,  0.1175  , -0.5893  ,  2.0511  , -1.4417  ,  0.0000  , 100.0000 ,  0.0000  ,  0.0000  ,  0.0000  ,  0.0000  ,  0.0000  , 100.0000 ,  0.0000  ,  0.0000  ,  0.0000  ,  0.0000  
 18.6400  ,  0.6892  ,  0.2321  , -0.6476  ,  1.8886  , -1.5449  ,  0.6945  ,  0.1242  , -0.5758  ,  2.0535  , -1.3342  ,  0.0000  , 100.0000 ,  0.0000  ,  0.0000  ,  0.0000  ,  0.0000  ,  0.0000  , 100.0000 ,  0.0000  ,  0.0000  ,  0.0000  ,  0.0000  
 18.6600  ,  0.6902  ,  0.2370  , -0.6450  ,  1.8898  , -1.5165  ,  0.6947  ,  0.1291  , -0.5628  ,  2.0552  , -1.1598  ,  0.0000  , 100.0000 ,  0.0000  ,  0.0000  ,  0.0000  ,  0.0000  ,  0.0000  , 100.0000 ,  0.0000  ,  0.0000  ,  0.0000  ,  0.0000  
 18.6800  ,  0.6942  ,  0.2461  , -0.6317  ,  1.8901  , -1.4809  ,  0.6972  ,  0.1399  , -0.5202  ,  2.0531  , -1.0830  ,  0.0000  , 100.0000 ,  0.0000  ,  0.0000  ,  0.0000  ,  0.0000  ,  0.0000  , 100.0000 ,  0.0000  ,  0.0000  ,  0.0000  ,  0.0000  
 18.7000  ,  0.6961  ,  0.2488  , -0.6259  ,  1.8913  , -1.4118  ,  0.6987  ,  0.1435  , -0.5054  ,  2.0537  , -0.9007  ,  0.0000  , 100.0000 ,  0.0000  ,  0.0000  ,  0.0000  ,  0.0000  ,  0.0000  , 100.0000 ,  0.0000  ,  0.0000  ,  0.0000  ,  0.0000  
 18.7200  ,  0.6999  ,  0.2544  , -0.6114  ,  1.8950  , -1.3425  ,  0.7027  ,  0.1526  , -0.4777  ,  2.0541  , -0.6464  ,  0.0000  , 100.0000 ,  0.0000  ,  0.0000  ,  0.0000  ,  0.0000  ,  0.0000  , 100.0000 ,  0.0000  ,  0.0000  ,  0.0000  ,  0.0000  
 18.7400  ,  0.7064  ,  0.2638  , -0.5804  ,  1.9033  , -1.3412  ,  0.7098  ,  0.1691  , -0.4203  ,  2.0502  , -0.6356  ,  0.0000  , 100.0000 ,  0.0000  ,  0.0000  ,  0.0000  ,  0.0000  ,  0.0000  , 100.0000 ,  0.0000  ,  0.0000  ,  0.0000  ,  0.0000  
 18.7600  ,  0.7081  ,  0.2662  , -0.5673  ,  1.9083  , -1.2618  ,  0.7114  ,  0.1734  , -0.4012  ,  2.0498  , -0.3590  ,  0.0000  , 100.0000 ,  0.0000  ,  0.0000  ,  0.0000  ,  0.0000  ,  0.0000  , 100.0000 ,  0.0000  ,  0.0000  ,  0.0000  ,  0.0000  
 18.7800  ,  0.7110  ,  0.2702  , -0.5468  ,  1.9123  , -1.2671  ,  0.7136  ,  0.1796  , -0.3736  ,  2.0488  , -0.3751  ,  0.0000  , 100.0000 ,  0.0000  ,  0.0000  ,  0.0000  ,  0.0000  ,  0.0000  , 100.0000 ,  0.0000  ,  0.0000  ,  0.0000  ,  0.0000  
 18.8000  ,  0.7185  ,  0.2799  , -0.5032  ,  1.9184  , -1.2101  ,  0.7176  ,  0.1921  , -0.3062  ,  2.0451  , -0.2629  ,  0.0000  , 100.0000 ,  0.0000  ,  0.0000  ,  0.0000  ,  0.0000  ,  0.0000  , 100.0000 ,  0.0000  ,  0.0000  ,  0.0000  ,  0.0000  
 18.8200  ,  0.7244  ,  0.2879  , -0.4827  ,  1.9200  , -1.1768  ,  0.7217  ,  0.2020  , -0.2738  ,  2.0412  , -0.2051  ,  0.0000  , 100.0000 ,  0.0000  ,  0.0000  ,  0.0000  ,  0.0000  ,  0.0000  , 100.0000 ,  0.0000  ,  0.0000  ,  0.0000  ,  0.0000  
 18.8400  ,  0.7275  ,  0.2923  , -0.4662  ,  1.9196  , -1.1166  ,  0.7239  ,  0.2073  , -0.2527  ,  2.0359  , -0.1020  ,  0.0000  , 100.0000 ,  0.0000  ,  0.0000  ,  0.0000  ,  0.0000  ,  0.0000  , 100.0000 ,  0.0000  ,  0.0000  ,  0.0000  ,  0.0000  
 18.8600  ,  0.7341  ,  0.3111  , -0.4118  ,  1.9266  , -1.0779  ,  0.7271  ,  0.2266  , -0.1810  ,  2.0290  , -0.0665  ,  0.0000  , 100.0000 ,  0.0000  ,  0.0000  ,  0.0000  ,  0.0000  ,  0.0000  , 100.0000 ,  0.0000  ,  0.0000  ,  0.0000  ,  0.0000  
 18.8800  ,  0.7366  ,  0.3203  , -0.4026  ,  1.9277  , -0.9164  ,  0.7275  ,  0.2358  , -0.1567  ,  2.0261  ,  0.0320  ,  0.0000  , 100.0000 ,  0.0000  ,  0.0000  ,  0.0000  ,  0.0000  ,  0.0000  , 100.0000 ,  0.0000  ,  0.0000  ,  0.0000  ,  0.0000  
 18.9000  ,  0.7428  ,  0.3441  , -0.3527  ,  1.9314  , -0.8597  ,  0.7282  ,  0.2602  , -0.0963  ,  2.0199  ,  0.0564  ,  0.0000  , 100.0000 ,  0.0000  ,  0.0000  ,  0.0000  ,  0.0000  ,  0.0000  , 100.0000 ,  0.0000  ,  0.0000  ,  0.0000  ,  0.0000  
 18.9200  ,  0.7452  ,  0.3542  , -0.3376  ,  1.9282  , -0.8095  ,  0.7283  ,  0.2708  , -0.0688  ,  2.0159  ,  0.0725  ,  0.0000  , 100.0000 ,  0.0000  ,  0.0000  ,  0.0000  ,  0.0000  ,  0.0000  , 100.0000 ,  0.0000  ,  0.0000  ,  0.0000  ,  0.0000  
 18.9400  ,  0.7476  ,  0.3671  , -0.3023  ,  1.9280  , -0.7257  ,  0.7282  ,  0.2842  , -0.0345  ,  2.0104  ,  0.1058  ,  0.0000  , 100.0000 ,  0.0000  ,  0.0000  ,  0.0000  ,  0.0000  ,  0.0000  , 100.0000 ,  0.0000  ,  0.0000  ,  0.0000  ,  0.0000  
 18.9600  ,  0.7486  ,  0.3763  , -0.2881  ,  1.9276  , -0.6898  ,  0.7282  ,  0.2936  , -0.0170  ,  2.0069  ,  0.1209  ,  0.0000  , 100.0000 ,  0.0000  ,  0.0000  ,  0.0000  ,  0.0000  ,  0.0000  , 100.0000 ,  0.0000  ,  0.0000  ,  0.0000  ,  0.0000  
 18.9800  ,  0.7477  ,  0.4077  , -0.2310  ,  1.9188  , -0.6545  ,  0.7226  ,  0.3270  ,  0.0516  ,  1.9931  ,  0.1290  ,  0.0000  , 100.0000 ,  0.0000  ,  0.0000  ,  0.0000  ,  0.0000  ,  0.0000  , 100.0000 ,  0.0000  ,  0.0000  ,  0.0000  ,  0.0000  
 19.0000  ,  0.7469  ,  0.4132  , -0.2136  ,  1.9177  , -0.5854  ,  0.7210  ,  0.3329  ,  0.0657  ,  1.9908  ,  0.1343  ,  0.0000  , 100.0000 ,  0.0000  ,  0.0000  ,  0.0000  ,  0.0000  ,  0.0000  , 100.0000 ,  0.0000  ,  0.0000  ,  0.0000  ,  0.0000  
 19.0200  ,  0.7459  ,  0.4294  , -0.1864  ,  1.9152  , -0.5219  ,  0.7182  ,  0.3525  ,  0.0928  ,  1.9842  ,  0.1451  ,  0.0000  , 100.0000 ,  0.0000  ,  0.0000  ,  0.0000  ,  0.0000  ,  0.0000  , 100.0000 ,  0.0000  ,  0.0000  ,  0.0000  ,  0.0000  
 19.0400  ,  0.7420  ,  0.4497  , -0.1402  ,  1.9104  , -0.5047  ,  0.7125  ,  0.3758  ,  0.1361  ,  1.9741  ,  0.1488  ,  0.0000  , 100.0000 ,  0.0000  ,  0.0000  ,  0.0000  ,  0.0000  ,  0.0000  , 100.0000 ,  0.0000  ,  0.0000  ,  0.0000  ,  0.0000  
 19.0600  ,  0.7384  ,  0.4614  , -0.1053  ,  1.9057  , -0.4938  ,  0.7079  ,  0.3888  ,  0.1596  ,  1.9799  ,  0.1477  ,  0.0000  , 100.0000 ,  0.0000  ,  0.0000  ,  0.0000  ,  0.0000  ,  0.0000  , 100.0000 ,  0.0000  ,  0.0000  ,  0.0000  ,  0.0000  
 19.0800  ,  0.7305  ,  0.4733  , -0.0918  ,  1.9106  , -0.4638  ,  0.7016  ,  0.4018  ,  0.1716  ,  1.9773  ,  0.1179  ,  0.0000  , 100.0000 ,  0.0000  ,  0.0000  ,  0.0000  ,  0.0000  ,  0.0000  , 100.0000 ,  0.0000  ,  0.0000  ,  0.0000  ,  0.0000  
 19.1000  ,  0.7142  ,  0.4932  , -0.0435  ,  1.9051  , -0.4304  ,  0.6888  ,  0.4229  ,  0.2172  ,  1.9675  ,  0.0988  ,  0.0000  , 100.0000 ,  0.0000  ,  0.0000  ,  0.0000  ,  0.0000  ,  0.0000  , 100.0000 ,  0.0000  ,  0.0000  ,  0.0000  ,  0.0000  
 19.1200  ,  0.7052  ,  0.5022  , -0.0191  ,  1.9016  , -0.3755  ,  0.6820  ,  0.4320  ,  0.2392  ,  1.9628  ,  0.0847  ,  0.0000  , 100.0000 ,  0.0000  ,  0.0000  ,  0.0000  ,  0.0000  ,  0.0000  , 100.0000 ,  0.0000  ,  0.0000  ,  0.0000  ,  0.0000  
 19.1400  ,  0.6951  ,  0.5113  ,  0.0096  ,  1.8967  , -0.3849  ,  0.6744  ,  0.4413  ,  0.2611  ,  1.9582  ,  0.0823  ,  0.0000  , 100.0000 ,  0.0000  ,  0.0000  ,  0.0000  ,  0.0000  ,  0.0000  , 100.0000 ,  0.0000  ,  0.0000  ,  0.0000  ,  0.0000  
 19.1600  ,  0.6787  ,  0.5247  ,  0.0452  ,  1.8821  , -0.3661  ,  0.6620  ,  0.4549  ,  0.3015  ,  1.9386  ,  0.0583  ,  0.0000  , 100.0000 ,  0.0000  ,  0.0000  ,  0.0000  ,  0.0000  ,  0.0000  , 100.0000 ,  0.0000  ,  0.0000  ,  0.0000  ,  0.0000  
 19.1800  ,  0.6417  ,  0.5528  ,  0.1035  ,  1.8709  , -0.3626  ,  0.6314  ,  0.4819  ,  0.3550  ,  1.9253  ,  0.0219  ,  0.0000  , 100.0000 ,  0.0000  ,  0.0000  ,  0.0000  ,  0.0000  ,  0.0000  , 100.0000 ,  0.0000  ,  0.0000  ,  0.0000  ,  0.0000  
 19.2000  ,  0.6331  ,  0.5588  ,  0.1243  ,  1.8627  , -0.3722  ,  0.6241  ,  0.4874  ,  0.3674  ,  1.9220  , -0.0268  ,  0.0000  , 100.0000 ,  0.0000  ,  0.0000  ,  0.0000  ,  0.0000  ,  0.0000  , 100.0000 ,  0.0000  ,  0.0000  ,  0.0000  ,  0.0000  
 19.2200  ,  0.5842  ,  0.5840  ,  0.1696  ,  1.8531  , -0.3783  ,  0.5908  ,  0.5083  ,  0.4172  ,  1.9041  , -0.0602  ,  0.0000  , 100.0000 ,  0.0000  ,  0.0000  ,  0.0000  ,  0.0000  ,  0.0000  , 100.0000 ,  0.0000  ,  0.0000  ,  0.0000  ,  0.0000  
 19.2400  ,  0.5493  ,  0.5911  ,  0.2116  ,  1.8439  , -0.3916  ,  0.5658  ,  0.5155  ,  0.4506  ,  1.8977  , -0.0922  ,  0.0000  , 100.0000 ,  0.0000  ,  0.0000  ,  0.0000  ,  0.0000  ,  0.0000  , 100.0000 ,  0.0000  ,  0.0000  ,  0.0000  ,  0.0000  
 19.2600  ,  0.5352  ,  0.5932  ,  0.2316  ,  1.8367  , -0.4243  ,  0.5555  ,  0.5178  ,  0.4729  ,  1.8893  , -0.1346  ,  0.0000  , 100.0000 ,  0.0000  ,  0.0000  ,  0.0000  ,  0.0000  ,  0.0000  , 100.0000 ,  0.0000  ,  0.0000  ,  0.0000  ,  0.0000  
 19.2800  ,  0.5081  ,  0.5970  ,  0.2614  ,  1.8294  , -0.4596  ,  0.5338  ,  0.5205  ,  0.4974  ,  1.8864  , -0.1983  ,  0.0000  , 100.0000 ,  0.0000  ,  0.0000  ,  0.0000  ,  0.0000  ,  0.0000  , 100.0000 ,  0.0000  ,  0.0000  ,  0.0000  ,  0.0000  
 19.3000  ,  0.4510  ,  0.6017  ,  0.3360  ,  1.7763  , -0.4915  ,  0.4864  ,  0.5244  ,  0.5696  ,  1.8641  , -0.2311  ,  0.0000  , 100.0000 ,  0.0000  ,  0.0000  ,  0.0000  ,  0.0000  ,  0.0000  , 100.0000 ,  0.0000  ,  0.0000  ,  0.0000  ,  0.0000  
 19.3200  ,  0.4223  ,  0.6018  ,  0.3640  ,  1.7632  , -0.5716  ,  0.4632  ,  0.5275  ,  0.5982  ,  1.8501  , -0.2830  ,  0.0000  , 100.0000 ,  0.0000  ,  0.0000  ,  0.0000  ,  0.0000  ,  0.0000  , 100.0000 ,  0.0000  ,  0.0000  ,  0.0000  ,  0.0000  
 19.3400  ,  0.4166  ,  0.6017  ,  0.3709  ,  1.7576  , -0.6144  ,  0.4585  ,  0.5281  ,  0.6053  ,  1.8458  , -0.3111  ,  0.0000  , 100.0000 ,  0.0000  ,  0.0000  ,  0.0000  ,  0.0000  ,  0.0000  , 100.0000 ,  0.0000  ,  0.0000  ,  0.0000  ,  0.0000  
 19.3600  ,  0.3493  ,  0.6008  ,  0.4361  ,  1.6991  , -0.7353  ,  0.4041  ,  0.5294  ,  0.6754  ,  1.8054  , -0.4136  ,  0.0000  , 100.0000 ,  0.0000  ,  0.0000  ,  0.0000  ,  0.0000  ,  0.0000  , 100.0000 ,  0.0000  ,  0.0000  ,  0.0000  ,  0.0000  
 19.3800  ,  0.3023  ,  0.5941  ,  0.4709  ,  1.6747  , -0.7834  ,  0.3638  ,  0.5269  ,  0.7108  ,  1.7902  , -0.4526  ,  0.0000  , 100.0000 ,  0.0000  ,  0.0000  ,  0.0000  ,  0.0000  ,  0.0000  , 100.0000 ,  0.0000  ,  0.0000  ,  0.0000  ,  0.0000  
 19.4000  ,  0.2916  ,  0.5923  ,  0.4831  ,  1.6654  , -0.8293  ,  0.3541  ,  0.5261  ,  0.7245  ,  1.7781  , -0.4913  ,  0.0000  , 100.0000 ,  0.0000  ,  0.0000  ,  0.0000  ,  0.0000  ,  0.0000  , 100.0000 ,  0.0000  ,  0.0000  ,  0.0000  ,  0.0000  
 19.4200  ,  0.2347  ,  0.5801  ,  0.5264  ,  1.5976  , -0.8841  ,  0.3022  ,  0.5215  ,  0.7764  ,  1.7246  , -0.5174  ,  0.0000  , 100.0000 ,  0.0000  ,  0.0000  ,  0.0000  ,  0.0000  ,  0.0000  , 100.0000 ,  0.0000  ,  0.0000  ,  0.0000  ,  0.0000  
 19.4400  ,  0.2104  ,  0.5753  ,  0.5413  ,  1.5681  , -1.0030  ,  0.2819  ,  0.5214  ,  0.7852  ,  1.7138  , -0.5459  ,  0.0000  , 100.0000 ,  0.0000  ,  0.0000  ,  0.0000  ,  0.0000  ,  0.0000  , 100.0000 ,  0.0000  ,  0.0000  ,  0.0000  ,  0.0000  
 19.4600  ,  0.1907  ,  0.5713  ,  0.5514  ,  1.5484  , -1.0641  ,  0.2655  ,  0.5215  ,  0.8008  ,  1.6833  , -0.5850  ,  0.0000  , 100.0000 ,  0.0000  ,  0.0000  ,  0.0000  ,  0.0000  ,  0.0000  , 100.0000 ,  0.0000  ,  0.0000  ,  0.0000  ,  0.0000  
 19.4800  ,  0.1410  ,  0.5555  ,  0.5798  ,  1.4596  , -1.1302  ,  0.2161  ,  0.5121  ,  0.8392  ,  1.6415  , -0.6363  ,  0.0000  , 100.0000 ,  0.0000  ,  0.0000  ,  0.0000  ,  0.0000  ,  0.0000  , 100.0000 ,  0.0000  ,  0.0000  ,  0.0000  ,  0.0000  
 19.5000  ,  0.1270  ,  0.5501  ,  0.5868  ,  1.4099  , -1.1907  ,  0.2005  ,  0.5078  ,  0.8585  ,  1.5945  , -0.6899  ,  0.0000  , 100.0000 ,  0.0000  ,  0.0000  ,  0.0000  ,  0.0000  ,  0.0000  , 100.0000 ,  0.0000  ,  0.0000  ,  0.0000  ,  0.0000  
 19.5200  ,  0.0943  ,  0.5360  ,  0.5989  ,  1.3665  , -1.2985  ,  0.1720  ,  0.5014  ,  0.8715  ,  1.5533  , -0.7678  ,  0.0000  , 100.0000 ,  0.0000  ,  0.0000  ,  0.0000  ,  0.0000  ,  0.0000  , 100.0000 ,  0.0000  ,  0.0000  ,  0.0000  ,  0.0000  
 19.5400  ,  0.0725  ,  0.5270  ,  0.6026  ,  1.3193  , -1.3229  ,  0.1489  ,  0.4955  ,  0.8840  ,  1.4910  , -0.7685  ,  0.0000  , 100.0000 ,  0.0000  ,  0.0000  ,  0.0000  ,  0.0000  ,  0.0000  , 100.0000 ,  0.0000  ,  0.0000  ,  0.0000  ,  0.0000  
 19.5600  ,  0.0549  ,  0.5200  ,  0.5986  ,  1.2340  , -1.4567  ,  0.1276  ,  0.4899  ,  0.8921  ,  1.3876  , -0.8416  ,  0.0000  , 100.0000 ,  0.0000  ,  0.0000  ,  0.0000  ,  0.0000  ,  0.0000  , 100.0000 ,  0.0000  ,  0.0000  ,  0.0000  ,  0.0000  
 19.5800  ,  0.0300  ,  0.5010  ,  0.6061  ,  1.1990  , -1.5638  ,  0.0990  ,  0.4724  ,  0.9008  ,  1.3540  , -0.9238  ,  0.0000  , 100.0000 ,  0.0000  ,  0.0000  ,  0.0000  ,  0.0000  ,  0.0000  , 100.0000 ,  0.0000  ,  0.0000  ,  0.0000  ,  0.0000  
 19.6000  ,  0.0119  ,  0.4856  ,  0.6034  ,  1.1330  , -1.6352  ,  0.0758  ,  0.4566  ,  0.9093  ,  1.2907  , -0.9802  ,  0.0000  , 100.0000 ,  0.0000  ,  0.0000  ,  0.0000  ,  0.0000  ,  0.0000  , 100.0000 ,  0.0000  ,  0.0000  ,  0.0000  ,  0.0000  
 19.6200  ,  0.0010  ,  0.4753  ,  0.6003  ,  1.0822  , -1.6792  ,  0.0602  ,  0.4451  ,  0.9141  ,  1.2407  , -1.0021  ,  0.0000  , 100.0000 ,  0.0000  ,  0.0000  ,  0.0000  ,  0.0000  ,  0.0000  , 100.0000 ,  0.0000  ,  0.0000  ,  0.0000  ,  0.0000  
 19.6400  , -0.0055  ,  0.4685  ,  0.5922  ,  1.0339  , -1.7437  ,  0.0498  ,  0.4388  ,  0.9116  ,  1.1991  , -1.0146  ,  0.0000  , 100.0000 ,  0.0000  ,  0.0000  ,  0.0000  ,  0.0000  ,  0.0000  , 100.0000 ,  0.0000  ,  0.0000  ,  0.0000  ,  0.0000  
 19.6600  , -0.0122  ,  0.4610  ,  0.5866  ,  0.9953  , -1.8299  ,  0.0381  ,  0.4330  ,  0.9048  ,  1.1593  , -1.0734  ,  0.0000  , 100.0000 ,  0.0000  ,  0.0000  ,  0.0000  ,  0.0000  ,  0.0000  , 100.0000 ,  0.0000  ,  0.0000  ,  0.0000  ,  0.0000  
 19.6800  , -0.0287  ,  0.4441  ,  0.5626  ,  0.9057  , -1.9002  ,  0.0133  ,  0.4140  ,  0.8924  ,  1.0712  , -1.1445  ,  0.0000  , 100.0000 ,  0.0000  ,  0.0000  ,  0.0000  ,  0.0000  ,  0.0000  , 100.0000 ,  0.0000  ,  0.0000  ,  0.0000  ,  0.0000  
 19.7000  , -0.0338  ,  0.4392  ,  0.5460  ,  0.8675  , -2.0536  ,  0.0063  ,  0.4087  ,  0.8873  ,  1.0380  , -1.2922  ,  0.0000  , 100.0000 ,  0.0000  ,  0.0000  ,  0.0000  ,  0.0000  ,  0.0000  , 100.0000 ,  0.0000  ,  0.0000  ,  0.0000  ,  0.0000  
 19.7200  , -0.0448  ,  0.4288  ,  0.5387  ,  0.8191  , -2.0294  , -0.0075  ,  0.3995  ,  0.8791  ,  0.9772  , -1.2788  ,  0.0000  , 100.0000 ,  0.0000  ,  0.0000  ,  0.0000  ,  0.0000  ,  0.0000  , 100.0000 ,  0.0000  ,  0.0000  ,  0.0000  ,  0.0000  
 19.7400  , -0.0515  ,  0.4176  ,  0.5015  ,  0.7463  , -2.0772  , -0.0228  ,  0.3912  ,  0.8484  ,  0.9086  , -1.3026  ,  0.0000  , 100.0000 ,  0.0000  ,  0.0000  ,  0.0000  ,  0.0000  ,  0.0000  , 100.0000 ,  0.0000  ,  0.0000  ,  0.0000  ,  0.0000  
 19.7600  , -0.0528  ,  0.4129  ,  0.4868  ,  0.7182  , -2.0732  , -0.0292  ,  0.3882  ,  0.8241  ,  0.8628  , -1.2790  ,  0.0000  , 100.0000 ,  0.0000  ,  0.0000  ,  0.0000  ,  0.0000  ,  0.0000  , 100.0000 ,  0.0000  ,  0.0000  ,  0.0000  ,  0.0000  
 19.7800  , -0.0540  ,  0.4081  ,  0.4628  ,  0.6809  , -2.1030  , -0.0352  ,  0.3829  ,  0.8075  ,  0.8356  , -1.3451  ,  0.0000  , 100.0000 ,  0.0000  ,  0.0000  ,  0.0000  ,  0.0000  ,  0.0000  , 100.0000 ,  0.0000  ,  0.0000  ,  0.0000  ,  0.0000  
 19.8000  , -0.0574  ,  0.3945  ,  0.4496  ,  0.6087  , -2.1353  , -0.0501  ,  0.3620  ,  0.7769  ,  0.7511  , -1.4190  ,  0.0000  , 100.0000 ,  0.0000  ,  0.0000  ,  0.0000  ,  0.0000  ,  0.0000  , 100.0000 ,  0.0000  ,  0.0000  ,  0.0000  ,  0.0000  
 19.8200  , -0.0588  ,  0.3896  ,  0.4115  ,  0.5667  , -2.2002  , -0.0545  ,  0.3548  ,  0.7549  ,  0.7112  , -1.5342  ,  0.0000  , 100.0000 ,  0.0000  ,  0.0000  ,  0.0000  ,  0.0000  ,  0.0000  , 100.0000 ,  0.0000  ,  0.0000  ,  0.0000  ,  0.0000  
 19.8400  , -0.0588  ,  0.3896  ,  0.4115  ,  0.5667  , -2.2569  , -0.0545  ,  0.3548  ,  0.7549  ,  0.7112  , -1.5715  ,  0.0000  , 100.0000 ,  0.0000  ,  0.0000  ,  0.0000  ,  0.0000  ,  0.0000  , 100.0000 ,  0.0000  ,  0.0000  ,  0.0000  ,  0.0000  
 19.8600  , -0.0587  ,  0.3755  ,  0.3414  ,  0.4841  , -2.2747  , -0.0596  ,  0.3440  ,  0.6935  ,  0.6178  , -1.5516  ,  0.0000  , 100.0000 ,  0.0000  ,  0.0000  ,  0.0000  ,  0.0000  ,  0.0000  , 100.0000 ,  0.0000  ,  0.0000  ,  0.0000  ,  0.0000  
 19.8800  , -0.0607  ,  0.3664  ,  0.3227  ,  0.4607  , -2.2806  , -0.0645  ,  0.3314  ,  0.6749  ,  0.5959  , -1.5597  ,  0.0000  , 100.0000 ,  0.0000  ,  0.0000  ,  0.0000  ,  0.0000  ,  0.0000  , 100.0000 ,  0.0000  ,  0.0000  ,  0.0000  ,  0.0000  
 19.9000  , -0.0618  ,  0.3613  ,  0.3000  ,  0.4430  , -2.2960  , -0.0674  ,  0.3242  ,  0.6465  ,  0.5668  , -1.6569  ,  0.0000  , 100.0000 ,  0.0000  ,  0.0000  ,  0.0000  ,  0.0000  ,  0.0000  , 100.0000 ,  0.0000  ,  0.0000  ,  0.0000  ,  0.0000  
 19.9200  , -0.0650  ,  0.3533  ,  0.2790  ,  0.4284  , -2.3143  , -0.0711  ,  0.3144  ,  0.6237  ,  0.5443  , -1.7003  ,  0.0000  , 100.0000 ,  0.0000  ,  0.0000  ,  0.0000  ,  0.0000  ,  0.0000  , 100.0000 ,  0.0000  ,  0.0000  ,  0.0000  ,  0.0000  
 19.9400  , -0.0681  ,  0.3442  ,  0.2383  ,  0.4097  , -2.3493  , -0.0753  ,  0.3041  ,  0.5862  ,  0.5127  , -1.7638  ,  0.0000  , 100.0000 ,  0.0000  ,  0.0000  ,  0.0000  ,  0.0000  ,  0.0000  , 100.0000 ,  0.0000  ,  0.0000  ,  0.0000  ,  0.0000  
 19.9600  , -0.0707  ,  0.3331  ,  0.1965  ,  0.3987  , -2.3543  , -0.0800  ,  0.2937  ,  0.5497  ,  0.4882  , -1.7820  ,  0.0000  , 100.0000 ,  0.0000  ,  0.0000  ,  0.0000  ,  0.0000  ,  0.0000  , 100.0000 ,  0.0000  ,  0.0000  ,  0.0000  ,  0.0000  
 19.9800  , -0.0752  ,  0.3241  ,  0.1868  ,  0.3966  , -2.3583  , -0.0855  ,  0.2833  ,  0.5273  ,  0.4777  , -1.7803  ,  0.0000  , 100.0000 ,  0.0000  ,  0.0000  ,  0.0000  ,  0.0000  ,  0.0000  , 100.0000 ,  0.0000  ,  0.0000  ,  0.0000  ,  0.0000  
 20.0000  , -0.0836  ,  0.3066  ,  0.1281  ,  0.3911  , -2.3574  , -0.0971  ,  0.2621  ,  0.4614  ,  0.4582  , -1.7987  ,  0.0000  , 100.0000 ,  0.0000  ,  0.0000  ,  0.0000  ,  0.0000  ,  0.0000  , 100.0000 ,  0.0000  ,  0.0000  ,  0.0000  ,  0.0000  
 20.0200  , -0.0861  ,  0.3012  ,  0.1235  ,  0.3930  , -2.3574  , -0.1009  ,  0.2553  ,  0.4451  ,  0.4659  , -1.7987  ,  0.0000  , 100.0000 ,  0.0000  ,  0.0000  ,  0.0000  ,  0.0000  ,  0.0000  , 100.0000 ,  0.0000  ,  0.0000  ,  0.0000  ,  0.0000  
 20.0400  , -0.0886  ,  0.2929  ,  0.0902  ,  0.4025  , -2.3093  , -0.1030  ,  0.2465  ,  0.4303  ,  0.4616  , -1.8266  ,  0.0000  , 100.0000 ,  0.0000  ,  0.0000  ,  0.0000  ,  0.0000  ,  0.0000  , 100.0000 ,  0.0000  ,  0.0000  ,  0.0000  ,  0.0000  
 20.0600  , -0.0928  ,  0.2792  ,  0.0459  ,  0.4054  , -2.3082  , -0.1059  ,  0.2318  ,  0.3998  ,  0.4573  , -1.8279  ,  0.0000  , 100.0000 ,  0.0000  ,  0.0000  ,  0.0000  ,  0.0000  ,  0.0000  , 100.0000 ,  0.0000  ,  0.0000  ,  0.0000  ,  0.0000  
 20.0800  , -0.0963  ,  0.2694  ,  0.0282  ,  0.4119  , -2.2339  , -0.1091  ,  0.2203  ,  0.3737  ,  0.4610  , -1.8683  ,  0.0000  , 100.0000 ,  0.0000  ,  0.0000  ,  0.0000  ,  0.0000  ,  0.0000  , 100.0000 ,  0.0000  ,  0.0000  ,  0.0000  ,  0.0000  
 20.1000  , -0.0984  ,  0.2636  ,  0.0085  ,  0.4174  , -2.2371  , -0.1105  ,  0.2135  ,  0.3434  ,  0.4635  , -1.8566  ,  0.0000  , 100.0000 ,  0.0000  ,  0.0000  ,  0.0000  ,  0.0000  ,  0.0000  , 100.0000 ,  0.0000  ,  0.0000  ,  0.0000  ,  0.0000  
 20.1200  , -0.1019  ,  0.2537  , -0.0439  ,  0.4331  , -2.2497  , -0.1118  ,  0.2018  ,  0.2975  ,  0.4726  , -1.8513  ,  0.0000  , 100.0000 ,  0.0000  ,  0.0000  ,  0.0000  ,  0.0000  ,  0.0000  , 100.0000 ,  0.0000  ,  0.0000  ,  0.0000  ,  0.0000  
 20.1400  , -0.1007  ,  0.2478  , -0.0706  ,  0.4379  , -2.2890  , -0.1103  ,  0.1965  ,  0.2781  ,  0.4771  , -1.8441  ,  0.0000  , 100.0000 ,  0.0000  ,  0.0000  ,  0.0000  ,  0.0000  ,  0.0000  , 100.0000 ,  0.0000  ,  0.0000  ,  0.0000  ,  0.0000  
 20.1600  , -0.0993  ,  0.2424  , -0.1055  ,  0.4464  , -2.2781  , -0.1088  ,  0.1916  ,  0.2243  ,  0.4892  , -1.8373  ,  0.0000  , 100.0000 ,  0.0000  ,  0.0000  ,  0.0000  ,  0.0000  ,  0.0000  , 100.0000 ,  0.0000  ,  0.0000  ,  0.0000  ,  0.0000  
 20.1800  , -0.0962  ,  0.2351  , -0.1313  ,  0.4544  , -2.2114  , -0.1063  ,  0.1853  ,  0.1956  ,  0.4998  , -1.8152  ,  0.0000  , 100.0000 ,  0.0000  ,  0.0000  ,  0.0000  ,  0.0000  ,  0.0000  , 100.0000 ,  0.0000  ,  0.0000  ,  0.0000  ,  0.0000  
 20.2000  , -0.0903  ,  0.2258  , -0.1837  ,  0.4827  , -2.1757  , -0.1005  ,  0.1774  ,  0.1135  ,  0.5326  , -1.7979  ,  0.0000  , 100.0000 ,  0.0000  ,  0.0000  ,  0.0000  ,  0.0000  ,  0.0000  , 100.0000 ,  0.0000  ,  0.0000  ,  0.0000  ,  0.0000  
 20.2200  , -0.0876  ,  0.2223  , -0.2112  ,  0.4979  , -2.1254  , -0.0977  ,  0.1745  ,  0.0865  ,  0.5440  , -1.7562  ,  0.0000  , 100.0000 ,  0.0000  ,  0.0000  ,  0.0000  ,  0.0000  ,  0.0000  , 100.0000 ,  0.0000  ,  0.0000  ,  0.0000  ,  0.0000  
 20.2400  , -0.0816  ,  0.2157  , -0.2381  ,  0.5155  , -2.0991  , -0.0918  ,  0.1680  ,  0.0487  ,  0.5648  , -1.7369  ,  0.0000  , 100.0000 ,  0.0000  ,  0.0000  ,  0.0000  ,  0.0000  ,  0.0000  , 100.0000 ,  0.0000  ,  0.0000  ,  0.0000  ,  0.0000  
 20.2600  , -0.0751  ,  0.2097  , -0.2679  ,  0.5390  , -2.0622  , -0.0856  ,  0.1623  , -0.0000  ,  0.5997  , -1.7196  ,  0.0000  , 100.0000 ,  0.0000  ,  0.0000  ,  0.0000  ,  0.0000  ,  0.0000  , 100.0000 ,  0.0000  ,  0.0000  ,  0.0000  ,  0.0000  
 20.2800  , -0.0677  ,  0.2052  , -0.2933  ,  0.5543  , -2.0303  , -0.0790  ,  0.1589  , -0.0251  ,  0.6155  , -1.7041  ,  0.0000  , 100.0000 ,  0.0000  ,  0.0000  ,  0.0000  ,  0.0000  ,  0.0000  , 100.0000 ,  0.0000  ,  0.0000  ,  0.0000  ,  0.0000  
 20.3000  , -0.0588  ,  0.1999  , -0.3197  ,  0.5802  , -1.9955  , -0.0703  ,  0.1547  , -0.0635  ,  0.6468  , -1.6673  ,  0.0000  , 100.0000 ,  0.0000  ,  0.0000  ,  0.0000  ,  0.0000  ,  0.0000  , 100.0000 ,  0.0000  ,  0.0000  ,  0.0000  ,  0.0000  
 20.3200  , -0.0476  ,  0.1943  , -0.3531  ,  0.6213  , -1.9842  , -0.0588  ,  0.1502  , -0.1075  ,  0.6912  , -1.6502  ,  0.0000  , 100.0000 ,  0.0000  ,  0.0000  ,  0.0000  ,  0.0000  ,  0.0000  , 100.0000 ,  0.0000  ,  0.0000  ,  0.0000  ,  0.0000  
 20.3400  , -0.0377  ,  0.1919  , -0.3737  ,  0.6429  , -1.9602  , -0.0487  ,  0.1477  , -0.1390  ,  0.7264  , -1.6191  ,  0.0000  , 100.0000 ,  0.0000  ,  0.0000  ,  0.0000  ,  0.0000  ,  0.0000  , 100.0000 ,  0.0000  ,  0.0000  ,  0.0000  ,  0.0000  
 20.3600  , -0.0336  ,  0.1909  , -0.3841  ,  0.6580  , -1.9380  , -0.0446  ,  0.1467  , -0.1514  ,  0.7455  , -1.6008  ,  0.0000  , 100.0000 ,  0.0000  ,  0.0000  ,  0.0000  ,  0.0000  ,  0.0000  , 100.0000 ,  0.0000  ,  0.0000  ,  0.0000  ,  0.0000  
 20.3800  , -0.0222  ,  0.1883  , -0.4058  ,  0.6829  , -1.9290  , -0.0329  ,  0.1442  , -0.1736  ,  0.7791  , -1.6016  ,  0.0000  , 100.0000 ,  0.0000  ,  0.0000  ,  0.0000  ,  0.0000  ,  0.0000  , 100.0000 ,  0.0000  ,  0.0000  ,  0.0000  ,  0.0000  
 20.4000  , -0.0051  ,  0.1844  , -0.4331  ,  0.7325  , -1.9263  , -0.0169  ,  0.1415  , -0.2026  ,  0.8408  , -1.6118  ,  0.0000  , 100.0000 ,  0.0000  ,  0.0000  ,  0.0000  ,  0.0000  ,  0.0000  , 100.0000 ,  0.0000  ,  0.0000  ,  0.0000  ,  0.0000  
 20.4200  , -0.0015  ,  0.1836  , -0.4384  ,  0.7504  , -1.9238  , -0.0138  ,  0.1411  , -0.2117  ,  0.8627  , -1.6096  ,  0.0000  , 100.0000 ,  0.0000  ,  0.0000  ,  0.0000  ,  0.0000  ,  0.0000  , 100.0000 ,  0.0000  ,  0.0000  ,  0.0000  ,  0.0000  
 20.4400  ,  0.0068  ,  0.1806  , -0.4489  ,  0.7892  , -1.9166  , -0.0068  ,  0.1416  , -0.2262  ,  0.9006  , -1.6057  ,  0.0000  , 100.0000 ,  0.0000  ,  0.0000  ,  0.0000  ,  0.0000  ,  0.0000  , 100.0000 ,  0.0000  ,  0.0000  ,  0.0000  ,  0.0000  
 20.4600  ,  0.0145  ,  0.1778  , -0.4515  ,  0.8429  , -1.9071  ,  0.0007  ,  0.1435  , -0.2431  ,  0.9626  , -1.5991  ,  0.0000  , 100.0000 ,  0.0000  ,  0.0000  ,  0.0000  ,  0.0000  ,  0.0000  , 100.0000 ,  0.0000  ,  0.0000  ,  0.0000  ,  0.0000  
 20.4800  ,  0.0168  ,  0.1774  , -0.4497  ,  0.8865  , -1.8781  ,  0.0049  ,  0.1464  , -0.2538  ,  1.0004  , -1.5934  ,  0.0000  , 100.0000 ,  0.0000  ,  0.0000  ,  0.0000  ,  0.0000  ,  0.0000  , 100.0000 ,  0.0000  ,  0.0000  ,  0.0000  ,  0.0000  
 20.5000  ,  0.0174  ,  0.1775  , -0.4480  ,  0.9088  , -1.8547  ,  0.0061  ,  0.1473  , -0.2566  ,  1.0222  , -1.5969  ,  0.0000  , 100.0000 ,  0.0000  ,  0.0000  ,  0.0000  ,  0.0000  ,  0.0000  , 100.0000 ,  0.0000  ,  0.0000  ,  0.0000  ,  0.0000  
 20.5200  ,  0.0139  ,  0.1835  , -0.4454  ,  0.9838  , -1.8426  ,  0.0097  ,  0.1526  , -0.2693  ,  1.0727  , -1.6049  ,  0.0000  , 100.0000 ,  0.0000  ,  0.0000  ,  0.0000  ,  0.0000  ,  0.0000  , 100.0000 ,  0.0000  ,  0.0000  ,  0.0000  ,  0.0000  
 20.5400  ,  0.0118  ,  0.1865  , -0.4406  ,  1.0299  , -1.8301  ,  0.0105  ,  0.1549  , -0.2718  ,  1.1059  , -1.6239  ,  0.0000  , 100.0000 ,  0.0000  ,  0.0000  ,  0.0000  ,  0.0000  ,  0.0000  , 100.0000 ,  0.0000  ,  0.0000  ,  0.0000  ,  0.0000  
 20.5600  ,  0.0045  ,  0.1946  , -0.4308  ,  1.1139  , -1.8267  ,  0.0098  ,  0.1622  , -0.2796  ,  1.1530  , -1.6298  ,  0.0000  , 100.0000 ,  0.0000  ,  0.0000  ,  0.0000  ,  0.0000  ,  0.0000  , 100.0000 ,  0.0000  ,  0.0000  ,  0.0000  ,  0.0000  
 20.5800  ,  0.0023  ,  0.1969  , -0.4250  ,  1.1341  , -1.8238  ,  0.0095  ,  0.1653  , -0.2803  ,  1.1578  , -1.6370  ,  0.0000  , 100.0000 ,  0.0000  ,  0.0000  ,  0.0000  ,  0.0000  ,  0.0000  , 100.0000 ,  0.0000  ,  0.0000  ,  0.0000  ,  0.0000  
 20.6000  ,  0.0005  ,  0.1991  , -0.4169  ,  1.1766  , -1.8331  ,  0.0100  ,  0.1682  , -0.2824  ,  1.1739  , -1.6622  ,  0.0000  , 100.0000 ,  0.0000  ,  0.0000  ,  0.0000  ,  0.0000  ,  0.0000  , 100.0000 ,  0.0000  ,  0.0000  ,  0.0000  ,  0.0000  
 20.6200  , -0.0004  ,  0.2015  , -0.4105  ,  1.2087  , -1.8439  ,  0.0124  ,  0.1714  , -0.2868  ,  1.1799  , -1.6781  ,  0.0000  , 100.0000 ,  0.0000  ,  0.0000  ,  0.0000  ,  0.0000  ,  0.0000  , 100.0000 ,  0.0000  ,  0.0000  ,  0.0000  ,  0.0000  
 20.6400  ,  0.0015  ,  0.2053  , -0.3985  ,  1.2674  , -1.8638  ,  0.0176  ,  0.1763  , -0.2930  ,  1.1808  , -1.7065  ,  0.0000  , 100.0000 ,  0.0000  ,  0.0000  ,  0.0000  ,  0.0000  ,  0.0000  , 100.0000 ,  0.0000  ,  0.0000  ,  0.0000  ,  0.0000  
 20.6600  ,  0.0027  ,  0.2067  , -0.3928  ,  1.2923  , -1.8693  ,  0.0198  ,  0.1781  , -0.2960  ,  1.1667  , -1.7146  ,  0.0000  , 100.0000 ,  0.0000  ,  0.0000  ,  0.0000  ,  0.0000  ,  0.0000  , 100.0000 ,  0.0000  ,  0.0000  ,  0.0000  ,  0.0000  
 20.6800  ,  0.0050  ,  0.2082  , -0.3771  ,  1.3394  , -1.8692  ,  0.0249  ,  0.1809  , -0.3021  ,  1.1356  , -1.7195  ,  0.0000  , 100.0000 ,  0.0000  ,  0.0000  ,  0.0000  ,  0.0000  ,  0.0000  , 100.0000 ,  0.0000  ,  0.0000  ,  0.0000  ,  0.0000  
 20.7000  ,  0.0057  ,  0.2084  , -0.3654  ,  1.3685  , -1.8707  ,  0.0245  ,  0.1813  , -0.3031  ,  1.1082  , -1.7342  ,  0.0000  , 100.0000 ,  0.0000  ,  0.0000  ,  0.0000  ,  0.0000  ,  0.0000  , 100.0000 ,  0.0000  ,  0.0000  ,  0.0000  ,  0.0000  
 20.7200  ,  0.0059  ,  0.2085  , -0.3580  ,  1.3850  , -1.8639  ,  0.0243  ,  0.1814  , -0.3040  ,  1.0911  , -1.7369  ,  0.0000  , 100.0000 ,  0.0000  ,  0.0000  ,  0.0000  ,  0.0000  ,  0.0000  , 100.0000 ,  0.0000  ,  0.0000  ,  0.0000  ,  0.0000  
 20.7400  ,  0.0065  ,  0.2086  , -0.3469  ,  1.4073  , -1.8555  ,  0.0199  ,  0.1807  , -0.3047  ,  1.0533  , -1.7416  ,  0.0000  , 100.0000 ,  0.0000  ,  0.0000  ,  0.0000  ,  0.0000  ,  0.0000  , 100.0000 ,  0.0000  ,  0.0000  ,  0.0000  ,  0.0000  
 20.7600  ,  0.0056  ,  0.2075  , -0.3257  ,  1.4394  , -1.8513  ,  0.0060  ,  0.1773  , -0.2966  ,  0.9893  , -1.7470  ,  0.0000  , 100.0000 ,  0.0000  ,  0.0000  ,  0.0000  ,  0.0000  ,  0.0000  , 100.0000 ,  0.0000  ,  0.0000  ,  0.0000  ,  0.0000  
 20.7800  ,  0.0049  ,  0.2070  , -0.3201  ,  1.4476  , -1.8547  ,  0.0016  ,  0.1761  , -0.2939  ,  0.9664  , -1.7534  ,  0.0000  , 100.0000 ,  0.0000  ,  0.0000  ,  0.0000  ,  0.0000  ,  0.0000  , 100.0000 ,  0.0000  ,  0.0000  ,  0.0000  ,  0.0000  
 20.8000  ,  0.0043  ,  0.2066  , -0.3121  ,  1.4589  , -1.8725  , -0.0022  ,  0.1751  , -0.2918  ,  0.9413  , -1.7724  ,  0.0000  , 100.0000 ,  0.0000  ,  0.0000  ,  0.0000  ,  0.0000  ,  0.0000  , 100.0000 ,  0.0000  ,  0.0000  ,  0.0000  ,  0.0000  
 20.8200  ,  0.0041  ,  0.2040  , -0.2947  ,  1.4770  , -1.8820  , -0.0208  ,  0.1703  , -0.2740  ,  0.8983  , -1.7820  ,  0.0000  , 100.0000 ,  0.0000  ,  0.0000  ,  0.0000  ,  0.0000  ,  0.0000  , 100.0000 ,  0.0000  ,  0.0000  ,  0.0000  ,  0.0000  
 20.8400  ,  0.0053  ,  0.2013  , -0.2757  ,  1.4854  , -1.8946  , -0.0462  ,  0.1636  , -0.2521  ,  0.8505  , -1.8021  ,  0.0000  , 100.0000 ,  0.0000  ,  0.0000  ,  0.0000  ,  0.0000  ,  0.0000  , 100.0000 ,  0.0000  ,  0.0000  ,  0.0000  ,  0.0000  
 20.8600  ,  0.0060  ,  0.2002  , -0.2668  ,  1.4898  , -1.8940  , -0.0565  ,  0.1608  , -0.2409  ,  0.8154  , -1.8265  ,  0.0000  , 100.0000 ,  0.0000  ,  0.0000  ,  0.0000  ,  0.0000  ,  0.0000  , 100.0000 ,  0.0000  ,  0.0000  ,  0.0000  ,  0.0000  
 20.8800  ,  0.0072  ,  0.1995  , -0.2487  ,  1.4917  , -1.8927  , -0.0928  ,  0.1505  , -0.1932  ,  0.7805  , -1.8370  ,  0.0000  , 100.0000 ,  0.0000  ,  0.0000  ,  0.0000  ,  0.0000  ,  0.0000  , 100.0000 ,  0.0000  ,  0.0000  ,  0.0000  ,  0.0000  
 20.9000  ,  0.0071  ,  0.1990  , -0.2436  ,  1.4902  , -1.8966  , -0.1080  ,  0.1466  , -0.1730  ,  0.7765  , -1.8440  ,  0.0000  , 100.0000 ,  0.0000  ,  0.0000  ,  0.0000  ,  0.0000  ,  0.0000  , 100.0000 ,  0.0000  ,  0.0000  ,  0.0000  ,  0.0000  
 20.9200  ,  0.0070  ,  0.1984  , -0.2343  ,  1.4860  , -1.9165  , -0.1250  ,  0.1419  , -0.1489  ,  0.7625  , -1.8500  ,  0.0000  , 100.0000 ,  0.0000  ,  0.0000  ,  0.0000  ,  0.0000  ,  0.0000  , 100.0000 ,  0.0000  ,  0.0000  ,  0.0000  ,  0.0000  
 20.9400  ,  0.0071  ,  0.1975  , -0.2220  ,  1.4688  , -1.9237  , -0.1470  ,  0.1362  , -0.1167  ,  0.7461  , -1.8582  ,  0.0000  , 100.0000 ,  0.0000  ,  0.0000  ,  0.0000  ,  0.0000  ,  0.0000  , 100.0000 ,  0.0000  ,  0.0000  ,  0.0000  ,  0.0000  
 20.9600  ,  0.0079  ,  0.1968  , -0.2174  ,  1.4548  , -1.9208  , -0.1598  ,  0.1327  , -0.0972  ,  0.7417  , -1.8552  ,  0.0000  , 100.0000 ,  0.0000  ,  0.0000  ,  0.0000  ,  0.0000  ,  0.0000  , 100.0000 ,  0.0000  ,  0.0000  ,  0.0000  ,  0.0000  
 20.9800  ,  0.0090  ,  0.1961  , -0.2092  ,  1.4248  , -1.9224  , -0.1692  ,  0.1299  , -0.0803  ,  0.7386  , -1.8615  ,  0.0000  , 100.0000 ,  0.0000  ,  0.0000  ,  0.0000  ,  0.0000  ,  0.0000  , 100.0000 ,  0.0000  ,  0.0000  ,  0.0000  ,  0.0000  
 21.0000  ,  0.0101  ,  0.1954  , -0.2055  ,  1.3938  , -1.9249  , -0.1785  ,  0.1269  , -0.0641  ,  0.7373  , -1.8623  ,  0.0000  , 100.0000 ,  0.0000  ,  0.0000  ,  0.0000  ,  0.0000  ,  0.0000  , 100.0000 ,  0.0000  ,  0.0000  ,  0.0000  ,  0.0000  
 21.0200  ,  0.0106  ,  0.1950  , -0.2036  ,  1.3611  , -1.9479  , -0.1830  ,  0.1253  , -0.0563  ,  0.7405  , -1.8568  ,  0.0000  , 100.0000 ,  0.0000  ,  0.0000  ,  0.0000  ,  0.0000  ,  0.0000  , 100.0000 ,  0.0000  ,  0.0000  ,  0.0000  ,  0.0000  
 21.0400  ,  0.0094  ,  0.1952  , -0.2031  ,  1.3492  , -1.9642  , -0.1842  ,  0.1242  , -0.0520  ,  0.7433  , -1.8478  ,  0.0000  , 100.0000 ,  0.0000  ,  0.0000  ,  0.0000  ,  0.0000  ,  0.0000  , 100.0000 ,  0.0000  ,  0.0000  ,  0.0000  ,  0.0000  
 21.0600  ,  0.0060  ,  0.1961  , -0.2019  ,  1.2886  , -1.9792  , -0.1845  ,  0.1217  , -0.0466  ,  0.7598  , -1.8404  ,  0.0000  , 100.0000 ,  0.0000  ,  0.0000  ,  0.0000  ,  0.0000  ,  0.0000  , 100.0000 ,  0.0000  ,  0.0000  ,  0.0000  ,  0.0000  
 21.0800  ,  0.0049  ,  0.1965  , -0.2029  ,  1.2737  , -1.9874  , -0.1831  ,  0.1213  , -0.0470  ,  0.7652  , -1.8342  ,  0.0000  , 100.0000 ,  0.0000  ,  0.0000  ,  0.0000  ,  0.0000  ,  0.0000  , 100.0000 ,  0.0000  ,  0.0000  ,  0.0000  ,  0.0000  
 21.1000  ,  0.0018  ,  0.1971  , -0.2069  ,  1.2252  , -1.9732  , -0.1776  ,  0.1205  , -0.0507  ,  0.7801  , -1.8237  ,  0.0000  , 100.0000 ,  0.0000  ,  0.0000  ,  0.0000  ,  0.0000  ,  0.0000  , 100.0000 ,  0.0000  ,  0.0000  ,  0.0000  ,  0.0000  
 21.1200  , -0.0018  ,  0.1973  , -0.2131  ,  1.1629  , -1.9620  , -0.1689  ,  0.1200  , -0.0592  ,  0.8024  , -1.8057  ,  0.0000  , 100.0000 ,  0.0000  ,  0.0000  ,  0.0000  ,  0.0000  ,  0.0000  , 100.0000 ,  0.0000  ,  0.0000  ,  0.0000  ,  0.0000  
 21.1400  , -0.0035  ,  0.1969  , -0.2135  ,  1.1347  , -1.9620  , -0.1643  ,  0.1196  , -0.0599  ,  0.8000  , -1.8057  ,  0.0000  , 100.0000 ,  0.0000  ,  0.0000  ,  0.0000  ,  0.0000  ,  0.0000  , 100.0000 ,  0.0000  ,  0.0000  ,  0.0000  ,  0.0000  
 21.1600  , -0.0063  ,  0.1960  , -0.2196  ,  1.0743  , -1.9641  , -0.1555  ,  0.1195  , -0.0694  ,  0.8216  , -1.7950  ,  0.0000  , 100.0000 ,  0.0000  ,  0.0000  ,  0.0000  ,  0.0000  ,  0.0000  , 100.0000 ,  0.0000  ,  0.0000  ,  0.0000  ,  0.0000  
 21.1800  , -0.0082  ,  0.1947  , -0.2230  ,  1.0325  , -1.9888  , -0.1451  ,  0.1206  , -0.0811  ,  0.8408  , -1.7617  ,  0.0000  , 100.0000 ,  0.0000  ,  0.0000  ,  0.0000  ,  0.0000  ,  0.0000  , 100.0000 ,  0.0000  ,  0.0000  ,  0.0000  ,  0.0000  
 21.2000  , -0.0097  ,  0.1918  , -0.2329  ,  0.9287  , -2.0057  , -0.1214  ,  0.1235  , -0.1040  ,  0.8680  , -1.7518  ,  0.0000  , 100.0000 ,  0.0000  ,  0.0000  ,  0.0000  ,  0.0000  ,  0.0000  , 100.0000 ,  0.0000  ,  0.0000  ,  0.0000  ,  0.0000  
 21.2200  , -0.0098  ,  0.1911  , -0.2306  ,  0.9006  , -2.0467  , -0.1159  ,  0.1241  , -0.1084  ,  0.8747  , -1.7352  ,  0.0000  , 100.0000 ,  0.0000  ,  0.0000  ,  0.0000  ,  0.0000  ,  0.0000  , 100.0000 ,  0.0000  ,  0.0000  ,  0.0000  ,  0.0000  
 21.2400  , -0.0098  ,  0.1910  , -0.2378  ,  0.8561  , -2.0644  , -0.1013  ,  0.1266  , -0.1214  ,  0.8827  , -1.7264  ,  0.0000  , 100.0000 ,  0.0000  ,  0.0000  ,  0.0000  ,  0.0000  ,  0.0000  , 100.0000 ,  0.0000  ,  0.0000  ,  0.0000  ,  0.0000  
 21.2600  , -0.0082  ,  0.1899  , -0.2537  ,  0.7583  , -2.0810  , -0.0741  ,  0.1302  , -0.1427  ,  0.9086  , -1.7161  ,  0.0000  , 100.0000 ,  0.0000  ,  0.0000  ,  0.0000  ,  0.0000  ,  0.0000  , 100.0000 ,  0.0000  ,  0.0000  ,  0.0000  ,  0.0000  
 21.2800  , -0.0067  ,  0.1889  , -0.2607  ,  0.7118  , -2.0917  , -0.0619  ,  0.1312  , -0.1504  ,  0.9221  , -1.7063  ,  0.0000  , 100.0000 ,  0.0000  ,  0.0000  ,  0.0000  ,  0.0000  ,  0.0000  , 100.0000 ,  0.0000  ,  0.0000  ,  0.0000  ,  0.0000  
 21.3000  , -0.0050  ,  0.1890  , -0.2726  ,  0.6570  , -2.1093  , -0.0444  ,  0.1330  , -0.1592  ,  0.9349  , -1.6825  ,  0.0000  , 100.0000 ,  0.0000  ,  0.0000  ,  0.0000  ,  0.0000  ,  0.0000  , 100.0000 ,  0.0000  ,  0.0000  ,  0.0000  ,  0.0000  
 21.3200  , -0.0040  ,  0.1896  , -0.2857  ,  0.6045  , -2.1319  , -0.0329  ,  0.1342  , -0.1660  ,  0.9451  , -1.6778  ,  0.0000  , 100.0000 ,  0.0000  ,  0.0000  ,  0.0000  ,  0.0000  ,  0.0000  , 100.0000 ,  0.0000  ,  0.0000  ,  0.0000  ,  0.0000  
 21.3400  , -0.0150  ,  0.1930  , -0.3134  ,  0.5194  , -2.1992  , -0.0110  ,  0.1362  , -0.1770  ,  0.9869  , -1.6626  ,  0.0000  , 100.0000 ,  0.0000  ,  0.0000  ,  0.0000  ,  0.0000  ,  0.0000  , 100.0000 ,  0.0000  ,  0.0000  ,  0.0000  ,  0.0000  
 21.3600  , -0.0174  ,  0.1937  , -0.3215  ,  0.5009  , -2.2150  , -0.0075  ,  0.1365  , -0.1777  ,  1.0026  , -1.6528  ,  0.0000  , 100.0000 ,  0.0000  ,  0.0000  ,  0.0000  ,  0.0000  ,  0.0000  , 100.0000 ,  0.0000  ,  0.0000  ,  0.0000  ,  0.0000  
 21.3800  , -0.0361  ,  0.1964  , -0.3443  ,  0.4444  , -2.2068  ,  0.0086  ,  0.1400  , -0.1860  ,  1.0444  , -1.6450  ,  0.0000  , 100.0000 ,  0.0000  ,  0.0000  ,  0.0000  ,  0.0000  ,  0.0000  , 100.0000 ,  0.0000  ,  0.0000  ,  0.0000  ,  0.0000  
 21.4000  , -0.0524  ,  0.1987  , -0.3414  ,  0.4325  , -2.1665  ,  0.0164  ,  0.1432  , -0.1911  ,  1.0743  , -1.6435  ,  0.0000  , 100.0000 ,  0.0000  ,  0.0000  ,  0.0000  ,  0.0000  ,  0.0000  , 100.0000 ,  0.0000  ,  0.0000  ,  0.0000  ,  0.0000  
 21.4200  , -0.0600  ,  0.1998  , -0.3407  ,  0.4169  , -2.0975  ,  0.0203  ,  0.1447  , -0.1927  ,  1.0928  , -1.6432  ,  0.0000  , 100.0000 ,  0.0000  ,  0.0000  ,  0.0000  ,  0.0000  ,  0.0000  , 100.0000 ,  0.0000  ,  0.0000  ,  0.0000  ,  0.0000  
 21.4400  , -0.0824  ,  0.2020  , -0.3206  ,  0.4171  , -2.0635  ,  0.0204  ,  0.1470  , -0.1896  ,  1.1456  , -1.6255  ,  0.0000  , 100.0000 ,  0.0000  ,  0.0000  ,  0.0000  ,  0.0000  ,  0.0000  , 100.0000 ,  0.0000  ,  0.0000  ,  0.0000  ,  0.0000  
 21.4600  , -0.0824  ,  0.2020  , -0.3206  ,  0.4171  , -2.0523  ,  0.0204  ,  0.1470  , -0.1896  ,  1.1456  , -1.6054  ,  0.0000  , 100.0000 ,  0.0000  ,  0.0000  ,  0.0000  ,  0.0000  ,  0.0000  , 100.0000 ,  0.0000  ,  0.0000  ,  0.0000  ,  0.0000  
 21.4800  , -0.1068  ,  0.2050  , -0.2943  ,  0.4135  , -2.0468  ,  0.0177  ,  0.1521  , -0.1778  ,  1.2262  , -1.6023  ,  0.0000  , 100.0000 ,  0.0000  ,  0.0000  ,  0.0000  ,  0.0000  ,  0.0000  , 100.0000 ,  0.0000  ,  0.0000  ,  0.0000  ,  0.0000  
 21.5000  , -0.1088  ,  0.2054  , -0.2911  ,  0.4158  , -2.0122  ,  0.0174  ,  0.1536  , -0.1770  ,  1.2409  , -1.6192  ,  0.0000  , 100.0000 ,  0.0000  ,  0.0000  ,  0.0000  ,  0.0000  ,  0.0000  , 100.0000 ,  0.0000  ,  0.0000  ,  0.0000  ,  0.0000  
 21.5200  , -0.1197  ,  0.2075  , -0.2604  ,  0.4339  , -1.9893  ,  0.0178  ,  0.1624  , -0.1690  ,  1.3341  , -1.6133  ,  0.0000  , 100.0000 ,  0.0000  ,  0.0000  ,  0.0000  ,  0.0000  ,  0.0000  , 100.0000 ,  0.0000  ,  0.0000  ,  0.0000  ,  0.0000  
 21.5400  , -0.1238  ,  0.2084  , -0.2420  ,  0.4484  , -1.9599  ,  0.0231  ,  0.1663  , -0.1642  ,  1.3497  , -1.6249  ,  0.0000  , 100.0000 ,  0.0000  ,  0.0000  ,  0.0000  ,  0.0000  ,  0.0000  , 100.0000 ,  0.0000  ,  0.0000  ,  0.0000  ,  0.0000  
 21.5600  , -0.1277  ,  0.2094  , -0.2301  ,  0.4693  , -1.9569  ,  0.0286  ,  0.1702  , -0.1584  ,  1.4065  , -1.6585  ,  0.0000  , 100.0000 ,  0.0000  ,  0.0000  ,  0.0000  ,  0.0000  ,  0.0000  , 100.0000 ,  0.0000  ,  0.0000  ,  0.0000  ,  0.0000  
 21.5800  , -0.1247  ,  0.2132  , -0.2366  ,  0.4875  , -1.9409  ,  0.0520  ,  0.1755  , -0.1593  ,  1.4467  , -1.6916  ,  0.0000  , 100.0000 ,  0.0000  ,  0.0000  ,  0.0000  ,  0.0000  ,  0.0000  , 100.0000 ,  0.0000  ,  0.0000  ,  0.0000  ,  0.0000  
 21.6000  , -0.1186  ,  0.2173  , -0.2508  ,  0.4987  , -1.8571  ,  0.0757  ,  0.1793  , -0.1610  ,  1.4757  , -1.7831  ,  0.0000  , 100.0000 ,  0.0000  ,  0.0000  ,  0.0000  ,  0.0000  ,  0.0000  , 100.0000 ,  0.0000  ,  0.0000  ,  0.0000  ,  0.0000  
 21.6200  , -0.1154  ,  0.2194  , -0.2611  ,  0.5096  , -1.8099  ,  0.0880  ,  0.1811  , -0.1594  ,  1.4981  , -1.8167  ,  0.0000  , 100.0000 ,  0.0000  ,  0.0000  ,  0.0000  ,  0.0000  ,  0.0000  , 100.0000 ,  0.0000  ,  0.0000  ,  0.0000  ,  0.0000  
 21.6400  , -0.1055  ,  0.2235  , -0.2737  ,  0.5306  , -1.7543  ,  0.1434  ,  0.1906  , -0.1693  ,  1.5387  , -1.8496  ,  0.0000  , 100.0000 ,  0.0000  ,  0.0000  ,  0.0000  ,  0.0000  ,  0.0000  , 100.0000 ,  0.0000  ,  0.0000  ,  0.0000  ,  0.0000  
 21.6600  , -0.1028  ,  0.2244  , -0.2755  ,  0.5397  , -1.6650  ,  0.1574  ,  0.1928  , -0.1712  ,  1.5519  , -1.9279  ,  0.0000  , 100.0000 ,  0.0000  ,  0.0000  ,  0.0000  ,  0.0000  ,  0.0000  , 100.0000 ,  0.0000  ,  0.0000  ,  0.0000  ,  0.0000  
 21.6800  , -0.0963  ,  0.2249  , -0.2773  ,  0.5508  , -1.6224  ,  0.1940  ,  0.2012  , -0.1808  ,  1.5684  , -1.9759  ,  0.0000  , 100.0000 ,  0.0000  ,  0.0000  ,  0.0000  ,  0.0000  ,  0.0000  , 100.0000 ,  0.0000  ,  0.0000  ,  0.0000  ,  0.0000  
 21.7000  , -0.0874  ,  0.2251  , -0.2762  ,  0.5589  , -1.5527  ,  0.2603  ,  0.2184  , -0.2029  ,  1.5730  , -2.0595  ,  0.0000  , 100.0000 ,  0.0000  ,  0.0000  ,  0.0000  ,  0.0000  ,  0.0000  , 100.0000 ,  0.0000  ,  0.0000  ,  0.0000  ,  0.0000  
 21.7200  , -0.0847  ,  0.2250  , -0.2753  ,  0.5706  , -1.5048  ,  0.2795  ,  0.2233  , -0.2077  ,  1.5802  , -2.0945  ,  0.0000  , 100.0000 ,  0.0000  ,  0.0000  ,  0.0000  ,  0.0000  ,  0.0000  , 100.0000 ,  0.0000  ,  0.0000  ,  0.0000  ,  0.0000  
 21.7400  , -0.0824  ,  0.2239  , -0.2674  ,  0.5918  , -1.4568  ,  0.3375  ,  0.2414  , -0.2325  ,  1.5692  , -2.1290  ,  0.0000  , 100.0000 ,  0.0000  ,  0.0000  ,  0.0000  ,  0.0000  ,  0.0000  , 100.0000 ,  0.0000  ,  0.0000  ,  0.0000  ,  0.0000  
 21.7600  , -0.0833  ,  0.2233  , -0.2585  ,  0.6257  , -1.4140  ,  0.4088  ,  0.2602  , -0.2623  ,  1.5481  , -2.1636  ,  0.0000  , 100.0000 ,  0.0000  ,  0.0000  ,  0.0000  ,  0.0000  ,  0.0000  , 100.0000 ,  0.0000  ,  0.0000  ,  0.0000  ,  0.0000  
 21.7800  , -0.0846  ,  0.2232  , -0.2557  ,  0.6466  , -1.3765  ,  0.4346  ,  0.2660  , -0.2708  ,  1.5378  , -2.1931  ,  0.0000  , 100.0000 ,  0.0000  ,  0.0000  ,  0.0000  ,  0.0000  ,  0.0000  , 100.0000 ,  0.0000  ,  0.0000  ,  0.0000  ,  0.0000  
 21.8000  , -0.0882  ,  0.2253  , -0.2566  ,  0.6754  , -1.3426  ,  0.4932  ,  0.2804  , -0.3013  ,  1.5039  , -2.1961  ,  0.0000  , 100.0000 ,  0.0000  ,  0.0000  ,  0.0000  ,  0.0000  ,  0.0000  , 100.0000 ,  0.0000  ,  0.0000  ,  0.0000  ,  0.0000  
 21.8200  , -0.0977  ,  0.2304  , -0.2644  ,  0.7278  , -1.2393  ,  0.5708  ,  0.2934  , -0.3354  ,  1.4571  , -2.2364  ,  0.0000  , 100.0000 ,  0.0000  ,  0.0000  ,  0.0000  ,  0.0000  ,  0.0000  , 100.0000 ,  0.0000  ,  0.0000  ,  0.0000  ,  0.0000  
 21.8400  , -0.1026  ,  0.2327  , -0.2685  ,  0.7492  , -1.1832  ,  0.5940  ,  0.2958  , -0.3431  ,  1.4417  , -2.2433  ,  0.0000  , 100.0000 ,  0.0000  ,  0.0000  ,  0.0000  ,  0.0000  ,  0.0000  , 100.0000 ,  0.0000  ,  0.0000  ,  0.0000  ,  0.0000  
 21.8600  , -0.1099  ,  0.2356  , -0.2743  ,  0.7700  , -1.1927  ,  0.6204  ,  0.2990  , -0.3590  ,  1.4189  , -2.2528  ,  0.0000  , 100.0000 ,  0.0000  ,  0.0000  ,  0.0000  ,  0.0000  ,  0.0000  , 100.0000 ,  0.0000  ,  0.0000  ,  0.0000  ,  0.0000  
 21.8800  , -0.1320  ,  0.2436  , -0.2815  ,  0.8298  , -1.1668  ,  0.6735  ,  0.3043  , -0.3798  ,  1.3776  , -2.3053  ,  0.0000  , 100.0000 ,  0.0000  ,  0.0000  ,  0.0000  ,  0.0000  ,  0.0000  , 100.0000 ,  0.0000  ,  0.0000  ,  0.0000  ,  0.0000  
 21.9000  , -0.1515  ,  0.2508  , -0.2860  ,  0.8713  , -1.1704  ,  0.7193  ,  0.3110  , -0.4098  ,  1.3358  , -2.3380  ,  0.0000  , 100.0000 ,  0.0000  ,  0.0000  ,  0.0000  ,  0.0000  ,  0.0000  , 100.0000 ,  0.0000  ,  0.0000  ,  0.0000  ,  0.0000  
 21.9200  , -0.1559  ,  0.2524  , -0.2874  ,  0.8805  , -1.1918  ,  0.7272  ,  0.3120  , -0.4148  ,  1.3283  , -2.3630  ,  0.0000  , 100.0000 ,  0.0000  ,  0.0000  ,  0.0000  ,  0.0000  ,  0.0000  , 100.0000 ,  0.0000  ,  0.0000  ,  0.0000  ,  0.0000  
 21.9400  , -0.1825  ,  0.2603  , -0.2912  ,  0.9171  , -1.2041  ,  0.7771  ,  0.3219  , -0.4515  ,  1.2825  , -2.3754  ,  0.0000  , 100.0000 ,  0.0000  ,  0.0000  ,  0.0000  ,  0.0000  ,  0.0000  , 100.0000 ,  0.0000  ,  0.0000  ,  0.0000  ,  0.0000  
 21.9600  , -0.1961  ,  0.2633  , -0.2902  ,  0.9368  , -1.2228  ,  0.8021  ,  0.3240  , -0.4697  ,  1.2552  , -2.3522  ,  0.0000  , 100.0000 ,  0.0000  ,  0.0000  ,  0.0000  ,  0.0000  ,  0.0000  , 100.0000 ,  0.0000  ,  0.0000  ,  0.0000  ,  0.0000  
 21.9800  , -0.2034  ,  0.2649  , -0.2909  ,  0.9451  , -1.2327  ,  0.8124  ,  0.3250  , -0.4764  ,  1.2432  , -2.3615  ,  0.0000  , 100.0000 ,  0.0000  ,  0.0000  ,  0.0000  ,  0.0000  ,  0.0000  , 100.0000 ,  0.0000  ,  0.0000  ,  0.0000  ,  0.0000  
 22.0000  , -0.2145  ,  0.2652  , -0.2893  ,  0.9537  , -1.2442  ,  0.8341  ,  0.3286  , -0.4937  ,  1.2191  , -2.3792  ,  0.0000  , 100.0000 ,  0.0000  ,  0.0000  ,  0.0000  ,  0.0000  ,  0.0000  , 100.0000 ,  0.0000  ,  0.0000  ,  0.0000  ,  0.0000  
 22.0200  , -0.2216  ,  0.2646  , -0.2915  ,  0.9559  , -1.2703  ,  0.8470  ,  0.3313  , -0.5058  ,  1.2038  , -2.3992  ,  0.0000  , 100.0000 ,  0.0000  ,  0.0000  ,  0.0000  ,  0.0000  ,  0.0000  , 100.0000 ,  0.0000  ,  0.0000  ,  0.0000  ,  0.0000  
 22.0400  , -0.2239  ,  0.2605  , -0.2865  ,  0.9509  , -1.2879  ,  0.8633  ,  0.3332  , -0.5208  ,  1.1859  , -2.4030  ,  0.0000  , 100.0000 ,  0.0000  ,  0.0000  ,  0.0000  ,  0.0000  ,  0.0000  , 100.0000 ,  0.0000  ,  0.0000  ,  0.0000  ,  0.0000  
 22.0600  , -0.2253  ,  0.2552  , -0.2814  ,  0.9407  , -1.3078  ,  0.8777  ,  0.3366  , -0.5360  ,  1.1702  , -2.4063  ,  0.0000  , 100.0000 ,  0.0000  ,  0.0000  ,  0.0000  ,  0.0000  ,  0.0000  , 100.0000 ,  0.0000  ,  0.0000  ,  0.0000  ,  0.0000  
 22.0800  , -0.2262  ,  0.2485  , -0.2760  ,  0.9239  , -1.3567  ,  0.8906  ,  0.3410  , -0.5502  ,  1.1553  , -2.4304  ,  0.0000  , 100.0000 ,  0.0000  ,  0.0000  ,  0.0000  ,  0.0000  ,  0.0000  , 100.0000 ,  0.0000  ,  0.0000  ,  0.0000  ,  0.0000  
 22.1000  , -0.2234  ,  0.2428  , -0.2703  ,  0.9033  , -1.3595  ,  0.8980  ,  0.3443  , -0.5618  ,  1.1544  , -2.4376  ,  0.0000  , 100.0000 ,  0.0000  ,  0.0000  ,  0.0000  ,  0.0000  ,  0.0000  , 100.0000 ,  0.0000  ,  0.0000  ,  0.0000  ,  0.0000  
 22.1200  , -0.2195  ,  0.2342  , -0.2606  ,  0.8800  , -1.3620  ,  0.9073  ,  0.3509  , -0.5753  ,  1.1473  , -2.4396  ,  0.0000  , 100.0000 ,  0.0000  ,  0.0000  ,  0.0000  ,  0.0000  ,  0.0000  , 100.0000 ,  0.0000  ,  0.0000  ,  0.0000  ,  0.0000  
 22.1400  , -0.2173  ,  0.2288  , -0.2538  ,  0.8652  , -1.3620  ,  0.9120  ,  0.3559  , -0.5830  ,  1.1449  , -2.4396  ,  0.0000  , 100.0000 ,  0.0000  ,  0.0000  ,  0.0000  ,  0.0000  ,  0.0000  , 100.0000 ,  0.0000  ,  0.0000  ,  0.0000  ,  0.0000  
 22.1600  , -0.2151  ,  0.2230  , -0.2457  ,  0.8484  , -1.3985  ,  0.9165  ,  0.3609  , -0.5906  ,  1.1431  , -2.4293  ,  0.0000  , 100.0000 ,  0.0000  ,  0.0000  ,  0.0000  ,  0.0000  ,  0.0000  , 100.0000 ,  0.0000  ,  0.0000  ,  0.0000  ,  0.0000  
 22.1800  , -0.2141  ,  0.2201  , -0.2409  ,  0.8433  , -1.4152  ,  0.9184  ,  0.3632  , -0.5931  ,  1.1496  , -2.4299  ,  0.0000  , 100.0000 ,  0.0000  ,  0.0000  ,  0.0000  ,  0.0000  ,  0.0000  , 100.0000 ,  0.0000  ,  0.0000  ,  0.0000  ,  0.0000  
 22.2000  , -0.2110  ,  0.2121  , -0.2276  ,  0.8183  , -1.4303  ,  0.9234  ,  0.3678  , -0.5982  ,  1.1484  , -2.4368  ,  0.0000  , 100.0000 ,  0.0000  ,  0.0000  ,  0.0000  ,  0.0000  ,  0.0000  , 100.0000 ,  0.0000  ,  0.0000  ,  0.0000  ,  0.0000  
 22.2200  , -0.2103  ,  0.2102  , -0.2237  ,  0.8109  , -1.4535  ,  0.9243  ,  0.3688  , -0.5988  ,  1.1488  , -2.4475  ,  0.0000  , 100.0000 ,  0.0000  ,  0.0000  ,  0.0000  ,  0.0000  ,  0.0000  , 100.0000 ,  0.0000  ,  0.0000  ,  0.0000  ,  0.0000  
 22.2400  , -0.2058  ,  0.2053  , -0.2145  ,  0.7894  , -1.4627  ,  0.9268  ,  0.3689  , -0.5976  ,  1.1487  , -2.4474  ,  0.0000  , 100.0000 ,  0.0000  ,  0.0000  ,  0.0000  ,  0.0000  ,  0.0000  , 100.0000 ,  0.0000  ,  0.0000  ,  0.0000  ,  0.0000  
 22.2600  , -0.2004  ,  0.1992  , -0.1954  ,  0.7581  , -1.4629  ,  0.9294  ,  0.3705  , -0.5974  ,  1.1535  , -2.4455  ,  0.0000  , 100.0000 ,  0.0000  ,  0.0000  ,  0.0000  ,  0.0000  ,  0.0000  , 100.0000 ,  0.0000  ,  0.0000  ,  0.0000  ,  0.0000  
 22.2800  , -0.1990  ,  0.1975  , -0.1901  ,  0.7499  , -1.5076  ,  0.9299  ,  0.3710  , -0.5970  ,  1.1550  , -2.4547  ,  0.0000  , 100.0000 ,  0.0000  ,  0.0000  ,  0.0000  ,  0.0000  ,  0.0000  , 100.0000 ,  0.0000  ,  0.0000  ,  0.0000  ,  0.0000  
 22.3000  , -0.1959  ,  0.1955  , -0.1852  ,  0.7392  , -1.5243  ,  0.9313  ,  0.3713  , -0.5979  ,  1.1550  , -2.4594  ,  0.0000  , 100.0000 ,  0.0000  ,  0.0000  ,  0.0000  ,  0.0000  ,  0.0000  , 100.0000 ,  0.0000  ,  0.0000  ,  0.0000  ,  0.0000  
 22.3200  , -0.1872  ,  0.1914  , -0.1727  ,  0.7154  , -1.5326  ,  0.9333  ,  0.3717  , -0.5988  ,  1.1563  , -2.4628  ,  0.0000  , 100.0000 ,  0.0000  ,  0.0000  ,  0.0000  ,  0.0000  ,  0.0000  , 100.0000 ,  0.0000  ,  0.0000  ,  0.0000  ,  0.0000  
 22.3400  , -0.1833  ,  0.1901  , -0.1686  ,  0.7041  , -1.5336  ,  0.9336  ,  0.3716  , -0.5980  ,  1.1577  , -2.4772  ,  0.0000  , 100.0000 ,  0.0000  ,  0.0000  ,  0.0000  ,  0.0000  ,  0.0000  , 100.0000 ,  0.0000  ,  0.0000  ,  0.0000  ,  0.0000  
 22.3600  , -0.1798  ,  0.1890  , -0.1652  ,  0.6945  , -1.5315  ,  0.9337  ,  0.3713  , -0.5964  ,  1.1592  , -2.4845  ,  0.0000  , 100.0000 ,  0.0000  ,  0.0000  ,  0.0000  ,  0.0000  ,  0.0000  , 100.0000 ,  0.0000  ,  0.0000  ,  0.0000  ,  0.0000  
 22.3800  , -0.1693  ,  0.1859  , -0.1585  ,  0.6708  , -1.5311  ,  0.9329  ,  0.3697  , -0.5908  ,  1.1627  , -2.5038  ,  0.0000  , 100.0000 ,  0.0000  ,  0.0000  ,  0.0000  ,  0.0000  ,  0.0000  , 100.0000 ,  0.0000  ,  0.0000  ,  0.0000  ,  0.0000  
 22.4000  , -0.1664  ,  0.1852  , -0.1560  ,  0.6645  , -1.5295  ,  0.9315  ,  0.3692  , -0.5879  ,  1.1649  , -2.5112  ,  0.0000  , 100.0000 ,  0.0000  ,  0.0000  ,  0.0000  ,  0.0000  ,  0.0000  , 100.0000 ,  0.0000  ,  0.0000  ,  0.0000  ,  0.0000  
 22.4200  , -0.1633  ,  0.1844  , -0.1540  ,  0.6644  , -1.5294  ,  0.9301  ,  0.3688  , -0.5851  ,  1.1731  , -2.5155  ,  0.0000  , 100.0000 ,  0.0000  ,  0.0000  ,  0.0000  ,  0.0000  ,  0.0000  , 100.0000 ,  0.0000  ,  0.0000  ,  0.0000  ,  0.0000  
 22.4400  , -0.1565  ,  0.1820  , -0.1471  ,  0.6539  , -1.5290  ,  0.9263  ,  0.3701  , -0.5789  ,  1.1807  , -2.5187  ,  0.0000  , 100.0000 ,  0.0000  ,  0.0000  ,  0.0000  ,  0.0000  ,  0.0000  , 100.0000 ,  0.0000  ,  0.0000  ,  0.0000  ,  0.0000  
 22.4600  , -0.1546  ,  0.1816  , -0.1463  ,  0.6518  , -1.5224  ,  0.9249  ,  0.3703  , -0.5761  ,  1.1832  , -2.5184  ,  0.0000  , 100.0000 ,  0.0000  ,  0.0000  ,  0.0000  ,  0.0000  ,  0.0000  , 100.0000 ,  0.0000  ,  0.0000  ,  0.0000  ,  0.0000  
 22.4800  , -0.1537  ,  0.1815  , -0.1459  ,  0.6513  , -1.5186  ,  0.9243  ,  0.3704  , -0.5745  ,  1.1845  , -2.5178  ,  0.0000  , 100.0000 ,  0.0000  ,  0.0000  ,  0.0000  ,  0.0000  ,  0.0000  , 100.0000 ,  0.0000  ,  0.0000  ,  0.0000  ,  0.0000  
 22.5000  , -0.1524  ,  0.1811  , -0.1447  ,  0.6512  , -1.5164  ,  0.9232  ,  0.3703  , -0.5701  ,  1.1899  , -2.5174  ,  0.0000  , 100.0000 ,  0.0000  ,  0.0000  ,  0.0000  ,  0.0000  ,  0.0000  , 100.0000 ,  0.0000  ,  0.0000  ,  0.0000  ,  0.0000  
 22.5200  , -0.1513  ,  0.1808  , -0.1436  ,  0.6601  , -1.5133  ,  0.9217  ,  0.3700  , -0.5650  ,  1.1935  , -2.5258  ,  0.0000  , 100.0000 ,  0.0000  ,  0.0000  ,  0.0000  ,  0.0000  ,  0.0000  , 100.0000 ,  0.0000  ,  0.0000  ,  0.0000  ,  0.0000  
 22.5400  , -0.1506  ,  0.1813  , -0.1450  ,  0.6621  , -1.5131  ,  0.9205  ,  0.3698  , -0.5623  ,  1.1958  , -2.5329  ,  0.0000  , 100.0000 ,  0.0000  ,  0.0000  ,  0.0000  ,  0.0000  ,  0.0000  , 100.0000 ,  0.0000  ,  0.0000  ,  0.0000  ,  0.0000  
 22.5600  , -0.1499  ,  0.1818  , -0.1450  ,  0.6683  , -1.5146  ,  0.9199  ,  0.3698  , -0.5598  ,  1.1907  , -2.5425  ,  0.0000  , 100.0000 ,  0.0000  ,  0.0000  ,  0.0000  ,  0.0000  ,  0.0000  , 100.0000 ,  0.0000  ,  0.0000  ,  0.0000  ,  0.0000  
 22.5800  , -0.1496  ,  0.1820  , -0.1461  ,  0.6709  , -1.5186  ,  0.9200  ,  0.3699  , -0.5594  ,  1.1915  , -2.5583  ,  0.0000  , 100.0000 ,  0.0000  ,  0.0000  ,  0.0000  ,  0.0000  ,  0.0000  , 100.0000 ,  0.0000  ,  0.0000  ,  0.0000  ,  0.0000  
 22.6000  , -0.1485  ,  0.1824  , -0.1483  ,  0.6745  , -1.5188  ,  0.9211  ,  0.3708  , -0.5598  ,  1.1932  , -2.5676  ,  0.0000  , 100.0000 ,  0.0000  ,  0.0000  ,  0.0000  ,  0.0000  ,  0.0000  , 100.0000 ,  0.0000  ,  0.0000  ,  0.0000  ,  0.0000  
 22.6200  , -0.1479  ,  0.1833  , -0.1513  ,  0.6767  , -1.5159  ,  0.9213  ,  0.3709  , -0.5594  ,  1.1942  , -2.5699  ,  0.0000  , 100.0000 ,  0.0000  ,  0.0000  ,  0.0000  ,  0.0000  ,  0.0000  , 100.0000 ,  0.0000  ,  0.0000  ,  0.0000  ,  0.0000  
 22.6400  , -0.1473  ,  0.1843  , -0.1548  ,  0.6796  , -1.5106  ,  0.9215  ,  0.3710  , -0.5583  ,  1.1960  , -2.5841  ,  0.0000  , 100.0000 ,  0.0000  ,  0.0000  ,  0.0000  ,  0.0000  ,  0.0000  , 100.0000 ,  0.0000  ,  0.0000  ,  0.0000  ,  0.0000  
 22.6600  , -0.1467  ,  0.1849  , -0.1586  ,  0.6877  , -1.5104  ,  0.9238  ,  0.3713  , -0.5592  ,  1.1958  , -2.5947  ,  0.0000  , 100.0000 ,  0.0000  ,  0.0000  ,  0.0000  ,  0.0000  ,  0.0000  , 100.0000 ,  0.0000  ,  0.0000  ,  0.0000  ,  0.0000  
 22.6800  , -0.1464  ,  0.1850  , -0.1594  ,  0.6887  , -1.5108  ,  0.9250  ,  0.3710  , -0.5591  ,  1.1958  , -2.6037  ,  0.0000  , 100.0000 ,  0.0000  ,  0.0000  ,  0.0000  ,  0.0000  ,  0.0000  , 100.0000 ,  0.0000  ,  0.0000  ,  0.0000  ,  0.0000  
 22.7000  , -0.1461  ,  0.1852  , -0.1608  ,  0.6906  , -1.5147  ,  0.9261  ,  0.3707  , -0.5588  ,  1.1963  , -2.6107  ,  0.0000  , 100.0000 ,  0.0000  ,  0.0000  ,  0.0000  ,  0.0000  ,  0.0000  , 100.0000 ,  0.0000  ,  0.0000  ,  0.0000  ,  0.0000  
 22.7200  , -0.1460  ,  0.1853  , -0.1611  ,  0.6911  , -1.5182  ,  0.9266  ,  0.3706  , -0.5585  ,  1.1967  , -2.6152  ,  0.0000  , 100.0000 ,  0.0000  ,  0.0000  ,  0.0000  ,  0.0000  ,  0.0000  , 100.0000 ,  0.0000  ,  0.0000  ,  0.0000  ,  0.0000  
 22.7400  , -0.1455  ,  0.1855  , -0.1613  ,  0.6958  , -1.5185  ,  0.9318  ,  0.3715  , -0.5618  ,  1.2039  , -2.6670  ,  0.0000  , 100.0000 ,  0.0000  ,  0.0000  ,  0.0000  ,  0.0000  ,  0.0000  , 100.0000 ,  0.0000  ,  0.0000  ,  0.0000  ,  0.0000  
 22.7600  , -0.1453  ,  0.1853  , -0.1613  ,  0.6968  , -1.5182  ,  0.9352  ,  0.3723  , -0.5644  ,  1.2055  , -2.7536  ,  0.0000  , 100.0000 ,  0.0000  ,  0.0000  ,  0.0000  ,  0.0000  ,  0.0000  , 100.0000 ,  0.0000  ,  0.0000  ,  0.0000  ,  0.0000  
 22.7800  , -0.1448  ,  0.1853  , -0.1622  ,  0.6977  , -1.5175  ,  0.9394  ,  0.3747  , -0.5678  ,  1.2104  , -2.7549  ,  0.0000  , 100.0000 ,  0.0000  ,  0.0000  ,  0.0000  ,  0.0000  ,  0.0000  , 100.0000 ,  0.0000  ,  0.0000  ,  0.0000  ,  0.0000  
 22.8000  , -0.1446  ,  0.1853  , -0.1621  ,  0.6956  , -1.5173  ,  0.9406  ,  0.3755  , -0.5687  ,  1.2127  , -2.7472  ,  0.0000  , 100.0000 ,  0.0000  ,  0.0000  ,  0.0000  ,  0.0000  ,  0.0000  , 100.0000 ,  0.0000  ,  0.0000  ,  0.0000  ,  0.0000  
 22.8200  , -0.1443  ,  0.1849  , -0.1612  ,  0.6956  , -1.5173  ,  0.9411  ,  0.3769  , -0.5692  ,  1.2151  , -2.7472  ,  0.0000  , 100.0000 ,  0.0000  ,  0.0000  ,  0.0000  ,  0.0000  ,  0.0000  , 100.0000 ,  0.0000  ,  0.0000  ,  0.0000  ,  0.0000  
 22.8400  , -0.1438  ,  0.1841  , -0.1597  ,  0.6955  , -1.5179  ,  0.9418  ,  0.3791  , -0.5677  ,  1.2224  , -2.7652  ,  0.0000  , 100.0000 ,  0.0000  ,  0.0000  ,  0.0000  ,  0.0000  ,  0.0000  , 100.0000 ,  0.0000  ,  0.0000  ,  0.0000  ,  0.0000  
 22.8600  , -0.1441  ,  0.1835  , -0.1581  ,  0.6954  , -1.5187  ,  0.9419  ,  0.3804  , -0.5670  ,  1.2267  , -2.7882  ,  0.0000  , 100.0000 ,  0.0000  ,  0.0000  ,  0.0000  ,  0.0000  ,  0.0000  , 100.0000 ,  0.0000  ,  0.0000  ,  0.0000  ,  0.0000  
 22.8800  , -0.1443  ,  0.1831  , -0.1572  ,  0.6952  , -1.5196  ,  0.9419  ,  0.3812  , -0.5651  ,  1.2324  , -2.8025  ,  0.0000  , 100.0000 ,  0.0000  ,  0.0000  ,  0.0000  ,  0.0000  ,  0.0000  , 100.0000 ,  0.0000  ,  0.0000  ,  0.0000  ,  0.0000  
 22.9000  , -0.1438  ,  0.1827  , -0.1562  ,  0.6968  , -1.5219  ,  0.9432  ,  0.3826  , -0.5648  ,  1.2358  , -2.7813  ,  0.0000  , 100.0000 ,  0.0000  ,  0.0000  ,  0.0000  ,  0.0000  ,  0.0000  , 100.0000 ,  0.0000  ,  0.0000  ,  0.0000  ,  0.0000  
 22.9200  , -0.1426  ,  0.1822  , -0.1557  ,  0.6944  , -1.5227  ,  0.9432  ,  0.3823  , -0.5609  ,  1.2385  , -2.7641  ,  0.0000  , 100.0000 ,  0.0000  ,  0.0000  ,  0.0000  ,  0.0000  ,  0.0000  , 100.0000 ,  0.0000  ,  0.0000  ,  0.0000  ,  0.0000  
 22.9400  , -0.1421  ,  0.1820  , -0.1555  ,  0.6934  , -1.5236  ,  0.9430  ,  0.3819  , -0.5589  ,  1.2394  , -2.7622  ,  0.0000  , 100.0000 ,  0.0000  ,  0.0000  ,  0.0000  ,  0.0000  ,  0.0000  , 100.0000 ,  0.0000  ,  0.0000  ,  0.0000  ,  0.0000  
 22.9600  , -0.1409  ,  0.1812  , -0.1513  ,  0.6852  , -1.5246  ,  0.9428  ,  0.3811  , -0.5579  ,  1.2516  , -2.7672  ,  0.0000  , 100.0000 ,  0.0000  ,  0.0000  ,  0.0000  ,  0.0000  ,  0.0000  , 100.0000 ,  0.0000  ,  0.0000  ,  0.0000  ,  0.0000  
 22.9800  , -0.1402  ,  0.1802  , -0.1491  ,  0.6838  , -1.5256  ,  0.9426  ,  0.3804  , -0.5541  ,  1.2536  , -2.7738  ,  0.0000  , 100.0000 ,  0.0000  ,  0.0000  ,  0.0000  ,  0.0000  ,  0.0000  , 100.0000 ,  0.0000  ,  0.0000  ,  0.0000  ,  0.0000  
 23.0000  , -0.1402  ,  0.1798  , -0.1480  ,  0.6836  , -1.5267  ,  0.9424  ,  0.3801  , -0.5526  ,  1.2544  , -2.7740  ,  0.0000  , 100.0000 ,  0.0000  ,  0.0000  ,  0.0000  ,  0.0000  ,  0.0000  , 100.0000 ,  0.0000  ,  0.0000  ,  0.0000  ,  0.0000  
 23.0200  , -0.1401  ,  0.1791  , -0.1464  ,  0.6837  , -1.5305  ,  0.9400  ,  0.3787  , -0.5464  ,  1.2573  , -2.7326  ,  0.0000  , 100.0000 ,  0.0000  ,  0.0000  ,  0.0000  ,  0.0000  ,  0.0000  , 100.0000 ,  0.0000  ,  0.0000  ,  0.0000  ,  0.0000  
 23.0400  , -0.1401  ,  0.1790  , -0.1460  ,  0.6838  , -1.5301  ,  0.9393  ,  0.3783  , -0.5436  ,  1.2518  , -2.7048  ,  0.0000  , 100.0000 ,  0.0000  ,  0.0000  ,  0.0000  ,  0.0000  ,  0.0000  , 100.0000 ,  0.0000  ,  0.0000  ,  0.0000  ,  0.0000  
 23.0600  , -0.1393  ,  0.1780  , -0.1445  ,  0.6870  , -1.5300  ,  0.9365  ,  0.3778  , -0.5394  ,  1.2543  , -2.6690  ,  0.0000  , 100.0000 ,  0.0000  ,  0.0000  ,  0.0000  ,  0.0000  ,  0.0000  , 100.0000 ,  0.0000  ,  0.0000  ,  0.0000  ,  0.0000  
 23.0800  , -0.1402  ,  0.1774  , -0.1426  ,  0.6892  , -1.5304  ,  0.9309  ,  0.3763  , -0.5313  ,  1.2568  , -2.6305  ,  0.0000  , 100.0000 ,  0.0000  ,  0.0000  ,  0.0000  ,  0.0000  ,  0.0000  , 100.0000 ,  0.0000  ,  0.0000  ,  0.0000  ,  0.0000  
 23.1000  , -0.1407  ,  0.1773  , -0.1422  ,  0.6903  , -1.5308  ,  0.9290  ,  0.3758  , -0.5287  ,  1.2571  , -2.5947  ,  0.0000  , 100.0000 ,  0.0000  ,  0.0000  ,  0.0000  ,  0.0000  ,  0.0000  , 100.0000 ,  0.0000  ,  0.0000  ,  0.0000  ,  0.0000  
 23.1200  , -0.1427  ,  0.1776  , -0.1396  ,  0.6899  , -1.5312  ,  0.9248  ,  0.3736  , -0.5233  ,  1.2571  , -2.5601  ,  0.0000  , 100.0000 ,  0.0000  ,  0.0000  ,  0.0000  ,  0.0000  ,  0.0000  , 100.0000 ,  0.0000  ,  0.0000  ,  0.0000  ,  0.0000  
 23.1400  , -0.1440  ,  0.1778  , -0.1399  ,  0.6933  , -1.5322  ,  0.9209  ,  0.3718  , -0.5167  ,  1.2567  , -2.4613  ,  0.0000  , 100.0000 ,  0.0000  ,  0.0000  ,  0.0000  ,  0.0000  ,  0.0000  , 100.0000 ,  0.0000  ,  0.0000  ,  0.0000  ,  0.0000  
 23.1600  , -0.1447  ,  0.1776  , -0.1391  ,  0.6959  , -1.5441  ,  0.9150  ,  0.3699  , -0.5073  ,  1.2573  , -2.4011  ,  0.0000  , 100.0000 ,  0.0000  ,  0.0000  ,  0.0000  ,  0.0000  ,  0.0000  , 100.0000 ,  0.0000  ,  0.0000  ,  0.0000  ,  0.0000  
 23.1800  , -0.1449  ,  0.1775  , -0.1382  ,  0.6977  , -1.5541  ,  0.9130  ,  0.3692  , -0.5040  ,  1.2572  , -2.3395  ,  0.0000  , 100.0000 ,  0.0000  ,  0.0000  ,  0.0000  ,  0.0000  ,  0.0000  , 100.0000 ,  0.0000  ,  0.0000  ,  0.0000  ,  0.0000  
 23.2000  , -0.1463  ,  0.1779  , -0.1304  ,  0.7126  , -1.5560  ,  0.8949  ,  0.3604  , -0.4733  ,  1.2532  , -2.2765  ,  0.0000  , 100.0000 ,  0.0000  ,  0.0000  ,  0.0000  ,  0.0000  ,  0.0000  , 100.0000 ,  0.0000  ,  0.0000  ,  0.0000  ,  0.0000  
 23.2200  , -0.1465  ,  0.1780  , -0.1293  ,  0.7151  , -1.5748  ,  0.8919  ,  0.3585  , -0.4681  ,  1.2548  , -2.1184  ,  0.0000  , 100.0000 ,  0.0000  ,  0.0000  ,  0.0000  ,  0.0000  ,  0.0000  , 100.0000 ,  0.0000  ,  0.0000  ,  0.0000  ,  0.0000  
 23.2400  , -0.1475  ,  0.1788  , -0.1228  ,  0.7348  , -1.6056  ,  0.8793  ,  0.3513  , -0.4462  ,  1.2614  , -2.0647  ,  0.0000  , 100.0000 ,  0.0000  ,  0.0000  ,  0.0000  ,  0.0000  ,  0.0000  , 100.0000 ,  0.0000  ,  0.0000  ,  0.0000  ,  0.0000  
 23.2600  , -0.1491  ,  0.1806  , -0.1150  ,  0.7721  , -1.6449  ,  0.8656  ,  0.3447  , -0.4252  ,  1.2686  , -2.0038  ,  0.0000  , 100.0000 ,  0.0000  ,  0.0000  ,  0.0000  ,  0.0000  ,  0.0000  , 100.0000 ,  0.0000  ,  0.0000  ,  0.0000  ,  0.0000  
 23.2800  , -0.1483  ,  0.1824  , -0.1122  ,  0.7963  , -1.7295  ,  0.8555  ,  0.3412  , -0.4162  ,  1.2665  , -1.8211  ,  0.0000  , 100.0000 ,  0.0000  ,  0.0000  ,  0.0000  ,  0.0000  ,  0.0000  , 100.0000 ,  0.0000  ,  0.0000  ,  0.0000  ,  0.0000  
 23.3000  , -0.1469  ,  0.1845  , -0.1106  ,  0.8227  , -1.7466  ,  0.8454  ,  0.3379  , -0.4056  ,  1.2714  , -1.7266  ,  0.0000  , 100.0000 ,  0.0000  ,  0.0000  ,  0.0000  ,  0.0000  ,  0.0000  , 100.0000 ,  0.0000  ,  0.0000  ,  0.0000  ,  0.0000  
 23.3200  , -0.1378  ,  0.1905  , -0.1067  ,  0.9083  , -1.7325  ,  0.8148  ,  0.3270  , -0.3785  ,  1.2871  , -1.7282  ,  0.0000  , 100.0000 ,  0.0000  ,  0.0000  ,  0.0000  ,  0.0000  ,  0.0000  , 100.0000 ,  0.0000  ,  0.0000  ,  0.0000  ,  0.0000  
 23.3400  , -0.1330  ,  0.1942  , -0.1098  ,  0.9353  , -1.7694  ,  0.7933  ,  0.3225  , -0.3636  ,  1.3027  , -1.5400  ,  0.0000  , 100.0000 ,  0.0000  ,  0.0000  ,  0.0000  ,  0.0000  ,  0.0000  , 100.0000 ,  0.0000  ,  0.0000  ,  0.0000  ,  0.0000  
 23.3600  , -0.1276  ,  0.1983  , -0.1080  ,  0.9908  , -1.8416  ,  0.7729  ,  0.3181  , -0.3557  ,  1.3116  , -1.5155  ,  0.0000  , 100.0000 ,  0.0000  ,  0.0000  ,  0.0000  ,  0.0000  ,  0.0000  , 100.0000 ,  0.0000  ,  0.0000  ,  0.0000  ,  0.0000  
 23.3800  , -0.1171  ,  0.2035  , -0.1131  ,  1.0220  , -1.9110  ,  0.7434  ,  0.3111  , -0.3370  ,  1.3341  , -1.4997  ,  0.0000  , 100.0000 ,  0.0000  ,  0.0000  ,  0.0000  ,  0.0000  ,  0.0000  , 100.0000 ,  0.0000  ,  0.0000  ,  0.0000  ,  0.0000  
 23.4000  , -0.0987  ,  0.2123  , -0.1174  ,  1.0944  , -1.9776  ,  0.7011  ,  0.3030  , -0.3213  ,  1.3599  , -1.4572  ,  0.0000  , 100.0000 ,  0.0000  ,  0.0000  ,  0.0000  ,  0.0000  ,  0.0000  , 100.0000 ,  0.0000  ,  0.0000  ,  0.0000  ,  0.0000  
 23.4200  , -0.0827  ,  0.2196  , -0.1244  ,  1.1311  , -2.0640  ,  0.6689  ,  0.2996  , -0.3069  ,  1.3841  , -1.3222  ,  0.0000  , 100.0000 ,  0.0000  ,  0.0000  ,  0.0000  ,  0.0000  ,  0.0000  , 100.0000 ,  0.0000  ,  0.0000  ,  0.0000  ,  0.0000  
 23.4400  , -0.0688  ,  0.2255  , -0.1286  ,  1.1806  , -2.0440  ,  0.6452  ,  0.2968  , -0.3103  ,  1.3907  , -1.3194  ,  0.0000  , 100.0000 ,  0.0000  ,  0.0000  ,  0.0000  ,  0.0000  ,  0.0000  , 100.0000 ,  0.0000  ,  0.0000  ,  0.0000  ,  0.0000  
 23.4600  , -0.0336  ,  0.2410  , -0.1430  ,  1.2468  , -2.0908  ,  0.5700  ,  0.2869  , -0.2847  ,  1.4341  , -1.2336  ,  0.0000  , 100.0000 ,  0.0000  ,  0.0000  ,  0.0000  ,  0.0000  ,  0.0000  , 100.0000 ,  0.0000  ,  0.0000  ,  0.0000  ,  0.0000  
 23.4800  , -0.0134  ,  0.2493  , -0.1516  ,  1.2738  , -2.1803  ,  0.5373  ,  0.2838  , -0.2793  ,  1.4485  , -1.1753  ,  0.0000  , 100.0000 ,  0.0000  ,  0.0000  ,  0.0000  ,  0.0000  ,  0.0000  , 100.0000 ,  0.0000  ,  0.0000  ,  0.0000  ,  0.0000  
 23.5000  , -0.0020  ,  0.2536  , -0.1514  ,  1.3108  , -2.2358  ,  0.5215  ,  0.2823  , -0.2863  ,  1.4439  , -1.1608  ,  0.0000  , 100.0000 ,  0.0000  ,  0.0000  ,  0.0000  ,  0.0000  ,  0.0000  , 100.0000 ,  0.0000  ,  0.0000  ,  0.0000  ,  0.0000  
 23.5200  ,  0.0475  ,  0.2739  , -0.1729  ,  1.3481  , -2.2982  ,  0.4584  ,  0.2755  , -0.2789  ,  1.4533  , -1.1430  ,  0.0000  , 100.0000 ,  0.0000  ,  0.0000  ,  0.0000  ,  0.0000  ,  0.0000  , 100.0000 ,  0.0000  ,  0.0000  ,  0.0000  ,  0.0000  
 23.5400  ,  0.0822  ,  0.2857  , -0.1853  ,  1.3787  , -2.3900  ,  0.4158  ,  0.2675  , -0.2696  ,  1.4618  , -1.0795  ,  0.0000  , 100.0000 ,  0.0000  ,  0.0000  ,  0.0000  ,  0.0000  ,  0.0000  , 100.0000 ,  0.0000  ,  0.0000  ,  0.0000  ,  0.0000  
 23.5600  ,  0.0972  ,  0.2902  , -0.1890  ,  1.3958  , -2.4115  ,  0.3989  ,  0.2638  , -0.2694  ,  1.4589  , -1.0540  ,  0.0000  , 100.0000 ,  0.0000  ,  0.0000  ,  0.0000  ,  0.0000  ,  0.0000  , 100.0000 ,  0.0000  ,  0.0000  ,  0.0000  ,  0.0000  
 23.5800  ,  0.1328  ,  0.3014  , -0.1992  ,  1.4281  , -2.4246  ,  0.3589  ,  0.2544  , -0.2670  ,  1.4531  , -1.0524  ,  0.0000  , 100.0000 ,  0.0000  ,  0.0000  ,  0.0000  ,  0.0000  ,  0.0000  , 100.0000 ,  0.0000  ,  0.0000  ,  0.0000  ,  0.0000  
 23.6000  ,  0.2055  ,  0.3276  , -0.2313  ,  1.4497  , -2.4546  ,  0.2739  ,  0.2393  , -0.2454  ,  1.4643  , -1.0746  ,  0.0000  , 100.0000 ,  0.0000  ,  0.0000  ,  0.0000  ,  0.0000  ,  0.0000  , 100.0000 ,  0.0000  ,  0.0000  ,  0.0000  ,  0.0000  
 23.6200  ,  0.2261  ,  0.3349  , -0.2406  ,  1.4565  , -2.5270  ,  0.2505  ,  0.2366  , -0.2388  ,  1.4701  , -1.0847  ,  0.0000  , 100.0000 ,  0.0000  ,  0.0000  ,  0.0000  ,  0.0000  ,  0.0000  , 100.0000 ,  0.0000  ,  0.0000  ,  0.0000  ,  0.0000  
 23.6400  ,  0.2943  ,  0.3555  , -0.2694  ,  1.4754  , -2.5667  ,  0.1809  ,  0.2293  , -0.2298  ,  1.4567  , -1.0849  ,  0.0000  , 100.0000 ,  0.0000  ,  0.0000  ,  0.0000  ,  0.0000  ,  0.0000  , 100.0000 ,  0.0000  ,  0.0000  ,  0.0000  ,  0.0000  
 23.6600  ,  0.3101  ,  0.3595  , -0.2740  ,  1.4830  , -2.6428  ,  0.1666  ,  0.2274  , -0.2275  ,  1.4519  , -1.0880  ,  0.0000  , 100.0000 ,  0.0000  ,  0.0000  ,  0.0000  ,  0.0000  ,  0.0000  , 100.0000 ,  0.0000  ,  0.0000  ,  0.0000  ,  0.0000  
 23.6800  ,  0.3383  ,  0.3680  , -0.2885  ,  1.4958  , -2.6428  ,  0.1394  ,  0.2240  , -0.2226  ,  1.4487  , -1.0880  ,  0.0000  , 100.0000 ,  0.0000  ,  0.0000  ,  0.0000  ,  0.0000  ,  0.0000  , 100.0000 ,  0.0000  ,  0.0000  ,  0.0000  ,  0.0000  
 23.7000  ,  0.3855  ,  0.3825  , -0.3150  ,  1.4904  , -2.7406  ,  0.0953  ,  0.2180  , -0.2091  ,  1.4493  , -1.1000  ,  0.0000  , 100.0000 ,  0.0000  ,  0.0000  ,  0.0000  ,  0.0000  ,  0.0000  , 100.0000 ,  0.0000  ,  0.0000  ,  0.0000  ,  0.0000  
 23.7200  ,  0.4816  ,  0.4040  , -0.3671  ,  1.4705  , -2.7588  ,  0.0123  ,  0.2071  , -0.1831  ,  1.4515  , -1.1071  ,  0.0000  , 100.0000 ,  0.0000  ,  0.0000  ,  0.0000  ,  0.0000  ,  0.0000  , 100.0000 ,  0.0000  ,  0.0000  ,  0.0000  ,  0.0000  
 23.7400  ,  0.5106  ,  0.4097  , -0.3859  ,  1.4582  , -2.8026  , -0.0085  ,  0.2040  , -0.1767  ,  1.4482  , -1.1502  ,  0.0000  , 100.0000 ,  0.0000  ,  0.0000  ,  0.0000  ,  0.0000  ,  0.0000  , 100.0000 ,  0.0000  ,  0.0000  ,  0.0000  ,  0.0000  
 23.7600  ,  0.5635  ,  0.4187  , -0.4196  ,  1.4361  , -2.8302  , -0.0426  ,  0.1987  , -0.1634  ,  1.4494  , -1.1884  ,  0.0000  , 100.0000 ,  0.0000  ,  0.0000  ,  0.0000  ,  0.0000  ,  0.0000  , 100.0000 ,  0.0000  ,  0.0000  ,  0.0000  ,  0.0000  
 23.7800  ,  0.6446  ,  0.4266  , -0.4638  ,  1.4039  , -2.8765  , -0.0994  ,  0.1850  , -0.1409  ,  1.4233  , -1.2553  ,  0.0000  , 100.0000 ,  0.0000  ,  0.0000  ,  0.0000  ,  0.0000  ,  0.0000  , 100.0000 ,  0.0000  ,  0.0000  ,  0.0000  ,  0.0000  
 23.8000  ,  0.6719  ,  0.4281  , -0.4777  ,  1.3943  , -2.8914  , -0.1189  ,  0.1796  , -0.1339  ,  1.4048  , -1.2814  ,  0.0000  , 100.0000 ,  0.0000  ,  0.0000  ,  0.0000  ,  0.0000  ,  0.0000  , 100.0000 ,  0.0000  ,  0.0000  ,  0.0000  ,  0.0000  
 23.8200  ,  0.7084  ,  0.4300  , -0.5028  ,  1.3725  , -2.9003  , -0.1422  ,  0.1726  , -0.1218  ,  1.4057  , -1.3164  ,  0.0000  , 100.0000 ,  0.0000  ,  0.0000  ,  0.0000  ,  0.0000  ,  0.0000  , 100.0000 ,  0.0000  ,  0.0000  ,  0.0000  ,  0.0000  
 23.8400  ,  0.7849  ,  0.4286  , -0.5522  ,  1.3260  , -2.9434  , -0.1852  ,  0.1553  , -0.0998  ,  1.3604  , -1.4712  ,  0.0000  , 100.0000 ,  0.0000  ,  0.0000  ,  0.0000  ,  0.0000  ,  0.0000  , 100.0000 ,  0.0000  ,  0.0000  ,  0.0000  ,  0.0000  
 23.8600  ,  0.7989  ,  0.4277  , -0.5585  ,  1.3207  , -2.9529  , -0.1923  ,  0.1519  , -0.0950  ,  1.3482  , -1.5445  ,  0.0000  , 100.0000 ,  0.0000  ,  0.0000  ,  0.0000  ,  0.0000  ,  0.0000  , 100.0000 ,  0.0000  ,  0.0000  ,  0.0000  ,  0.0000  
 23.8800  ,  0.8177  ,  0.4260  , -0.5670  ,  1.3129  , -2.9555  , -0.2044  ,  0.1449  , -0.0855  ,  1.3110  , -1.6056  ,  0.0000  , 100.0000 ,  0.0000  ,  0.0000  ,  0.0000  ,  0.0000  ,  0.0000  , 100.0000 ,  0.0000  ,  0.0000  ,  0.0000  ,  0.0000  
 23.9000  ,  0.8343  ,  0.4243  , -0.5765  ,  1.3031  , -2.9609  , -0.2174  ,  0.1362  , -0.0726  ,  1.2857  , -1.6450  ,  0.0000  , 100.0000 ,  0.0000  ,  0.0000  ,  0.0000  ,  0.0000  ,  0.0000  , 100.0000 ,  0.0000  ,  0.0000  ,  0.0000  ,  0.0000  
 23.9200  ,  0.8585  ,  0.4229  , -0.5905  ,  1.2922  , -2.9700  , -0.2321  ,  0.1209  , -0.0529  ,  1.2265  , -1.6595  ,  0.0000  , 100.0000 ,  0.0000  ,  0.0000  ,  0.0000  ,  0.0000  ,  0.0000  , 100.0000 ,  0.0000  ,  0.0000  ,  0.0000  ,  0.0000  
 23.9400  ,  0.8645  ,  0.4220  , -0.5923  ,  1.2916  , -2.9922  , -0.2338  ,  0.1159  , -0.0442  ,  1.1926  , -1.7016  ,  0.0000  , 100.0000 ,  0.0000  ,  0.0000  ,  0.0000  ,  0.0000  ,  0.0000  , 100.0000 ,  0.0000  ,  0.0000  ,  0.0000  ,  0.0000  
 23.9600  ,  0.8703  ,  0.4202  , -0.5937  ,  1.2898  , -3.0020  , -0.2340  ,  0.1101  , -0.0327  ,  1.1477  , -1.7410  ,  0.0000  , 100.0000 ,  0.0000  ,  0.0000  ,  0.0000  ,  0.0000  ,  0.0000  , 100.0000 ,  0.0000  ,  0.0000  ,  0.0000  ,  0.0000  
 23.9800  ,  0.8784  ,  0.4177  , -0.5963  ,  1.2879  , -3.0019  , -0.2327  ,  0.1034  , -0.0172  ,  1.0905  , -1.7536  ,  0.0000  , 100.0000 ,  0.0000  ,  0.0000  ,  0.0000  ,  0.0000  ,  0.0000  , 100.0000 ,  0.0000  ,  0.0000  ,  0.0000  ,  0.0000  
 24.0000  ,  0.8846  ,  0.4157  , -0.6008  ,  1.2937  , -3.0085  , -0.2298  ,  0.0993  , -0.0043  ,  1.0332  , -1.7682  ,  0.0000  , 100.0000 ,  0.0000  ,  0.0000  ,  0.0000  ,  0.0000  ,  0.0000  , 100.0000 ,  0.0000  ,  0.0000  ,  0.0000  ,  0.0000  
 24.0200  ,  0.8894  ,  0.4139  , -0.6036  ,  1.2899  , -3.0084  , -0.2259  ,  0.0972  ,  0.0026  ,  1.0054  , -1.7706  ,  0.0000  , 100.0000 ,  0.0000  ,  0.0000  ,  0.0000  ,  0.0000  ,  0.0000  , 100.0000 ,  0.0000  ,  0.0000  ,  0.0000  ,  0.0000  
 24.0400  ,  0.8961  ,  0.4110  , -0.6071  ,  1.2853  , -3.0117  , -0.2184  ,  0.0942  ,  0.0178  ,  0.9431  , -1.8306  ,  0.0000  , 100.0000 ,  0.0000  ,  0.0000  ,  0.0000  ,  0.0000  ,  0.0000  , 100.0000 ,  0.0000  ,  0.0000  ,  0.0000  ,  0.0000  
 24.0600  ,  0.8994  ,  0.4094  , -0.6090  ,  1.2827  , -3.0094  , -0.2129  ,  0.0930  ,  0.0248  ,  0.9140  , -1.8399  ,  0.0000  , 100.0000 ,  0.0000  ,  0.0000  ,  0.0000  ,  0.0000  ,  0.0000  , 100.0000 ,  0.0000  ,  0.0000  ,  0.0000  ,  0.0000  
 24.0800  ,  0.9086  ,  0.4079  , -0.6171  ,  1.2720  , -3.0114  , -0.2004  ,  0.0917  ,  0.0406  ,  0.8470  , -1.8278  ,  0.0000  , 100.0000 ,  0.0000  ,  0.0000  ,  0.0000  ,  0.0000  ,  0.0000  , 100.0000 ,  0.0000  ,  0.0000  ,  0.0000  ,  0.0000  
 24.1000  ,  0.9103  ,  0.4077  , -0.6189  ,  1.2708  , -3.0308  , -0.1980  ,  0.0915  ,  0.0443  ,  0.8316  , -1.8231  ,  0.0000  , 100.0000 ,  0.0000  ,  0.0000  ,  0.0000  ,  0.0000  ,  0.0000  , 100.0000 ,  0.0000  ,  0.0000  ,  0.0000  ,  0.0000  
 24.1200  ,  0.9139  ,  0.4070  , -0.6224  ,  1.2675  , -3.0522  , -0.1923  ,  0.0908  ,  0.0496  ,  0.8100  , -1.8344  ,  0.0000  , 100.0000 ,  0.0000  ,  0.0000  ,  0.0000  ,  0.0000  ,  0.0000  , 100.0000 ,  0.0000  ,  0.0000  ,  0.0000  ,  0.0000  
 24.1400  ,  0.9214  ,  0.4042  , -0.6285  ,  1.2596  , -3.0576  , -0.1799  ,  0.0891  ,  0.0647  ,  0.7585  , -1.8490  ,  0.0000  , 100.0000 ,  0.0000  ,  0.0000  ,  0.0000  ,  0.0000  ,  0.0000  , 100.0000 ,  0.0000  ,  0.0000  ,  0.0000  ,  0.0000  
 24.1600  ,  0.9230  ,  0.4034  , -0.6297  ,  1.2571  , -3.0628  , -0.1770  ,  0.0887  ,  0.0665  ,  0.7521  , -1.8642  ,  0.0000  , 100.0000 ,  0.0000  ,  0.0000  ,  0.0000  ,  0.0000  ,  0.0000  , 100.0000 ,  0.0000  ,  0.0000  ,  0.0000  ,  0.0000  
 24.1800  ,  0.9297  ,  0.4003  , -0.6343  ,  1.2503  , -3.0530  , -0.1670  ,  0.0885  ,  0.0792  ,  0.7092  , -1.8547  ,  0.0000  , 100.0000 ,  0.0000  ,  0.0000  ,  0.0000  ,  0.0000  ,  0.0000  , 100.0000 ,  0.0000  ,  0.0000  ,  0.0000  ,  0.0000  
 24.2000  ,  0.9306  ,  0.3993  , -0.6342  ,  1.2490  , -3.0530  , -0.1649  ,  0.0882  ,  0.0835  ,  0.6989  , -1.8547  ,  0.0000  , 100.0000 ,  0.0000  ,  0.0000  ,  0.0000  ,  0.0000  ,  0.0000  , 100.0000 ,  0.0000  ,  0.0000  ,  0.0000  ,  0.0000  
 24.2200  ,  0.9316  ,  0.3966  , -0.6325  ,  1.2498  , -3.0529  , -0.1605  ,  0.0867  ,  0.0965  ,  0.6729  , -1.8397  ,  0.0000  , 100.0000 ,  0.0000  ,  0.0000  ,  0.0000  ,  0.0000  ,  0.0000  , 100.0000 ,  0.0000  ,  0.0000  ,  0.0000  ,  0.0000  
 24.2400  ,  0.9314  ,  0.3946  , -0.6298  ,  1.2486  , -3.0683  , -0.1571  ,  0.0866  ,  0.1015  ,  0.6605  , -1.8480  ,  0.0000  , 100.0000 ,  0.0000  ,  0.0000  ,  0.0000  ,  0.0000  ,  0.0000  , 100.0000 ,  0.0000  ,  0.0000  ,  0.0000  ,  0.0000  
 24.2600  ,  0.9311  ,  0.3927  , -0.6274  ,  1.2479  , -3.0693  , -0.1539  ,  0.0866  ,  0.1078  ,  0.6475  , -1.8565  ,  0.0000  , 100.0000 ,  0.0000  ,  0.0000  ,  0.0000  ,  0.0000  ,  0.0000  , 100.0000 ,  0.0000  ,  0.0000  ,  0.0000  ,  0.0000  
 24.2800  ,  0.9321  ,  0.3897  , -0.6249  ,  1.2458  , -3.0688  , -0.1502  ,  0.0874  ,  0.1128  ,  0.6331  , -1.8597  ,  0.0000  , 100.0000 ,  0.0000  ,  0.0000  ,  0.0000  ,  0.0000  ,  0.0000  , 100.0000 ,  0.0000  ,  0.0000  ,  0.0000  ,  0.0000  
 24.3000  ,  0.9311  ,  0.3867  , -0.6217  ,  1.2500  , -3.0695  , -0.1472  ,  0.0882  ,  0.1202  ,  0.6136  , -1.8611  ,  0.0000  , 100.0000 ,  0.0000  ,  0.0000  ,  0.0000  ,  0.0000  ,  0.0000  , 100.0000 ,  0.0000  ,  0.0000  ,  0.0000  ,  0.0000  
 24.3200  ,  0.9302  ,  0.3853  , -0.6189  ,  1.2504  , -3.0767  , -0.1460  ,  0.0885  ,  0.1230  ,  0.6075  , -1.8607  ,  0.0000  , 100.0000 ,  0.0000  ,  0.0000  ,  0.0000  ,  0.0000  ,  0.0000  , 100.0000 ,  0.0000  ,  0.0000  ,  0.0000  ,  0.0000  
 24.3400  ,  0.9293  ,  0.3837  , -0.6153  ,  1.2504  , -3.0876  , -0.1435  ,  0.0899  ,  0.1227  ,  0.5988  , -1.8619  ,  0.0000  , 100.0000 ,  0.0000  ,  0.0000  ,  0.0000  ,  0.0000  ,  0.0000  , 100.0000 ,  0.0000  ,  0.0000  ,  0.0000  ,  0.0000  
 24.3600  ,  0.9278  ,  0.3815  , -0.6100  ,  1.2506  , -3.0885  , -0.1383  ,  0.0929  ,  0.1196  ,  0.5832  , -1.8644  ,  0.0000  , 100.0000 ,  0.0000  ,  0.0000  ,  0.0000  ,  0.0000  ,  0.0000  , 100.0000 ,  0.0000  ,  0.0000  ,  0.0000  ,  0.0000  
 24.3800  ,  0.9269  ,  0.3806  , -0.6071  ,  1.2509  , -3.0879  , -0.1355  ,  0.0942  ,  0.1185  ,  0.5762  , -1.8667  ,  0.0000  , 100.0000 ,  0.0000  ,  0.0000  ,  0.0000  ,  0.0000  ,  0.0000  , 100.0000 ,  0.0000  ,  0.0000  ,  0.0000  ,  0.0000  
 24.4000  ,  0.9257  ,  0.3796  , -0.6037  ,  1.2526  , -3.0874  , -0.1323  ,  0.0962  ,  0.1155  ,  0.5672  , -1.8677  ,  0.0000  , 100.0000 ,  0.0000  ,  0.0000  ,  0.0000  ,  0.0000  ,  0.0000  , 100.0000 ,  0.0000  ,  0.0000  ,  0.0000  ,  0.0000  
 24.4200  ,  0.9247  ,  0.3789  , -0.6007  ,  1.2532  , -3.0870  , -0.1299  ,  0.0977  ,  0.1129  ,  0.5612  , -1.8672  ,  0.0000  , 100.0000 ,  0.0000  ,  0.0000  ,  0.0000  ,  0.0000  ,  0.0000  , 100.0000 ,  0.0000  ,  0.0000  ,  0.0000  ,  0.0000  
 24.4400  ,  0.9245  ,  0.3786  , -0.5980  ,  1.2533  , -3.0872  , -0.1276  ,  0.0991  ,  0.1104  ,  0.5551  , -1.8663  ,  0.0000  , 100.0000 ,  0.0000  ,  0.0000  ,  0.0000  ,  0.0000  ,  0.0000  , 100.0000 ,  0.0000  ,  0.0000  ,  0.0000  ,  0.0000  
 24.4600  ,  0.9246  ,  0.3785  , -0.5962  ,  1.2532  , -3.0890  , -0.1257  ,  0.1001  ,  0.1087  ,  0.5500  , -1.8677  ,  0.0000  , 100.0000 ,  0.0000  ,  0.0000  ,  0.0000  ,  0.0000  ,  0.0000  , 100.0000 ,  0.0000  ,  0.0000  ,  0.0000  ,  0.0000  
 24.4800  ,  0.9246  ,  0.3786  , -0.5966  ,  1.2592  , -3.0952  , -0.1247  ,  0.1005  ,  0.1042  ,  0.5517  , -1.8689  ,  0.0000  , 100.0000 ,  0.0000  ,  0.0000  ,  0.0000  ,  0.0000  ,  0.0000  , 100.0000 ,  0.0000  ,  0.0000  ,  0.0000  ,  0.0000  
 24.5000  ,  0.9250  ,  0.3792  , -0.5947  ,  1.2594  , -3.0980  , -0.1218  ,  0.1017  ,  0.1020  ,  0.5440  , -1.8692  ,  0.0000  , 100.0000 ,  0.0000  ,  0.0000  ,  0.0000  ,  0.0000  ,  0.0000  , 100.0000 ,  0.0000  ,  0.0000  ,  0.0000  ,  0.0000  
 24.5200  ,  0.9252  ,  0.3796  , -0.5939  ,  1.2596  , -3.0986  , -0.1207  ,  0.1020  ,  0.1013  ,  0.5413  , -1.8691  ,  0.0000  , 100.0000 ,  0.0000  ,  0.0000  ,  0.0000  ,  0.0000  ,  0.0000  , 100.0000 ,  0.0000  ,  0.0000  ,  0.0000  ,  0.0000  
 24.5400  ,  0.9270  ,  0.3805  , -0.5951  ,  1.2613  , -3.0973  , -0.1195  ,  0.1029  ,  0.0972  ,  0.5353  , -1.8684  ,  0.0000  , 100.0000 ,  0.0000  ,  0.0000  ,  0.0000  ,  0.0000  ,  0.0000  , 100.0000 ,  0.0000  ,  0.0000  ,  0.0000  ,  0.0000  
 24.5600  ,  0.9276  ,  0.3808  , -0.5943  ,  1.2613  , -3.0978  , -0.1191  ,  0.1032  ,  0.0961  ,  0.5339  , -1.8668  ,  0.0000  , 100.0000 ,  0.0000  ,  0.0000  ,  0.0000  ,  0.0000  ,  0.0000  , 100.0000 ,  0.0000  ,  0.0000  ,  0.0000  ,  0.0000  
 24.5800  ,  0.9282  ,  0.3812  , -0.5935  ,  1.2614  , -3.0983  , -0.1183  ,  0.1037  ,  0.0939  ,  0.5315  , -1.8638  ,  0.0000  , 100.0000 ,  0.0000  ,  0.0000  ,  0.0000  ,  0.0000  ,  0.0000  , 100.0000 ,  0.0000  ,  0.0000  ,  0.0000  ,  0.0000  
 24.6000  ,  0.9287  ,  0.3814  , -0.5923  ,  1.2614  , -3.0978  , -0.1177  ,  0.1041  ,  0.0922  ,  0.5298  , -1.8632  ,  0.0000  , 100.0000 ,  0.0000  ,  0.0000  ,  0.0000  ,  0.0000  ,  0.0000  , 100.0000 ,  0.0000  ,  0.0000  ,  0.0000  ,  0.0000  
 24.6200  ,  0.9295  ,  0.3818  , -0.5916  ,  1.2611  , -3.0961  , -0.1166  ,  0.1049  ,  0.0890  ,  0.5271  , -1.8628  ,  0.0000  , 100.0000 ,  0.0000  ,  0.0000  ,  0.0000  ,  0.0000  ,  0.0000  , 100.0000 ,  0.0000  ,  0.0000  ,  0.0000  ,  0.0000  
 24.6400  ,  0.9301  ,  0.3819  , -0.5900  ,  1.2620  , -3.0961  , -0.1156  ,  0.1053  ,  0.0816  ,  0.5272  , -1.8619  ,  0.0000  , 100.0000 ,  0.0000  ,  0.0000  ,  0.0000  ,  0.0000  ,  0.0000  , 100.0000 ,  0.0000  ,  0.0000  ,  0.0000  ,  0.0000  
 24.6600  ,  0.9301  ,  0.3818  , -0.5888  ,  1.2623  , -3.0970  , -0.1155  ,  0.1051  ,  0.0816  ,  0.5269  , -1.8601  ,  0.0000  , 100.0000 ,  0.0000  ,  0.0000  ,  0.0000  ,  0.0000  ,  0.0000  , 100.0000 ,  0.0000  ,  0.0000  ,  0.0000  ,  0.0000  
 24.6800  ,  0.9304  ,  0.3816  , -0.5876  ,  1.2622  , -3.0977  , -0.1155  ,  0.1045  ,  0.0835  ,  0.5268  , -1.8569  ,  0.0000  , 100.0000 ,  0.0000  ,  0.0000  ,  0.0000  ,  0.0000  ,  0.0000  , 100.0000 ,  0.0000  ,  0.0000  ,  0.0000  ,  0.0000  
 24.7000  ,  0.9307  ,  0.3813  , -0.5857  ,  1.2622  , -3.0969  , -0.1155  ,  0.1036  ,  0.0853  ,  0.5271  , -1.8572  ,  0.0000  , 100.0000 ,  0.0000  ,  0.0000  ,  0.0000  ,  0.0000  ,  0.0000  , 100.0000 ,  0.0000  ,  0.0000  ,  0.0000  ,  0.0000  
 24.7200  ,  0.9301  ,  0.3815  , -0.5835  ,  1.2654  , -3.0950  , -0.1158  ,  0.1026  ,  0.0906  ,  0.5238  , -1.8528  ,  0.0000  , 100.0000 ,  0.0000  ,  0.0000  ,  0.0000  ,  0.0000  ,  0.0000  , 100.0000 ,  0.0000  ,  0.0000  ,  0.0000  ,  0.0000  
 24.7400  ,  0.9298  ,  0.3817  , -0.5827  ,  1.2658  , -3.0954  , -0.1160  ,  0.1024  ,  0.0903  ,  0.5249  , -1.8503  ,  0.0000  , 100.0000 ,  0.0000  ,  0.0000  ,  0.0000  ,  0.0000  ,  0.0000  , 100.0000 ,  0.0000  ,  0.0000  ,  0.0000  ,  0.0000  
 24.7600  ,  0.9295  ,  0.3819  , -0.5812  ,  1.2662  , -3.0962  , -0.1162  ,  0.1021  ,  0.0892  ,  0.5269  , -1.8466  ,  0.0000  , 100.0000 ,  0.0000  ,  0.0000  ,  0.0000  ,  0.0000  ,  0.0000  , 100.0000 ,  0.0000  ,  0.0000  ,  0.0000  ,  0.0000  
 24.7800  ,  0.9285  ,  0.3828  , -0.5787  ,  1.2691  , -3.0916  , -0.1166  ,  0.1022  ,  0.0845  ,  0.5314  , -1.8392  ,  0.0000  , 100.0000 ,  0.0000  ,  0.0000  ,  0.0000  ,  0.0000  ,  0.0000  , 100.0000 ,  0.0000  ,  0.0000  ,  0.0000  ,  0.0000  
 24.8000  ,  0.9277  ,  0.3833  , -0.5771  ,  1.2701  , -3.0916  , -0.1162  ,  0.1020  ,  0.0824  ,  0.5335  , -1.8392  ,  0.0000  , 100.0000 ,  0.0000  ,  0.0000  ,  0.0000  ,  0.0000  ,  0.0000  , 100.0000 ,  0.0000  ,  0.0000  ,  0.0000  ,  0.0000  
 24.8200  ,  0.9268  ,  0.3838  , -0.5749  ,  1.2711  , -3.0689  , -0.1155  ,  0.1017  ,  0.0811  ,  0.5356  , -1.8378  ,  0.0000  , 100.0000 ,  0.0000  ,  0.0000  ,  0.0000  ,  0.0000  ,  0.0000  , 100.0000 ,  0.0000  ,  0.0000  ,  0.0000  ,  0.0000  
 24.8400  ,  0.9266  ,  0.3837  , -0.5726  ,  1.2707  , -3.0610  , -0.1149  ,  0.1015  ,  0.0769  ,  0.5412  , -1.8354  ,  0.0000  , 100.0000 ,  0.0000  ,  0.0000  ,  0.0000  ,  0.0000  ,  0.0000  , 100.0000 ,  0.0000  ,  0.0000  ,  0.0000  ,  0.0000  
 24.8600  ,  0.9266  ,  0.3836  , -0.5716  ,  1.2699  , -2.9991  , -0.1147  ,  0.1015  ,  0.0733  ,  0.5458  , -1.8264  ,  0.0000  , 100.0000 ,  0.0000  ,  0.0000  ,  0.0000  ,  0.0000  ,  0.0000  , 100.0000 ,  0.0000  ,  0.0000  ,  0.0000  ,  0.0000  
 24.8800  ,  0.9275  ,  0.3832  , -0.5734  ,  1.2619  , -2.9602  , -0.1149  ,  0.1008  ,  0.0697  ,  0.5555  , -1.8186  ,  0.0000  , 100.0000 ,  0.0000  ,  0.0000  ,  0.0000  ,  0.0000  ,  0.0000  , 100.0000 ,  0.0000  ,  0.0000  ,  0.0000  ,  0.0000  
 24.9000  ,  0.9269  ,  0.3823  , -0.5722  ,  1.2582  , -2.9039  , -0.1147  ,  0.1001  ,  0.0646  ,  0.5678  , -1.8094  ,  0.0000  , 100.0000 ,  0.0000  ,  0.0000  ,  0.0000  ,  0.0000  ,  0.0000  , 100.0000 ,  0.0000  ,  0.0000  ,  0.0000  ,  0.0000  
 24.9200  ,  0.9241  ,  0.3809  , -0.5700  ,  1.2538  , -2.7856  , -0.1141  ,  0.0992  ,  0.0614  ,  0.5793  , -1.7941  ,  0.0000  , 100.0000 ,  0.0000  ,  0.0000  ,  0.0000  ,  0.0000  ,  0.0000  , 100.0000 ,  0.0000  ,  0.0000  ,  0.0000  ,  0.0000  
 24.9400  ,  0.9182  ,  0.3776  , -0.5661  ,  1.2565  , -2.7687  , -0.1139  ,  0.0980  ,  0.0560  ,  0.6021  , -1.7994  ,  0.0000  , 100.0000 ,  0.0000  ,  0.0000  ,  0.0000  ,  0.0000  ,  0.0000  , 100.0000 ,  0.0000  ,  0.0000  ,  0.0000  ,  0.0000  
 24.9600  ,  0.9027  ,  0.3699  , -0.5558  ,  1.2413  , -2.6635  , -0.1120  ,  0.0960  ,  0.0499  ,  0.6395  , -1.8071  ,  0.0000  , 100.0000 ,  0.0000  ,  0.0000  ,  0.0000  ,  0.0000  ,  0.0000  , 100.0000 ,  0.0000  ,  0.0000  ,  0.0000  ,  0.0000  
 24.9800  ,  0.8976  ,  0.3675  , -0.5543  ,  1.2340  , -2.6012  , -0.1111  ,  0.0954  ,  0.0476  ,  0.6543  , -1.8231  ,  0.0000  , 100.0000 ,  0.0000  ,  0.0000  ,  0.0000  ,  0.0000  ,  0.0000  , 100.0000 ,  0.0000  ,  0.0000  ,  0.0000  ,  0.0000  
 25.0000  ,  0.8873  ,  0.3641  , -0.5503  ,  1.2240  , -2.4835  , -0.1096  ,  0.0951  ,  0.0426  ,  0.6734  , -1.8317  ,  0.0000  , 100.0000 ,  0.0000  ,  0.0000  ,  0.0000  ,  0.0000  ,  0.0000  , 100.0000 ,  0.0000  ,  0.0000  ,  0.0000  ,  0.0000  
 25.0200  ,  0.8580  ,  0.3574  , -0.5410  ,  1.1994  , -2.3795  , -0.1053  ,  0.0961  ,  0.0273  ,  0.7248  , -1.8261  ,  0.0000  , 100.0000 ,  0.0000  ,  0.0000  ,  0.0000  ,  0.0000  ,  0.0000  , 100.0000 ,  0.0000  ,  0.0000  ,  0.0000  ,  0.0000  
 25.0400  ,  0.8311  ,  0.3548  , -0.5340  ,  1.1845  , -2.3365  , -0.1006  ,  0.0986  ,  0.0116  ,  0.7671  , -1.8205  ,  0.0000  , 100.0000 ,  0.0000  ,  0.0000  ,  0.0000  ,  0.0000  ,  0.0000  , 100.0000 ,  0.0000  ,  0.0000  ,  0.0000  ,  0.0000  
 25.0600  ,  0.8201  ,  0.3538  , -0.5417  ,  1.1622  , -2.2867  , -0.0987  ,  0.0997  ,  0.0041  ,  0.8037  , -1.8322  ,  0.0000  , 100.0000 ,  0.0000  ,  0.0000  ,  0.0000  ,  0.0000  ,  0.0000  , 100.0000 ,  0.0000  ,  0.0000  ,  0.0000  ,  0.0000  
 25.0800  ,  0.7651  ,  0.3462  , -0.5297  ,  1.1257  , -2.2825  , -0.0799  ,  0.1058  , -0.0188  ,  0.8749  , -1.8446  ,  0.0000  , 100.0000 ,  0.0000  ,  0.0000  ,  0.0000  ,  0.0000  ,  0.0000  , 100.0000 ,  0.0000  ,  0.0000  ,  0.0000  ,  0.0000  
 25.1000  ,  0.7651  ,  0.3462  , -0.5297  ,  1.1257  , -2.2950  , -0.0799  ,  0.1058  , -0.0188  ,  0.8749  , -1.8563  ,  0.0000  , 100.0000 ,  0.0000  ,  0.0000  ,  0.0000  ,  0.0000  ,  0.0000  , 100.0000 ,  0.0000  ,  0.0000  ,  0.0000  ,  0.0000  
 25.1200  ,  0.7104  ,  0.3369  , -0.5266  ,  1.0642  , -2.3105  , -0.0440  ,  0.1186  , -0.0512  ,  0.9461  , -1.8576  ,  0.0000  , 100.0000 ,  0.0000  ,  0.0000  ,  0.0000  ,  0.0000  ,  0.0000  , 100.0000 ,  0.0000  ,  0.0000  ,  0.0000  ,  0.0000  
 25.1400  ,  0.6891  ,  0.3317  , -0.5270  ,  1.0371  , -2.2874  , -0.0259  ,  0.1248  , -0.0641  ,  0.9659  , -1.9018  ,  0.0000  , 100.0000 ,  0.0000  ,  0.0000  ,  0.0000  ,  0.0000  ,  0.0000  , 100.0000 ,  0.0000  ,  0.0000  ,  0.0000  ,  0.0000  
 25.1600  ,  0.6734  ,  0.3277  , -0.5318  ,  1.0095  , -2.2870  , -0.0119  ,  0.1293  , -0.0704  ,  1.0091  , -1.9223  ,  0.0000  , 100.0000 ,  0.0000  ,  0.0000  ,  0.0000  ,  0.0000  ,  0.0000  , 100.0000 ,  0.0000  ,  0.0000  ,  0.0000  ,  0.0000  
 25.1800  ,  0.6177  ,  0.3107  , -0.5181  ,  0.9450  , -2.2853  ,  0.0430  ,  0.1476  , -0.1033  ,  1.0461  , -1.9409  ,  0.0000  , 100.0000 ,  0.0000  ,  0.0000  ,  0.0000  ,  0.0000  ,  0.0000  , 100.0000 ,  0.0000  ,  0.0000  ,  0.0000  ,  0.0000  
 25.2000  ,  0.5697  ,  0.2962  , -0.4887  ,  0.9086  , -2.2744  ,  0.0937  ,  0.1644  , -0.1302  ,  1.0632  , -1.9590  ,  0.0000  , 100.0000 ,  0.0000  ,  0.0000  ,  0.0000  ,  0.0000  ,  0.0000  , 100.0000 ,  0.0000  ,  0.0000  ,  0.0000  ,  0.0000  
 25.2200  ,  0.5363  ,  0.2862  , -0.4952  ,  0.8413  , -2.2516  ,  0.1303  ,  0.1751  , -0.1419  ,  1.1145  , -2.0021  ,  0.0000  , 100.0000 ,  0.0000  ,  0.0000  ,  0.0000  ,  0.0000  ,  0.0000  , 100.0000 ,  0.0000  ,  0.0000  ,  0.0000  ,  0.0000  
 25.2400  ,  0.4954  ,  0.2804  , -0.4699  ,  0.8336  , -2.2545  ,  0.1795  ,  0.1889  , -0.1668  ,  1.1234  , -2.0040  ,  0.0000  , 100.0000 ,  0.0000  ,  0.0000  ,  0.0000  ,  0.0000  ,  0.0000  , 100.0000 ,  0.0000  ,  0.0000  ,  0.0000  ,  0.0000  
 25.2600  ,  0.4793  ,  0.2779  , -0.4676  ,  0.8165  , -2.2413  ,  0.1989  ,  0.1937  , -0.1730  ,  1.1386  , -2.0439  ,  0.0000  , 100.0000 ,  0.0000  ,  0.0000  ,  0.0000  ,  0.0000  ,  0.0000  , 100.0000 ,  0.0000  ,  0.0000  ,  0.0000  ,  0.0000  
 25.2800  ,  0.4374  ,  0.2783  , -0.4631  ,  0.8049  , -2.2147  ,  0.2503  ,  0.2098  , -0.1998  ,  1.1450  , -2.0874  ,  0.0000  , 100.0000 ,  0.0000  ,  0.0000  ,  0.0000  ,  0.0000  ,  0.0000  , 100.0000 ,  0.0000  ,  0.0000  ,  0.0000  ,  0.0000  
 25.3000  ,  0.3793  ,  0.2826  , -0.4677  ,  0.7794  , -2.1473  ,  0.3050  ,  0.2333  , -0.2235  ,  1.2068  , -2.1492  ,  0.0000  , 100.0000 ,  0.0000  ,  0.0000  ,  0.0000  ,  0.0000  ,  0.0000  , 100.0000 ,  0.0000  ,  0.0000  ,  0.0000  ,  0.0000  
 25.3200  ,  0.3671  ,  0.2835  , -0.4748  ,  0.7640  , -2.1161  ,  0.3156  ,  0.2379  , -0.2245  ,  1.2299  , -2.1655  ,  0.0000  , 100.0000 ,  0.0000  ,  0.0000  ,  0.0000  ,  0.0000  ,  0.0000  , 100.0000 ,  0.0000  ,  0.0000  ,  0.0000  ,  0.0000  
 25.3400  ,  0.3266  ,  0.2850  , -0.4628  ,  0.7613  , -2.0797  ,  0.3530  ,  0.2565  , -0.2479  ,  1.2490  , -2.1831  ,  0.0000  , 100.0000 ,  0.0000  ,  0.0000  ,  0.0000  ,  0.0000  ,  0.0000  , 100.0000 ,  0.0000  ,  0.0000  ,  0.0000  ,  0.0000  
 25.3600  ,  0.2527  ,  0.2843  , -0.4138  ,  0.7903  , -2.0780  ,  0.4207  ,  0.2857  , -0.2889  ,  1.2605  , -2.1843  ,  0.0000  , 100.0000 ,  0.0000  ,  0.0000  ,  0.0000  ,  0.0000  ,  0.0000  , 100.0000 ,  0.0000  ,  0.0000  ,  0.0000  ,  0.0000  
 25.3800  ,  0.2242  ,  0.2831  , -0.3967  ,  0.7946  , -2.0063  ,  0.4465  ,  0.2945  , -0.2958  ,  1.2864  , -2.2717  ,  0.0000  , 100.0000 ,  0.0000  ,  0.0000  ,  0.0000  ,  0.0000  ,  0.0000  , 100.0000 ,  0.0000  ,  0.0000  ,  0.0000  ,  0.0000  
 25.4000  ,  0.2116  ,  0.2826  , -0.3967  ,  0.7816  , -1.9832  ,  0.4579  ,  0.2982  , -0.2987  ,  1.2969  , -2.3138  ,  0.0000  , 100.0000 ,  0.0000  ,  0.0000  ,  0.0000  ,  0.0000  ,  0.0000  , 100.0000 ,  0.0000  ,  0.0000  ,  0.0000  ,  0.0000  
 25.4200  ,  0.1407  ,  0.2797  , -0.3364  ,  0.8074  , -1.9468  ,  0.5367  ,  0.3247  , -0.3451  ,  1.2978  , -2.3839  ,  0.0000  , 100.0000 ,  0.0000  ,  0.0000  ,  0.0000  ,  0.0000  ,  0.0000  , 100.0000 ,  0.0000  ,  0.0000  ,  0.0000  ,  0.0000  
 25.4400  ,  0.1124  ,  0.2785  , -0.3219  ,  0.8079  , -1.9223  ,  0.5754  ,  0.3358  , -0.3664  ,  1.3016  , -2.4319  ,  0.0000  , 100.0000 ,  0.0000  ,  0.0000  ,  0.0000  ,  0.0000  ,  0.0000  , 100.0000 ,  0.0000  ,  0.0000  ,  0.0000  ,  0.0000  
 25.4600  ,  0.0969  ,  0.2775  , -0.3144  ,  0.8076  , -1.9166  ,  0.5953  ,  0.3409  , -0.3705  ,  1.3171  , -2.4444  ,  0.0000  , 100.0000 ,  0.0000  ,  0.0000  ,  0.0000  ,  0.0000  ,  0.0000  , 100.0000 ,  0.0000  ,  0.0000  ,  0.0000  ,  0.0000  
 25.4800  ,  0.0651  ,  0.2727  , -0.2974  ,  0.7986  , -1.9091  ,  0.6655  ,  0.3607  , -0.4182  ,  1.3027  , -2.4587  ,  0.0000  , 100.0000 ,  0.0000  ,  0.0000  ,  0.0000  ,  0.0000  ,  0.0000  , 100.0000 ,  0.0000  ,  0.0000  ,  0.0000  ,  0.0000  
 25.5000  ,  0.0484  ,  0.2672  , -0.2794  ,  0.7977  , -1.8936  ,  0.7060  ,  0.3702  , -0.4470  ,  1.2901  , -2.5011  ,  0.0000  , 100.0000 ,  0.0000  ,  0.0000  ,  0.0000  ,  0.0000  ,  0.0000  , 100.0000 ,  0.0000  ,  0.0000  ,  0.0000  ,  0.0000  
 25.5200  ,  0.0365  ,  0.2634  , -0.2662  ,  0.7843  , -1.9011  ,  0.7314  ,  0.3754  , -0.4504  ,  1.2971  , -2.5259  ,  0.0000  , 100.0000 ,  0.0000  ,  0.0000  ,  0.0000  ,  0.0000  ,  0.0000  , 100.0000 ,  0.0000  ,  0.0000  ,  0.0000  ,  0.0000  
 25.5400  ,  0.0230  ,  0.2603  , -0.2548  ,  0.7842  , -1.9126  ,  0.7688  ,  0.3877  , -0.4850  ,  1.2808  , -2.5476  ,  0.0000  , 100.0000 ,  0.0000  ,  0.0000  ,  0.0000  ,  0.0000  ,  0.0000  , 100.0000 ,  0.0000  ,  0.0000  ,  0.0000  ,  0.0000  
 25.5600  ,  0.0070  ,  0.2564  , -0.2518  ,  0.7585  , -1.9283  ,  0.8054  ,  0.3983  , -0.4993  ,  1.2927  , -2.5630  ,  0.0000  , 100.0000 ,  0.0000  ,  0.0000  ,  0.0000  ,  0.0000  ,  0.0000  , 100.0000 ,  0.0000  ,  0.0000  ,  0.0000  ,  0.0000  
 25.5800  , -0.0091  ,  0.2512  , -0.2408  ,  0.7483  , -1.9432  ,  0.8479  ,  0.4123  , -0.5334  ,  1.2833  , -2.5619  ,  0.0000  , 100.0000 ,  0.0000  ,  0.0000  ,  0.0000  ,  0.0000  ,  0.0000  , 100.0000 ,  0.0000  ,  0.0000  ,  0.0000  ,  0.0000  
 25.6000  , -0.0209  ,  0.2474  , -0.2281  ,  0.7500  , -1.9479  ,  0.8790  ,  0.4225  , -0.5560  ,  1.2781  , -2.5613  ,  0.0000  , 100.0000 ,  0.0000  ,  0.0000  ,  0.0000  ,  0.0000  ,  0.0000  , 100.0000 ,  0.0000  ,  0.0000  ,  0.0000  ,  0.0000  
 25.6200  , -0.0468  ,  0.2384  , -0.2116  ,  0.7290  , -1.9668  ,  0.9447  ,  0.4438  , -0.6082  ,  1.2660  , -2.5625  ,  0.0000  , 100.0000 ,  0.0000  ,  0.0000  ,  0.0000  ,  0.0000  ,  0.0000  , 100.0000 ,  0.0000  ,  0.0000  ,  0.0000  ,  0.0000  
 25.6400  , -0.0618  ,  0.2325  , -0.2008  ,  0.7154  , -2.0007  ,  0.9775  ,  0.4552  , -0.6326  ,  1.2637  , -2.5440  ,  0.0000  , 100.0000 ,  0.0000  ,  0.0000  ,  0.0000  ,  0.0000  ,  0.0000  , 100.0000 ,  0.0000  ,  0.0000  ,  0.0000  ,  0.0000  
 25.6600  , -0.0758  ,  0.2260  , -0.1881  ,  0.6928  , -2.0258  ,  1.0096  ,  0.4633  , -0.6523  ,  1.2642  , -2.5519  ,  0.0000  , 100.0000 ,  0.0000  ,  0.0000  ,  0.0000  ,  0.0000  ,  0.0000  , 100.0000 ,  0.0000  ,  0.0000  ,  0.0000  ,  0.0000  
 25.6800  , -0.0868  ,  0.2201  , -0.1808  ,  0.6782  , -2.0493  ,  1.0360  ,  0.4687  , -0.6703  ,  1.2581  , -2.5672  ,  0.0000  , 100.0000 ,  0.0000  ,  0.0000  ,  0.0000  ,  0.0000  ,  0.0000  , 100.0000 ,  0.0000  ,  0.0000  ,  0.0000  ,  0.0000  
 25.7000  , -0.0949  ,  0.2119  , -0.1762  ,  0.6479  , -2.0640  ,  1.0730  ,  0.4730  , -0.6964  ,  1.2440  , -2.5811  ,  0.0000  , 100.0000 ,  0.0000  ,  0.0000  ,  0.0000  ,  0.0000  ,  0.0000  , 100.0000 ,  0.0000  ,  0.0000  ,  0.0000  ,  0.0000  
 25.7200  , -0.0974  ,  0.2080  , -0.1796  ,  0.6251  , -2.0721  ,  1.0896  ,  0.4750  , -0.7070  ,  1.2384  , -2.5854  ,  0.0000  , 100.0000 ,  0.0000  ,  0.0000  ,  0.0000  ,  0.0000  ,  0.0000  , 100.0000 ,  0.0000  ,  0.0000  ,  0.0000  ,  0.0000  
 25.7400  , -0.0995  ,  0.1978  , -0.1825  ,  0.5587  , -2.0760  ,  1.1282  ,  0.4792  , -0.7319  ,  1.2252  , -2.5784  ,  0.0000  , 100.0000 ,  0.0000  ,  0.0000  ,  0.0000  ,  0.0000  ,  0.0000  , 100.0000 ,  0.0000  ,  0.0000  ,  0.0000  ,  0.0000  
 25.7600  , -0.1004  ,  0.1950  , -0.1796  ,  0.5497  , -2.0760  ,  1.1370  ,  0.4799  , -0.7379  ,  1.2212  , -2.5784  ,  0.0000  , 100.0000 ,  0.0000  ,  0.0000  ,  0.0000  ,  0.0000  ,  0.0000  , 100.0000 ,  0.0000  ,  0.0000  ,  0.0000  ,  0.0000  
 25.7800  , -0.1014  ,  0.1904  , -0.1810  ,  0.5274  , -2.0831  ,  1.1489  ,  0.4806  , -0.7436  ,  1.2171  , -2.5998  ,  0.0000  , 100.0000 ,  0.0000  ,  0.0000  ,  0.0000  ,  0.0000  ,  0.0000  , 100.0000 ,  0.0000  ,  0.0000  ,  0.0000  ,  0.0000  
 25.8000  , -0.1012  ,  0.1865  , -0.1798  ,  0.5119  , -2.0850  ,  1.1571  ,  0.4810  , -0.7483  ,  1.2136  , -2.6053  ,  0.0000  , 100.0000 ,  0.0000  ,  0.0000  ,  0.0000  ,  0.0000  ,  0.0000  , 100.0000 ,  0.0000  ,  0.0000  ,  0.0000  ,  0.0000  
 25.8200  , -0.0992  ,  0.1809  , -0.1723  ,  0.4888  , -2.0846  ,  1.1657  ,  0.4804  , -0.7521  ,  1.2100  , -2.6030  ,  0.0000  , 100.0000 ,  0.0000  ,  0.0000  ,  0.0000  ,  0.0000  ,  0.0000  , 100.0000 ,  0.0000  ,  0.0000  ,  0.0000  ,  0.0000  
 25.8400  , -0.0973  ,  0.1774  , -0.1794  ,  0.4683  , -2.0824  ,  1.1697  ,  0.4798  , -0.7508  ,  1.2086  , -2.5910  ,  0.0000  , 100.0000 ,  0.0000  ,  0.0000  ,  0.0000  ,  0.0000  ,  0.0000  , 100.0000 ,  0.0000  ,  0.0000  ,  0.0000  ,  0.0000  
 25.8600  , -0.0958  ,  0.1742  , -0.1773  ,  0.4593  , -2.0834  ,  1.1726  ,  0.4795  , -0.7514  ,  1.2064  , -2.5824  ,  0.0000  , 100.0000 ,  0.0000  ,  0.0000  ,  0.0000  ,  0.0000  ,  0.0000  , 100.0000 ,  0.0000  ,  0.0000  ,  0.0000  ,  0.0000  
 25.8800  , -0.0934  ,  0.1696  , -0.1753  ,  0.4470  , -2.0849  ,  1.1735  ,  0.4785  , -0.7474  ,  1.2056  , -2.5768  ,  0.0000  , 100.0000 ,  0.0000  ,  0.0000  ,  0.0000  ,  0.0000  ,  0.0000  , 100.0000 ,  0.0000  ,  0.0000  ,  0.0000  ,  0.0000  
 25.9000  , -0.0924  ,  0.1679  , -0.1707  ,  0.4453  , -2.0836  ,  1.1727  ,  0.4779  , -0.7477  ,  1.2008  , -2.5775  ,  0.0000  , 100.0000 ,  0.0000  ,  0.0000  ,  0.0000  ,  0.0000  ,  0.0000  , 100.0000 ,  0.0000  ,  0.0000  ,  0.0000  ,  0.0000  
 25.9200  , -0.0910  ,  0.1660  , -0.1687  ,  0.4432  , -2.0789  ,  1.1716  ,  0.4775  , -0.7456  ,  1.2006  , -2.5816  ,  0.0000  , 100.0000 ,  0.0000  ,  0.0000  ,  0.0000  ,  0.0000  ,  0.0000  , 100.0000 ,  0.0000  ,  0.0000  ,  0.0000  ,  0.0000  
 25.9400  , -0.0887  ,  0.1636  , -0.1628  ,  0.4427  , -2.0777  ,  1.1684  ,  0.4772  , -0.7418  ,  1.2010  , -2.5814  ,  0.0000  , 100.0000 ,  0.0000  ,  0.0000  ,  0.0000  ,  0.0000  ,  0.0000  , 100.0000 ,  0.0000  ,  0.0000  ,  0.0000  ,  0.0000  
 25.9600  , -0.0887  ,  0.1636  , -0.1628  ,  0.4427  , -2.0763  ,  1.1684  ,  0.4772  , -0.7418  ,  1.2010  , -2.5812  ,  0.0000  , 100.0000 ,  0.0000  ,  0.0000  ,  0.0000  ,  0.0000  ,  0.0000  , 100.0000 ,  0.0000  ,  0.0000  ,  0.0000  ,  0.0000  
 25.9800  , -0.0872  ,  0.1620  , -0.1475  ,  0.4473  , -2.0752  ,  1.1629  ,  0.4763  , -0.7356  ,  1.2044  , -2.5795  ,  0.0000  , 100.0000 ,  0.0000  ,  0.0000  ,  0.0000  ,  0.0000  ,  0.0000  , 100.0000 ,  0.0000  ,  0.0000  ,  0.0000  ,  0.0000  
 26.0000  , -0.0865  ,  0.1618  , -0.1441  ,  0.4522  , -2.0765  ,  1.1600  ,  0.4763  , -0.7327  ,  1.2055  , -2.5675  ,  0.0000  , 100.0000 ,  0.0000  ,  0.0000  ,  0.0000  ,  0.0000  ,  0.0000  , 100.0000 ,  0.0000  ,  0.0000  ,  0.0000  ,  0.0000  
 26.0200  , -0.0854  ,  0.1625  , -0.1391  ,  0.4629  , -2.0768  ,  1.1548  ,  0.4761  , -0.7279  ,  1.2070  , -2.5653  ,  0.0000  , 100.0000 ,  0.0000  ,  0.0000  ,  0.0000  ,  0.0000  ,  0.0000  , 100.0000 ,  0.0000  ,  0.0000  ,  0.0000  ,  0.0000  
 26.0400  , -0.0846  ,  0.1631  , -0.1350  ,  0.4713  , -2.0786  ,  1.1516  ,  0.4758  , -0.7251  ,  1.2080  , -2.5597  ,  0.0000  , 100.0000 ,  0.0000  ,  0.0000  ,  0.0000  ,  0.0000  ,  0.0000  , 100.0000 ,  0.0000  ,  0.0000  ,  0.0000  ,  0.0000  
 26.0600  , -0.0838  ,  0.1640  , -0.1355  ,  0.4797  , -2.0809  ,  1.1495  ,  0.4744  , -0.7204  ,  1.2126  , -2.5537  ,  0.0000  , 100.0000 ,  0.0000  ,  0.0000  ,  0.0000  ,  0.0000  ,  0.0000  , 100.0000 ,  0.0000  ,  0.0000  ,  0.0000  ,  0.0000  
 26.0800  , -0.0823  ,  0.1669  , -0.1374  ,  0.4913  , -2.0793  ,  1.1430  ,  0.4718  , -0.7114  ,  1.2150  , -2.5550  ,  0.0000  , 100.0000 ,  0.0000  ,  0.0000  ,  0.0000  ,  0.0000  ,  0.0000  , 100.0000 ,  0.0000  ,  0.0000  ,  0.0000  ,  0.0000  
 26.1000  , -0.0818  ,  0.1687  , -0.1387  ,  0.4993  , -2.0780  ,  1.1396  ,  0.4710  , -0.7069  ,  1.2168  , -2.5545  ,  0.0000  , 100.0000 ,  0.0000  ,  0.0000  ,  0.0000  ,  0.0000  ,  0.0000  , 100.0000 ,  0.0000  ,  0.0000  ,  0.0000  ,  0.0000  
 26.1200  , -0.0804  ,  0.1704  , -0.1412  ,  0.5044  , -2.0780  ,  1.1381  ,  0.4703  , -0.7044  ,  1.2171  , -2.5545  ,  0.0000  , 100.0000 ,  0.0000  ,  0.0000  ,  0.0000  ,  0.0000  ,  0.0000  , 100.0000 ,  0.0000  ,  0.0000  ,  0.0000  ,  0.0000  
 26.1400  , -0.0799  ,  0.1710  , -0.1372  ,  0.5030  , -2.0763  ,  1.1376  ,  0.4700  , -0.7030  ,  1.2187  , -2.5445  ,  0.0000  , 100.0000 ,  0.0000  ,  0.0000  ,  0.0000  ,  0.0000  ,  0.0000  , 100.0000 ,  0.0000  ,  0.0000  ,  0.0000  ,  0.0000  
 26.1600  , -0.0783  ,  0.1733  , -0.1384  ,  0.5138  , -2.0753  ,  1.1351  ,  0.4673  , -0.6967  ,  1.2187  , -2.5402  ,  0.0000  , 100.0000 ,  0.0000  ,  0.0000  ,  0.0000  ,  0.0000  ,  0.0000  , 100.0000 ,  0.0000  ,  0.0000  ,  0.0000  ,  0.0000  
 26.1800  , -0.0774  ,  0.1745  , -0.1405  ,  0.5176  , -2.0744  ,  1.1342  ,  0.4654  , -0.6930  ,  1.2184  , -2.5395  ,  0.0000  , 100.0000 ,  0.0000  ,  0.0000  ,  0.0000  ,  0.0000  ,  0.0000  , 100.0000 ,  0.0000  ,  0.0000  ,  0.0000  ,  0.0000  
 26.2000  , -0.0767  ,  0.1752  , -0.1414  ,  0.5215  , -2.0730  ,  1.1340  ,  0.4642  , -0.6906  ,  1.2181  , -2.5335  ,  0.0000  , 100.0000 ,  0.0000  ,  0.0000  ,  0.0000  ,  0.0000  ,  0.0000  , 100.0000 ,  0.0000  ,  0.0000  ,  0.0000  ,  0.0000  
 26.2200  , -0.0754  ,  0.1767  , -0.1439  ,  0.5197  , -2.0726  ,  1.1350  ,  0.4625  , -0.6875  ,  1.2167  , -2.5270  ,  0.0000  , 100.0000 ,  0.0000  ,  0.0000  ,  0.0000  ,  0.0000  ,  0.0000  , 100.0000 ,  0.0000  ,  0.0000  ,  0.0000  ,  0.0000  
 26.2400  , -0.0750  ,  0.1771  , -0.1446  ,  0.5221  , -2.0710  ,  1.1353  ,  0.4621  , -0.6865  ,  1.2161  , -2.5138  ,  0.0000  , 100.0000 ,  0.0000  ,  0.0000  ,  0.0000  ,  0.0000  ,  0.0000  , 100.0000 ,  0.0000  ,  0.0000  ,  0.0000  ,  0.0000  
 26.2600  , -0.0747  ,  0.1784  , -0.1491  ,  0.5238  , -2.0676  ,  1.1344  ,  0.4611  , -0.6830  ,  1.2168  , -2.5129  ,  0.0000  , 100.0000 ,  0.0000  ,  0.0000  ,  0.0000  ,  0.0000  ,  0.0000  , 100.0000 ,  0.0000  ,  0.0000  ,  0.0000  ,  0.0000  
 26.2800  , -0.0748  ,  0.1798  , -0.1605  ,  0.5335  , -2.0648  ,  1.1334  ,  0.4601  , -0.6771  ,  1.2190  , -2.5150  ,  0.0000  , 100.0000 ,  0.0000  ,  0.0000  ,  0.0000  ,  0.0000  ,  0.0000  , 100.0000 ,  0.0000  ,  0.0000  ,  0.0000  ,  0.0000  
 26.3000  , -0.0749  ,  0.1801  , -0.1618  ,  0.5356  , -2.0592  ,  1.1333  ,  0.4600  , -0.6756  ,  1.2191  , -2.5161  ,  0.0000  , 100.0000 ,  0.0000  ,  0.0000  ,  0.0000  ,  0.0000  ,  0.0000  , 100.0000 ,  0.0000  ,  0.0000  ,  0.0000  ,  0.0000  
 26.3200  , -0.0750  ,  0.1804  , -0.1638  ,  0.5372  , -2.0570  ,  1.1336  ,  0.4597  , -0.6744  ,  1.2187  , -2.5145  ,  0.0000  , 100.0000 ,  0.0000  ,  0.0000  ,  0.0000  ,  0.0000  ,  0.0000  , 100.0000 ,  0.0000  ,  0.0000  ,  0.0000  ,  0.0000  
 26.3400  , -0.0754  ,  0.1810  , -0.1673  ,  0.5398  , -2.0529  ,  1.1328  ,  0.4598  , -0.6716  ,  1.2190  , -2.4978  ,  0.0000  , 100.0000 ,  0.0000  ,  0.0000  ,  0.0000  ,  0.0000  ,  0.0000  , 100.0000 ,  0.0000  ,  0.0000  ,  0.0000  ,  0.0000  
 26.3600  , -0.0758  ,  0.1813  , -0.1693  ,  0.5410  , -2.0529  ,  1.1316  ,  0.4601  , -0.6697  ,  1.2199  , -2.4978  ,  0.0000  , 100.0000 ,  0.0000  ,  0.0000  ,  0.0000  ,  0.0000  ,  0.0000  , 100.0000 ,  0.0000  ,  0.0000  ,  0.0000  ,  0.0000  
 26.3800  , -0.0762  ,  0.1816  , -0.1761  ,  0.5460  , -2.0524  ,  1.1306  ,  0.4604  , -0.6684  ,  1.2146  , -2.4984  ,  0.0000  , 100.0000 ,  0.0000  ,  0.0000  ,  0.0000  ,  0.0000  ,  0.0000  , 100.0000 ,  0.0000  ,  0.0000  ,  0.0000  ,  0.0000  
 26.4000  , -0.0770  ,  0.1817  , -0.1779  ,  0.5470  , -2.0513  ,  1.1293  ,  0.4601  , -0.6658  ,  1.2150  , -2.4999  ,  0.0000  , 100.0000 ,  0.0000  ,  0.0000  ,  0.0000  ,  0.0000  ,  0.0000  , 100.0000 ,  0.0000  ,  0.0000  ,  0.0000  ,  0.0000  
 26.4200  , -0.0788  ,  0.1820  , -0.1788  ,  0.5499  , -2.0504  ,  1.1287  ,  0.4607  , -0.6655  ,  1.2155  , -2.5002  ,  0.0000  , 100.0000 ,  0.0000  ,  0.0000  ,  0.0000  ,  0.0000  ,  0.0000  , 100.0000 ,  0.0000  ,  0.0000  ,  0.0000  ,  0.0000  
 26.4400  , -0.0799  ,  0.1822  , -0.1794  ,  0.5514  , -2.0501  ,  1.1284  ,  0.4611  , -0.6653  ,  1.2153  , -2.4989  ,  0.0000  , 100.0000 ,  0.0000  ,  0.0000  ,  0.0000  ,  0.0000  ,  0.0000  , 100.0000 ,  0.0000  ,  0.0000  ,  0.0000  ,  0.0000  
 26.4600  , -0.0817  ,  0.1823  , -0.1823  ,  0.5490  , -2.0502  ,  1.1298  ,  0.4623  , -0.6689  ,  1.2122  , -2.4983  ,  0.0000  , 100.0000 ,  0.0000  ,  0.0000  ,  0.0000  ,  0.0000  ,  0.0000  , 100.0000 ,  0.0000  ,  0.0000  ,  0.0000  ,  0.0000  
 26.4800  , -0.0820  ,  0.1824  , -0.1824  ,  0.5493  , -2.0492  ,  1.1301  ,  0.4626  , -0.6698  ,  1.2114  , -2.4936  ,  0.0000  , 100.0000 ,  0.0000  ,  0.0000  ,  0.0000  ,  0.0000  ,  0.0000  , 100.0000 ,  0.0000  ,  0.0000  ,  0.0000  ,  0.0000  
 26.5000  , -0.0832  ,  0.1822  , -0.1813  ,  0.5503  , -2.0486  ,  1.1302  ,  0.4631  , -0.6714  ,  1.2102  , -2.4937  ,  0.0000  , 100.0000 ,  0.0000  ,  0.0000  ,  0.0000  ,  0.0000  ,  0.0000  , 100.0000 ,  0.0000  ,  0.0000  ,  0.0000  ,  0.0000  
 26.5200  , -0.0840  ,  0.1822  , -0.1805  ,  0.5509  , -2.0489  ,  1.1302  ,  0.4635  , -0.6729  ,  1.2090  , -2.4946  ,  0.0000  , 100.0000 ,  0.0000  ,  0.0000  ,  0.0000  ,  0.0000  ,  0.0000  , 100.0000 ,  0.0000  ,  0.0000  ,  0.0000  ,  0.0000  
 26.5400  , -0.0853  ,  0.1824  , -0.1841  ,  0.5533  , -2.0493  ,  1.1301  ,  0.4645  , -0.6749  ,  1.2087  , -2.4946  ,  0.0000  , 100.0000 ,  0.0000  ,  0.0000  ,  0.0000  ,  0.0000  ,  0.0000  , 100.0000 ,  0.0000  ,  0.0000  ,  0.0000  ,  0.0000  
 26.5600  , -0.0853  ,  0.1824  , -0.1839  ,  0.5530  , -2.0494  ,  1.1301  ,  0.4649  , -0.6758  ,  1.2082  , -2.4931  ,  0.0000  , 100.0000 ,  0.0000  ,  0.0000  ,  0.0000  ,  0.0000  ,  0.0000  , 100.0000 ,  0.0000  ,  0.0000  ,  0.0000  ,  0.0000  
 26.5800  , -0.0860  ,  0.1823  , -0.1812  ,  0.5527  , -2.0493  ,  1.1307  ,  0.4661  , -0.6793  ,  1.2058  , -2.4932  ,  0.0000  , 100.0000 ,  0.0000  ,  0.0000  ,  0.0000  ,  0.0000  ,  0.0000  , 100.0000 ,  0.0000  ,  0.0000  ,  0.0000  ,  0.0000  
 26.6000  , -0.0865  ,  0.1822  , -0.1835  ,  0.5546  , -2.0506  ,  1.1311  ,  0.4666  , -0.6810  ,  1.2049  , -2.4913  ,  0.0000  , 100.0000 ,  0.0000  ,  0.0000  ,  0.0000  ,  0.0000  ,  0.0000  , 100.0000 ,  0.0000  ,  0.0000  ,  0.0000  ,  0.0000  
 26.6200  , -0.0873  ,  0.1818  , -0.1804  ,  0.5555  , -2.0509  ,  1.1303  ,  0.4661  , -0.6801  ,  1.2039  , -2.4913  ,  0.0000  , 100.0000 ,  0.0000  ,  0.0000  ,  0.0000  ,  0.0000  ,  0.0000  , 100.0000 ,  0.0000  ,  0.0000  ,  0.0000  ,  0.0000  
 26.6400  , -0.0881  ,  0.1815  , -0.1770  ,  0.5564  , -2.0514  ,  1.1298  ,  0.4661  , -0.6796  ,  1.2030  , -2.4908  ,  0.0000  , 100.0000 ,  0.0000  ,  0.0000  ,  0.0000  ,  0.0000  ,  0.0000  , 100.0000 ,  0.0000  ,  0.0000  ,  0.0000  ,  0.0000  
 26.6600  , -0.0890  ,  0.1814  , -0.1744  ,  0.5579  , -2.0518  ,  1.1296  ,  0.4666  , -0.6801  ,  1.2025  , -2.4900  ,  0.0000  , 100.0000 ,  0.0000  ,  0.0000  ,  0.0000  ,  0.0000  ,  0.0000  , 100.0000 ,  0.0000  ,  0.0000  ,  0.0000  ,  0.0000  
 26.6800  , -0.0893  ,  0.1814  , -0.1735  ,  0.5585  , -2.0517  ,  1.1296  ,  0.4668  , -0.6802  ,  1.2023  , -2.4899  ,  0.0000  , 100.0000 ,  0.0000  ,  0.0000  ,  0.0000  ,  0.0000  ,  0.0000  , 100.0000 ,  0.0000  ,  0.0000  ,  0.0000  ,  0.0000  
 26.7000  , -0.0892  ,  0.1821  , -0.1746  ,  0.5577  , -2.0514  ,  1.1290  ,  0.4675  , -0.6805  ,  1.1968  , -2.4897  ,  0.0000  , 100.0000 ,  0.0000  ,  0.0000  ,  0.0000  ,  0.0000  ,  0.0000  , 100.0000 ,  0.0000  ,  0.0000  ,  0.0000  ,  0.0000  
 26.7200  , -0.0891  ,  0.1820  , -0.1736  ,  0.5587  , -2.0510  ,  1.1284  ,  0.4675  , -0.6792  ,  1.1964  , -2.4880  ,  0.0000  , 100.0000 ,  0.0000  ,  0.0000  ,  0.0000  ,  0.0000  ,  0.0000  , 100.0000 ,  0.0000  ,  0.0000  ,  0.0000  ,  0.0000  
 26.7400  , -0.0900  ,  0.1823  , -0.1726  ,  0.5632  , -2.0508  ,  1.1271  ,  0.4678  , -0.6773  ,  1.1958  , -2.4866  ,  0.0000  , 100.0000 ,  0.0000  ,  0.0000  ,  0.0000  ,  0.0000  ,  0.0000  , 100.0000 ,  0.0000  ,  0.0000  ,  0.0000  ,  0.0000  
 26.7600  , -0.0904  ,  0.1824  , -0.1724  ,  0.5649  , -2.0503  ,  1.1267  ,  0.4679  , -0.6768  ,  1.1956  , -2.4859  ,  0.0000  , 100.0000 ,  0.0000  ,  0.0000  ,  0.0000  ,  0.0000  ,  0.0000  , 100.0000 ,  0.0000  ,  0.0000  ,  0.0000  ,  0.0000  
 26.7800  , -0.0907  ,  0.1825  , -0.1714  ,  0.5666  , -2.0497  ,  1.1269  ,  0.4688  , -0.6787  ,  1.1991  , -2.4836  ,  0.0000  , 100.0000 ,  0.0000  ,  0.0000  ,  0.0000  ,  0.0000  ,  0.0000  , 100.0000 ,  0.0000  ,  0.0000  ,  0.0000  ,  0.0000  
 26.8000  , -0.0908  ,  0.1824  , -0.1711  ,  0.5692  , -2.0463  ,  1.1271  ,  0.4695  , -0.6799  ,  1.1979  , -2.4764  ,  0.0000  , 100.0000 ,  0.0000  ,  0.0000  ,  0.0000  ,  0.0000  ,  0.0000  , 100.0000 ,  0.0000  ,  0.0000  ,  0.0000  ,  0.0000  
 26.8200  , -0.0910  ,  0.1824  , -0.1713  ,  0.5760  , -2.0492  ,  1.1274  ,  0.4694  , -0.6816  ,  1.1940  , -2.4667  ,  0.0000  , 100.0000 ,  0.0000  ,  0.0000  ,  0.0000  ,  0.0000  ,  0.0000  , 100.0000 ,  0.0000  ,  0.0000  ,  0.0000  ,  0.0000  
 26.8400  , -0.0905  ,  0.1825  , -0.1724  ,  0.5821  , -2.0493  ,  1.1263  ,  0.4689  , -0.6839  ,  1.1959  , -2.4484  ,  0.0000  , 100.0000 ,  0.0000  ,  0.0000  ,  0.0000  ,  0.0000  ,  0.0000  , 100.0000 ,  0.0000  ,  0.0000  ,  0.0000  ,  0.0000  
 26.8600  , -0.0900  ,  0.1826  , -0.1779  ,  0.5959  , -2.0542  ,  1.1250  ,  0.4684  , -0.6857  ,  1.1936  , -2.4308  ,  0.0000  , 100.0000 ,  0.0000  ,  0.0000  ,  0.0000  ,  0.0000  ,  0.0000  , 100.0000 ,  0.0000  ,  0.0000  ,  0.0000  ,  0.0000  
 26.8800  , -0.0891  ,  0.1828  , -0.1809  ,  0.6176  , -2.0611  ,  1.1192  ,  0.4673  , -0.6923  ,  1.1884  , -2.4082  ,  0.0000  , 100.0000 ,  0.0000  ,  0.0000  ,  0.0000  ,  0.0000  ,  0.0000  , 100.0000 ,  0.0000  ,  0.0000  ,  0.0000  ,  0.0000  
 26.9000  , -0.0887  ,  0.1829  , -0.1822  ,  0.6370  , -2.0714  ,  1.1161  ,  0.4667  , -0.7066  ,  1.1802  , -2.3796  ,  0.0000  , 100.0000 ,  0.0000  ,  0.0000  ,  0.0000  ,  0.0000  ,  0.0000  , 100.0000 ,  0.0000  ,  0.0000  ,  0.0000  ,  0.0000  
 26.9200  , -0.0880  ,  0.1831  , -0.1835  ,  0.6546  , -2.0857  ,  1.1068  ,  0.4644  , -0.7072  ,  1.1785  , -2.3288  ,  0.0000  , 100.0000 ,  0.0000  ,  0.0000  ,  0.0000  ,  0.0000  ,  0.0000  , 100.0000 ,  0.0000  ,  0.0000  ,  0.0000  ,  0.0000  
 26.9400  , -0.0857  ,  0.1841  , -0.1868  ,  0.7105  , -2.0720  ,  1.0765  ,  0.4570  , -0.7175  ,  1.1632  , -2.3257  ,  0.0000  , 100.0000 ,  0.0000  ,  0.0000  ,  0.0000  ,  0.0000  ,  0.0000  , 100.0000 ,  0.0000  ,  0.0000  ,  0.0000  ,  0.0000  
 26.9600  , -0.0851  ,  0.1844  , -0.1876  ,  0.7271  , -2.0662  ,  1.0685  ,  0.4550  , -0.7210  ,  1.1587  , -2.3300  ,  0.0000  , 100.0000 ,  0.0000  ,  0.0000  ,  0.0000  ,  0.0000  ,  0.0000  , 100.0000 ,  0.0000  ,  0.0000  ,  0.0000  ,  0.0000  
 26.9800  , -0.0845  ,  0.1847  , -0.1876  ,  0.7548  , -2.0711  ,  1.0608  ,  0.4531  , -0.7356  ,  1.1472  , -2.3080  ,  0.0000  , 100.0000 ,  0.0000  ,  0.0000  ,  0.0000  ,  0.0000  ,  0.0000  , 100.0000 ,  0.0000  ,  0.0000  ,  0.0000  ,  0.0000  
 27.0000  , -0.0746  ,  0.1846  , -0.1867  ,  0.8250  , -2.0911  ,  1.0110  ,  0.4400  , -0.7474  ,  1.1276  , -2.2881  ,  0.0000  , 100.0000 ,  0.0000  ,  0.0000  ,  0.0000  ,  0.0000  ,  0.0000  , 100.0000 ,  0.0000  ,  0.0000  ,  0.0000  ,  0.0000  
 27.0200  , -0.0606  ,  0.1868  , -0.1951  ,  0.8805  , -2.1388  ,  0.9448  ,  0.4243  , -0.7209  ,  1.1224  , -2.1893  ,  0.0000  , 100.0000 ,  0.0000  ,  0.0000  ,  0.0000  ,  0.0000  ,  0.0000  , 100.0000 ,  0.0000  ,  0.0000  ,  0.0000  ,  0.0000  
 27.0400  , -0.0538  ,  0.1884  , -0.1992  ,  0.9054  , -2.1473  ,  0.9156  ,  0.4183  , -0.7036  ,  1.1247  , -2.1563  ,  0.0000  , 100.0000 ,  0.0000  ,  0.0000  ,  0.0000  ,  0.0000  ,  0.0000  , 100.0000 ,  0.0000  ,  0.0000  ,  0.0000  ,  0.0000  
 27.0600  , -0.0319  ,  0.1936  , -0.2091  ,  0.9958  , -2.1439  ,  0.8370  ,  0.4035  , -0.7185  ,  1.0857  , -2.1373  ,  0.0000  , 100.0000 ,  0.0000  ,  0.0000  ,  0.0000  ,  0.0000  ,  0.0000  , 100.0000 ,  0.0000  ,  0.0000  ,  0.0000  ,  0.0000  
 27.0800  , -0.0242  ,  0.1960  , -0.2151  ,  1.0093  , -2.1443  ,  0.8025  ,  0.3955  , -0.6783  ,  1.1005  , -2.1299  ,  0.0000  , 100.0000 ,  0.0000  ,  0.0000  ,  0.0000  ,  0.0000  ,  0.0000  , 100.0000 ,  0.0000  ,  0.0000  ,  0.0000  ,  0.0000  
 27.1000  , -0.0045  ,  0.2015  , -0.2213  ,  1.0803  , -2.1687  ,  0.7313  ,  0.3780  , -0.6800  ,  1.0661  , -2.1199  ,  0.0000  , 100.0000 ,  0.0000  ,  0.0000  ,  0.0000  ,  0.0000  ,  0.0000  , 100.0000 ,  0.0000  ,  0.0000  ,  0.0000  ,  0.0000  
 27.1200  ,  0.0148  ,  0.2069  , -0.2271  ,  1.1426  , -2.2048  ,  0.6732  ,  0.3683  , -0.6720  ,  1.0447  , -2.0946  ,  0.0000  , 100.0000 ,  0.0000  ,  0.0000  ,  0.0000  ,  0.0000  ,  0.0000  , 100.0000 ,  0.0000  ,  0.0000  ,  0.0000  ,  0.0000  
 27.1400  ,  0.0580  ,  0.2189  , -0.2422  ,  1.2314  , -2.2946  ,  0.5509  ,  0.3504  , -0.6299  ,  1.0218  , -2.0251  ,  0.0000  , 100.0000 ,  0.0000  ,  0.0000  ,  0.0000  ,  0.0000  ,  0.0000  , 100.0000 ,  0.0000  ,  0.0000  ,  0.0000  ,  0.0000  
 27.1600  ,  0.0734  ,  0.2230  , -0.2416  ,  1.2708  , -2.3199  ,  0.5134  ,  0.3437  , -0.6437  ,  0.9884  , -2.0129  ,  0.0000  , 100.0000 ,  0.0000  ,  0.0000  ,  0.0000  ,  0.0000  ,  0.0000  , 100.0000 ,  0.0000  ,  0.0000  ,  0.0000  ,  0.0000  
 27.1800  ,  0.1220  ,  0.2434  , -0.2614  ,  1.3465  , -2.3401  ,  0.4171  ,  0.3208  , -0.6118  ,  0.9357  , -2.0203  ,  0.0000  , 100.0000 ,  0.0000  ,  0.0000  ,  0.0000  ,  0.0000  ,  0.0000  , 100.0000 ,  0.0000  ,  0.0000  ,  0.0000  ,  0.0000  
 27.2000  ,  0.1310  ,  0.2470  , -0.2598  ,  1.3781  , -2.4037  ,  0.4034  ,  0.3170  , -0.6316  ,  0.8989  , -2.0004  ,  0.0000  , 100.0000 ,  0.0000  ,  0.0000  ,  0.0000  ,  0.0000  ,  0.0000  , 100.0000 ,  0.0000  ,  0.0000  ,  0.0000  ,  0.0000  
 27.2200  ,  0.1853  ,  0.2623  , -0.2843  ,  1.3937  , -2.4446  ,  0.3349  ,  0.2935  , -0.5717  ,  0.8778  , -1.9945  ,  0.0000  , 100.0000 ,  0.0000  ,  0.0000  ,  0.0000  ,  0.0000  ,  0.0000  , 100.0000 ,  0.0000  ,  0.0000  ,  0.0000  ,  0.0000  
 27.2400  ,  0.2555  ,  0.2830  , -0.3082  ,  1.4231  , -2.4844  ,  0.2744  ,  0.2661  , -0.5341  ,  0.8143  , -1.9976  ,  0.0000  , 100.0000 ,  0.0000  ,  0.0000  ,  0.0000  ,  0.0000  ,  0.0000  , 100.0000 ,  0.0000  ,  0.0000  ,  0.0000  ,  0.0000  
 27.2600  ,  0.2992  ,  0.2958  , -0.3203  ,  1.4499  , -2.5576  ,  0.2460  ,  0.2500  , -0.5403  ,  0.7325  , -2.0197  ,  0.0000  , 100.0000 ,  0.0000  ,  0.0000  ,  0.0000  ,  0.0000  ,  0.0000  , 100.0000 ,  0.0000  ,  0.0000  ,  0.0000  ,  0.0000  
 27.2800  ,  0.3794  ,  0.3129  , -0.3400  ,  1.4793  , -2.5846  ,  0.1902  ,  0.2188  , -0.4863  ,  0.6385  , -2.0151  ,  0.0000  , 100.0000 ,  0.0000  ,  0.0000  ,  0.0000  ,  0.0000  ,  0.0000  , 100.0000 ,  0.0000  ,  0.0000  ,  0.0000  ,  0.0000  
 27.3000  ,  0.3794  ,  0.3129  , -0.3400  ,  1.4793  , -2.6019  ,  0.1902  ,  0.2188  , -0.4863  ,  0.6386  , -1.9945  ,  0.0000  , 100.0000 ,  0.0000  ,  0.0000  ,  0.0000  ,  0.0000  ,  0.0000  , 100.0000 ,  0.0000  ,  0.0000  ,  0.0000  ,  0.0000  
 27.3200  ,  0.4249  ,  0.3260  , -0.3539  ,  1.4946  , -2.6182  ,  0.1550  ,  0.2037  , -0.4413  ,  0.6001  , -1.9732  ,  0.0000  , 100.0000 ,  0.0000  ,  0.0000  ,  0.0000  ,  0.0000  ,  0.0000  , 100.0000 ,  0.0000  ,  0.0000  ,  0.0000  ,  0.0000  
 27.3400  ,  0.4695  ,  0.3365  , -0.3642  ,  1.5111  , -2.6620  ,  0.1248  ,  0.1907  , -0.4097  ,  0.5376  , -1.9614  ,  0.0000  , 100.0000 ,  0.0000  ,  0.0000  ,  0.0000  ,  0.0000  ,  0.0000  , 100.0000 ,  0.0000  ,  0.0000  ,  0.0000  ,  0.0000  
 27.3600  ,  0.5617  ,  0.3479  , -0.3937  ,  1.5020  , -2.6777  ,  0.0687  ,  0.1705  , -0.3023  ,  0.4967  , -1.9818  ,  0.0000  , 100.0000 ,  0.0000  ,  0.0000  ,  0.0000  ,  0.0000  ,  0.0000  , 100.0000 ,  0.0000  ,  0.0000  ,  0.0000  ,  0.0000  
 27.3800  ,  0.5972  ,  0.3477  , -0.4021  ,  1.4949  , -2.6763  ,  0.0484  ,  0.1631  , -0.2566  ,  0.4722  , -2.0007  ,  0.0000  , 100.0000 ,  0.0000  ,  0.0000  ,  0.0000  ,  0.0000  ,  0.0000  , 100.0000 ,  0.0000  ,  0.0000  ,  0.0000  ,  0.0000  
 27.4000  ,  0.6305  ,  0.3465  , -0.4092  ,  1.4832  , -2.7106  ,  0.0312  ,  0.1580  , -0.2149  ,  0.4633  , -2.0259  ,  0.0000  , 100.0000 ,  0.0000  ,  0.0000  ,  0.0000  ,  0.0000  ,  0.0000  , 100.0000 ,  0.0000  ,  0.0000  ,  0.0000  ,  0.0000  
 27.4200  ,  0.6732  ,  0.3440  , -0.4208  ,  1.4664  , -2.7092  ,  0.0105  ,  0.1527  , -0.1664  ,  0.4489  , -2.0157  ,  0.0000  , 100.0000 ,  0.0000  ,  0.0000  ,  0.0000  ,  0.0000  ,  0.0000  , 100.0000 ,  0.0000  ,  0.0000  ,  0.0000  ,  0.0000  
 27.4400  ,  0.7481  ,  0.3422  , -0.4426  ,  1.4350  , -2.7756  , -0.0276  ,  0.1411  , -0.0622  ,  0.4307  , -2.0139  ,  0.0000  , 100.0000 ,  0.0000  ,  0.0000  ,  0.0000  ,  0.0000  ,  0.0000  , 100.0000 ,  0.0000  ,  0.0000  ,  0.0000  ,  0.0000  
 27.4600  ,  0.7629  ,  0.3415  , -0.4440  ,  1.4313  , -2.8044  , -0.0350  ,  0.1386  , -0.0344  ,  0.4177  , -2.0422  ,  0.0000  , 100.0000 ,  0.0000  ,  0.0000  ,  0.0000  ,  0.0000  ,  0.0000  , 100.0000 ,  0.0000  ,  0.0000  ,  0.0000  ,  0.0000  
 27.4800  ,  0.8252  ,  0.3483  , -0.4718  ,  1.4018  , -2.7943  , -0.0630  ,  0.1325  ,  0.0552  ,  0.4063  , -2.0576  ,  0.0000  , 100.0000 ,  0.0000  ,  0.0000  ,  0.0000  ,  0.0000  ,  0.0000  , 100.0000 ,  0.0000  ,  0.0000  ,  0.0000  ,  0.0000  
 27.5000  ,  0.8377  ,  0.3492  , -0.4694  ,  1.4030  , -2.7873  , -0.0683  ,  0.1313  ,  0.0914  ,  0.3828  , -2.0691  ,  0.0000  , 100.0000 ,  0.0000  ,  0.0000  ,  0.0000  ,  0.0000  ,  0.0000  , 100.0000 ,  0.0000  ,  0.0000  ,  0.0000  ,  0.0000  
 27.5200  ,  0.8811  ,  0.3561  , -0.5013  ,  1.3735  , -2.7860  , -0.0890  ,  0.1273  ,  0.1391  ,  0.3923  , -2.0778  ,  0.0000  , 100.0000 ,  0.0000  ,  0.0000  ,  0.0000  ,  0.0000  ,  0.0000  , 100.0000 ,  0.0000  ,  0.0000  ,  0.0000  ,  0.0000  
 27.5400  ,  0.9238  ,  0.3574  , -0.5236  ,  1.3471  , -2.8169  , -0.1092  ,  0.1213  ,  0.2048  ,  0.3927  , -2.0917  ,  0.0000  , 100.0000 ,  0.0000  ,  0.0000  ,  0.0000  ,  0.0000  ,  0.0000  , 100.0000 ,  0.0000  ,  0.0000  ,  0.0000  ,  0.0000  
 27.5600  ,  0.9427  ,  0.3574  , -0.5331  ,  1.3364  , -2.8276  , -0.1172  ,  0.1197  ,  0.2398  ,  0.3823  , -2.1034  ,  0.0000  , 100.0000 ,  0.0000  ,  0.0000  ,  0.0000  ,  0.0000  ,  0.0000  , 100.0000 ,  0.0000  ,  0.0000  ,  0.0000  ,  0.0000  
 27.5800  ,  0.9608  ,  0.3578  , -0.5443  ,  1.3238  , -2.8240  , -0.1245  ,  0.1189  ,  0.2597  ,  0.3808  , -2.1103  ,  0.0000  , 100.0000 ,  0.0000  ,  0.0000  ,  0.0000  ,  0.0000  ,  0.0000  , 100.0000 ,  0.0000  ,  0.0000  ,  0.0000  ,  0.0000  
 27.6000  ,  0.9724  ,  0.3575  , -0.5493  ,  1.3170  , -2.8149  , -0.1293  ,  0.1181  ,  0.2825  ,  0.3742  , -2.1200  ,  0.0000  , 100.0000 ,  0.0000  ,  0.0000  ,  0.0000  ,  0.0000  ,  0.0000  , 100.0000 ,  0.0000  ,  0.0000  ,  0.0000  ,  0.0000  
 27.6200  ,  0.9943  ,  0.3556  , -0.5634  ,  1.2981  , -2.8152  , -0.1390  ,  0.1174  ,  0.3070  ,  0.3710  , -2.1340  ,  0.0000  , 100.0000 ,  0.0000  ,  0.0000  ,  0.0000  ,  0.0000  ,  0.0000  , 100.0000 ,  0.0000  ,  0.0000  ,  0.0000  ,  0.0000  
 27.6400  ,  1.0081  ,  0.3539  , -0.5747  ,  1.2871  , -2.8437  , -0.1452  ,  0.1175  ,  0.3044  ,  0.3847  , -2.1312  ,  0.0000  , 100.0000 ,  0.0000  ,  0.0000  ,  0.0000  ,  0.0000  ,  0.0000  , 100.0000 ,  0.0000  ,  0.0000  ,  0.0000  ,  0.0000  
 27.6600  ,  1.0121  ,  0.3534  , -0.5779  ,  1.2829  , -2.8479  , -0.1471  ,  0.1176  ,  0.3085  ,  0.3836  , -2.1274  ,  0.0000  , 100.0000 ,  0.0000  ,  0.0000  ,  0.0000  ,  0.0000  ,  0.0000  , 100.0000 ,  0.0000  ,  0.0000  ,  0.0000  ,  0.0000  
 27.6800  ,  1.0270  ,  0.3546  , -0.5948  ,  1.2655  , -2.8437  , -0.1520  ,  0.1170  ,  0.3156  ,  0.3842  , -2.1238  ,  0.0000  , 100.0000 ,  0.0000  ,  0.0000  ,  0.0000  ,  0.0000  ,  0.0000  , 100.0000 ,  0.0000  ,  0.0000  ,  0.0000  ,  0.0000  
 27.7000  ,  1.0332  ,  0.3576  , -0.6063  ,  1.2570  , -2.8156  , -0.1552  ,  0.1157  ,  0.3166  ,  0.3899  , -2.1181  ,  0.0000  , 100.0000 ,  0.0000  ,  0.0000  ,  0.0000  ,  0.0000  ,  0.0000  , 100.0000 ,  0.0000  ,  0.0000  ,  0.0000  ,  0.0000  
 27.7200  ,  1.0361  ,  0.3602  , -0.6149  ,  1.2548  , -2.8046  , -0.1575  ,  0.1147  ,  0.3178  ,  0.3923  , -2.1153  ,  0.0000  , 100.0000 ,  0.0000  ,  0.0000  ,  0.0000  ,  0.0000  ,  0.0000  , 100.0000 ,  0.0000  ,  0.0000  ,  0.0000  ,  0.0000  
 27.7400  ,  1.0398  ,  0.3624  , -0.6274  ,  1.2432  , -2.8029  , -0.1590  ,  0.1140  ,  0.3057  ,  0.4008  , -2.1112  ,  0.0000  , 100.0000 ,  0.0000  ,  0.0000  ,  0.0000  ,  0.0000  ,  0.0000  , 100.0000 ,  0.0000  ,  0.0000  ,  0.0000  ,  0.0000  
 27.7600  ,  1.0405  ,  0.3627  , -0.6306  ,  1.2398  , -2.8066  , -0.1590  ,  0.1140  ,  0.3015  ,  0.4026  , -2.1068  ,  0.0000  , 100.0000 ,  0.0000  ,  0.0000  ,  0.0000  ,  0.0000  ,  0.0000  , 100.0000 ,  0.0000  ,  0.0000  ,  0.0000  ,  0.0000  
 27.7800  ,  1.0416  ,  0.3620  , -0.6355  ,  1.2317  , -2.8205  , -0.1576  ,  0.1133  ,  0.2946  ,  0.4051  , -2.0935  ,  0.0000  , 100.0000 ,  0.0000  ,  0.0000  ,  0.0000  ,  0.0000  ,  0.0000  , 100.0000 ,  0.0000  ,  0.0000  ,  0.0000  ,  0.0000  
 27.8000  ,  1.0423  ,  0.3618  , -0.6405  ,  1.2306  , -2.8216  , -0.1567  ,  0.1129  ,  0.2825  ,  0.4150  , -2.0893  ,  0.0000  , 100.0000 ,  0.0000  ,  0.0000  ,  0.0000  ,  0.0000  ,  0.0000  , 100.0000 ,  0.0000  ,  0.0000  ,  0.0000  ,  0.0000  
 27.8200  ,  1.0419  ,  0.3604  , -0.6431  ,  1.2240  , -2.8201  , -0.1542  ,  0.1123  ,  0.2737  ,  0.4176  , -2.0832  ,  0.0000  , 100.0000 ,  0.0000  ,  0.0000  ,  0.0000  ,  0.0000  ,  0.0000  , 100.0000 ,  0.0000  ,  0.0000  ,  0.0000  ,  0.0000  
 27.8400  ,  1.0403  ,  0.3598  , -0.6453  ,  1.2184  , -2.8080  , -0.1521  ,  0.1119  ,  0.2612  ,  0.4226  , -2.0686  ,  0.0000  , 100.0000 ,  0.0000  ,  0.0000  ,  0.0000  ,  0.0000  ,  0.0000  , 100.0000 ,  0.0000  ,  0.0000  ,  0.0000  ,  0.0000  
 27.8600  ,  1.0354  ,  0.3599  , -0.6459  ,  1.2087  , -2.8086  , -0.1491  ,  0.1113  ,  0.2522  ,  0.4195  , -2.0667  ,  0.0000  , 100.0000 ,  0.0000  ,  0.0000  ,  0.0000  ,  0.0000  ,  0.0000  , 100.0000 ,  0.0000  ,  0.0000  ,  0.0000  ,  0.0000  
 27.8800  ,  1.0335  ,  0.3601  , -0.6461  ,  1.2072  , -2.8087  , -0.1480  ,  0.1111  ,  0.2445  ,  0.4231  , -2.0544  ,  0.0000  , 100.0000 ,  0.0000  ,  0.0000  ,  0.0000  ,  0.0000  ,  0.0000  , 100.0000 ,  0.0000  ,  0.0000  ,  0.0000  ,  0.0000  
 27.9000  ,  1.0312  ,  0.3593  , -0.6452  ,  1.2045  , -2.8139  , -0.1466  ,  0.1110  ,  0.2349  ,  0.4279  , -2.0452  ,  0.0000  , 100.0000 ,  0.0000  ,  0.0000  ,  0.0000  ,  0.0000  ,  0.0000  , 100.0000 ,  0.0000  ,  0.0000  ,  0.0000  ,  0.0000  
 27.9200  ,  1.0303  ,  0.3589  , -0.6448  ,  1.2030  , -2.8140  , -0.1460  ,  0.1109  ,  0.2285  ,  0.4319  , -2.0373  ,  0.0000  , 100.0000 ,  0.0000  ,  0.0000  ,  0.0000  ,  0.0000  ,  0.0000  , 100.0000 ,  0.0000  ,  0.0000  ,  0.0000  ,  0.0000  
 27.9400  ,  1.0286  ,  0.3569  , -0.6428  ,  1.1978  , -2.8114  , -0.1422  ,  0.1117  ,  0.2113  ,  0.4368  , -2.0342  ,  0.0000  , 100.0000 ,  0.0000  ,  0.0000  ,  0.0000  ,  0.0000  ,  0.0000  , 100.0000 ,  0.0000  ,  0.0000  ,  0.0000  ,  0.0000  
 27.9600  ,  1.0283  ,  0.3565  , -0.6434  ,  1.2053  , -2.8104  , -0.1413  ,  0.1119  ,  0.2028  ,  0.4437  , -2.0294  ,  0.0000  , 100.0000 ,  0.0000  ,  0.0000  ,  0.0000  ,  0.0000  ,  0.0000  , 100.0000 ,  0.0000  ,  0.0000  ,  0.0000  ,  0.0000  
 27.9800  ,  1.0261  ,  0.3557  , -0.6404  ,  1.2040  , -2.8120  , -0.1389  ,  0.1116  ,  0.1974  ,  0.4453  , -2.0265  ,  0.0000  , 100.0000 ,  0.0000  ,  0.0000  ,  0.0000  ,  0.0000  ,  0.0000  , 100.0000 ,  0.0000  ,  0.0000  ,  0.0000  ,  0.0000  
 28.0000  ,  1.0223  ,  0.3547  , -0.6347  ,  1.2022  , -2.8125  , -0.1355  ,  0.1109  ,  0.1901  ,  0.4497  , -2.0264  ,  0.0000  , 100.0000 ,  0.0000  ,  0.0000  ,  0.0000  ,  0.0000  ,  0.0000  , 100.0000 ,  0.0000  ,  0.0000  ,  0.0000  ,  0.0000  
 28.0200  ,  1.0203  ,  0.3542  , -0.6313  ,  1.2023  , -2.8150  , -0.1339  ,  0.1105  ,  0.1892  ,  0.4500  , -2.0175  ,  0.0000  , 100.0000 ,  0.0000  ,  0.0000  ,  0.0000  ,  0.0000  ,  0.0000  , 100.0000 ,  0.0000  ,  0.0000  ,  0.0000  ,  0.0000  
 28.0400  ,  1.0197  ,  0.3541  , -0.6301  ,  1.2023  , -2.8161  , -0.1331  ,  0.1105  ,  0.1879  ,  0.4502  , -2.0162  ,  0.0000  , 100.0000 ,  0.0000  ,  0.0000  ,  0.0000  ,  0.0000  ,  0.0000  , 100.0000 ,  0.0000  ,  0.0000  ,  0.0000  ,  0.0000  
 28.0600  ,  1.0171  ,  0.3541  , -0.6245  ,  1.2047  , -2.8159  , -0.1302  ,  0.1102  ,  0.1899  ,  0.4419  , -2.0157  ,  0.0000  , 100.0000 ,  0.0000  ,  0.0000  ,  0.0000  ,  0.0000  ,  0.0000  , 100.0000 ,  0.0000  ,  0.0000  ,  0.0000  ,  0.0000  
 28.0800  ,  1.0171  ,  0.3541  , -0.6245  ,  1.2047  , -2.8150  , -0.1302  ,  0.1102  ,  0.1899  ,  0.4419  , -2.0157  ,  0.0000  , 100.0000 ,  0.0000  ,  0.0000  ,  0.0000  ,  0.0000  ,  0.0000  , 100.0000 ,  0.0000  ,  0.0000  ,  0.0000  ,  0.0000  
 28.1000  ,  1.0159  ,  0.3549  , -0.6192  ,  1.2030  , -2.8131  , -0.1292  ,  0.1103  ,  0.1848  ,  0.4460  , -2.0137  ,  0.0000  , 100.0000 ,  0.0000  ,  0.0000  ,  0.0000  ,  0.0000  ,  0.0000  , 100.0000 ,  0.0000  ,  0.0000  ,  0.0000  ,  0.0000  
 28.1200  ,  1.0159  ,  0.3549  , -0.6179  ,  1.2023  , -2.8136  , -0.1287  ,  0.1103  ,  0.1833  ,  0.4446  , -2.0126  ,  0.0000  , 100.0000 ,  0.0000  ,  0.0000  ,  0.0000  ,  0.0000  ,  0.0000  , 100.0000 ,  0.0000  ,  0.0000  ,  0.0000  ,  0.0000  
 28.1400  ,  1.0166  ,  0.3556  , -0.6150  ,  1.1967  , -2.8144  , -0.1277  ,  0.1105  ,  0.1817  ,  0.4463  , -2.0136  ,  0.0000  , 100.0000 ,  0.0000  ,  0.0000  ,  0.0000  ,  0.0000  ,  0.0000  , 100.0000 ,  0.0000  ,  0.0000  ,  0.0000  ,  0.0000  
 28.1600  ,  1.0167  ,  0.3557  , -0.6128  ,  1.1958  , -2.8148  , -0.1276  ,  0.1105  ,  0.1813  ,  0.4467  , -2.0141  ,  0.0000  , 100.0000 ,  0.0000  ,  0.0000  ,  0.0000  ,  0.0000  ,  0.0000  , 100.0000 ,  0.0000  ,  0.0000  ,  0.0000  ,  0.0000  
 28.1800  ,  1.0167  ,  0.3557  , -0.6106  ,  1.1950  , -2.8156  , -0.1276  ,  0.1106  ,  0.1809  ,  0.4478  , -2.0139  ,  0.0000  , 100.0000 ,  0.0000  ,  0.0000  ,  0.0000  ,  0.0000  ,  0.0000  , 100.0000 ,  0.0000  ,  0.0000  ,  0.0000  ,  0.0000  
 28.2000  ,  1.0168  ,  0.3558  , -0.6089  ,  1.1944  , -2.8151  , -0.1277  ,  0.1106  ,  0.1814  ,  0.4464  , -2.0139  ,  0.0000  , 100.0000 ,  0.0000  ,  0.0000  ,  0.0000  ,  0.0000  ,  0.0000  , 100.0000 ,  0.0000  ,  0.0000  ,  0.0000  ,  0.0000  
 28.2200  ,  1.0172  ,  0.3564  , -0.6060  ,  1.1996  , -2.8146  , -0.1279  ,  0.1108  ,  0.1827  ,  0.4480  , -2.0140  ,  0.0000  , 100.0000 ,  0.0000  ,  0.0000  ,  0.0000  ,  0.0000  ,  0.0000  , 100.0000 ,  0.0000  ,  0.0000  ,  0.0000  ,  0.0000  
 28.2400  ,  1.0183  ,  0.3572  , -0.6066  ,  1.1977  , -2.8127  , -0.1285  ,  0.1106  ,  0.1836  ,  0.4496  , -2.0136  ,  0.0000  , 100.0000 ,  0.0000  ,  0.0000  ,  0.0000  ,  0.0000  ,  0.0000  , 100.0000 ,  0.0000  ,  0.0000  ,  0.0000  ,  0.0000  
 28.2600  ,  1.0196  ,  0.3580  , -0.6066  ,  1.1948  , -2.8121  , -0.1292  ,  0.1104  ,  0.1853  ,  0.4513  , -2.0137  ,  0.0000  , 100.0000 ,  0.0000  ,  0.0000  ,  0.0000  ,  0.0000  ,  0.0000  , 100.0000 ,  0.0000  ,  0.0000  ,  0.0000  ,  0.0000  
 28.2800  ,  1.0212  ,  0.3571  , -0.6069  ,  1.1964  , -2.8120  , -0.1293  ,  0.1107  ,  0.1864  ,  0.4478  , -2.0138  ,  0.0000  , 100.0000 ,  0.0000  ,  0.0000  ,  0.0000  ,  0.0000  ,  0.0000  , 100.0000 ,  0.0000  ,  0.0000  ,  0.0000  ,  0.0000  
 28.3000  ,  1.0238  ,  0.3565  , -0.6075  ,  1.1896  , -2.8117  , -0.1298  ,  0.1113  ,  0.1862  ,  0.4478  , -2.0149  ,  0.0000  , 100.0000 ,  0.0000  ,  0.0000  ,  0.0000  ,  0.0000  ,  0.0000  , 100.0000 ,  0.0000  ,  0.0000  ,  0.0000  ,  0.0000  
 28.3200  ,  1.0256  ,  0.3564  , -0.6089  ,  1.1853  , -2.8113  , -0.1302  ,  0.1117  ,  0.1856  ,  0.4478  , -2.0150  ,  0.0000  , 100.0000 ,  0.0000  ,  0.0000  ,  0.0000  ,  0.0000  ,  0.0000  , 100.0000 ,  0.0000  ,  0.0000  ,  0.0000  ,  0.0000  
 28.3400  ,  1.0274  ,  0.3565  , -0.6109  ,  1.1788  , -2.8120  , -0.1310  ,  0.1121  ,  0.1861  ,  0.4477  , -2.0149  ,  0.0000  , 100.0000 ,  0.0000  ,  0.0000  ,  0.0000  ,  0.0000  ,  0.0000  , 100.0000 ,  0.0000  ,  0.0000  ,  0.0000  ,  0.0000  
 28.3600  ,  1.0279  ,  0.3568  , -0.6137  ,  1.1728  , -2.8123  , -0.1317  ,  0.1122  ,  0.1853  ,  0.4484  , -2.0151  ,  0.0000  , 100.0000 ,  0.0000  ,  0.0000  ,  0.0000  ,  0.0000  ,  0.0000  , 100.0000 ,  0.0000  ,  0.0000  ,  0.0000  ,  0.0000  
 28.3800  ,  1.0276  ,  0.3566  , -0.6137  ,  1.1700  , -2.8100  , -0.1319  ,  0.1124  ,  0.1859  ,  0.4472  , -2.0156  ,  0.0000  , 100.0000 ,  0.0000  ,  0.0000  ,  0.0000  ,  0.0000  ,  0.0000  , 100.0000 ,  0.0000  ,  0.0000  ,  0.0000  ,  0.0000  
 28.4000  ,  1.0262  ,  0.3569  , -0.6136  ,  1.1652  , -2.8093  , -0.1323  ,  0.1124  ,  0.1880  ,  0.4459  , -2.0157  ,  0.0000  , 100.0000 ,  0.0000  ,  0.0000  ,  0.0000  ,  0.0000  ,  0.0000  , 100.0000 ,  0.0000  ,  0.0000  ,  0.0000  ,  0.0000  
 28.4200  ,  1.0249  ,  0.3574  , -0.6132  ,  1.1632  , -2.8096  , -0.1327  ,  0.1123  ,  0.1895  ,  0.4456  , -2.0159  ,  0.0000  , 100.0000 ,  0.0000  ,  0.0000  ,  0.0000  ,  0.0000  ,  0.0000  , 100.0000 ,  0.0000  ,  0.0000  ,  0.0000  ,  0.0000  
 28.4400  ,  1.0255  ,  0.3564  , -0.6139  ,  1.1598  , -2.8096  , -0.1332  ,  0.1129  ,  0.1900  ,  0.4410  , -2.0159  ,  0.0000  , 100.0000 ,  0.0000  ,  0.0000  ,  0.0000  ,  0.0000  ,  0.0000  , 100.0000 ,  0.0000  ,  0.0000  ,  0.0000  ,  0.0000  
 28.4600  ,  1.0275  ,  0.3536  , -0.6131  ,  1.1471  , -2.8036  , -0.1343  ,  0.1146  ,  0.1831  ,  0.4414  , -2.0148  ,  0.0000  , 100.0000 ,  0.0000  ,  0.0000  ,  0.0000  ,  0.0000  ,  0.0000  , 100.0000 ,  0.0000  ,  0.0000  ,  0.0000  ,  0.0000  
 28.4800  ,  1.0280  ,  0.3528  , -0.6125  ,  1.1432  , -2.8036  , -0.1346  ,  0.1151  ,  0.1807  ,  0.4417  , -2.0148  ,  0.0000  , 100.0000 ,  0.0000  ,  0.0000  ,  0.0000  ,  0.0000  ,  0.0000  , 100.0000 ,  0.0000  ,  0.0000  ,  0.0000  ,  0.0000  
 28.5000  ,  1.0292  ,  0.3516  , -0.6117  ,  1.1359  , -2.8034  , -0.1353  ,  0.1160  ,  0.1765  ,  0.4427  , -2.0130  ,  0.0000  , 100.0000 ,  0.0000  ,  0.0000  ,  0.0000  ,  0.0000  ,  0.0000  , 100.0000 ,  0.0000  ,  0.0000  ,  0.0000  ,  0.0000  
 28.5200  ,  1.0304  ,  0.3506  , -0.6101  ,  1.1206  , -2.8041  , -0.1361  ,  0.1166  ,  0.1748  ,  0.4392  , -2.0128  ,  0.0000  , 100.0000 ,  0.0000  ,  0.0000  ,  0.0000  ,  0.0000  ,  0.0000  , 100.0000 ,  0.0000  ,  0.0000  ,  0.0000  ,  0.0000  
 28.5400  ,  1.0317  ,  0.3503  , -0.6096  ,  1.1126  , -2.8036  , -0.1363  ,  0.1173  ,  0.1715  ,  0.4412  , -2.0122  ,  0.0000  , 100.0000 ,  0.0000  ,  0.0000  ,  0.0000  ,  0.0000  ,  0.0000  , 100.0000 ,  0.0000  ,  0.0000  ,  0.0000  ,  0.0000  
 28.5600  ,  1.0323  ,  0.3502  , -0.6092  ,  1.1090  , -2.8045  , -0.1363  ,  0.1176  ,  0.1700  ,  0.4423  , -2.0113  ,  0.0000  , 100.0000 ,  0.0000  ,  0.0000  ,  0.0000  ,  0.0000  ,  0.0000  , 100.0000 ,  0.0000  ,  0.0000  ,  0.0000  ,  0.0000  
 28.5800  ,  1.0333  ,  0.3536  , -0.6122  ,  1.1046  , -2.8059  , -0.1364  ,  0.1188  ,  0.1534  ,  0.4523  , -2.0100  ,  0.0000  , 100.0000 ,  0.0000  ,  0.0000  ,  0.0000  ,  0.0000  ,  0.0000  , 100.0000 ,  0.0000  ,  0.0000  ,  0.0000  ,  0.0000  
 28.6000  ,  1.0323  ,  0.3574  , -0.6129  ,  1.1026  , -2.8066  , -0.1361  ,  0.1189  ,  0.1520  ,  0.4531  , -2.0093  ,  0.0000  , 100.0000 ,  0.0000  ,  0.0000  ,  0.0000  ,  0.0000  ,  0.0000  , 100.0000 ,  0.0000  ,  0.0000  ,  0.0000  ,  0.0000  
 28.6200  ,  1.0318  ,  0.3595  , -0.6126  ,  1.1004  , -2.8009  , -0.1359  ,  0.1190  ,  0.1509  ,  0.4544  , -2.0062  ,  0.0000  , 100.0000 ,  0.0000  ,  0.0000  ,  0.0000  ,  0.0000  ,  0.0000  , 100.0000 ,  0.0000  ,  0.0000  ,  0.0000  ,  0.0000  
 28.6400  ,  1.0277  ,  0.3662  , -0.6116  ,  1.1007  , -2.7940  , -0.1361  ,  0.1181  ,  0.1541  ,  0.4605  , -2.0037  ,  0.0000  , 100.0000 ,  0.0000  ,  0.0000  ,  0.0000  ,  0.0000  ,  0.0000  , 100.0000 ,  0.0000  ,  0.0000  ,  0.0000  ,  0.0000  
 28.6600  ,  1.0254  ,  0.3687  , -0.6068  ,  1.1004  , -2.7890  , -0.1364  ,  0.1178  ,  0.1577  ,  0.4589  , -2.0038  ,  0.0000  , 100.0000 ,  0.0000  ,  0.0000  ,  0.0000  ,  0.0000  ,  0.0000  , 100.0000 ,  0.0000  ,  0.0000  ,  0.0000  ,  0.0000  
 28.6800  ,  1.0239  ,  0.3700  , -0.6039  ,  1.0987  , -2.7890  , -0.1367  ,  0.1177  ,  0.1581  ,  0.4616  , -2.0041  ,  0.0000  , 100.0000 ,  0.0000  ,  0.0000  ,  0.0000  ,  0.0000  ,  0.0000  , 100.0000 ,  0.0000  ,  0.0000  ,  0.0000  ,  0.0000  
 28.7000  ,  1.0212  ,  0.3727  , -0.5981  ,  1.0941  , -2.7899  , -0.1373  ,  0.1174  ,  0.1594  ,  0.4669  , -2.0034  ,  0.0000  , 100.0000 ,  0.0000  ,  0.0000  ,  0.0000  ,  0.0000  ,  0.0000  , 100.0000 ,  0.0000  ,  0.0000  ,  0.0000  ,  0.0000  
 28.7200  ,  1.0191  ,  0.3749  , -0.5958  ,  1.0944  , -2.7909  , -0.1377  ,  0.1171  ,  0.1608  ,  0.4696  , -2.0024  ,  0.0000  , 100.0000 ,  0.0000  ,  0.0000  ,  0.0000  ,  0.0000  ,  0.0000  , 100.0000 ,  0.0000  ,  0.0000  ,  0.0000  ,  0.0000  
 28.7400  ,  1.0158  ,  0.3779  , -0.5911  ,  1.0937  , -2.7875  , -0.1380  ,  0.1168  ,  0.1624  ,  0.4728  , -2.0017  ,  0.0000  , 100.0000 ,  0.0000  ,  0.0000  ,  0.0000  ,  0.0000  ,  0.0000  , 100.0000 ,  0.0000  ,  0.0000  ,  0.0000  ,  0.0000  
 28.7600  ,  1.0142  ,  0.3792  , -0.5872  ,  1.0874  , -2.7838  , -0.1382  ,  0.1167  ,  0.1595  ,  0.4790  , -2.0016  ,  0.0000  , 100.0000 ,  0.0000  ,  0.0000  ,  0.0000  ,  0.0000  ,  0.0000  , 100.0000 ,  0.0000  ,  0.0000  ,  0.0000  ,  0.0000  
 28.7800  ,  1.0075  ,  0.3848  , -0.5800  ,  1.0897  , -2.7759  , -0.1380  ,  0.1166  ,  0.1604  ,  0.4824  , -2.0015  ,  0.0000  , 100.0000 ,  0.0000  ,  0.0000  ,  0.0000  ,  0.0000  ,  0.0000  , 100.0000 ,  0.0000  ,  0.0000  ,  0.0000  ,  0.0000  
 28.8000  ,  1.0055  ,  0.3864  , -0.5759  ,  1.0867  , -2.7645  , -0.1379  ,  0.1166  ,  0.1602  ,  0.4839  , -1.9970  ,  0.0000  , 100.0000 ,  0.0000  ,  0.0000  ,  0.0000  ,  0.0000  ,  0.0000  , 100.0000 ,  0.0000  ,  0.0000  ,  0.0000  ,  0.0000  
 28.8200  ,  1.0003  ,  0.3912  , -0.5720  ,  1.0880  , -2.7567  , -0.1386  ,  0.1161  ,  0.1606  ,  0.4878  , -1.9895  ,  0.0000  , 100.0000 ,  0.0000  ,  0.0000  ,  0.0000  ,  0.0000  ,  0.0000  , 100.0000 ,  0.0000  ,  0.0000  ,  0.0000  ,  0.0000  
 28.8400  ,  0.9922  ,  0.3978  , -0.5655  ,  1.0828  , -2.7456  , -0.1398  ,  0.1147  ,  0.1624  ,  0.4903  , -1.9818  ,  0.0000  , 100.0000 ,  0.0000  ,  0.0000  ,  0.0000  ,  0.0000  ,  0.0000  , 100.0000 ,  0.0000  ,  0.0000  ,  0.0000  ,  0.0000  
 28.8600  ,  0.9866  ,  0.4006  , -0.5611  ,  1.0822  , -2.7230  , -0.1405  ,  0.1140  ,  0.1625  ,  0.4956  , -1.9767  ,  0.0000  , 100.0000 ,  0.0000  ,  0.0000  ,  0.0000  ,  0.0000  ,  0.0000  , 100.0000 ,  0.0000  ,  0.0000  ,  0.0000  ,  0.0000  
 28.8800  ,  0.9818  ,  0.4027  , -0.5572  ,  1.0793  , -2.7081  , -0.1410  ,  0.1133  ,  0.1621  ,  0.5004  , -1.9730  ,  0.0000  , 100.0000 ,  0.0000  ,  0.0000  ,  0.0000  ,  0.0000  ,  0.0000  , 100.0000 ,  0.0000  ,  0.0000  ,  0.0000  ,  0.0000  
 28.9000  ,  0.9670  ,  0.4091  , -0.5491  ,  1.0645  , -2.6858  , -0.1404  ,  0.1128  ,  0.1489  ,  0.5136  , -1.9677  ,  0.0000  , 100.0000 ,  0.0000  ,  0.0000  ,  0.0000  ,  0.0000  ,  0.0000  , 100.0000 ,  0.0000  ,  0.0000  ,  0.0000  ,  0.0000  
 28.9200  ,  0.9643  ,  0.4102  , -0.5486  ,  1.0584  , -2.6505  , -0.1401  ,  0.1128  ,  0.1436  ,  0.5179  , -1.9591  ,  0.0000  , 100.0000 ,  0.0000  ,  0.0000  ,  0.0000  ,  0.0000  ,  0.0000  , 100.0000 ,  0.0000  ,  0.0000  ,  0.0000  ,  0.0000  
 28.9400  ,  0.9538  ,  0.4122  , -0.5427  ,  1.0528  , -2.5074  , -0.1395  ,  0.1119  ,  0.1390  ,  0.5235  , -1.9430  ,  0.0000  , 100.0000 ,  0.0000  ,  0.0000  ,  0.0000  ,  0.0000  ,  0.0000  , 100.0000 ,  0.0000  ,  0.0000  ,  0.0000  ,  0.0000  
 28.9600  ,  0.9375  ,  0.4123  , -0.5347  ,  1.0386  , -2.4519  , -0.1386  ,  0.1112  ,  0.1235  ,  0.5377  , -1.9426  ,  0.0000  , 100.0000 ,  0.0000  ,  0.0000  ,  0.0000  ,  0.0000  ,  0.0000  , 100.0000 ,  0.0000  ,  0.0000  ,  0.0000  ,  0.0000  
 28.9800  ,  0.9204  ,  0.4107  , -0.5279  ,  1.0365  , -2.4027  , -0.1377  ,  0.1108  ,  0.1051  ,  0.5541  , -1.9347  ,  0.0000  , 100.0000 ,  0.0000  ,  0.0000  ,  0.0000  ,  0.0000  ,  0.0000  , 100.0000 ,  0.0000  ,  0.0000  ,  0.0000  ,  0.0000  
 29.0000  ,  0.9081  ,  0.4081  , -0.5175  ,  1.0337  , -2.3943  , -0.1362  ,  0.1116  ,  0.0936  ,  0.5593  , -1.9294  ,  0.0000  , 100.0000 ,  0.0000  ,  0.0000  ,  0.0000  ,  0.0000  ,  0.0000  , 100.0000 ,  0.0000  ,  0.0000  ,  0.0000  ,  0.0000  
 29.0200  ,  0.8739  ,  0.4047  , -0.5039  ,  1.0172  , -2.3931  , -0.1326  ,  0.1129  ,  0.0567  ,  0.5859  , -1.9232  ,  0.0000  , 100.0000 ,  0.0000  ,  0.0000  ,  0.0000  ,  0.0000  ,  0.0000  , 100.0000 ,  0.0000  ,  0.0000  ,  0.0000  ,  0.0000  
 29.0400  ,  0.8570  ,  0.4051  , -0.5050  ,  1.0068  , -2.3721  , -0.1313  ,  0.1129  ,  0.0424  ,  0.5994  , -1.9087  ,  0.0000  , 100.0000 ,  0.0000  ,  0.0000  ,  0.0000  ,  0.0000  ,  0.0000  , 100.0000 ,  0.0000  ,  0.0000  ,  0.0000  ,  0.0000  
 29.0600  ,  0.8342  ,  0.4074  , -0.5055  ,  1.0023  , -2.3540  , -0.1299  ,  0.1128  ,  0.0285  ,  0.6140  , -1.8995  ,  0.0000  , 100.0000 ,  0.0000  ,  0.0000  ,  0.0000  ,  0.0000  ,  0.0000  , 100.0000 ,  0.0000  ,  0.0000  ,  0.0000  ,  0.0000  
 29.0800  ,  0.8091  ,  0.4106  , -0.5049  ,  0.9938  , -2.3540  , -0.1286  ,  0.1127  ,  0.0160  ,  0.6302  , -1.8995  ,  0.0000  , 100.0000 ,  0.0000  ,  0.0000  ,  0.0000  ,  0.0000  ,  0.0000  , 100.0000 ,  0.0000  ,  0.0000  ,  0.0000  ,  0.0000  
 29.1000  ,  0.7642  ,  0.4134  , -0.5014  ,  0.9931  , -2.3514  , -0.1241  ,  0.1130  , -0.0064  ,  0.6551  , -1.8878  ,  0.0000  , 100.0000 ,  0.0000  ,  0.0000  ,  0.0000  ,  0.0000  ,  0.0000  , 100.0000 ,  0.0000  ,  0.0000  ,  0.0000  ,  0.0000  
 29.1200  ,  0.6909  ,  0.4106  , -0.4769  ,  0.9968  , -2.3302  , -0.1128  ,  0.1136  , -0.0339  ,  0.6876  , -1.8693  ,  0.0000  , 100.0000 ,  0.0000  ,  0.0000  ,  0.0000  ,  0.0000  ,  0.0000  , 100.0000 ,  0.0000  ,  0.0000  ,  0.0000  ,  0.0000  
 29.1400  ,  0.6630  ,  0.4081  , -0.4866  ,  0.9696  , -2.3185  , -0.1072  ,  0.1135  , -0.0395  ,  0.6895  , -1.8629  ,  0.0000  , 100.0000 ,  0.0000  ,  0.0000  ,  0.0000  ,  0.0000  ,  0.0000  , 100.0000 ,  0.0000  ,  0.0000  ,  0.0000  ,  0.0000  
 29.1600  ,  0.6411  ,  0.4051  , -0.4793  ,  0.9644  , -2.2905  , -0.1038  ,  0.1134  , -0.0458  ,  0.7044  , -1.8530  ,  0.0000  , 100.0000 ,  0.0000  ,  0.0000  ,  0.0000  ,  0.0000  ,  0.0000  , 100.0000 ,  0.0000  ,  0.0000  ,  0.0000  ,  0.0000  
 29.1800  ,  0.5948  ,  0.3974  , -0.4550  ,  0.9617  , -2.2689  , -0.0967  ,  0.1129  , -0.0543  ,  0.7285  , -1.8489  ,  0.0000  , 100.0000 ,  0.0000  ,  0.0000  ,  0.0000  ,  0.0000  ,  0.0000  , 100.0000 ,  0.0000  ,  0.0000  ,  0.0000  ,  0.0000  
 29.2000  ,  0.5294  ,  0.3797  , -0.4317  ,  0.9205  , -2.2508  , -0.0801  ,  0.1123  , -0.0670  ,  0.7607  , -1.8458  ,  0.0000  , 100.0000 ,  0.0000  ,  0.0000  ,  0.0000  ,  0.0000  ,  0.0000  , 100.0000 ,  0.0000  ,  0.0000  ,  0.0000  ,  0.0000  
 29.2200  ,  0.5125  ,  0.3746  , -0.4386  ,  0.8901  , -2.2400  , -0.0744  ,  0.1121  , -0.0702  ,  0.7779  , -1.8455  ,  0.0000  , 100.0000 ,  0.0000  ,  0.0000  ,  0.0000  ,  0.0000  ,  0.0000  , 100.0000 ,  0.0000  ,  0.0000  ,  0.0000  ,  0.0000  
 29.2400  ,  0.4777  ,  0.3619  , -0.3988  ,  0.9038  , -2.2350  , -0.0649  ,  0.1129  , -0.0748  ,  0.7795  , -1.8445  ,  0.0000  , 100.0000 ,  0.0000  ,  0.0000  ,  0.0000  ,  0.0000  ,  0.0000  , 100.0000 ,  0.0000  ,  0.0000  ,  0.0000  ,  0.0000  
 29.2600  ,  0.4044  ,  0.3363  , -0.3425  ,  0.8800  , -2.2190  , -0.0420  ,  0.1158  , -0.0900  ,  0.8026  , -1.8395  ,  0.0000  , 100.0000 ,  0.0000  ,  0.0000  ,  0.0000  ,  0.0000  ,  0.0000  , 100.0000 ,  0.0000  ,  0.0000  ,  0.0000  ,  0.0000  
 29.2800  ,  0.3757  ,  0.3269  , -0.3272  ,  0.8604  , -2.2112  , -0.0322  ,  0.1177  , -0.0966  ,  0.8166  , -1.8308  ,  0.0000  , 100.0000 ,  0.0000  ,  0.0000  ,  0.0000  ,  0.0000  ,  0.0000  , 100.0000 ,  0.0000  ,  0.0000  ,  0.0000  ,  0.0000  
 29.3000  ,  0.3265  ,  0.3148  , -0.3031  ,  0.8381  , -2.2171  , -0.0134  ,  0.1214  , -0.1039  ,  0.8226  , -1.8276  ,  0.0000  , 100.0000 ,  0.0000  ,  0.0000  ,  0.0000  ,  0.0000  ,  0.0000  , 100.0000 ,  0.0000  ,  0.0000  ,  0.0000  ,  0.0000  
 29.3200  ,  0.2954  ,  0.3076  , -0.2939  ,  0.8157  , -2.2301  , -0.0003  ,  0.1251  , -0.1118  ,  0.8376  , -1.8272  ,  0.0000  , 100.0000 ,  0.0000  ,  0.0000  ,  0.0000  ,  0.0000  ,  0.0000  , 100.0000 ,  0.0000  ,  0.0000  ,  0.0000  ,  0.0000  
 29.3400  ,  0.2757  ,  0.3030  , -0.2849  ,  0.8063  , -2.2348  ,  0.0082  ,  0.1282  , -0.1172  ,  0.8491  , -1.8329  ,  0.0000  , 100.0000 ,  0.0000  ,  0.0000  ,  0.0000  ,  0.0000  ,  0.0000  , 100.0000 ,  0.0000  ,  0.0000  ,  0.0000  ,  0.0000  
 29.3600  ,  0.2639  ,  0.3001  , -0.2923  ,  0.7739  , -2.2196  ,  0.0139  ,  0.1302  , -0.1190  ,  0.8648  , -1.8346  ,  0.0000  , 100.0000 ,  0.0000  ,  0.0000  ,  0.0000  ,  0.0000  ,  0.0000  , 100.0000 ,  0.0000  ,  0.0000  ,  0.0000  ,  0.0000  
 29.3800  ,  0.2246  ,  0.2895  , -0.2725  ,  0.7517  , -2.1701  ,  0.0321  ,  0.1373  , -0.1298  ,  0.8881  , -1.8294  ,  0.0000  , 100.0000 ,  0.0000  ,  0.0000  ,  0.0000  ,  0.0000  ,  0.0000  , 100.0000 ,  0.0000  ,  0.0000  ,  0.0000  ,  0.0000  
 29.4000  ,  0.2030  ,  0.2838  , -0.2583  ,  0.7478  , -2.1311  ,  0.0411  ,  0.1416  , -0.1365  ,  0.8917  , -1.8231  ,  0.0000  , 100.0000 ,  0.0000  ,  0.0000  ,  0.0000  ,  0.0000  ,  0.0000  , 100.0000 ,  0.0000  ,  0.0000  ,  0.0000  ,  0.0000  
 29.4200  ,  0.1912  ,  0.2804  , -0.2589  ,  0.7297  , -2.0847  ,  0.0467  ,  0.1442  , -0.1397  ,  0.9030  , -1.8160  ,  0.0000  , 100.0000 ,  0.0000  ,  0.0000  ,  0.0000  ,  0.0000  ,  0.0000  , 100.0000 ,  0.0000  ,  0.0000  ,  0.0000  ,  0.0000  
 29.4400  ,  0.1643  ,  0.2724  , -0.2513  ,  0.7058  , -2.0740  ,  0.0583  ,  0.1497  , -0.1450  ,  0.9352  , -1.8151  ,  0.0000  , 100.0000 ,  0.0000  ,  0.0000  ,  0.0000  ,  0.0000  ,  0.0000  , 100.0000 ,  0.0000  ,  0.0000  ,  0.0000  ,  0.0000  
 29.4600  ,  0.1477  ,  0.2680  , -0.2500  ,  0.6892  , -1.9676  ,  0.0634  ,  0.1526  , -0.1465  ,  0.9597  , -1.8074  ,  0.0000  , 100.0000 ,  0.0000  ,  0.0000  ,  0.0000  ,  0.0000  ,  0.0000  , 100.0000 ,  0.0000  ,  0.0000  ,  0.0000  ,  0.0000  
 29.4800  ,  0.1332  ,  0.2648  , -0.2349  ,  0.6799  , -1.9346  ,  0.0664  ,  0.1549  , -0.1477  ,  0.9719  , -1.8029  ,  0.0000  , 100.0000 ,  0.0000  ,  0.0000  ,  0.0000  ,  0.0000  ,  0.0000  , 100.0000 ,  0.0000  ,  0.0000  ,  0.0000  ,  0.0000  
 29.5000  ,  0.1004  ,  0.2617  , -0.2407  ,  0.6682  , -1.9000  ,  0.0699  ,  0.1613  , -0.1529  ,  1.0220  , -1.7933  ,  0.0000  , 100.0000 ,  0.0000  ,  0.0000  ,  0.0000  ,  0.0000  ,  0.0000  , 100.0000 ,  0.0000  ,  0.0000  ,  0.0000  ,  0.0000  
 29.5200  ,  0.0943  ,  0.2614  , -0.2425  ,  0.6676  , -1.7929  ,  0.0702  ,  0.1627  , -0.1543  ,  1.0324  , -1.7499  ,  0.0000  , 100.0000 ,  0.0000  ,  0.0000  ,  0.0000  ,  0.0000  ,  0.0000  , 100.0000 ,  0.0000  ,  0.0000  ,  0.0000  ,  0.0000  
 29.5400  ,  0.0718  ,  0.2602  , -0.2385  ,  0.6821  , -1.7424  ,  0.0683  ,  0.1678  , -0.1605  ,  1.0605  , -1.7284  ,  0.0000  , 100.0000 ,  0.0000  ,  0.0000  ,  0.0000  ,  0.0000  ,  0.0000  , 100.0000 ,  0.0000  ,  0.0000  ,  0.0000  ,  0.0000  
 29.5600  ,  0.0418  ,  0.2567  , -0.2317  ,  0.7110  , -1.7009  ,  0.0645  ,  0.1735  , -0.1661  ,  1.0967  , -1.7105  ,  0.0000  , 100.0000 ,  0.0000  ,  0.0000  ,  0.0000  ,  0.0000  ,  0.0000  , 100.0000 ,  0.0000  ,  0.0000  ,  0.0000  ,  0.0000  
 29.5800  ,  0.0353  ,  0.2557  , -0.2324  ,  0.7154  , -1.6571  ,  0.0634  ,  0.1746  , -0.1678  ,  1.1087  , -1.6962  ,  0.0000  , 100.0000 ,  0.0000  ,  0.0000  ,  0.0000  ,  0.0000  ,  0.0000  , 100.0000 ,  0.0000  ,  0.0000  ,  0.0000  ,  0.0000  
 29.6000  ,  0.0077  ,  0.2530  , -0.2281  ,  0.7496  , -1.6425  ,  0.0567  ,  0.1787  , -0.1739  ,  1.1470  , -1.6914  ,  0.0000  , 100.0000 ,  0.0000  ,  0.0000  ,  0.0000  ,  0.0000  ,  0.0000  , 100.0000 ,  0.0000  ,  0.0000  ,  0.0000  ,  0.0000  
 29.6200  , -0.0100  ,  0.2520  , -0.2163  ,  0.7736  , -1.6241  ,  0.0507  ,  0.1803  , -0.1743  ,  1.1595  , -1.6878  ,  0.0000  , 100.0000 ,  0.0000  ,  0.0000  ,  0.0000  ,  0.0000  ,  0.0000  , 100.0000 ,  0.0000  ,  0.0000  ,  0.0000  ,  0.0000  
 29.6400  , -0.0265  ,  0.2510  , -0.2086  ,  0.8015  , -1.5891  ,  0.0441  ,  0.1816  , -0.1756  ,  1.1801  , -1.6741  ,  0.0000  , 100.0000 ,  0.0000  ,  0.0000  ,  0.0000  ,  0.0000  ,  0.0000  , 100.0000 ,  0.0000  ,  0.0000  ,  0.0000  ,  0.0000  
 29.6600  , -0.0370  ,  0.2502  , -0.2072  ,  0.8196  , -1.5676  ,  0.0391  ,  0.1827  , -0.1776  ,  1.1972  , -1.6563  ,  0.0000  , 100.0000 ,  0.0000  ,  0.0000  ,  0.0000  ,  0.0000  ,  0.0000  , 100.0000 ,  0.0000  ,  0.0000  ,  0.0000  ,  0.0000  
 29.6800  , -0.0623  ,  0.2515  , -0.2054  ,  0.8647  , -1.5607  ,  0.0288  ,  0.1853  , -0.1808  ,  1.2222  , -1.6571  ,  0.0000  , 100.0000 ,  0.0000  ,  0.0000  ,  0.0000  ,  0.0000  ,  0.0000  , 100.0000 ,  0.0000  ,  0.0000  ,  0.0000  ,  0.0000  
 29.7000  , -0.0822  ,  0.2539  , -0.2084  ,  0.9013  , -1.5528  ,  0.0181  ,  0.1888  , -0.1851  ,  1.2462  , -1.6701  ,  0.0000  , 100.0000 ,  0.0000  ,  0.0000  ,  0.0000  ,  0.0000  ,  0.0000  , 100.0000 ,  0.0000  ,  0.0000  ,  0.0000  ,  0.0000  
 29.7200  , -0.0917  ,  0.2554  , -0.2088  ,  0.9233  , -1.5527  ,  0.0123  ,  0.1909  , -0.1883  ,  1.2553  , -1.6885  ,  0.0000  , 100.0000 ,  0.0000  ,  0.0000  ,  0.0000  ,  0.0000  ,  0.0000  , 100.0000 ,  0.0000  ,  0.0000  ,  0.0000  ,  0.0000  
 29.7400  , -0.1196  ,  0.2632  , -0.2125  ,  0.9758  , -1.5648  , -0.0058  ,  0.1975  , -0.1926  ,  1.2844  , -1.7108  ,  0.0000  , 100.0000 ,  0.0000  ,  0.0000  ,  0.0000  ,  0.0000  ,  0.0000  , 100.0000 ,  0.0000  ,  0.0000  ,  0.0000  ,  0.0000  
 29.7600  , -0.1502  ,  0.2750  , -0.2176  ,  1.0329  , -1.6065  , -0.0293  ,  0.2066  , -0.1957  ,  1.3171  , -1.7436  ,  0.0000  , 100.0000 ,  0.0000  ,  0.0000  ,  0.0000  ,  0.0000  ,  0.0000  , 100.0000 ,  0.0000  ,  0.0000  ,  0.0000  ,  0.0000  
 29.7800  , -0.1564  ,  0.2775  , -0.2183  ,  1.0441  , -1.6316  , -0.0346  ,  0.2087  , -0.1962  ,  1.3234  , -1.7602  ,  0.0000  , 100.0000 ,  0.0000  ,  0.0000  ,  0.0000  ,  0.0000  ,  0.0000  , 100.0000 ,  0.0000  ,  0.0000  ,  0.0000  ,  0.0000  
 29.8000  , -0.1978  ,  0.2997  , -0.2348  ,  1.1201  , -1.6569  , -0.0776  ,  0.2260  , -0.1949  ,  1.3711  , -1.7742  ,  0.0000  , 100.0000 ,  0.0000  ,  0.0000  ,  0.0000  ,  0.0000  ,  0.0000  , 100.0000 ,  0.0000  ,  0.0000  ,  0.0000  ,  0.0000  
 29.8200  , -0.2073  ,  0.3050  , -0.2413  ,  1.1385  , -1.6850  , -0.0895  ,  0.2307  , -0.1947  ,  1.3819  , -1.7889  ,  0.0000  , 100.0000 ,  0.0000  ,  0.0000  ,  0.0000  ,  0.0000  ,  0.0000  , 100.0000 ,  0.0000  ,  0.0000  ,  0.0000  ,  0.0000  
 29.8400  , -0.2225  ,  0.3205  , -0.2567  ,  1.1651  , -1.7237  , -0.1115  ,  0.2412  , -0.1955  ,  1.4028  , -1.8087  ,  0.0000  , 100.0000 ,  0.0000  ,  0.0000  ,  0.0000  ,  0.0000  ,  0.0000  , 100.0000 ,  0.0000  ,  0.0000  ,  0.0000  ,  0.0000  
 29.8600  , -0.2373  ,  0.3356  , -0.2739  ,  1.1930  , -1.7410  , -0.1342  ,  0.2515  , -0.1955  ,  1.4198  , -1.8106  ,  0.0000  , 100.0000 ,  0.0000  ,  0.0000  ,  0.0000  ,  0.0000  ,  0.0000  , 100.0000 ,  0.0000  ,  0.0000  ,  0.0000  ,  0.0000  
 29.8800  , -0.2523  ,  0.3513  , -0.2880  ,  1.2229  , -1.7945  , -0.1568  ,  0.2609  , -0.1931  ,  1.4268  , -1.8003  ,  0.0000  , 100.0000 ,  0.0000  ,  0.0000  ,  0.0000  ,  0.0000  ,  0.0000  , 100.0000 ,  0.0000  ,  0.0000  ,  0.0000  ,  0.0000  
 29.9000  , -0.2611  ,  0.3637  , -0.3016  ,  1.2383  , -1.7980  , -0.1715  ,  0.2668  , -0.1933  ,  1.4299  , -1.7858  ,  0.0000  , 100.0000 ,  0.0000  ,  0.0000  ,  0.0000  ,  0.0000  ,  0.0000  , 100.0000 ,  0.0000  ,  0.0000  ,  0.0000  ,  0.0000  
 29.9200  , -0.2653  ,  0.3694  , -0.3096  ,  1.2441  , -1.8021  , -0.1790  ,  0.2698  , -0.1949  ,  1.4265  , -1.7797  ,  0.0000  , 100.0000 ,  0.0000  ,  0.0000  ,  0.0000  ,  0.0000  ,  0.0000  , 100.0000 ,  0.0000  ,  0.0000  ,  0.0000  ,  0.0000  
 29.9400  , -0.2665  ,  0.3794  , -0.3280  ,  1.2449  , -1.8037  , -0.1878  ,  0.2717  , -0.1965  ,  1.4215  , -1.7811  ,  0.0000  , 100.0000 ,  0.0000  ,  0.0000  ,  0.0000  ,  0.0000  ,  0.0000  , 100.0000 ,  0.0000  ,  0.0000  ,  0.0000  ,  0.0000  
 29.9600  , -0.2667  ,  0.3820  , -0.3310  ,  1.2339  , -1.7966  , -0.1903  ,  0.2722  , -0.1971  ,  1.4182  , -1.7855  ,  0.0000  , 100.0000 ,  0.0000  ,  0.0000  ,  0.0000  ,  0.0000  ,  0.0000  , 100.0000 ,  0.0000  ,  0.0000  ,  0.0000  ,  0.0000  
 29.9800  , -0.2654  ,  0.3869  , -0.3469  ,  1.2284  , -1.7858  , -0.1991  ,  0.2714  , -0.1983  ,  1.4035  , -1.7851  ,  0.0000  , 100.0000 ,  0.0000  ,  0.0000  ,  0.0000  ,  0.0000  ,  0.0000  , 100.0000 ,  0.0000  ,  0.0000  ,  0.0000  ,  0.0000  
 30.0000  , -0.2651  ,  0.3870  , -0.3515  ,  1.2264  , -1.7759  , -0.2015  ,  0.2697  , -0.1988  ,  1.3970  , -1.7789  ,  0.0000  , 100.0000 ,  0.0000  ,  0.0000  ,  0.0000  ,  0.0000  ,  0.0000  , 100.0000 ,  0.0000  ,  0.0000  ,  0.0000  ,  0.0000  
